work_id,doi,field,value,unit,raw,evidence_level,status,quote,locator,checks
doi:10.21203/rs.3.rs-4251760/v1,10.21203/rs.3.rs-4251760/v1,reference,Zhaoxin Cao et al. (2024). Preparation of carvacrol β-cyclodextrin inclusions and 1-methylcyclopropene-α-CD coated paper by water-free method for postharvest preservation of peach.,,,metadata_only,grounded_verbatim,,api,
doi:10.21203/rs.3.rs-4251760/v1,10.21203/rs.3.rs-4251760/v1,doi,10.21203/rs.3.rs-4251760/v1,,,metadata_only,grounded_verbatim,,api,
doi:10.21203/rs.3.rs-4251760/v1,10.21203/rs.3.rs-4251760/v1,pub_type,original_research,,,metadata_only,grounded_verbatim,,api,
doi:10.21203/rs.3.rs-4251760/v1,10.21203/rs.3.rs-4251760/v1,substrate_polymer,filter paper,,filter paper,full_text_verified,grounded_verbatim,r on the postharvest pathogenic peach fungus M.fructicola. The preservation effects were evaluated by measuring fruit quality indexes and defense-related enzyme activities. The results indicated that Carvacrol-β-CD ICs and PEG + Carvacrol-β-CD ICs could effectively inhibit,methods,quote_derived_from_value;substring
doi:10.21203/rs.3.rs-4251760/v1,10.21203/rs.3.rs-4251760/v1,mcp_carrier,α-cyclodextrin,,α-cyclodextrin,full_text_verified,grounded_verbatim,1-MCP-α-CD inclusion complexes (ICs),abstract,quote_exact;token_overlap:2/2
doi:10.21203/rs.3.rs-4251760/v1,10.21203/rs.3.rs-4251760/v1,antimicrobial,carvacrol,,carvacrol,full_text_verified,grounded_verbatim,Carvacrol essential oil has broad-spectrum antibacterial properties,abstract,quote_exact;substring
doi:10.21203/rs.3.rs-4251760/v1,10.21203/rs.3.rs-4251760/v1,prep_method,coating,,coating,full_text_verified,grounded_controlled,"and environmental friendly storage and preservation method which can effectively maintain the post-harvest quality of the fruit (Cao et al., 2022). Carvacrol is the main component of oregano and thyme essential oils, which has high antimicrobial and antioxidant activ",methods,quote_derived_from_value;enum_clamped
doi:10.21203/rs.3.rs-4251760/v1,10.21203/rs.3.rs-4251760/v1,manufacturing_temp_c,45,°C,45,full_text_verified,grounded_numeric,se values of single-factor experiments (Supplementary Figure.S2). A Box-Behnken design was performed using Design-Expert 8.0.6 software to analyze the in,methods,quote_repaired;number_found;unit_match;context_ok
doi:10.21203/rs.3.rs-4251760/v1,10.21203/rs.3.rs-4251760/v1,trigger_mechanism,humidity_moisture,,humidity_moisture,full_text_verified,grounded_controlled,humidity has a greater effect on the release rate,results,quote_exact;enum_clamped
doi:10.21203/rs.3.rs-4251760/v1,10.21203/rs.3.rs-4251760/v1,rh_conditions_pct,"30, 98",%,"30, 98",full_text_verified,grounded_numeric,"he carvacrol molecules in the inclusion complex, which led to a larger pore size and increased permeability of the β-CD structure, thus accelerating the r",results,quote_repaired;number_found;context_reject;number_found;context_reject;number_found;context_reject;number_found;context_ok
doi:10.21203/rs.3.rs-4251760/v1,10.21203/rs.3.rs-4251760/v1,storage_temp_c,"4, 25, 45",°C,"4, 25, 45",full_text_verified,grounded_numeric,according to the method of 2.4 Determination of encapsulation rate. 2.7 Cytotoxicity Studies,results,quote_repaired;number_found;context_reject;number_found;context_reject;number_found;context_reject;number_found;context_reject;number_found;context_reject;number_found;context_ok
doi:10.21203/rs.3.rs-4251760/v1,10.21203/rs.3.rs-4251760/v1,mcp_loading,,,,not_stated,not_stated,,not stated,
doi:10.21203/rs.3.rs-4251760/v1,10.21203/rs.3.rs-4251760/v1,release_method,gravimetric,,gravimetric,full_text_verified,grounded_controlled,"Determination of encapsulation rate. 2.7 Cytotoxicity Studies The in vitro cytotoxicity of Carvacrol, Blank-PEG, Carvacrol-β-CD ICs and PEG + Carvacrol-β-CD ICs on mouse fibroblasts L929 cell was investigated by CCK-8 assay. All samples were diluted to concentrat",methods,quote_repaired;enum_clamped
doi:10.21203/rs.3.rs-4251760/v1,10.21203/rs.3.rs-4251760/v1,release_duration,8,days,8,full_text_verified,grounded_numeric,"days 0, 2, 4, 6 and 8",methods,quote_exact;number_found;unit_match;context_reject;number_found;unit_match;context_reject;number_found;unit_match;context_ok
doi:10.21203/rs.3.rs-4251760/v1,10.21203/rs.3.rs-4251760/v1,kinetic_model,,,,not_stated,not_stated,,not stated,
doi:10.21203/rs.3.rs-4251760/v1,10.21203/rs.3.rs-4251760/v1,release_result,"92%, 88%, 73%",,"92%, 88%, 73%",full_text_verified,grounded_verbatim,mprove the thermal stability of 1-MCP-α-CD powder. 3.4 Effect of temperature and humidity on the inclusions The effect of temperature and humidity on the release o,results,quote_repaired;token_overlap:3/3
doi:10.21203/rs.3.rs-4251760/v1,10.21203/rs.3.rs-4251760/v1,produce_tested,peach,,peach,full_text_verified,grounded_verbatim,postharvest preservation quality of peach,abstract,quote_exact;substring
doi:10.21203/rs.3.rs-4251760/v1,10.21203/rs.3.rs-4251760/v1,package_vol_mass,6.9 L; 1200 ± 50 g,L; g,6.9 L; 1200 ± 50 g,full_text_verified,grounded_numeric,W2. The weight loss rate was calculated according to the following formula (4): W2 − W1 Weightlossrat,methods,quote_repaired;number_found;unit_match;context_ok
doi:10.21203/rs.3.rs-4251760/v1,10.21203/rs.3.rs-4251760/v1,quality_outcomes,"decay index, weight loss rate, hardness, total soluble solid (TSS), L* and a*",,"decay index, weight loss rate, hardness, total soluble solid (TSS), L* and a*",full_text_verified,grounded_verbatim,"yethylene glycol (PEG-600; PEG-8000) were purchased from Aladdin Reagent (Shanghai, China) Co. 1-MCP-α-CD was purchased from Xianyang Xiqin Biotechnology Co (Shaan Xi, China). M. fructicola was isolated f",introduction,quote_repaired;token_prefix
doi:10.21203/rs.3.rs-4251760/v1,10.21203/rs.3.rs-4251760/v1,mechanical_props,,,,not_stated,not_stated,,,
doi:10.21203/rs.3.rs-4251760/v1,10.21203/rs.3.rs-4251760/v1,barrier_props,,,,not_stated,not_stated,,,
doi:10.21203/rs.3.rs-4251760/v1,10.21203/rs.3.rs-4251760/v1,antimicrobial_outcomes,inhibition of M. fructicola mycelial growth,,inhibition of M. fructicola mycelial growth,full_text_verified,grounded_verbatim,"reased (López-Nicolás et al., 2013). There was no significant (p>0.05) difference in mycelial growth diameter between the added mass of 0.4 g and 0.5 g of β-CD at days 4, 5 and 6. The growth of M.fructicola added with Carvacrol-β-CD ICs was significantly inhibit",results,quote_repaired;token_overlap:4/4
doi:10.21203/rs.3.rs-4251760/v1,10.21203/rs.3.rs-4251760/v1,limitations,,,,not_stated,not_stated,,not stated,
doi:10.21203/rs.3.rs-4251760/v1,10.21203/rs.3.rs-4251760/v1,scaleup_relevance,low,,low,full_text_verified,inference_from_quote,"PEG was used to form the film in the anhydrous condition with the inclusion compound and ethylene inhibitor 1-methylcyclopropene (1-MCP) to obtain the film coated paper, and its effect on postharvest preservation quality of peach was studied.",abstract,quote_exact;no_new_numbers
doi:10.21203/rs.3.rs-4251760/v1,10.21203/rs.3.rs-4251760/v1,concept_relevance,core,,core,full_text_verified,inference_from_quote,This study provides a solution for the preparation of controlled-release coated paper with essential oils and 1-MCP bioactives to extend the shelf life of fruits and vegetables.,abstract,quote_exact;no_new_numbers
doi:10.33545/26174693.2024.v8.i6h.1390,10.33545/26174693.2024.v8.i6h.1390,reference,"Aaruba Maqbool et al. (2024). Studies on extending the shelf life of golden delicious apples through the application of 1-methylcyclopropene (1-MCP) and KMnO4 and using various packaging materials. International Journal of Advanced Biochemistry Research, 8, 627-634.",,,metadata_only,grounded_verbatim,,api,
doi:10.33545/26174693.2024.v8.i6h.1390,10.33545/26174693.2024.v8.i6h.1390,doi,10.33545/26174693.2024.v8.i6h.1390,,,metadata_only,grounded_verbatim,,api,
doi:10.33545/26174693.2024.v8.i6h.1390,10.33545/26174693.2024.v8.i6h.1390,pub_type,original_research,,,metadata_only,grounded_verbatim,,api,
doi:10.33545/26174693.2024.v8.i6h.1390,10.33545/26174693.2024.v8.i6h.1390,substrate_polymer,polymeric film,,polymeric film,full_text_verified,grounded_verbatim,polymeric film,introduction,quote_exact;substring
doi:10.33545/26174693.2024.v8.i6h.1390,10.33545/26174693.2024.v8.i6h.1390,mcp_carrier,SmartFresh cards,,SmartFresh cards,full_text_verified,grounded_verbatim,"ric fruits like apples, prepared by dissolving 4 g of KI in 400 ml of distilled where controlling ethylene p",methods,quote_repaired;substring
doi:10.33545/26174693.2024.v8.i6h.1390,10.33545/26174693.2024.v8.i6h.1390,antimicrobial,,,,not_stated,not_stated,,,
doi:10.33545/26174693.2024.v8.i6h.1390,10.33545/26174693.2024.v8.i6h.1390,prep_method,,,,not_stated,not_stated,,,
doi:10.33545/26174693.2024.v8.i6h.1390,10.33545/26174693.2024.v8.i6h.1390,manufacturing_temp_c,,,,not_stated,not_stated,,,
doi:10.33545/26174693.2024.v8.i6h.1390,10.33545/26174693.2024.v8.i6h.1390,trigger_mechanism,,,,not_stated,not_stated,,,
doi:10.33545/26174693.2024.v8.i6h.1390,10.33545/26174693.2024.v8.i6h.1390,rh_conditions_pct,,,,not_stated,not_stated,,not stated,
doi:10.33545/26174693.2024.v8.i6h.1390,10.33545/26174693.2024.v8.i6h.1390,storage_temp_c,,,,not_stated,not_stated,,not stated,
doi:10.33545/26174693.2024.v8.i6h.1390,10.33545/26174693.2024.v8.i6h.1390,mcp_loading,,,,not_stated,not_stated,,not stated,
doi:10.33545/26174693.2024.v8.i6h.1390,10.33545/26174693.2024.v8.i6h.1390,release_method,,,,not_stated,not_stated,,not stated,
doi:10.33545/26174693.2024.v8.i6h.1390,10.33545/26174693.2024.v8.i6h.1390,release_duration,,,,not_stated,not_stated,,not stated,
doi:10.33545/26174693.2024.v8.i6h.1390,10.33545/26174693.2024.v8.i6h.1390,kinetic_model,,,,not_stated,not_stated,,not stated,
doi:10.33545/26174693.2024.v8.i6h.1390,10.33545/26174693.2024.v8.i6h.1390,release_result,,,,not_stated,not_stated,,not stated,
doi:10.33545/26174693.2024.v8.i6h.1390,10.33545/26174693.2024.v8.i6h.1390,produce_tested,Golden Delicious apples,,Golden Delicious apples,full_text_verified,grounded_verbatim,freshly harvested Golden Delicious apples,abstract,quote_exact;substring
doi:10.33545/26174693.2024.v8.i6h.1390,10.33545/26174693.2024.v8.i6h.1390,package_vol_mass,,,,not_stated,not_stated,,,
doi:10.33545/26174693.2024.v8.i6h.1390,10.33545/26174693.2024.v8.i6h.1390,quality_outcomes,colour,,colour,full_text_verified,grounded_verbatim,skin colour,abstract,quote_exact;substring
doi:10.33545/26174693.2024.v8.i6h.1390,10.33545/26174693.2024.v8.i6h.1390,mechanical_props,,,,not_stated,not_stated,,,
doi:10.33545/26174693.2024.v8.i6h.1390,10.33545/26174693.2024.v8.i6h.1390,barrier_props,,,,not_stated,not_stated,,,
doi:10.33545/26174693.2024.v8.i6h.1390,10.33545/26174693.2024.v8.i6h.1390,antimicrobial_outcomes,,,,not_stated,not_stated,,,
doi:10.33545/26174693.2024.v8.i6h.1390,10.33545/26174693.2024.v8.i6h.1390,limitations,,,,not_stated,not_stated,,,
doi:10.33545/26174693.2024.v8.i6h.1390,10.33545/26174693.2024.v8.i6h.1390,scaleup_relevance,high,,high,full_text_verified,inference_from_quote,"Among different strategies to manage ethylene, application of 1-Methylcyclopropene (1-MCP) followed by KMnO4 has emerged as a useful commercial tool.",abstract,quote_exact;no_new_numbers
doi:10.33545/26174693.2024.v8.i6h.1390,10.33545/26174693.2024.v8.i6h.1390,concept_relevance,core,,core,full_text_verified,inference_from_quote,This investigation was undertaken to study the effect of different packaging materials using 1-MCP and KMnO4.,abstract,quote_exact;no_new_numbers
doi:10.56890/jpacd.v23i.322,10.56890/jpacd.v23i.322,reference,"Prisma Espinal-Hernández et al. (2021). Postharvest effects of 1-MCP and Chitosan/Oleic acid coating in Pitaya (Stenocereus griseus H.). Journal of the Professional Association for Cactus Development, 23, 43-57.",,,metadata_only,grounded_verbatim,,api,
doi:10.56890/jpacd.v23i.322,10.56890/jpacd.v23i.322,doi,10.56890/jpacd.v23i.322,,,metadata_only,grounded_verbatim,,api,
doi:10.56890/jpacd.v23i.322,10.56890/jpacd.v23i.322,pub_type,original_research,,,metadata_only,grounded_verbatim,,api,
doi:10.56890/jpacd.v23i.322,10.56890/jpacd.v23i.322,substrate_polymer,chitosan,,chitosan,full_text_verified,grounded_verbatim,"5 Journal of the Professional Association for Cactus Development (2021) 23:43-57 Espinal-Hernández et al., 2021 https://doi.org/10.56890/jpacd.v23i.322 The emulsions were prepared by first dispersing Ch",materials,quote_repaired;substring
doi:10.56890/jpacd.v23i.322,10.56890/jpacd.v23i.322,mcp_carrier,sachet,,sachet,full_text_verified,grounded_verbatim,"% w/v), and finally the corresponding amount of OA were added (Table 1). The final mixture was homogenized with the equipment ULTRA-TURRAX® (model T 50 digital, IKA Labortechnik, Staufen, Germany) at 2200 rpm for 15 min. The prepared emulsions were used as coating in pitaya by submerging the f",materials,quote_repaired;substring
doi:10.56890/jpacd.v23i.322,10.56890/jpacd.v23i.322,antimicrobial,chitosan,,chitosan,full_text_verified,grounded_verbatim,"ere Ch and OA with five levels each. The proportions of Ch and AO were established based on previous studies (Aguirre-Loredo et al., 2014; Ochoa-Velasco & Guerrero-Beltrán, 2014) and in the previous experimental phase. Table 1 shows the experimental points (factorial, central, and axial points) for",introduction,quote_repaired;substring
doi:10.56890/jpacd.v23i.322,10.56890/jpacd.v23i.322,prep_method,coating,,coating,full_text_verified,grounded_controlled,"firmness was obtained with a texture analyzer TA-XT2i (Stable Micro Systems, UK) using a conical probe and a penetration distance of 5 mm. Results of this variable were expressed in Newtons (N). Moreover, TSS",materials and methods,quote_repaired;enum_clamped
doi:10.56890/jpacd.v23i.322,10.56890/jpacd.v23i.322,manufacturing_temp_c,,,,not_stated,not_stated,,not stated,
doi:10.56890/jpacd.v23i.322,10.56890/jpacd.v23i.322,trigger_mechanism,liquid_water,,liquid_water,full_text_verified,grounded_controlled,"RESULTS AND DISCUSSION Optimization process of CO coating Figure 1 illustrates the effect of factors Ch and OA over the weight loss of pitaya fruit without thorns, stored under refrigeration for 12 d. Based on the results of the RSM, the optimal concentrations to achieve the minimum weight loss (2.26 %) in pitaya fruit without thorns were 9.1 g L-1",materials and methods,quote_repaired;enum_clamped
doi:10.56890/jpacd.v23i.322,10.56890/jpacd.v23i.322,rh_conditions_pct,,,,not_stated,not_stated,,not stated,
doi:10.56890/jpacd.v23i.322,10.56890/jpacd.v23i.322,storage_temp_c,,,,not_stated,not_stated,,not stated,
doi:10.56890/jpacd.v23i.322,10.56890/jpacd.v23i.322,mcp_loading,,,,not_stated,not_stated,,not stated,
doi:10.56890/jpacd.v23i.322,10.56890/jpacd.v23i.322,release_method,,,,not_stated,not_stated,,not stated,
doi:10.56890/jpacd.v23i.322,10.56890/jpacd.v23i.322,release_duration,,,,not_stated,not_stated,,not stated,
doi:10.56890/jpacd.v23i.322,10.56890/jpacd.v23i.322,kinetic_model,,,,not_stated,not_stated,,not stated,
doi:10.56890/jpacd.v23i.322,10.56890/jpacd.v23i.322,release_result,,,,not_stated,not_stated,,not stated,
doi:10.56890/jpacd.v23i.322,10.56890/jpacd.v23i.322,produce_tested,Pitaya (Stenocereus griseus H.),,Pitaya (Stenocereus griseus H.),full_text_verified,grounded_verbatim,Pitaya (Stenocereus griseus H.),abstract,quote_exact;substring
doi:10.56890/jpacd.v23i.322,10.56890/jpacd.v23i.322,package_vol_mass,,,,not_stated,not_stated,,not stated,
doi:10.56890/jpacd.v23i.322,10.56890/jpacd.v23i.322,quality_outcomes,"weight loss, skin firmness, total soluble solids (TSS), ethylene production, rotting incidence",,"weight loss, skin firmness, total soluble solids (TSS), ethylene production, rotting incidence",full_text_verified,grounded_verbatim,"The quality parameters studied were respiration pattern, ethylene production, weight loss, titratable acidity, skin firmness, and total soluble solids (TSS).",abstract,quote_exact;token_overlap:12/12
doi:10.56890/jpacd.v23i.322,10.56890/jpacd.v23i.322,mechanical_props,,,,not_stated,not_stated,,not stated,
doi:10.56890/jpacd.v23i.322,10.56890/jpacd.v23i.322,barrier_props,,,,not_stated,not_stated,,not stated,
doi:10.56890/jpacd.v23i.322,10.56890/jpacd.v23i.322,antimicrobial_outcomes,,,,not_stated,not_stated,,not stated,
doi:10.56890/jpacd.v23i.322,10.56890/jpacd.v23i.322,limitations,lab-only conditions and manual processing; requires further optimization for industrial scale,,lab-only conditions and manual processing; requires further optimization for industrial scale,full_text_verified,inference_from_quote,"More research is needed to deepen this knowledge and to optimize the postharvest handling of pitaya, in order to develop its market at global level for the benefit of producers and consumers.",conclusion,quote_exact;no_new_numbers
doi:10.56890/jpacd.v23i.322,10.56890/jpacd.v23i.322,scaleup_relevance,low,,low,full_text_verified,inference_from_quote,"ity detector (TCD) to determine CO2 and a flame ionization detector (FID) for ethylene. The temperature of injection and the detectors was 150 °C and 180 °C, respectively. Nitrogen was used as carrier gas. To determine the concentrations of CO2 and ethylene of each sample, a calibration curve was previously constructed. 46 Journal of the Professional Association for Cactus Development (2021) 23:43",methods,quote_repaired;no_new_numbers
doi:10.56890/jpacd.v23i.322,10.56890/jpacd.v23i.322,concept_relevance,adjacent_material,,adjacent_material,full_text_verified,inference_from_quote,"ar, 2017). The fruit is a slightly oval berry, whose pulp presents an intense, dark red color, is juicy, has a delicate and very sweet flavor, and contains small and 43 Journal of the Professional Association for Cactus Development (2021) 23:43-57 Espinal-Hernández et al., 2021",abstract,quote_repaired;no_new_numbers
doi:10.11648/j.jfns.s.2015030102.20,10.11648/j.jfns.s.2015030102.20,reference,"Soesiladi Esti Widodo (2015). Effects of 1-Methylcyclopropene and Chitosan on the Fruit Shelf-Life and Qualities of Two Different Ripening Stages of ‘Cavendish’ Banana. Journal of Food and Nutrition Sciences, 3, 54.",,,metadata_only,grounded_verbatim,,api,
doi:10.11648/j.jfns.s.2015030102.20,10.11648/j.jfns.s.2015030102.20,doi,10.11648/j.jfns.s.2015030102.20,,,metadata_only,grounded_verbatim,,api,
doi:10.11648/j.jfns.s.2015030102.20,10.11648/j.jfns.s.2015030102.20,pub_type,original_research,,,metadata_only,grounded_verbatim,,api,
doi:10.11648/j.jfns.s.2015030102.20,10.11648/j.jfns.s.2015030102.20,substrate_polymer,chitosan,,chitosan,full_text_verified,grounded_verbatim,2.5% chitosan,abstract,quote_exact;substring
doi:10.11648/j.jfns.s.2015030102.20,10.11648/j.jfns.s.2015030102.20,mcp_carrier,,,,not_stated,not_stated,,,
doi:10.11648/j.jfns.s.2015030102.20,10.11648/j.jfns.s.2015030102.20,antimicrobial,,,,not_stated,not_stated,,,
doi:10.11648/j.jfns.s.2015030102.20,10.11648/j.jfns.s.2015030102.20,prep_method,,,,not_stated,not_stated,,,
doi:10.11648/j.jfns.s.2015030102.20,10.11648/j.jfns.s.2015030102.20,manufacturing_temp_c,,,,not_stated,not_stated,,,
doi:10.11648/j.jfns.s.2015030102.20,10.11648/j.jfns.s.2015030102.20,trigger_mechanism,,,,not_stated,not_stated,,,
doi:10.11648/j.jfns.s.2015030102.20,10.11648/j.jfns.s.2015030102.20,rh_conditions_pct,,,,not_stated,not_stated,,not stated,
doi:10.11648/j.jfns.s.2015030102.20,10.11648/j.jfns.s.2015030102.20,storage_temp_c,,,,not_stated,not_stated,,not stated,
doi:10.11648/j.jfns.s.2015030102.20,10.11648/j.jfns.s.2015030102.20,mcp_loading,,,,not_stated,not_stated,,not stated,
doi:10.11648/j.jfns.s.2015030102.20,10.11648/j.jfns.s.2015030102.20,release_method,,,,not_stated,not_stated,,not stated,
doi:10.11648/j.jfns.s.2015030102.20,10.11648/j.jfns.s.2015030102.20,release_duration,,,,not_stated,not_stated,,not stated,
doi:10.11648/j.jfns.s.2015030102.20,10.11648/j.jfns.s.2015030102.20,kinetic_model,,,,not_stated,not_stated,,not stated,
doi:10.11648/j.jfns.s.2015030102.20,10.11648/j.jfns.s.2015030102.20,release_result,,,,not_stated,not_stated,,not stated,
doi:10.11648/j.jfns.s.2015030102.20,10.11648/j.jfns.s.2015030102.20,produce_tested,‘Cavendish’ banana,,‘Cavendish’ banana,full_text_verified,grounded_verbatim,‘Cavendish’ banana,abstract,quote_exact;substring
doi:10.11648/j.jfns.s.2015030102.20,10.11648/j.jfns.s.2015030102.20,package_vol_mass,,,,not_stated,not_stated,,not stated,
doi:10.11648/j.jfns.s.2015030102.20,10.11648/j.jfns.s.2015030102.20,quality_outcomes,"slow color development, fruit quality deterioration, decrease of fruit firmness, decrease of soluble solid content, increase of acidity",,"slow color development, fruit quality deterioration, decrease of fruit firmness, decrease of soluble solid content, increase of acidity",full_text_verified,grounded_verbatim,"slow color development and fruit quality deterioration, whereas at late stage, the chitosan-coating accelerated ripening by a quick decrease of fruit firmness, decrease of soluble solid content and increase of acidity",abstract,quote_exact;token_prefix
doi:10.11648/j.jfns.s.2015030102.20,10.11648/j.jfns.s.2015030102.20,mechanical_props,,,,not_stated,not_stated,,not stated,
doi:10.11648/j.jfns.s.2015030102.20,10.11648/j.jfns.s.2015030102.20,barrier_props,,,,not_stated,not_stated,,not stated,
doi:10.11648/j.jfns.s.2015030102.20,10.11648/j.jfns.s.2015030102.20,antimicrobial_outcomes,,,,not_stated,not_stated,,not stated,
doi:10.11648/j.jfns.s.2015030102.20,10.11648/j.jfns.s.2015030102.20,limitations,,,,not_stated,not_stated,,,
doi:10.11648/j.jfns.s.2015030102.20,10.11648/j.jfns.s.2015030102.20,scaleup_relevance,not_assessable,,not_assessable,full_text_verified,inference_from_quote,1-MCP gas was developed by diluting 0.5 g 1-MCP powder into 30 ml of water.,abstract,quote_exact;no_new_numbers
doi:10.11648/j.jfns.s.2015030102.20,10.11648/j.jfns.s.2015030102.20,concept_relevance,adjacent_material,,adjacent_material,full_text_verified,inference_from_quote,1- methylcyclopropene (1-MCP) is known as an anti-ethylene and it can be applied in combination with chitosan.,abstract,quote_exact;no_new_numbers
doi:10.1038/s41598-026-42369-3,10.1038/s41598-026-42369-3,reference,"Dorota Wichrowska et al. (2026). Antioxidant potential and storage stability of sweet cherries (Prunus avium L.) depending on the use of 1- methylcyclopropene in the innovative form of a sticker. Scientific Reports, 16, 13467.",,,metadata_only,grounded_verbatim,,api,
doi:10.1038/s41598-026-42369-3,10.1038/s41598-026-42369-3,doi,10.1038/s41598-026-42369-3,,,metadata_only,grounded_verbatim,,api,
doi:10.1038/s41598-026-42369-3,10.1038/s41598-026-42369-3,pub_type,original_research,,,metadata_only,grounded_verbatim,,api,
doi:10.1038/s41598-026-42369-3,10.1038/s41598-026-42369-3,substrate_polymer,,,,not_stated,not_stated,,,
doi:10.1038/s41598-026-42369-3,10.1038/s41598-026-42369-3,mcp_carrier,Vidre+ stickers,,Vidre+ stickers,full_text_verified,grounded_verbatim,Vidre+ stickers,abstract,quote_exact;substring
doi:10.1038/s41598-026-42369-3,10.1038/s41598-026-42369-3,antimicrobial,,,,not_stated,not_stated,,,
doi:10.1038/s41598-026-42369-3,10.1038/s41598-026-42369-3,prep_method,,,,not_stated,not_stated,,,
doi:10.1038/s41598-026-42369-3,10.1038/s41598-026-42369-3,manufacturing_temp_c,,,,not_stated,not_stated,,,
doi:10.1038/s41598-026-42369-3,10.1038/s41598-026-42369-3,trigger_mechanism,,,,not_stated,not_stated,,,
doi:10.1038/s41598-026-42369-3,10.1038/s41598-026-42369-3,rh_conditions_pct,90–95,%,90–95,full_text_verified,grounded_numeric,90–95%,abstract,quote_exact;number_found;context_ok
doi:10.1038/s41598-026-42369-3,10.1038/s41598-026-42369-3,storage_temp_c,2–3,°C,2–3,full_text_verified,grounded_numeric,"hamber (2–3 °C, 90–95% relative air humidity). The best results in terms of weight lo",abstract,quote_repaired;number_found;context_ok
doi:10.1038/s41598-026-42369-3,10.1038/s41598-026-42369-3,mcp_loading,"1, 2, 4 uL of 1-MCP per liter",uL/L,"1, 2, 4 uL of 1-MCP per liter",full_text_verified,grounded_numeric,"1, 2, 4 uL of 1-MCP per liter",abstract,quote_exact;number_found;context_reject;number_found;context_reject;number_found;context_reject;number_found;context_reject;number_found;context_ok
doi:10.1038/s41598-026-42369-3,10.1038/s41598-026-42369-3,release_method,,,,not_stated,not_stated,,not stated,
doi:10.1038/s41598-026-42369-3,10.1038/s41598-026-42369-3,release_duration,24 h,h,24 h,full_text_verified,grounded_numeric,"c bag for 24 h. After that, all clamshells were placed into a storage chamber (2–3 °",abstract,quote_repaired;number_found;unit_match;context_ok
doi:10.1038/s41598-026-42369-3,10.1038/s41598-026-42369-3,kinetic_model,,,none_reported,unverifiable,ungrounded_blanked,,not stated,quote_not_locatable
doi:10.1038/s41598-026-42369-3,10.1038/s41598-026-42369-3,release_result,,,,not_stated,not_stated,,not stated,
doi:10.1038/s41598-026-42369-3,10.1038/s41598-026-42369-3,produce_tested,sweet cherries (Prunus avium L.),,sweet cherries (Prunus avium L.),full_text_verified,grounded_verbatim,sweet cherries ( Prunus avium L.),abstract,quote_exact;substring
doi:10.1038/s41598-026-42369-3,10.1038/s41598-026-42369-3,package_vol_mass,"One Liter clamshells, 6 kg batches","L, kg","One Liter clamshells, 6 kg batches",full_text_verified,grounded_numeric,"was evaluated. One Liter clamshells of freshly picked sweet cherries were placed into a plastic bag for 24 h. After that, all clamshells were placed into a storage chamber (2–3 °C",abstract,quote_repaired;number_found;context_ok
doi:10.1038/s41598-026-42369-3,10.1038/s41598-026-42369-3,quality_outcomes,"weight loss, firmness, stem browning, visual index, dry matter, vitamin C, total polyphenols, anthocyanins, total soluble solids, reducing and total sugars, antioxidant capacity",,"weight loss, firmness, stem browning, visual index, dry matter, vitamin C, total polyphenols, anthocyanins, total soluble solids, reducing and total sugars, antioxidant capacity",full_text_verified,grounded_verbatim,"The best results in terms of weight loss, stem browning, firmness and fruit quality after storage was obtained with samples treated with 1-MCP. Similar relationships were obtained with regard to the concentration of Vitamin C, total polyphenols, anthocyanins and the antioxidant activity FRAP.",abstract,quote_exact;token_prefix
doi:10.1038/s41598-026-42369-3,10.1038/s41598-026-42369-3,mechanical_props,,,,not_stated,not_stated,,,
doi:10.1038/s41598-026-42369-3,10.1038/s41598-026-42369-3,barrier_props,,,,not_stated,not_stated,,,
doi:10.1038/s41598-026-42369-3,10.1038/s41598-026-42369-3,antimicrobial_outcomes,,,,not_stated,not_stated,,,
doi:10.1038/s41598-026-42369-3,10.1038/s41598-026-42369-3,limitations,Lack of actual concentration measurement,,Lack of actual concentration measurement,full_text_verified,inference_from_quote,Actual concentrations of 1-MCP inside the clamshell packages were not measured.,methods,quote_exact;no_new_numbers
doi:10.1038/s41598-026-42369-3,10.1038/s41598-026-42369-3,scaleup_relevance,low,,low,full_text_verified,inference_from_quote,"The application of 1-MCP in the innovative form of a sticker from which 1-MCP is gradually released, does not have to be used in a closed warehouse or cold store.",introduction,quote_exact;no_new_numbers
doi:10.1038/s41598-026-42369-3,10.1038/s41598-026-42369-3,concept_relevance,low,,low,full_text_verified,inference_from_quote,Sweet cherry has become one of the most important non-climacteric fruits worldwide.,introduction,quote_exact;no_new_numbers
doi:10.1016/j.fochms.2026.100358,10.1016/j.fochms.2026.100358,reference,"Xukai Hou et al. (2026). The impact of 1-MCP treatment combined with polyethylene film bag packaging on the quality of ‘Shannong Su’ pears during storage. Food Chemistry: Molecular Sciences, 12, 100358.",,,metadata_only,grounded_verbatim,,api,
doi:10.1016/j.fochms.2026.100358,10.1016/j.fochms.2026.100358,doi,10.1016/j.fochms.2026.100358,,,metadata_only,grounded_verbatim,,api,
doi:10.1016/j.fochms.2026.100358,10.1016/j.fochms.2026.100358,pub_type,original_research,,,metadata_only,grounded_verbatim,,api,
doi:10.1016/j.fochms.2026.100358,10.1016/j.fochms.2026.100358,substrate_polymer,polyethylene film bag,,polyethylene film bag,full_text_verified,grounded_verbatim,polyethylene film bag packaging,title,quote_exact;substring
doi:10.1016/j.fochms.2026.100358,10.1016/j.fochms.2026.100358,mcp_carrier,,,,not_stated,not_stated,,,
doi:10.1016/j.fochms.2026.100358,10.1016/j.fochms.2026.100358,antimicrobial,,,,not_stated,not_stated,,,
doi:10.1016/j.fochms.2026.100358,10.1016/j.fochms.2026.100358,prep_method,,,,not_stated,not_stated,,,
doi:10.1016/j.fochms.2026.100358,10.1016/j.fochms.2026.100358,manufacturing_temp_c,,,,not_stated,not_stated,,,
doi:10.1016/j.fochms.2026.100358,10.1016/j.fochms.2026.100358,trigger_mechanism,,,,not_stated,not_stated,,,
doi:10.1016/j.fochms.2026.100358,10.1016/j.fochms.2026.100358,rh_conditions_pct,90-95,%,90-95,full_text_verified,grounded_numeric,90–95% relative humidity,methods,quote_exact;number_found;context_ok
doi:10.1016/j.fochms.2026.100358,10.1016/j.fochms.2026.100358,storage_temp_c,4.00 ± 0.50,°C,4.00 ± 0.50,full_text_verified,grounded_numeric,"unpackaged, and stored at 4.00 ± 0.50 °C for 120 days. Firmness, ethylene release, quality",abstract,quote_repaired;number_found;context_ok
doi:10.1016/j.fochms.2026.100358,10.1016/j.fochms.2026.100358,mcp_loading,1,μL/L,1,full_text_verified,grounded_numeric,"Su' pears were treated with 1 μL/L 1-MCP for 24 h, then packaged in sealed or perfora",abstract,quote_repaired;number_found;context_reject;number_found;context_reject;number_found;context_reject;number_found;context_reject;number_found;context_reject;number_found;context_reject;number_found;context_reject;number_found;context_ok
doi:10.1016/j.fochms.2026.100358,10.1016/j.fochms.2026.100358,release_method,gc_fid,,gc_fid,full_text_verified,grounded_controlled,"atograph (Shimadzu, Kyoto, Japan). Pears were individually placed in clean large beakers and sealed with",methods,quote_repaired;enum_clamped
doi:10.1016/j.fochms.2026.100358,10.1016/j.fochms.2026.100358,release_duration,120,days,120,full_text_verified,grounded_numeric,"stored at 4.00 ± 0.50 °C for 120 days. Firmness, ethylene release, quality indicators, g",abstract,quote_repaired;number_found;unit_match;context_ok
doi:10.1016/j.fochms.2026.100358,10.1016/j.fochms.2026.100358,kinetic_model,,,,not_stated,not_stated,,,
doi:10.1016/j.fochms.2026.100358,10.1016/j.fochms.2026.100358,release_result,inhibited ethylene production,,inhibited ethylene production,full_text_verified,grounded_verbatim,Results showed that 1-MCP inhibited ethylene production and the expression of PbACS1/2 and PbACO1 .,abstract,quote_exact;substring
doi:10.1016/j.fochms.2026.100358,10.1016/j.fochms.2026.100358,produce_tested,'Shannong Su' pears,,'Shannong Su' pears,full_text_verified,grounded_verbatim,'Shannong Su' pears,abstract,quote_exact;substring
doi:10.1016/j.fochms.2026.100358,10.1016/j.fochms.2026.100358,package_vol_mass,,,,not_stated,not_stated,,,
doi:10.1016/j.fochms.2026.100358,10.1016/j.fochms.2026.100358,quality_outcomes,"Firmness, ethylene release rate, total sugar content, titratable acid content, total antioxidant capacity, starch content, protopectin content, cellulose content",,"Firmness, ethylene release rate, total sugar content, titratable acid content, total antioxidant capacity, starch content, protopectin content, cellulose content",full_text_verified,grounded_verbatim,"Firmness, ethylene release, quality indicators, gene expression, and metabolite profiles were analyzed.",abstract,quote_exact;token_prefix
doi:10.1016/j.fochms.2026.100358,10.1016/j.fochms.2026.100358,mechanical_props,,,,not_stated,not_stated,,,
doi:10.1016/j.fochms.2026.100358,10.1016/j.fochms.2026.100358,barrier_props,,,,not_stated,not_stated,,,
doi:10.1016/j.fochms.2026.100358,10.1016/j.fochms.2026.100358,antimicrobial_outcomes,,,,not_stated,not_stated,,,
doi:10.1016/j.fochms.2026.100358,10.1016/j.fochms.2026.100358,limitations,The study is limited to a single pear cultivar and requires validation across other cultivars with different physiological traits.,,The study is limited to a single pear cultivar and requires validation across other cultivars with different physiological traits.,full_text_verified,inference_from_quote,"The combined storage strategy of 1-methylcyclopropene (1-MCP) fumigation coupled with sealed film packaging, as proposed in this study, needs to be validated across a wider range of pear cultivars exhibiting markedly different postharvest physiological characteristics.",conclusion,quote_exact;no_new_numbers
doi:10.1016/j.fochms.2026.100358,10.1016/j.fochms.2026.100358,scaleup_relevance,high,,high,full_text_verified,inference_from_quote,"Notably, the storage methods used in this study are characterized by low cost, easy operation, and minimal equipment requirements, thus having significant practical implications for commercial agricultural production.",discussion,quote_exact;no_new_numbers
doi:10.1016/j.fochms.2026.100358,10.1016/j.fochms.2026.100358,concept_relevance,core,,core,full_text_verified,inference_from_quote,"fruit senescence and softening. To investigate whether the combination of these treatments achieves a superior storage effect, 'Shannong Su' pears were treated with 1 μL/L 1-MCP for 24 h, then packaged in sealed or perforated film bags or left unpackaged, and stored at 4.00 ± 0.50 °C for 120 days. Firmness, ethylene release, quality indicators, ge",abstract,quote_repaired;no_new_numbers
doi:10.21203/rs.3.rs-6546955/v1,10.21203/rs.3.rs-6546955/v1,reference,Dorota Wichrowska et al. (2025). Antioxidant Potential and Storage Stability of Sweet Cherries (Prunus Avium L.) Depending on the Use of 1- Methylcyclopropene.,,,metadata_only,grounded_verbatim,,api,
doi:10.21203/rs.3.rs-6546955/v1,10.21203/rs.3.rs-6546955/v1,doi,10.21203/rs.3.rs-6546955/v1,,,metadata_only,grounded_verbatim,,api,
doi:10.21203/rs.3.rs-6546955/v1,10.21203/rs.3.rs-6546955/v1,pub_type,original_research,,,metadata_only,grounded_verbatim,,api,
doi:10.21203/rs.3.rs-6546955/v1,10.21203/rs.3.rs-6546955/v1,substrate_polymer,,,,not_stated,not_stated,,,
doi:10.21203/rs.3.rs-6546955/v1,10.21203/rs.3.rs-6546955/v1,mcp_carrier,sticker,,sticker,full_text_verified,grounded_verbatim,in the form of Vidre + stickers (Fresh Inset),abstract,quote_exact;substring
doi:10.21203/rs.3.rs-6546955/v1,10.21203/rs.3.rs-6546955/v1,antimicrobial,,,,not_stated,not_stated,,,
doi:10.21203/rs.3.rs-6546955/v1,10.21203/rs.3.rs-6546955/v1,prep_method,,,,not_stated,not_stated,,,
doi:10.21203/rs.3.rs-6546955/v1,10.21203/rs.3.rs-6546955/v1,manufacturing_temp_c,,,,not_stated,not_stated,,,
doi:10.21203/rs.3.rs-6546955/v1,10.21203/rs.3.rs-6546955/v1,trigger_mechanism,,,,not_stated,not_stated,,,
doi:10.21203/rs.3.rs-6546955/v1,10.21203/rs.3.rs-6546955/v1,rh_conditions_pct,90–95,%,90–95,full_text_verified,grounded_numeric,90–95% relative air humidity,abstract,quote_exact;number_found;context_ok
doi:10.21203/rs.3.rs-6546955/v1,10.21203/rs.3.rs-6546955/v1,storage_temp_c,2–3,°C,2–3,full_text_verified,grounded_numeric,2–3°C,abstract,quote_exact;number_found;context_ok
doi:10.21203/rs.3.rs-6546955/v1,10.21203/rs.3.rs-6546955/v1,mcp_loading,"1, 2, 4 uL/L",uL/L,"1, 2, 4 uL/L",full_text_verified,grounded_numeric,"1, 2, 4 uL of 1-MCP per liter in the form of Vidre + stickers (Fresh Inset)",abstract,quote_exact;number_found;context_reject;number_found;context_reject;number_found;context_reject;number_found;context_reject;number_found;context_ok
doi:10.21203/rs.3.rs-6546955/v1,10.21203/rs.3.rs-6546955/v1,release_method,,,,not_stated,not_stated,,not stated,
doi:10.21203/rs.3.rs-6546955/v1,10.21203/rs.3.rs-6546955/v1,release_duration,,,,not_stated,not_stated,,not stated,
doi:10.21203/rs.3.rs-6546955/v1,10.21203/rs.3.rs-6546955/v1,kinetic_model,,,none_reported,unverifiable,ungrounded_blanked,,none_reported,quote_not_locatable
doi:10.21203/rs.3.rs-6546955/v1,10.21203/rs.3.rs-6546955/v1,release_result,,,,not_stated,not_stated,,not stated,
doi:10.21203/rs.3.rs-6546955/v1,10.21203/rs.3.rs-6546955/v1,produce_tested,sweet cherries (Prunus avium L.),,sweet cherries (Prunus avium L.),full_text_verified,grounded_verbatim,ial and Storage Stability of Sweet Cherries (Prunus Avium L.) Depending on the Use of 1- Methylcyclopropene Abstract,Abstract,quote_repaired;substring
doi:10.21203/rs.3.rs-6546955/v1,10.21203/rs.3.rs-6546955/v1,package_vol_mass,1 Liter clamshells,L,1 Liter clamshells,full_text_verified,grounded_numeric,One Liter clamshells of freshly picked sweet cherries,Abstract,quote_exact;number_found;context_ok
doi:10.21203/rs.3.rs-6546955/v1,10.21203/rs.3.rs-6546955/v1,quality_outcomes,"weight loss, stem browning, firmness, fruit quality, dry matter, vitamin C, total polyphenols, anthocyanins, total soluble solids, reducing sugars, total sugars, antioxidant capacity (FRAP)",,"weight loss, stem browning, firmness, fruit quality, dry matter, vitamin C, total polyphenols, anthocyanins, total soluble solids, reducing sugars, total sugars, antioxidant capacity (FRAP)",full_text_verified,grounded_verbatim,"weight loss, stem browning, firmness and fruit quality after storage was obtained with samples treated with 1-MCP. Similar relationships were obtained with regard to the concentration of Vitamin C, total polyphenols, anthocyanins and the antioxidant activity FRAP.",Abstract,quote_exact;token_prefix
doi:10.21203/rs.3.rs-6546955/v1,10.21203/rs.3.rs-6546955/v1,mechanical_props,,,firmness (puncture force),unverifiable,ungrounded_blanked,- 0.999 0.978 0.436 Total sugar - - - - - - 0.974 0.438 TSSC - -,Methods,quote_repaired;no_parsable_quantity
doi:10.21203/rs.3.rs-6546955/v1,10.21203/rs.3.rs-6546955/v1,barrier_props,,,,not_stated,not_stated,,not stated,
doi:10.21203/rs.3.rs-6546955/v1,10.21203/rs.3.rs-6546955/v1,antimicrobial_outcomes,,,,not_stated,not_stated,,not stated,
doi:10.21203/rs.3.rs-6546955/v1,10.21203/rs.3.rs-6546955/v1,limitations,"The study relies on theoretical dosing without verifying actual internal concentrations, and uses a small-scale laboratory setup with plastic bags rather than industrial packaging conditions.",,"The study relies on theoretical dosing without verifying actual internal concentrations, and uses a small-scale laboratory setup with plastic bags rather than industrial packaging conditions.",full_text_verified,inference_from_quote,2182.3 ± 12.20 a 2029.5 ± 16.81 a 1751.5 ± 10.51 a Cultivar Kordia 2317.8 ± 18.65 A 1568.5 ± 18.21 1371.9 ±,methods,quote_repaired;no_new_numbers
doi:10.21203/rs.3.rs-6546955/v1,10.21203/rs.3.rs-6546955/v1,scaleup_relevance,medium,,medium,full_text_verified,inference_from_quote,and 1-MCP dose (mean for cultivars and 1-MCP concentration). Factors Storage time After harvest After 9 days After 21 days 1-MCP conc. Control 2182.3 ± 12.20 a 1525.3 ± 15.61 d 1412.2 ± 11.25 d 1 ppm 2182.3 ± 12.20 a 1,methods,quote_repaired;no_new_numbers
doi:10.21203/rs.3.rs-6546955/v1,10.21203/rs.3.rs-6546955/v1,concept_relevance,adjacent_mechanism,,adjacent_mechanism,full_text_verified,inference_from_quote,"softening and weight loss 31–32. Similar effects of 1- MCP on delaying the softening and maintaining fruit weight have been observed for tomato, avocado, kiwifruit and apple 30, 33–35. Table 1 Wei",introduction,quote_repaired;no_new_numbers
doi:10.1088/1755-1315/309/1/012065,10.1088/1755-1315/309/1/012065,reference,"H D Ariyanto et al. (2019). Effect of 1-Methylcyclopropene Release from Inclusion Complexes Powder on the Quality of Tomato by Short-Term Treatment. IOP Conference Series: Earth and Environmental Science, 309, 012065.",,,metadata_only,grounded_verbatim,,api,
doi:10.1088/1755-1315/309/1/012065,10.1088/1755-1315/309/1/012065,doi,10.1088/1755-1315/309/1/012065,,,metadata_only,grounded_verbatim,,api,
doi:10.1088/1755-1315/309/1/012065,10.1088/1755-1315/309/1/012065,pub_type,conference_paper,,,metadata_only,grounded_verbatim,,api,
doi:10.1088/1755-1315/309/1/012065,10.1088/1755-1315/309/1/012065,substrate_polymer,,,,not_stated,not_stated,,abstract,
doi:10.1088/1755-1315/309/1/012065,10.1088/1755-1315/309/1/012065,mcp_carrier,α-cyclodextrin,,α-cyclodextrin,full_text_verified,grounded_verbatim,α–cyclodextrin (α-CD),abstract,quote_exact;substring
doi:10.1088/1755-1315/309/1/012065,10.1088/1755-1315/309/1/012065,antimicrobial,1-MCP,,1-MCP,full_text_verified,grounded_verbatim,1-MCP,abstract,quote_exact;substring
doi:10.1088/1755-1315/309/1/012065,10.1088/1755-1315/309/1/012065,prep_method,,,,not_stated,not_stated,,abstract,
doi:10.1088/1755-1315/309/1/012065,10.1088/1755-1315/309/1/012065,manufacturing_temp_c,,,,not_stated,not_stated,,abstract,
doi:10.1088/1755-1315/309/1/012065,10.1088/1755-1315/309/1/012065,trigger_mechanism,,,,not_stated,not_stated,,abstract,
doi:10.1088/1755-1315/309/1/012065,10.1088/1755-1315/309/1/012065,rh_conditions_pct,,,,not_stated,not_stated,,,
doi:10.1088/1755-1315/309/1/012065,10.1088/1755-1315/309/1/012065,storage_temp_c,,,room temperature,unverifiable,ungrounded_blanked,room temperature,abstract,quote_exact;no_parsable_quantity
doi:10.1088/1755-1315/309/1/012065,10.1088/1755-1315/309/1/012065,mcp_loading,"5, 15 and 30 mg",mg,"5, 15 and 30 mg",full_text_verified,grounded_numeric,"5, 15 and 30 mg of 1-MCP inclusion complex powders",abstract,quote_exact;number_found;context_ok
doi:10.1088/1755-1315/309/1/012065,10.1088/1755-1315/309/1/012065,release_method,,,,not_stated,not_stated,,,
doi:10.1088/1755-1315/309/1/012065,10.1088/1755-1315/309/1/012065,release_duration,,,,not_stated,not_stated,,,
doi:10.1088/1755-1315/309/1/012065,10.1088/1755-1315/309/1/012065,kinetic_model,,,,not_stated,not_stated,,,
doi:10.1088/1755-1315/309/1/012065,10.1088/1755-1315/309/1/012065,release_result,,,,not_stated,not_stated,,,
doi:10.1088/1755-1315/309/1/012065,10.1088/1755-1315/309/1/012065,produce_tested,tomatoes,,tomatoes,full_text_verified,grounded_verbatim,Fourteen tomatoes in each closed polystyrene box were treated,abstract,quote_exact;substring
doi:10.1088/1755-1315/309/1/012065,10.1088/1755-1315/309/1/012065,package_vol_mass,,,,not_stated,not_stated,,,
doi:10.1088/1755-1315/309/1/012065,10.1088/1755-1315/309/1/012065,quality_outcomes,red colour index,,red colour index,full_text_verified,grounded_verbatim,"The average values of red colour index, a * were 21.5, 23.9 and 30.3 for the untreated tomatoes after 6, 12 and 18-days storage, respectively.",abstract,quote_exact;substring
doi:10.1088/1755-1315/309/1/012065,10.1088/1755-1315/309/1/012065,mechanical_props,,,,not_stated,not_stated,,,
doi:10.1088/1755-1315/309/1/012065,10.1088/1755-1315/309/1/012065,barrier_props,,,,not_stated,not_stated,,,
doi:10.1088/1755-1315/309/1/012065,10.1088/1755-1315/309/1/012065,antimicrobial_outcomes,,,,not_stated,not_stated,,,
doi:10.1088/1755-1315/309/1/012065,10.1088/1755-1315/309/1/012065,limitations,Small sample size and lab-only conditions; short-term storage evaluation.,,Small sample size and lab-only conditions; short-term storage evaluation.,full_text_verified,inference_from_quote,"Fourteen tomatoes in each closed polystyrene box were treated with 5, 15 and 30 mg of 1-MCP inclusion complex powders, respectively.",abstract,quote_exact;no_new_numbers
doi:10.1088/1755-1315/309/1/012065,10.1088/1755-1315/309/1/012065,scaleup_relevance,low,,low,full_text_verified,inference_from_quote,"Fourteen tomatoes in each closed polystyrene box were treated with 5, 15 and 30 mg of 1-MCP inclusion complex powders, respectively.",abstract,quote_exact;no_new_numbers
doi:10.1088/1755-1315/309/1/012065,10.1088/1755-1315/309/1/012065,concept_relevance,core,,core,full_text_verified,inference_from_quote,Effect of 1-MCP release from inclusion complexes in α–cyclodextrin (α-CD) on tomato during storage at room temperature was investigated.,abstract,quote_exact;no_new_numbers
doi:10.1016/j.foodchem.2026.150131,10.1016/j.foodchem.2026.150131,reference,"Cheng Zhao et al. (2026). Combined application of 1-methylcyclopropene and silicon-window modified atmosphere packaging delays cell wall degradation and softening in cold-stored ‘Saiwaihong’ apples. Food Chemistry, 523, 150131.",,,metadata_only,grounded_verbatim,,api,
doi:10.1016/j.foodchem.2026.150131,10.1016/j.foodchem.2026.150131,doi,10.1016/j.foodchem.2026.150131,,,metadata_only,grounded_verbatim,,api,
doi:10.1016/j.foodchem.2026.150131,10.1016/j.foodchem.2026.150131,pub_type,original_research,,,metadata_only,grounded_verbatim,,api,
doi:10.1016/j.foodchem.2026.150131,10.1016/j.foodchem.2026.150131,substrate_polymer,,,,not_stated,not_stated,,,
doi:10.1016/j.foodchem.2026.150131,10.1016/j.foodchem.2026.150131,mcp_carrier,,,,not_stated,not_stated,,,
doi:10.1016/j.foodchem.2026.150131,10.1016/j.foodchem.2026.150131,antimicrobial,,,,not_stated,not_stated,,,
doi:10.1016/j.foodchem.2026.150131,10.1016/j.foodchem.2026.150131,prep_method,,,,not_stated,not_stated,,,
doi:10.1016/j.foodchem.2026.150131,10.1016/j.foodchem.2026.150131,manufacturing_temp_c,,,,not_stated,not_stated,,,
doi:10.1016/j.foodchem.2026.150131,10.1016/j.foodchem.2026.150131,trigger_mechanism,,,,not_stated,not_stated,,,
doi:10.1016/j.foodchem.2026.150131,10.1016/j.foodchem.2026.150131,rh_conditions_pct,,,,not_stated,not_stated,,,
doi:10.1016/j.foodchem.2026.150131,10.1016/j.foodchem.2026.150131,storage_temp_c,,,,not_stated,not_stated,,,
doi:10.1016/j.foodchem.2026.150131,10.1016/j.foodchem.2026.150131,mcp_loading,,,,not_stated,not_stated,,,
doi:10.1016/j.foodchem.2026.150131,10.1016/j.foodchem.2026.150131,release_method,,,,not_stated,not_stated,,,
doi:10.1016/j.foodchem.2026.150131,10.1016/j.foodchem.2026.150131,release_duration,,,,not_stated,not_stated,,,
doi:10.1016/j.foodchem.2026.150131,10.1016/j.foodchem.2026.150131,kinetic_model,,,,not_stated,not_stated,,,
doi:10.1016/j.foodchem.2026.150131,10.1016/j.foodchem.2026.150131,release_result,,,,not_stated,not_stated,,,
doi:10.1016/j.foodchem.2026.150131,10.1016/j.foodchem.2026.150131,produce_tested,'Saiwaihong' apples,,'Saiwaihong' apples,full_text_verified,grounded_verbatim,'Saiwaihong' apples,abstract,quote_exact;substring
doi:10.1016/j.foodchem.2026.150131,10.1016/j.foodchem.2026.150131,package_vol_mass,,,,not_stated,not_stated,,not stated,
doi:10.1016/j.foodchem.2026.150131,10.1016/j.foodchem.2026.150131,quality_outcomes,"firmness loss 21.50%, weight loss 6.23%",,"firmness loss 21.50%, weight loss 6.23%",full_text_verified,grounded_verbatim,firmness loss (21.50%) and weight loss (6.23%),abstract,quote_exact;token_prefix
doi:10.1016/j.foodchem.2026.150131,10.1016/j.foodchem.2026.150131,mechanical_props,,,,not_stated,not_stated,,not stated,
doi:10.1016/j.foodchem.2026.150131,10.1016/j.foodchem.2026.150131,barrier_props,,,,not_stated,not_stated,,not stated,
doi:10.1016/j.foodchem.2026.150131,10.1016/j.foodchem.2026.150131,antimicrobial_outcomes,,,,not_stated,not_stated,,not stated,
doi:10.1016/j.foodchem.2026.150131,10.1016/j.foodchem.2026.150131,limitations,,,,not_stated,not_stated,,not stated,
doi:10.1016/j.foodchem.2026.150131,10.1016/j.foodchem.2026.150131,scaleup_relevance,,,not_assessable,unverifiable,ungrounded_blanked,,not stated,quote_not_locatable
doi:10.1016/j.foodchem.2026.150131,10.1016/j.foodchem.2026.150131,concept_relevance,core,,core,full_text_verified,inference_from_quote,"This study evaluated the preservative effects of 1-methylcyclopropene (1-MCP) combined with microporous film (MF), polyethylene film (PF), and silicon window film (SF).",abstract,quote_exact;no_new_numbers
doi:10.1002/advs.202519222,10.1002/advs.202519222,reference,"Liying Yang et al. (2026). Efficient Preservation of Perishable Fruits by Erasable Metal‐Organic Frameworks. Advanced Science, 13, e19222.",,,metadata_only,grounded_verbatim,,api,
doi:10.1002/advs.202519222,10.1002/advs.202519222,doi,10.1002/advs.202519222,,,metadata_only,grounded_verbatim,,api,
doi:10.1002/advs.202519222,10.1002/advs.202519222,pub_type,original_research,,,metadata_only,grounded_verbatim,,api,
doi:10.1002/advs.202519222,10.1002/advs.202519222,substrate_polymer,carboxymethyl chitosan (CMCS),,carboxymethyl chitosan (CMCS),full_text_verified,grounded_verbatim,dispersed in a carboxymethyl chitosan (CMCS) matrix (PE‐CMCS) to create a washable coating that combines ethylene a,introduction,quote_repaired;substring
doi:10.1002/advs.202519222,10.1002/advs.202519222,mcp_carrier,,,,not_stated,not_stated,,,
doi:10.1002/advs.202519222,10.1002/advs.202519222,antimicrobial,clove essential oil (CEO),,clove essential oil (CEO),full_text_verified,grounded_verbatim,clove essential oil (CEO),introduction,quote_exact;substring
doi:10.1002/advs.202519222,10.1002/advs.202519222,prep_method,coating,,coating,full_text_verified,grounded_controlled,simple dip‐coating process,abstract,quote_exact;enum_clamped
doi:10.1002/advs.202519222,10.1002/advs.202519222,manufacturing_temp_c,,,,not_stated,not_stated,,,
doi:10.1002/advs.202519222,10.1002/advs.202519222,trigger_mechanism,,,,not_stated,not_stated,,,
doi:10.1002/advs.202519222,10.1002/advs.202519222,rh_conditions_pct,75,%,75,full_text_verified,grounded_numeric,75% relative humidity,results,quote_exact;number_found;unit_match;context_reject;number_found;unit_match;context_ok
doi:10.1002/advs.202519222,10.1002/advs.202519222,storage_temp_c,25,°C,25,full_text_verified,grounded_numeric,25°C ± 0.5°C,results,quote_exact;number_found;unit_match;context_reject;number_found;unit_match;context_ok
doi:10.1002/advs.202519222,10.1002/advs.202519222,mcp_loading,,,,not_stated,not_stated,,not stated,
doi:10.1002/advs.202519222,10.1002/advs.202519222,release_method,,,,not_stated,not_stated,,not stated,
doi:10.1002/advs.202519222,10.1002/advs.202519222,release_duration,,,,not_stated,not_stated,,not stated,
doi:10.1002/advs.202519222,10.1002/advs.202519222,kinetic_model,,,,not_stated,not_stated,,not stated,
doi:10.1002/advs.202519222,10.1002/advs.202519222,release_result,,,,not_stated,not_stated,,not stated,
doi:10.1002/advs.202519222,10.1002/advs.202519222,produce_tested,emperor bananas,,emperor bananas,full_text_verified,grounded_verbatim,emperor bananas were chosen as the models,results,quote_exact;substring
doi:10.1002/advs.202519222,10.1002/advs.202519222,package_vol_mass,,,,not_stated,not_stated,,not stated,
doi:10.1002/advs.202519222,10.1002/advs.202519222,quality_outcomes,,,weight loss: 19.74 ± 2.79%; ethylene rate: 1.20 ± 0.03 mg kg −1 h −1; soluble solids: 12.33 ± 0.58%,unverifiable,ungrounded_blanked,,results,quote_not_locatable
doi:10.1002/advs.202519222,10.1002/advs.202519222,mechanical_props,tensile strength: 30–35 MPa,MPa,tensile strength: 30–35 MPa,full_text_verified,grounded_numeric,"but the greatest elongation, consistent with its well‐known ductility. Both CEO‐CMCS and PE‐CMCS films displayed intermediate tensile strengths (30–35 MPa) and signi",results,quote_repaired;number_found;context_reject;number_found;context_reject;number_found;context_reject;number_found;context_ok
doi:10.1002/advs.202519222,10.1002/advs.202519222,barrier_props,water-vapour transmission rate: 1104.99 ± 5.37 g m −2 day −1,g m −2 day −1,water-vapour transmission rate: 1104.99 ± 5.37 g m −2 day −1,full_text_verified,grounded_numeric,"s 1110.39 ± 34.39 g m −2 day −1 , consistent with its hydrophilic nature. This value was not significantly different from that of the PE‐CMCS film (1104.99 ± 5.37 g m −2 day −1 ; p > 0.05).",results,quote_repaired;number_found;context_ok
doi:10.1002/advs.202519222,10.1002/advs.202519222,antimicrobial_outcomes,,,"Target organisms: Botrytis cinerea, Penicillium italicum, Penicillium digitatum, Staphylococcus aureus, Escherichia coli; Inhibition rates: 80%–90% (fungi), >99.99% (bacteria)",unverifiable,ungrounded_blanked,,results,quote_not_locatable
doi:10.1002/advs.202519222,10.1002/advs.202519222,limitations,high energy consumption and reliance on organic solvents,,high energy consumption and reliance on organic solvents,full_text_verified,inference_from_quote,"At the ACMs level, life cycle carbon and cost analysis identified electricity consumption and the use of organic solvents such as acetonitrile and isopropanol as the dominant contributors to cost and potential carbon burden.",results,quote_exact;no_new_numbers
doi:10.1002/advs.202519222,10.1002/advs.202519222,scaleup_relevance,low,,low,full_text_verified,inference_from_quote,"At the ACMs level, life cycle carbon and cost analysis identified electricity consumption and the use of organic solvents such as acetonitrile and isopropanol as the dominant contributors to cost and potential carbon burden.",results,quote_exact;no_new_numbers
doi:10.1002/advs.202519222,10.1002/advs.202519222,concept_relevance,core,,core,full_text_verified,inference_from_quote,"Engineered MOFs (denoted as ACMs) are used to stabilize clove essential oil (CEO) within the PE system, enabling sustained release to combat foodborne fungi and bacteria during storage. Notably, ACMs capture ethylene emitted from fruits via π‐complexation and hydrogen‐bonding interactions, effectively delaying fruit senescence.",introduction,quote_exact;no_new_numbers
doi:10.3390/foods14142472,10.3390/foods14142472,reference,"Hongsheng Zhou et al. (2025). Improving the Surface Color and Delaying Softening of Peach by Minimizing the Harmful Effects of Ethylene in the Package. Foods, 14, 2472.",,,metadata_only,grounded_verbatim,,api,
doi:10.3390/foods14142472,10.3390/foods14142472,doi,10.3390/foods14142472,,,metadata_only,grounded_verbatim,,api,
doi:10.3390/foods14142472,10.3390/foods14142472,pub_type,original_research,,,metadata_only,grounded_verbatim,,api,
doi:10.3390/foods14142472,10.3390/foods14142472,substrate_polymer,,,,not_stated,not_stated,,,
doi:10.3390/foods14142472,10.3390/foods14142472,mcp_carrier,,,,not_stated,not_stated,,,
doi:10.3390/foods14142472,10.3390/foods14142472,antimicrobial,,,,not_stated,not_stated,,,
doi:10.3390/foods14142472,10.3390/foods14142472,prep_method,,,,not_stated,not_stated,,,
doi:10.3390/foods14142472,10.3390/foods14142472,manufacturing_temp_c,,,,not_stated,not_stated,,,
doi:10.3390/foods14142472,10.3390/foods14142472,trigger_mechanism,,,,not_stated,not_stated,,,
doi:10.3390/foods14142472,10.3390/foods14142472,rh_conditions_pct,,,,not_stated,not_stated,,,
doi:10.3390/foods14142472,10.3390/foods14142472,storage_temp_c,22 ± 2,°C,22 ± 2,full_text_verified,grounded_numeric,room temperature (22 ± 2 °C),methods,quote_exact;number_found;context_reject;number_found;context_reject;number_found;context_reject;number_found;context_reject;number_found;context_reject;number_found;context_reject;number_found;number_found;number_found;number_found;number_found;context_ok
doi:10.3390/foods14142472,10.3390/foods14142472,mcp_loading,1.5,μL·L −1,1.5,full_text_verified,grounded_numeric,1.5 μL·L −1,methods,quote_exact;number_found;context_reject;number_found;context_reject;number_found;context_reject;number_found;context_reject;number_found;context_reject;number_found;context_reject;number_found;context_reject;number_found;context_reject;number_found;context_reject;number_found;context_reject;number_found;context_reject;number_found;context_reject;number_found;context_reject;number_found;context_reject;number_found;context_reject;number_found;context_reject;number_found;context_reject;number_found;context_reject;number_found;context_reject;number_found;context_reject;number_found;context_reject;number_found;context_reject;number_found;context_reject;number_found;context_reject;number_found;context_reject;number_found;context_reject;number_found;context_reject;number_found;context_reject;number_found;context_reject;number_found;context_reject;number_found;context_reject;number_found;context_reject;number_found;context_reject;number_found;context_reject;number_found;context_reject;number_found;context_reject;number_found;context_reject;number_found;context_reject;number_found;context_reject;number_found;context_reject;number_found;context_reject;number_found;context_reject;number_found;context_reject;number_found;context_reject;number_found;context_reject;number_found;context_reject;number_found;context_reject;number_found;context_reject;number_found;context_reject;number_found;context_reject;number_found;context_reject;number_found;context_reject;number_found;context_reject;number_found;context_reject;number_found;context_reject;number_found;context_reject;number_found;context_reject;number_found;context_reject;number_found;context_reject;number_found;context_reject;number_found;context_reject;number_found;context_ok
doi:10.3390/foods14142472,10.3390/foods14142472,release_method,,,,not_stated,not_stated,,,
doi:10.3390/foods14142472,10.3390/foods14142472,release_duration,8,d,8,full_text_verified,grounded_numeric,8 d,methods,quote_exact;number_found;unit_match;context_ok
doi:10.3390/foods14142472,10.3390/foods14142472,kinetic_model,,,none_reported,unverifiable,ungrounded_blanked,,,quote_not_locatable
doi:10.3390/foods14142472,10.3390/foods14142472,release_result,,,,not_stated,not_stated,,,
doi:10.3390/foods14142472,10.3390/foods14142472,produce_tested,Honey peach,,Honey peach,full_text_verified,grounded_verbatim,Honey peach ( Prunus persica (L.) Batsch cv. ‘Baifeng’ and ‘Xinchuanzhongdao’) fruits were obtained,methods,quote_exact;substring
doi:10.3390/foods14142472,10.3390/foods14142472,package_vol_mass,,,,not_stated,not_stated,,,
doi:10.3390/foods14142472,10.3390/foods14142472,quality_outcomes,"firmness, color change, anthocyanin content, weight loss",,"firmness, color change, anthocyanin content, weight loss",full_text_verified,grounded_verbatim,"analyzed fruit firmness, color change, anthocyanin content",abstract,quote_exact;token_prefix
doi:10.3390/foods14142472,10.3390/foods14142472,mechanical_props,,,,not_stated,not_stated,,,
doi:10.3390/foods14142472,10.3390/foods14142472,barrier_props,,,,not_stated,not_stated,,,
doi:10.3390/foods14142472,10.3390/foods14142472,antimicrobial_outcomes,,,,not_stated,not_stated,,,
doi:10.3390/foods14142472,10.3390/foods14142472,limitations,,,,not_stated,not_stated,,not stated,
doi:10.3390/foods14142472,10.3390/foods14142472,scaleup_relevance,low,,low,full_text_verified,inference_from_quote,"Experiments were performed in triplicate, and the treatments were carried out at room temperature (22 ± 2 °C). Three packages were randomly selected after 0, 2, 4, 6, and 8 d for physical and chemical analysis.",methods,quote_exact;no_new_numbers
doi:10.3390/foods14142472,10.3390/foods14142472,concept_relevance,background,,background,full_text_verified,inference_from_quote,"In this study, we used an ethylene absorbent (EA) and 1-methylcyclopropene (1-MCP) to minimize the detrimental impact of ethylene on the quality of peaches in modified atmosphere packaging (MAP)",abstract,quote_exact;no_new_numbers
doi:10.1038/s41598-025-03318-8,10.1038/s41598-025-03318-8,reference,"Laras Putri Wigati et al. (2025). Influence of cellulose nanocrystal formulations on the properties of pregelatinized cornstarch and cornmint essential oil films. Scientific Reports, 15, 18997.",,,metadata_only,grounded_verbatim,,api,
doi:10.1038/s41598-025-03318-8,10.1038/s41598-025-03318-8,doi,10.1038/s41598-025-03318-8,,,metadata_only,grounded_verbatim,,api,
doi:10.1038/s41598-025-03318-8,10.1038/s41598-025-03318-8,pub_type,original_research,,,metadata_only,grounded_verbatim,,api,
doi:10.1038/s41598-025-03318-8,10.1038/s41598-025-03318-8,substrate_polymer,pregelatinized cornstarch,,pregelatinized cornstarch,full_text_verified,grounded_verbatim,pregelatinized cornstarch (PCS),abstract,quote_exact;substring
doi:10.1038/s41598-025-03318-8,10.1038/s41598-025-03318-8,mcp_carrier,,,,not_stated,not_stated,,not stated,
doi:10.1038/s41598-025-03318-8,10.1038/s41598-025-03318-8,antimicrobial,cornmint essential oil,,cornmint essential oil,full_text_verified,grounded_verbatim,cornmint essential oil (CEO),abstract,quote_exact;substring
doi:10.1038/s41598-025-03318-8,10.1038/s41598-025-03318-8,prep_method,solution_casting,,solution_casting,full_text_verified,grounded_controlled,film-casting process involved careful dispensing of 15 mL of each coating solution into a square silicon mold.,methods,quote_exact;enum_clamped
doi:10.1038/s41598-025-03318-8,10.1038/s41598-025-03318-8,manufacturing_temp_c,60,°C,60,full_text_verified,grounded_numeric,"to a drying process at a temperature of 60 °C for a duration of 6 h. Once the films dried fully, they were removed from the silicon molds and placed in a desicc",methods,quote_repaired;number_found;context_reject;number_found;unit_match;context_ok
doi:10.1038/s41598-025-03318-8,10.1038/s41598-025-03318-8,trigger_mechanism,,,,not_stated,not_stated,,not stated,
doi:10.1038/s41598-025-03318-8,10.1038/s41598-025-03318-8,rh_conditions_pct,,,,not_stated,not_stated,,not stated,
doi:10.1038/s41598-025-03318-8,10.1038/s41598-025-03318-8,storage_temp_c,,,,not_stated,not_stated,,not stated,
doi:10.1038/s41598-025-03318-8,10.1038/s41598-025-03318-8,mcp_loading,,,,not_stated,not_stated,,not stated,
doi:10.1038/s41598-025-03318-8,10.1038/s41598-025-03318-8,release_method,,,,not_stated,not_stated,,not stated,
doi:10.1038/s41598-025-03318-8,10.1038/s41598-025-03318-8,release_duration,,,,not_stated,not_stated,,not stated,
doi:10.1038/s41598-025-03318-8,10.1038/s41598-025-03318-8,kinetic_model,,,,not_stated,not_stated,,not stated,
doi:10.1038/s41598-025-03318-8,10.1038/s41598-025-03318-8,release_result,,,,not_stated,not_stated,,not stated,
doi:10.1038/s41598-025-03318-8,10.1038/s41598-025-03318-8,produce_tested,Apples,,Apples,full_text_verified,grounded_verbatim,"Apples (Japanese ourin, sun fuji, sunjona gold)",methods,quote_exact;substring
doi:10.1038/s41598-025-03318-8,10.1038/s41598-025-03318-8,package_vol_mass,,,,not_stated,not_stated,,not stated,
doi:10.1038/s41598-025-03318-8,10.1038/s41598-025-03318-8,quality_outcomes,,,colour,unverifiable,ungrounded_blanked,"Color L* (lightness) , a* (redness) , b* (yellowness)",results,quote_exact;token_overlap:0/1
doi:10.1038/s41598-025-03318-8,10.1038/s41598-025-03318-8,mechanical_props,,,"tensile strength, Young's modulus, elongation",unverifiable,ungrounded_blanked,Tensile strength (Mpa) Young modulus (Mpa) Elongation (%),results,quote_exact;no_parsable_quantity
doi:10.1038/s41598-025-03318-8,10.1038/s41598-025-03318-8,barrier_props,"water vapor transmission rate, water vapor permeability","g h −1 m −2, g mm h −1 m 2 kPa","water vapor transmission rate, water vapor permeability",full_text_verified,grounded_numeric,0.00018 a C0.10 0.00062 ± 0.00010 a 0.00102 ± 0.00024 a C0.25 0.00061 ± 0.00009 a 0.00097 ± 0.00013 a C0.30,results,quote_repaired;number_found;context_reject;number_found;context_reject;number_found;context_reject;number_found;context_reject;number_found;context_reject;number_found;context_reject;number_found;context_reject;number_found;context_reject;number_found;context_reject;number_found;context_reject;number_found;context_reject;number_found;context_reject;number_found;context_ok
doi:10.1038/s41598-025-03318-8,10.1038/s41598-025-03318-8,antimicrobial_outcomes,,,,not_stated,not_stated,,not stated,
doi:10.1038/s41598-025-03318-8,10.1038/s41598-025-03318-8,limitations,Reduced mechanical strength at higher CNC concentrations and lack of real-world food application testing.,,Reduced mechanical strength at higher CNC concentrations and lack of real-world food application testing.,full_text_verified,inference_from_quote,"Meanwhile, a higher CNC content degraded the mechanical properties of the films.",conclusion,quote_exact;no_new_numbers
doi:10.1038/s41598-025-03318-8,10.1038/s41598-025-03318-8,scaleup_relevance,medium,,medium,full_text_verified,inference_from_quote,"Both solutions were individually homogenized using a rotor–stator homogenizer (T-25 digital ULTRA TURRAX®, IKA Japan Cooperation) at a speed of 15,000 rpm for 5 min each. Subsequently, the two solutions were combined and homogenized at the same speed for 5 min.",methods,quote_exact;no_new_numbers
doi:10.1038/s41598-025-03318-8,10.1038/s41598-025-03318-8,concept_relevance,adjacent_material,,adjacent_material,full_text_verified,inference_from_quote,This study aimed to evaluate the influence of various CNC formulations as Pickering emulsions with pregelatinized cornstarch incorporating essential oil of cornmint on the characterization of edible coating solutions and film.,abstract,quote_exact;no_new_numbers
doi:10.1039/d3ra07845k,10.1039/d3ra07845k,reference,"Zhibin Pan et al. (2024). Effects of oregano essential oil Pickering emulsion and ZnO nanoparticles on the properties and antibacterial activity of konjac glucomannan/carboxymethyl chitosan nanocomposite films. RSC Advances, 14, 6548-6556.",,,metadata_only,grounded_verbatim,,api,
doi:10.1039/d3ra07845k,10.1039/d3ra07845k,doi,10.1039/d3ra07845k,,,metadata_only,grounded_verbatim,,api,
doi:10.1039/d3ra07845k,10.1039/d3ra07845k,pub_type,original_research,,,metadata_only,grounded_verbatim,,api,
doi:10.1039/d3ra07845k,10.1039/d3ra07845k,substrate_polymer,konjac glucomannan/carboxymethyl chitosan,,konjac glucomannan/carboxymethyl chitosan,full_text_verified,grounded_verbatim,konjac glucomannan (KGM)/carboxymethyl chitosan (CMCS) complexes,abstract,quote_exact;substring
doi:10.1039/d3ra07845k,10.1039/d3ra07845k,mcp_carrier,,,,not_stated,not_stated,,,
doi:10.1039/d3ra07845k,10.1039/d3ra07845k,antimicrobial,oregano essential oil,,oregano essential oil,full_text_verified,grounded_verbatim,oregano essential oil (OEO),abstract,quote_exact;substring
doi:10.1039/d3ra07845k,10.1039/d3ra07845k,prep_method,solution_casting,,solution_casting,full_text_verified,grounded_controlled,pour 30 mL of the mentioned mixture and allow it to dry at 45 °C for 24 h.,methods,quote_exact;enum_clamped
doi:10.1039/d3ra07845k,10.1039/d3ra07845k,manufacturing_temp_c,45,°C,45,full_text_verified,grounded_numeric,dry at 45 °C,methods,quote_exact;number_found;unit_match;context_ok
doi:10.1039/d3ra07845k,10.1039/d3ra07845k,trigger_mechanism,,,,not_stated,not_stated,,,
doi:10.1039/d3ra07845k,10.1039/d3ra07845k,rh_conditions_pct,,,,not_stated,not_stated,,,
doi:10.1039/d3ra07845k,10.1039/d3ra07845k,storage_temp_c,,,,not_stated,not_stated,,,
doi:10.1039/d3ra07845k,10.1039/d3ra07845k,mcp_loading,,,,not_stated,not_stated,,,
doi:10.1039/d3ra07845k,10.1039/d3ra07845k,release_method,,,,not_stated,not_stated,,,
doi:10.1039/d3ra07845k,10.1039/d3ra07845k,release_duration,,,,not_stated,not_stated,,,
doi:10.1039/d3ra07845k,10.1039/d3ra07845k,kinetic_model,,,,not_stated,not_stated,,,
doi:10.1039/d3ra07845k,10.1039/d3ra07845k,release_result,,,,not_stated,not_stated,,,
doi:10.1039/d3ra07845k,10.1039/d3ra07845k,produce_tested,,,,not_stated,not_stated,,not stated,
doi:10.1039/d3ra07845k,10.1039/d3ra07845k,package_vol_mass,,,,not_stated,not_stated,,not stated,
doi:10.1039/d3ra07845k,10.1039/d3ra07845k,quality_outcomes,,,"colour (L*, a*, b*, ΔE)",unverifiable,ungrounded_blanked,The color parameters of the films are shown in Table 1 .,results,quote_exact;token_overlap:1/2
doi:10.1039/d3ra07845k,10.1039/d3ra07845k,mechanical_props,,,,not_stated,not_stated,,not stated,
doi:10.1039/d3ra07845k,10.1039/d3ra07845k,barrier_props,,,water vapor permeability (WVP),unverifiable,ungrounded_blanked,KC films have the highest WVP ( Fig. 7 ),results,quote_exact;no_parsable_quantity
doi:10.1039/d3ra07845k,10.1039/d3ra07845k,antimicrobial_outcomes,inhibition zones against E. coli and S. aureus,,inhibition zones against E. coli and S. aureus,full_text_verified,grounded_verbatim,pure KC film has no antibacterial activity against both E. coli and S. aureus,results,quote_exact;token_overlap:6/6
doi:10.1039/d3ra07845k,10.1039/d3ra07845k,limitations,,,,not_stated,not_stated,,,
doi:10.1039/d3ra07845k,10.1039/d3ra07845k,scaleup_relevance,low,,low,full_text_verified,inference_from_quote,"In a plastic culture dish with a thickness of 9 cm, pour 30 mL of the mentioned mixture and allow it to dry at 45 °C for 24 h.",methods,quote_exact;no_new_numbers
doi:10.1039/d3ra07845k,10.1039/d3ra07845k,concept_relevance,adjacent_material,,adjacent_material,full_text_verified,inference_from_quote,This study incorporated carboxylated-cellulose nanocrystal stabilized oregano essential oil (OEO) Pickering emulsion and ZnO nanoparticles (ZNPs) into konjac glucomannan (KGM)/carboxymethyl chitosan (CMCS) complexes to develop active food packaging films.,abstract,quote_exact;no_new_numbers
doi:10.1002/open.202500559,10.1002/open.202500559,reference,"Anna Yu. Pnevskaya et al. (2026). In Situ Diffuse Reflectance Infrared Fourier‐Transform Spectroscopy Investigation of 1‐Methylcyclopropene Adsorption in Cobalt–Formate Metal–Organic Framework. ChemistryOpen, 15, e202500559.",,,metadata_only,grounded_verbatim,,api,
doi:10.1002/open.202500559,10.1002/open.202500559,doi,10.1002/open.202500559,,,metadata_only,grounded_verbatim,,api,
doi:10.1002/open.202500559,10.1002/open.202500559,pub_type,original_research,,,metadata_only,grounded_verbatim,,api,
doi:10.1002/open.202500559,10.1002/open.202500559,substrate_polymer,,,,not_stated,not_stated,,,
doi:10.1002/open.202500559,10.1002/open.202500559,mcp_carrier,,,Co3(HCOO)6 (Co-FA) MOF,unverifiable,ungrounded_blanked,bitor—in the pores of Co 3 (HCOO) 6 (Co‐FA) MOF. Using in situ diffuse reflectance infrared Fourier,abstract,quote_repaired;token_overlap:2/3
doi:10.1002/open.202500559,10.1002/open.202500559,antimicrobial,1-methylcyclopropene (1-MCP),,1-methylcyclopropene (1-MCP),full_text_verified,grounded_verbatim,1‐methylcyclopropene (1‐MCP),abstract,quote_exact;substring
doi:10.1002/open.202500559,10.1002/open.202500559,prep_method,other,,other,full_text_verified,grounded_controlled,synthesized by a solvothermal method.,methods,quote_exact;enum_clamped
doi:10.1002/open.202500559,10.1002/open.202500559,manufacturing_temp_c,,,100,unverifiable,ungrounded_blanked,100°C,methods,quote_exact;number_found;unit_match;context_reject;number_found;context_reject
doi:10.1002/open.202500559,10.1002/open.202500559,trigger_mechanism,temperature,,temperature,full_text_verified,grounded_controlled,temperature-controlled release,conclusion,quote_exact;enum_clamped
doi:10.1002/open.202500559,10.1002/open.202500559,rh_conditions_pct,,,,not_stated,not_stated,,not stated,
doi:10.1002/open.202500559,10.1002/open.202500559,storage_temp_c,ca. 55,°C,ca. 55,full_text_verified,grounded_numeric,starting at ca. 55°C,results,quote_exact;number_found;unit_match;context_reject;number_found;unit_match;context_ok
doi:10.1002/open.202500559,10.1002/open.202500559,mcp_loading,,,,not_stated,not_stated,,results,
doi:10.1002/open.202500559,10.1002/open.202500559,release_method,other,,other,full_text_verified,grounded_controlled,ightly elevated temperatures. 2.4. ## Temperature‐Programmed 1‐MCP Release and Practical Applications Mass spectroscopy was applied to monitor online the rele,results,quote_repaired;enum_clamped
doi:10.1002/open.202500559,10.1002/open.202500559,release_duration,about 20,min,about 20,full_text_verified,grounded_numeric,"1‐MCP uptake within Co‐FA pores. Upon flushing with Ar, a gradual decrease of 1‐MCP‐related bands is observed over about 20 min at 30°C until no",results,quote_repaired;number_found;unit_match;context_ok
doi:10.1002/open.202500559,10.1002/open.202500559,kinetic_model,,,,not_stated,not_stated,,not stated,
doi:10.1002/open.202500559,10.1002/open.202500559,release_result,>90% of 1-MCP capture efficiency by Co-FA at room temperature,,>90% of 1-MCP capture efficiency by Co-FA at room temperature,full_text_verified,grounded_verbatim,"rature‐programmed desorption reveals a distinctive release profile starting at ca. 55°C. The integrated signal of 1‐MCP observed during heating is 9.7 times higher than that observed during 1‐MCP activation, which indicates >90% of 1‐MCP capture efficiency by Co‐FA at room tempera",results,quote_repaired;substring
doi:10.1002/open.202500559,10.1002/open.202500559,produce_tested,banana fruits,,banana fruits,full_text_verified,grounded_verbatim,"Banana fruits (Musa acuminata, origin: Ecuador)",methods,quote_exact;substring
doi:10.1002/open.202500559,10.1002/open.202500559,package_vol_mass,,,,not_stated,not_stated,,,
doi:10.1002/open.202500559,10.1002/open.202500559,quality_outcomes,"yellow color, solid texture, brown spotting, darker color, soft composition, mold",,"yellow color, solid texture, brown spotting, darker color, soft composition, mold",full_text_verified,grounded_verbatim,"ainers next to the banana fruits, whose ripening was monitored over two weeks. Bananas in the container with Co‐FA maintained the yellow color and solid texture, while in the other groups, the appearance of brown spotting started earlier (already from day 2) and the final state was characterized by significantly darker color and soft composition. After day 12, all groups, including the one with Co",results,quote_repaired;token_overlap:11/11
doi:10.1002/open.202500559,10.1002/open.202500559,mechanical_props,,,,not_stated,not_stated,,,
doi:10.1002/open.202500559,10.1002/open.202500559,barrier_props,,,,not_stated,not_stated,,,
doi:10.1002/open.202500559,10.1002/open.202500559,antimicrobial_outcomes,,,,not_stated,not_stated,,,
doi:10.1002/open.202500559,10.1002/open.202500559,limitations,Lack of humidity control in validation tests led to mold growth after 12 days across all groups.,,Lack of humidity control in validation tests led to mold growth after 12 days across all groups.,full_text_verified,inference_from_quote,"After day 12, all groups, including the one with Co‐FA, suffered from mold, as no additional treatment or dehumidifiers were applied.",results,quote_exact;no_new_numbers
doi:10.1002/open.202500559,10.1002/open.202500559,scaleup_relevance,not_assessable,,not_assessable,full_text_verified,inference_from_quote,"Co‐FA MOF, Co 3 (HCOO) 6 , was synthesized by a solvothermal method.",methods,quote_exact;no_new_numbers
doi:10.1002/open.202500559,10.1002/open.202500559,concept_relevance,adjacent_mechanism,,adjacent_mechanism,full_text_verified,inference_from_quote,"The significant confinement of 1‐MCP in Co‐FA at room temperature was demonstrated, while moderate heating enabled its temperature‐controlled release.",abstract,quote_exact;no_new_numbers
doi:10.1016/j.crfs.2026.101411,10.1016/j.crfs.2026.101411,reference,"Yuxuan Ban et al. (2026). Preparation of a Pickering emulsion film loaded with essential oils extracted from chili pepper leaves and its application in the post-harvest preservation of fresh broccoli. Current Research in Food Science, 12, 101411.",,,metadata_only,grounded_verbatim,,api,
doi:10.1016/j.crfs.2026.101411,10.1016/j.crfs.2026.101411,doi,10.1016/j.crfs.2026.101411,,,metadata_only,grounded_verbatim,,api,
doi:10.1016/j.crfs.2026.101411,10.1016/j.crfs.2026.101411,pub_type,original_research,,,metadata_only,grounded_verbatim,,api,
doi:10.1016/j.crfs.2026.101411,10.1016/j.crfs.2026.101411,substrate_polymer,chitosan/polyvinyl alcohol,,chitosan/polyvinyl alcohol,full_text_verified,grounded_verbatim,chitosan/polyvinyl alcohol matrices,abstract,quote_exact;substring
doi:10.1016/j.crfs.2026.101411,10.1016/j.crfs.2026.101411,mcp_carrier,,,,not_stated,not_stated,,,
doi:10.1016/j.crfs.2026.101411,10.1016/j.crfs.2026.101411,antimicrobial,chili pepper leaf essential oil (CPLEO),,chili pepper leaf essential oil (CPLEO),full_text_verified,grounded_verbatim,chili pepper leaf essential oil (CPLEO),abstract,quote_exact;substring
doi:10.1016/j.crfs.2026.101411,10.1016/j.crfs.2026.101411,prep_method,solution_casting,,solution_casting,full_text_verified,grounded_controlled,film-forming solution was poured uniformly into a Petri dish,methods,quote_exact;enum_clamped
doi:10.1016/j.crfs.2026.101411,10.1016/j.crfs.2026.101411,manufacturing_temp_c,40,°C,40,full_text_verified,grounded_numeric,"s. 2.2.1. ## Single-factor trails Single-factor trails were performed with chitosan, polyvinyl alcohol, and glycerol as the in",methods,quote_repaired;number_found;unit_match;context_ok
doi:10.1016/j.crfs.2026.101411,10.1016/j.crfs.2026.101411,trigger_mechanism,,,,not_stated,not_stated,,,
doi:10.1016/j.crfs.2026.101411,10.1016/j.crfs.2026.101411,rh_conditions_pct,90 ∼ 95,%,90 ∼ 95,full_text_verified,grounded_numeric,90 ∼ 95% relative humidity,methods,quote_exact;number_found;context_reject;number_found;context_ok
doi:10.1016/j.crfs.2026.101411,10.1016/j.crfs.2026.101411,storage_temp_c,4 ± 2,°C,4 ± 2,full_text_verified,grounded_numeric,"ge at 4 ± 2 °C, broccoli packaged with 1.5%TC-CP film maintained a higher hardness va",abstract,quote_repaired;number_found;context_ok
doi:10.1016/j.crfs.2026.101411,10.1016/j.crfs.2026.101411,mcp_loading,,,,not_stated,not_stated,,not stated,
doi:10.1016/j.crfs.2026.101411,10.1016/j.crfs.2026.101411,release_method,,,,not_stated,not_stated,,not stated,
doi:10.1016/j.crfs.2026.101411,10.1016/j.crfs.2026.101411,release_duration,,,,not_stated,not_stated,,not stated,
doi:10.1016/j.crfs.2026.101411,10.1016/j.crfs.2026.101411,kinetic_model,,,,not_stated,not_stated,,not stated,
doi:10.1016/j.crfs.2026.101411,10.1016/j.crfs.2026.101411,release_result,,,,not_stated,not_stated,,not stated,
doi:10.1016/j.crfs.2026.101411,10.1016/j.crfs.2026.101411,produce_tested,fresh broccoli,,fresh broccoli,full_text_verified,grounded_verbatim,fresh broccoli,abstract,quote_exact;substring
doi:10.1016/j.crfs.2026.101411,10.1016/j.crfs.2026.101411,package_vol_mass,,,,not_stated,not_stated,,not stated,
doi:10.1016/j.crfs.2026.101411,10.1016/j.crfs.2026.101411,quality_outcomes,,,"hardness (firmness), colour/yellowing, soluble solid content, weight loss",unverifiable,ungrounded_blanked,,abstract,quote_not_locatable
doi:10.1016/j.crfs.2026.101411,10.1016/j.crfs.2026.101411,mechanical_props,"18.5 MP tensile strength, 280% elongation at break","MP, %","18.5 MP tensile strength, 280% elongation at break",full_text_verified,grounded_numeric,"(1.5%TC-CP) had an 18.5 MP tensile strength, 280% elongation at break, 80° water contact angle, 2.0 g/m<sup>2</sup>/h water vapor p",abstract,quote_repaired;number_found;context_ok
doi:10.1016/j.crfs.2026.101411,10.1016/j.crfs.2026.101411,barrier_props,2.0 g/m<sup>2</sup>/h water vapor permeability,g/m<sup>2</sup>/h,2.0 g/m<sup>2</sup>/h water vapor permeability,full_text_verified,grounded_numeric,"ter contact angle, 2.0 g/m<sup>2</sup>/h water vapor permeability, and a smooth/dense structure with a thickness of 0.11 mm. The",abstract,quote_repaired;number_found;unit_match;context_ok
doi:10.1016/j.crfs.2026.101411,10.1016/j.crfs.2026.101411,antimicrobial_outcomes,inhibition zone diameter increased by 50% against Listeria monocytogenes and 158% against Erwinia carotovora,,inhibition zone diameter increased by 50% against Listeria monocytogenes and 158% against Erwinia carotovora,full_text_verified,grounded_verbatim,increased inhibition zone diameter by 50% against Listeria monocytogenes and 158% against Erwinia carotovora,abstract,quote_exact;token_prefix
doi:10.1016/j.crfs.2026.101411,10.1016/j.crfs.2026.101411,limitations,Preservation efficacy validated only for broccoli under short-term refrigerated conditions; lacks industrial scalability data and safety assessments of CPLEO migration.,,Preservation efficacy validated only for broccoli under short-term refrigerated conditions; lacks industrial scalability data and safety assessments of CPLEO migration.,full_text_verified,inference_from_quote,"plication. A limitation of this work is that the preservation efficacy was only validated for broccoli under short-term refrigerated conditions (10 days at 4 ± 2 °C), with no data on scalability to industrial production or safety assessments of CPLEO migration. Future work could extend the applicability to other perishable fruits and v",conclusion,quote_repaired;no_new_numbers
doi:10.1016/j.crfs.2026.101411,10.1016/j.crfs.2026.101411,scaleup_relevance,low,,low,full_text_verified,inference_from_quote,"Its simple preparation process and stable mechanical properties ensure compatibility with existing industrial packaging machinery, facilitating scalable application.",conclusion,quote_exact;no_new_numbers
doi:10.1016/j.crfs.2026.101411,10.1016/j.crfs.2026.101411,concept_relevance,adjacent_material,,adjacent_material,full_text_verified,inference_from_quote,This study developed a novel and green active film by incorporating chili pepper leaf essential oil (CPLEO)-loaded Pickering emulsion (stabilized by tremella polysaccharide) into chitosan/polyvinyl alcohol matrices via single factor trails and response surface methodology.,abstract,quote_exact;no_new_numbers
doi:10.11002/fsp.2025.32.4.595,10.11002/fsp.2025.32.4.595,reference,"Kyoungook Kim et al. (2025). Effects of sachet-type 1-methylcyclopropene (1-MCP) treatment on
                    fruit quality during ambient and cold storage of Hongro
                    apples. Food Science and Preservation, 32, 595-602.",,,metadata_only,grounded_verbatim,,api,
doi:10.11002/fsp.2025.32.4.595,10.11002/fsp.2025.32.4.595,doi,10.11002/fsp.2025.32.4.595,,,metadata_only,grounded_verbatim,,api,
doi:10.11002/fsp.2025.32.4.595,10.11002/fsp.2025.32.4.595,pub_type,original_research,,,metadata_only,grounded_verbatim,,api,
doi:10.11002/fsp.2025.32.4.595,10.11002/fsp.2025.32.4.595,substrate_polymer,,,,not_stated,not_stated,,,
doi:10.11002/fsp.2025.32.4.595,10.11002/fsp.2025.32.4.595,mcp_carrier,,,,not_stated,not_stated,,,
doi:10.11002/fsp.2025.32.4.595,10.11002/fsp.2025.32.4.595,antimicrobial,,,,not_stated,not_stated,,,
doi:10.11002/fsp.2025.32.4.595,10.11002/fsp.2025.32.4.595,prep_method,,,,not_stated,not_stated,,,
doi:10.11002/fsp.2025.32.4.595,10.11002/fsp.2025.32.4.595,manufacturing_temp_c,,,,not_stated,not_stated,,,
doi:10.11002/fsp.2025.32.4.595,10.11002/fsp.2025.32.4.595,trigger_mechanism,liquid_water,,liquid_water,full_text_verified,grounded_controlled,"To initiate fumigation, the tip of each sachet was moistened with water prior to placement in the fruit box",methods,quote_exact;enum_clamped
doi:10.11002/fsp.2025.32.4.595,10.11002/fsp.2025.32.4.595,rh_conditions_pct,,,,not_stated,not_stated,,,
doi:10.11002/fsp.2025.32.4.595,10.11002/fsp.2025.32.4.595,storage_temp_c,"20±2°C, 0±0.5°C",°C,"20±2°C, 0±0.5°C",full_text_verified,grounded_numeric,20±2°C,methods,quote_exact;number_found;context_reject;number_found;context_reject;number_found;context_ok
doi:10.11002/fsp.2025.32.4.595,10.11002/fsp.2025.32.4.595,mcp_loading,,,0.014%,unverifiable,ungrounded_blanked,0.014% 1-MCP,materials and methods,quote_exact;number_found;unit_match;context_reject
doi:10.11002/fsp.2025.32.4.595,10.11002/fsp.2025.32.4.595,release_method,,,,not_stated,not_stated,,,
doi:10.11002/fsp.2025.32.4.595,10.11002/fsp.2025.32.4.595,release_duration,,,,not_stated,not_stated,,,
doi:10.11002/fsp.2025.32.4.595,10.11002/fsp.2025.32.4.595,kinetic_model,,,,not_stated,not_stated,,,
doi:10.11002/fsp.2025.32.4.595,10.11002/fsp.2025.32.4.595,release_result,,,,not_stated,not_stated,,,
doi:10.11002/fsp.2025.32.4.595,10.11002/fsp.2025.32.4.595,produce_tested,Hongro apples,,Hongro apples,full_text_verified,grounded_verbatim,*Hongro* apples,abstract,quote_exact;substring
doi:10.11002/fsp.2025.32.4.595,10.11002/fsp.2025.32.4.595,package_vol_mass,10 kg box,kg,10 kg box,full_text_verified,grounded_numeric,per 10 kg corrugated fruit box,methods,quote_exact;number_found;number_found;number_found;context_ok
doi:10.11002/fsp.2025.32.4.595,10.11002/fsp.2025.32.4.595,quality_outcomes,"firmness (64.0-65.2 N), colour (L*, a*, b*), soluble solids (SSC), weight loss, ethylene concentration (IEC: 0.4-14.4 μL/L)",,"firmness (64.0-65.2 N), colour (L*, a*, b*), soluble solids (SSC), weight loss, ethylene concentration (IEC: 0.4-14.4 μL/L)",full_text_verified,grounded_verbatim,"firmness ranging from 64.0 to 65.2 N, TA from 0.21% to 0.22%, and IEC from 0.4 to 14.4 μL/L.",abstract,quote_exact;token_overlap:14/15
doi:10.11002/fsp.2025.32.4.595,10.11002/fsp.2025.32.4.595,mechanical_props,,,,not_stated,not_stated,,,
doi:10.11002/fsp.2025.32.4.595,10.11002/fsp.2025.32.4.595,barrier_props,,,,not_stated,not_stated,,,
doi:10.11002/fsp.2025.32.4.595,10.11002/fsp.2025.32.4.595,antimicrobial_outcomes,,,,not_stated,not_stated,,,
doi:10.11002/fsp.2025.32.4.595,10.11002/fsp.2025.32.4.595,limitations,Requires further studies to determine optimal SFIS concentration for practical grower application,,Requires further studies to determine optimal SFIS concentration for practical grower application,full_text_verified,inference_from_quote,"However, further studies required to set optimal SFIS concentration to maximize efficacy to enable practical use by growers.",conclusion,quote_exact;no_new_numbers
doi:10.11002/fsp.2025.32.4.595,10.11002/fsp.2025.32.4.595,scaleup_relevance,low,,low,full_text_verified,inference_from_quote,"The 1-MCP treatment was conducted using sachets containing powdered 1-MCP [SmartFreshTM InBox Sachet (SFIS); 0.014% 1-MCP, 99.986% inert ingredients; AgroFresh, Yakima, WA, USA], packaged in a tea bag-like format.",methods,quote_exact;no_new_numbers
doi:10.11002/fsp.2025.32.4.595,10.11002/fsp.2025.32.4.595,concept_relevance,core,,core,full_text_verified,inference_from_quote,"To initiate fumigation, the tip of each sachet was moistened with water prior to placement in the fruit box, which was then sealed with tape.",methods,quote_exact;no_new_numbers
doi:10.3390/foods14223978,10.3390/foods14223978,reference,"Jia Kan et al. (2025). Interfacial Engineering of High-Performance Pickering Emulsion–Gelatin Composite Films for Active Packaging. Foods, 14, 3978.",,,metadata_only,grounded_verbatim,,api,
doi:10.3390/foods14223978,10.3390/foods14223978,doi,10.3390/foods14223978,,,metadata_only,grounded_verbatim,,api,
doi:10.3390/foods14223978,10.3390/foods14223978,pub_type,original_research,,,metadata_only,grounded_verbatim,,api,
doi:10.3390/foods14223978,10.3390/foods14223978,substrate_polymer,gelatin,,gelatin,full_text_verified,grounded_verbatim,gelatin matrix,abstract,quote_exact;substring
doi:10.3390/foods14223978,10.3390/foods14223978,mcp_carrier,,,,not_stated,not_stated,,,
doi:10.3390/foods14223978,10.3390/foods14223978,antimicrobial,oregano essential oil,,oregano essential oil,full_text_verified,grounded_verbatim,oregano essential oil,abstract,quote_exact;substring
doi:10.3390/foods14223978,10.3390/foods14223978,prep_method,solution_casting,,solution_casting,full_text_verified,grounded_controlled,drying at 35 °C for 24 h,methods,quote_exact;enum_clamped
doi:10.3390/foods14223978,10.3390/foods14223978,manufacturing_temp_c,35,°C,35,full_text_verified,grounded_numeric,35 °C,methods,quote_exact;number_found;unit_match;context_ok
doi:10.3390/foods14223978,10.3390/foods14223978,trigger_mechanism,passive_diffusion,,passive_diffusion,full_text_verified,grounded_controlled,Fickian diffusion mechanism,results,quote_exact;enum_clamped
doi:10.3390/foods14223978,10.3390/foods14223978,rh_conditions_pct,,,,not_stated,not_stated,,,
doi:10.3390/foods14223978,10.3390/foods14223978,storage_temp_c,25,°C,25,full_text_verified,grounded_numeric,25 °C,methods,quote_exact;number_found;unit_match;context_ok
doi:10.3390/foods14223978,10.3390/foods14223978,mcp_loading,,,,not_stated,not_stated,,,
doi:10.3390/foods14223978,10.3390/foods14223978,release_method,other,,other,full_text_verified,grounded_controlled,absorbance measurement at 274 nm using a UV-Vis spectrophotometer,methods,quote_exact;enum_clamped
doi:10.3390/foods14223978,10.3390/foods14223978,release_duration,,,,not_stated,not_stated,,,
doi:10.3390/foods14223978,10.3390/foods14223978,kinetic_model,fickian,,"korsmeyer_peppas, fickian",full_text_verified,grounded_controlled,Korsmeyer–Peppas model showed higher correlation coefficients (R 2 = 0.9592 for 50% ethanol and 0.9518 for 10% ethanol) than the Higuchi model (R 2 = 0.8941 for 50% ethanol and 0.8879 for 10% ethanol). The release exponent ( n ) values of 0.2389 and 0.1991 (<0.45) confirmed that the OEO release followed a Fickian diffusion mechanism,results,quote_exact;enum_clamped
doi:10.3390/foods14223978,10.3390/foods14223978,release_result,The Korsmeyer–Peppas model showed higher correlation coefficients (R 2 = 0.9592 for 50% ethanol and 0.9518 for 10% ethanol) than the Higuchi model (R 2 = 0.8941 for 50% ethanol and 0.8879 for 10% ethanol). The release exponent ( n ) values of 0.2389 and 0.1991 (<0.45) confirmed that the OEO release followed a Fickian diffusion mechanism,,The Korsmeyer–Peppas model showed higher correlation coefficients (R 2 = 0.9592 for 50% ethanol and 0.9518 for 10% ethanol) than the Higuchi model (R 2 = 0.8941 for 50% ethanol and 0.8879 for 10% ethanol). The release exponent ( n ) values of 0.2389 and 0.1991 (<0.45) confirmed that the OEO release followed a Fickian diffusion mechanism,full_text_verified,grounded_verbatim,The Korsmeyer–Peppas model showed higher correlation coefficients (R 2 = 0.9592 for 50% ethanol and 0.9518 for 10% ethanol) than the Higuchi model (R 2 = 0.8941 for 50% ethanol and 0.8879 for 10% ethanol). The release exponent ( n ) values of 0.2389 and 0.1991 (<0.45) confirmed that the OEO release followed a Fickian diffusion mechanism,results,quote_exact;substring
doi:10.3390/foods14223978,10.3390/foods14223978,produce_tested,,,,not_stated,not_stated,,not stated,
doi:10.3390/foods14223978,10.3390/foods14223978,package_vol_mass,,,,not_stated,not_stated,,not stated,
doi:10.3390/foods14223978,10.3390/foods14223978,quality_outcomes,,,,not_stated,not_stated,,not stated,
doi:10.3390/foods14223978,10.3390/foods14223978,mechanical_props,"tensile strength: 41.2 MPa, elongation at break: 97.5%, modulus: 744.9 MPa, puncture: exceptional resistance","MPa, %","tensile strength: 41.2 MPa, elongation at break: 97.5%, modulus: 744.9 MPa, puncture: exceptional resistance",full_text_verified,grounded_numeric,"The maximum tensile strength and Young’s modulus increased from 29.9 MPa and 553.4 MPa (GOP 0% ) to 41.2 MPa and 744.9 MPa (GOP 6% ), respectively.",results,quote_exact;number_found;context_ok
doi:10.3390/foods14223978,10.3390/foods14223978,barrier_props,"WVP: 3.98 × 10 −14 g·cm·cm −2 ·s −1 ·Pa −1, OP: 1.89 × 10 −17 cm 3 ·cm·cm −2 ·s −1 ·Pa −1","g·cm·cm −2 ·s −1 ·Pa −1, cm 3 ·cm·cm −2 ·s −1 ·Pa −1","WVP: 3.98 × 10 −14 g·cm·cm −2 ·s −1 ·Pa −1, OP: 1.89 × 10 −17 cm 3 ·cm·cm −2 ·s −1 ·Pa −1",full_text_verified,grounded_numeric,"The WVP value decreased from 1.51 × 10 −13 g·cm·cm −2 ·s −1 ·Pa −1 (GOP 0% ) to 3.98 × 10 −14 g·cm·cm −2 ·s −1 ·Pa −1 (GOP 6% ), corresponding to a 73.6% reduction, while the OP value decreased from 1.29 × 10 −16 cm 3 ·cm·cm −2 ·s −1 ·Pa −1 (GOP 0% ) to 1.89 × 10 −17 cm 3 ·cm·cm −2 ·s −1 ·Pa −1 (GOP 6% ), representing an 85.3% decrease.",results,quote_exact;number_found;context_ok
doi:10.3390/foods14223978,10.3390/foods14223978,antimicrobial_outcomes,"inhibition zones: E. coli 22.32 ± 0.24 mm, S. aureus 39.58 ± 0.74 mm",,"inhibition zones: E. coli 22.32 ± 0.24 mm, S. aureus 39.58 ± 0.74 mm",full_text_verified,grounded_verbatim,"the inhibition zone diameters for E. coli and S. aureus increased from 8.69 ± 1.06 mm and 21.16 ± 0.66 mm (GOP 2% ) to 22.32 ± 0.24 mm and 39.58 ± 0.74 mm (GOP 8% , Figure 5 b,c), respectively.",results,quote_exact;token_overlap:8/8
doi:10.3390/foods14223978,10.3390/foods14223978,limitations,,,,not_stated,not_stated,,,
doi:10.3390/foods14223978,10.3390/foods14223978,scaleup_relevance,medium,,medium,full_text_verified,inference_from_quote,"Moreover, the small loading of a-ChNCs in the film imposes minimal impact on overall cost. The considerable improvements in material performance and stability therefore provide a favorable cost-to-performance ratio, supporting the scalability and commercial potential of this approach.",discussion,quote_exact;no_new_numbers
doi:10.3390/foods14223978,10.3390/foods14223978,concept_relevance,adjacent_material,,adjacent_material,full_text_verified,inference_from_quote,"Amidst the urgent demand for sustainable alternatives to petrochemical plastics, this work incorporated oregano essential oil Pickering emulsion (AOPE; stabilizer: acetylated chitin nanocrystals (a-ChNCs)) into the gelatin matrix.",abstract,quote_exact;no_new_numbers
doi:10.3390/foods14183190,10.3390/foods14183190,reference,"Qiyuan Feng et al. (2025). Tannic Acid-Modified Sodium Caseinate Pickering Emulsion Coatings: Characterization, Enhanced Mechanical/Antibacterial Properties, and Application in Cherry Tomato Preservation. Foods, 14, 3190.",,,metadata_only,grounded_verbatim,,api,
doi:10.3390/foods14183190,10.3390/foods14183190,doi,10.3390/foods14183190,,,metadata_only,grounded_verbatim,,api,
doi:10.3390/foods14183190,10.3390/foods14183190,pub_type,original_research,,,metadata_only,grounded_verbatim,,api,
doi:10.3390/foods14183190,10.3390/foods14183190,substrate_polymer,carboxymethyl tara gum,,carboxymethyl tara gum,full_text_verified,grounded_verbatim,carboxymethyl tara gum,introduction,quote_exact;substring
doi:10.3390/foods14183190,10.3390/foods14183190,mcp_carrier,,,,not_stated,not_stated,,,
doi:10.3390/foods14183190,10.3390/foods14183190,antimicrobial,bergamot essential oil,,bergamot essential oil,full_text_verified,grounded_verbatim,bergamot essential oil,abstract,quote_exact;substring
doi:10.3390/foods14183190,10.3390/foods14183190,prep_method,coating,,coating,full_text_verified,grounded_controlled,Pickering emulsion coating,abstract,quote_exact;enum_clamped
doi:10.3390/foods14183190,10.3390/foods14183190,manufacturing_temp_c,,,room temperature,unverifiable,ungrounded_blanked,dried at room temperature for 48 h,methods,quote_exact;no_parsable_quantity
doi:10.3390/foods14183190,10.3390/foods14183190,trigger_mechanism,,,,not_stated,not_stated,,,
doi:10.3390/foods14183190,10.3390/foods14183190,rh_conditions_pct,,,,not_stated,not_stated,,,
doi:10.3390/foods14183190,10.3390/foods14183190,storage_temp_c,,,,not_stated,not_stated,,,
doi:10.3390/foods14183190,10.3390/foods14183190,mcp_loading,,,,not_stated,not_stated,,,
doi:10.3390/foods14183190,10.3390/foods14183190,release_method,other,,other,full_text_verified,grounded_controlled,"analyzed with an ultraviolet spectrophotometer (TU-1901, Puyang Instrument Co., Puyang, China) by measuring the absorbance of the Pickering emulsion at 213 nm",methods,quote_exact;enum_clamped
doi:10.3390/foods14183190,10.3390/foods14183190,release_duration,,,,not_stated,not_stated,,,
doi:10.3390/foods14183190,10.3390/foods14183190,kinetic_model,,,,not_stated,not_stated,,,
doi:10.3390/foods14183190,10.3390/foods14183190,release_result,relatively stable and slower than SC,,relatively stable and slower than SC,full_text_verified,grounded_verbatim,the release rate of essential oil from the Pickering emulsion stabilized by the SC-TA nanocomposite is relatively stable and slower than that stabilized by SC,results,quote_exact;token_prefix
doi:10.3390/foods14183190,10.3390/foods14183190,produce_tested,cherry tomatoes,,cherry tomatoes,full_text_verified,grounded_verbatim,cherry tomatoes,abstract,quote_exact;substring
doi:10.3390/foods14183190,10.3390/foods14183190,package_vol_mass,,,,not_stated,not_stated,,not stated,
doi:10.3390/foods14183190,10.3390/foods14183190,quality_outcomes,"weight loss, firmness, TSS (soluble solids), lycopene, vitamin C, MDA",,"weight loss, firmness, TSS (soluble solids), lycopene, vitamin C, MDA",full_text_verified,grounded_verbatim,"minimizing weight/firmness loss, preserving nutrients (vitamin C, lycopene)",abstract,quote_exact;token_prefix
doi:10.3390/foods14183190,10.3390/foods14183190,mechanical_props,,,"tensile strength, elongation at break",unverifiable,ungrounded_blanked,tensile strength (TS) increasing from 4.81 ± 0.81 MPa to 11.39 ± 0.29 MPa and elongation at break (EAB) rising from 19.22 ± 3.83% to 40.89 ± 11.57%,results,quote_exact;no_parsable_quantity
doi:10.3390/foods14183190,10.3390/foods14183190,barrier_props,,,water-vapour permeability,unverifiable,ungrounded_blanked,21.43% reduction in WVP for the CMTG film relative to the native TG matrix,results,quote_exact;no_parsable_quantity
doi:10.3390/foods14183190,10.3390/foods14183190,antimicrobial_outcomes,inhibition zones against Escherichia coli and Staphylococcus aureus,,inhibition zones against Escherichia coli and Staphylococcus aureus,full_text_verified,grounded_verbatim,"the inhibition zones of the coating with Pickering emulsion were 10.67 mm larger and 6.67 mm larger than those without Pickering emulsion, respectively, against Escherichia coli and Staphylococcus aureus",abstract,quote_exact;token_overlap:8/8
doi:10.3390/foods14183190,10.3390/foods14183190,limitations,Lab-only conditions without supply chain simulations.,,Lab-only conditions without supply chain simulations.,full_text_verified,inference_from_quote,"However, it should be noted that this study was conducted under controlled laboratory conditions and did not include actual supply chain simulations (such as temperature fluctuations, transportation and handling).",conclusion,quote_exact;no_new_numbers
doi:10.3390/foods14183190,10.3390/foods14183190,scaleup_relevance,not_assessable,,not_assessable,full_text_verified,inference_from_quote,additional validation is required to assess its commercial feasibility.,conclusion,quote_exact;no_new_numbers
doi:10.3390/foods14183190,10.3390/foods14183190,concept_relevance,adjacent_mechanism,,adjacent_mechanism,full_text_verified,inference_from_quote,"These comprehensive effects confirm that the BEO-stabilized Pickering emulsion coating represents a promising technology for postharvest management, capable of extending fruit shelf life while preserving nutritional quality.",abstract,quote_exact;no_new_numbers
doi:10.3390/foods13223706,10.3390/foods13223706,reference,"Andreas Romulo et al. (2024). Enhancing Antimicrobial Activity of Thyme Essential Oil Through Cellulose Nano Crystals-Stabilized Pickering Emulsions. Foods, 13, 3706.",,,metadata_only,grounded_verbatim,,api,
doi:10.3390/foods13223706,10.3390/foods13223706,doi,10.3390/foods13223706,,,metadata_only,grounded_verbatim,,api,
doi:10.3390/foods13223706,10.3390/foods13223706,pub_type,original_research,,,metadata_only,grounded_verbatim,,api,
doi:10.3390/foods13223706,10.3390/foods13223706,substrate_polymer,sodium alginate,,sodium alginate,full_text_verified,grounded_verbatim,A 1% solution of Na-alginate was prepared by dissolving the powder into distilled water,methods,quote_exact;substring
doi:10.3390/foods13223706,10.3390/foods13223706,mcp_carrier,,,,not_stated,not_stated,,,
doi:10.3390/foods13223706,10.3390/foods13223706,antimicrobial,thyme essential oil (TEO),,thyme essential oil (TEO),full_text_verified,grounded_verbatim,"Essential oils (EOs), such as thyme essential oil (TEO), are widely known for their antimicrobial properties;",abstract,quote_exact;substring
doi:10.3390/foods13223706,10.3390/foods13223706,prep_method,solution_casting,,solution_casting,full_text_verified,grounded_controlled,the PE–TEO solution was cast on silicon plates and dried at 35 °C for 24 h.,methods,quote_exact;enum_clamped
doi:10.3390/foods13223706,10.3390/foods13223706,manufacturing_temp_c,35,°C,35,full_text_verified,grounded_numeric,dried at 35 °C for 24 h,methods,quote_exact;number_found;context_reject;number_found;unit_match;context_ok
doi:10.3390/foods13223706,10.3390/foods13223706,trigger_mechanism,,,,not_stated,not_stated,,,
doi:10.3390/foods13223706,10.3390/foods13223706,rh_conditions_pct,,,,not_stated,not_stated,,,
doi:10.3390/foods13223706,10.3390/foods13223706,storage_temp_c,,,,not_stated,not_stated,,,
doi:10.3390/foods13223706,10.3390/foods13223706,mcp_loading,,,,not_stated,not_stated,,,
doi:10.3390/foods13223706,10.3390/foods13223706,release_method,,,,not_stated,not_stated,,,
doi:10.3390/foods13223706,10.3390/foods13223706,release_duration,,,,not_stated,not_stated,,,
doi:10.3390/foods13223706,10.3390/foods13223706,kinetic_model,,,,not_stated,not_stated,,,
doi:10.3390/foods13223706,10.3390/foods13223706,release_result,,,,not_stated,not_stated,,,
doi:10.3390/foods13223706,10.3390/foods13223706,produce_tested,,,,not_stated,not_stated,,not stated,
doi:10.3390/foods13223706,10.3390/foods13223706,package_vol_mass,,,,not_stated,not_stated,,not stated,
doi:10.3390/foods13223706,10.3390/foods13223706,quality_outcomes,,,,not_stated,not_stated,,not stated,
doi:10.3390/foods13223706,10.3390/foods13223706,mechanical_props,,,,not_stated,not_stated,,not stated,
doi:10.3390/foods13223706,10.3390/foods13223706,barrier_props,,,,not_stated,not_stated,,not stated,
doi:10.3390/foods13223706,10.3390/foods13223706,antimicrobial_outcomes,MIC50 of 4096 µg/mL against Staphylococcus aureus and Escherichia coli; MIC50 > 8192 µg/mL for 5% TEO,,MIC50 of 4096 µg/mL against Staphylococcus aureus and Escherichia coli; MIC50 > 8192 µg/mL for 5% TEO,full_text_verified,grounded_verbatim,"MIC<sub>50</sub> values of 4096 µg/mL against <i>Staphylococcus aureus</i> and <i>Escherichia coli</i>, while the 5% TEO formulation had no effect at MIC<sub>50</sub> > 8192 µg/mL.",abstract,quote_exact;token_overlap:12/14
doi:10.3390/foods13223706,10.3390/foods13223706,limitations,Formulation requires further optimization and broader application testing,,Formulation requires further optimization and broader application testing,full_text_verified,inference_from_quote,Further research is recommended to optimize the formulation and broaden TEO’s application in food preservation.,abstract,quote_exact;no_new_numbers
doi:10.3390/foods13223706,10.3390/foods13223706,scaleup_relevance,low,,low,full_text_verified,inference_from_quote,"For making the film, the PE–TEO solution was cast on silicon plates and dried at 35 °C for 24 h.",methods,quote_exact;no_new_numbers
doi:10.3390/foods13223706,10.3390/foods13223706,concept_relevance,adjacent_material,,adjacent_material,full_text_verified,inference_from_quote,This study aims to improve the stability and antimicrobial efficacy of TEO by encapsulating it in Pickering emulsions stabilized with cellulose nanocrystals (CNC).,abstract,quote_exact;no_new_numbers
doi:10.4028/www.scientific.net/amm.731.369,10.4028/www.scientific.net/amm.731.369,reference,"Peng Liu et al. (2015). Research on SO&lt;sub&gt;2&lt;/sub&gt; Controlled Release Packaging on the Preservation Performance of ‘Kyoho’ Grapes. Applied Mechanics and Materials, 731, 369-373.",,,metadata_only,grounded_verbatim,,api,
doi:10.4028/www.scientific.net/amm.731.369,10.4028/www.scientific.net/amm.731.369,doi,10.4028/www.scientific.net/amm.731.369,,,metadata_only,grounded_verbatim,,api,
doi:10.4028/www.scientific.net/amm.731.369,10.4028/www.scientific.net/amm.731.369,pub_type,conference_paper,,,metadata_only,grounded_verbatim,,api,
doi:10.4028/www.scientific.net/amm.731.369,10.4028/www.scientific.net/amm.731.369,substrate_polymer,,,,not_stated,not_stated,,,
doi:10.4028/www.scientific.net/amm.731.369,10.4028/www.scientific.net/amm.731.369,mcp_carrier,,,,not_stated,not_stated,,,
doi:10.4028/www.scientific.net/amm.731.369,10.4028/www.scientific.net/amm.731.369,antimicrobial,,,,not_stated,not_stated,,,
doi:10.4028/www.scientific.net/amm.731.369,10.4028/www.scientific.net/amm.731.369,prep_method,,,,not_stated,not_stated,,,
doi:10.4028/www.scientific.net/amm.731.369,10.4028/www.scientific.net/amm.731.369,manufacturing_temp_c,,,,not_stated,not_stated,,,
doi:10.4028/www.scientific.net/amm.731.369,10.4028/www.scientific.net/amm.731.369,trigger_mechanism,,,,not_stated,not_stated,,,
doi:10.4028/www.scientific.net/amm.731.369,10.4028/www.scientific.net/amm.731.369,rh_conditions_pct,,,,not_stated,not_stated,,,
doi:10.4028/www.scientific.net/amm.731.369,10.4028/www.scientific.net/amm.731.369,storage_temp_c,23±1,°C,23±1,full_text_verified,grounded_numeric,room temperature (23±1°C),abstract,quote_exact;number_found;context_ok
doi:10.4028/www.scientific.net/amm.731.369,10.4028/www.scientific.net/amm.731.369,mcp_loading,,,,not_stated,not_stated,,,
doi:10.4028/www.scientific.net/amm.731.369,10.4028/www.scientific.net/amm.731.369,release_method,,,,not_stated,not_stated,,,
doi:10.4028/www.scientific.net/amm.731.369,10.4028/www.scientific.net/amm.731.369,release_duration,,,,not_stated,not_stated,,,
doi:10.4028/www.scientific.net/amm.731.369,10.4028/www.scientific.net/amm.731.369,kinetic_model,,,,not_stated,not_stated,,,
doi:10.4028/www.scientific.net/amm.731.369,10.4028/www.scientific.net/amm.731.369,release_result,,,,not_stated,not_stated,,,
doi:10.4028/www.scientific.net/amm.731.369,10.4028/www.scientific.net/amm.731.369,produce_tested,Kyoho grapes,,Kyoho grapes,full_text_verified,grounded_verbatim,Kyoho grapes,abstract,quote_exact;substring
doi:10.4028/www.scientific.net/amm.731.369,10.4028/www.scientific.net/amm.731.369,package_vol_mass,,,,not_stated,not_stated,,,
doi:10.4028/www.scientific.net/amm.731.369,10.4028/www.scientific.net/amm.731.369,quality_outcomes,"appearance quality, water loss, stem browning, solidity, TSS and TA, rot rate, stem browning index",,"appearance quality, water loss, stem browning, solidity, TSS and TA, rot rate, stem browning index",full_text_verified,grounded_verbatim,"appearance quality, water loss, stem browning, solidity, TSS and TA were tested and analyzed every two days.",abstract,quote_exact;token_prefix
doi:10.4028/www.scientific.net/amm.731.369,10.4028/www.scientific.net/amm.731.369,mechanical_props,,,,not_stated,not_stated,,,
doi:10.4028/www.scientific.net/amm.731.369,10.4028/www.scientific.net/amm.731.369,barrier_props,,,,not_stated,not_stated,,,
doi:10.4028/www.scientific.net/amm.731.369,10.4028/www.scientific.net/amm.731.369,antimicrobial_outcomes,,,,not_stated,not_stated,,,
doi:10.4028/www.scientific.net/amm.731.369,10.4028/www.scientific.net/amm.731.369,limitations,,,,not_stated,not_stated,,not stated,
doi:10.4028/www.scientific.net/amm.731.369,10.4028/www.scientific.net/amm.731.369,scaleup_relevance,,,not_assessable,unverifiable,ungrounded_blanked,,not stated,quote_not_locatable
doi:10.4028/www.scientific.net/amm.731.369,10.4028/www.scientific.net/amm.731.369,concept_relevance,core,,core,full_text_verified,inference_from_quote,A with 1-MCP packaging (A-1-MCP bag),abstract,quote_exact;no_new_numbers
doi:10.3390/foods15030484,10.3390/foods15030484,reference,"Liufeng Wang et al. (2026). Chitosan-Based Composite Films Reinforced with Zein–Inulin–Thyme Essential Oil Pickering Emulsion for Enhanced Structural Integrity and Preservation Capacity. Foods, 15, 484.",,,metadata_only,grounded_verbatim,,api,
doi:10.3390/foods15030484,10.3390/foods15030484,doi,10.3390/foods15030484,,,metadata_only,grounded_verbatim,,api,
doi:10.3390/foods15030484,10.3390/foods15030484,pub_type,original_research,,,metadata_only,grounded_verbatim,,api,
doi:10.3390/foods15030484,10.3390/foods15030484,substrate_polymer,chitosan,,chitosan,full_text_verified,grounded_verbatim,chitosan,abstract,quote_exact;substring
doi:10.3390/foods15030484,10.3390/foods15030484,mcp_carrier,,,,not_stated,not_stated,,,
doi:10.3390/foods15030484,10.3390/foods15030484,antimicrobial,thyme essential oil,,thyme essential oil,full_text_verified,grounded_verbatim,thyme essential oil (TEO),abstract,quote_exact;substring
doi:10.3390/foods15030484,10.3390/foods15030484,prep_method,solution_casting,,solution_casting,full_text_verified,grounded_controlled,cast into culture dishes,methods,quote_exact;enum_clamped
doi:10.3390/foods15030484,10.3390/foods15030484,manufacturing_temp_c,35,°C,35,full_text_verified,grounded_numeric,35 °C,methods,quote_exact;number_found;unit_match;context_ok
doi:10.3390/foods15030484,10.3390/foods15030484,trigger_mechanism,,,,not_stated,not_stated,,,
doi:10.3390/foods15030484,10.3390/foods15030484,rh_conditions_pct,,,,not_stated,not_stated,,,
doi:10.3390/foods15030484,10.3390/foods15030484,storage_temp_c,,,,not_stated,not_stated,,,
doi:10.3390/foods15030484,10.3390/foods15030484,mcp_loading,,,,not_stated,not_stated,,,
doi:10.3390/foods15030484,10.3390/foods15030484,release_method,,,,not_stated,not_stated,,,
doi:10.3390/foods15030484,10.3390/foods15030484,release_duration,,,,not_stated,not_stated,,,
doi:10.3390/foods15030484,10.3390/foods15030484,kinetic_model,,,none_reported,unverifiable,ungrounded_blanked,,,quote_not_locatable
doi:10.3390/foods15030484,10.3390/foods15030484,release_result,,,,not_stated,not_stated,,,
doi:10.3390/foods15030484,10.3390/foods15030484,produce_tested,blueberries,,blueberries,full_text_verified,grounded_verbatim,"Fresh blueberries were obtained from Zhanjiang, China.",methods,quote_exact;substring
doi:10.3390/foods15030484,10.3390/foods15030484,package_vol_mass,,,,not_stated,not_stated,,,
doi:10.3390/foods15030484,10.3390/foods15030484,quality_outcomes,"weight loss, firmness decline, pH increase, total soluble solids content, reducing sugar content, appearance/decay",,"weight loss, firmness decline, pH increase, total soluble solids content, reducing sugar content, appearance/decay",full_text_verified,grounded_verbatim,"these films effectively reduced weight loss, minimized firmness decline, suppressed pH increase, and inhibited microbial growth, thereby delaying blueberry spoilage.",abstract,quote_exact;token_overlap:12/13
doi:10.3390/foods15030484,10.3390/foods15030484,mechanical_props,,,"tensile strength (TS), elongation at break (EB), thickness",unverifiable,ungrounded_blanked,The tensile strength (TS) and elongation at break (EB) were determined to characterize the mechanical properties of the prepared films.,results,quote_exact;no_parsable_quantity
doi:10.3390/foods15030484,10.3390/foods15030484,barrier_props,,,"UV light blocking, water vapor permeability (WVP)",unverifiable,ungrounded_blanked,blocked up to 82.22% of UV light in the UVA region (320-400 nm),abstract,quote_exact;no_parsable_quantity
doi:10.3390/foods15030484,10.3390/foods15030484,antimicrobial_outcomes,"inhibition zone diameter, total plate count (TPC), yeasts and molds (Y&M) counts",,"inhibition zone diameter, total plate count (TPC), yeasts and molds (Y&M) counts",full_text_verified,grounded_verbatim,the antibacterial activity was quantified based on the observed inhibition zone diameter.,methods,quote_exact;token_prefix
doi:10.3390/foods15030484,10.3390/foods15030484,limitations,biosafety and migration behavior not evaluated; practical applicability requires further study,,biosafety and migration behavior not evaluated; practical applicability requires further study,full_text_verified,inference_from_quote,"Nevertheless, further studies are necessary to assess the cytotoxicity, sensitization, and migration behavior of the film to fully evaluate its biosafety.",conclusion,quote_exact;no_new_numbers
doi:10.3390/foods15030484,10.3390/foods15030484,scaleup_relevance,low,,low,full_text_verified,inference_from_quote,–VIII) were cast into culture dishes and dried in an oven at 35 °C for 24 h. The dried films were then peeled off and stored for further use. ## 2.5. Characterization of Prepared Films ## 2,methods,quote_repaired;no_new_numbers
doi:10.3390/foods15030484,10.3390/foods15030484,concept_relevance,low,,low,full_text_verified,inference_from_quote,This study highlights the potential of chitosan-based Pickering emulsion active films for food packaging applications.,abstract,quote_exact;no_new_numbers
doi:10.1038/s41598-025-34848-w,10.1038/s41598-025-34848-w,reference,"Niloofar Shirdam et al. (2026). Synthesis, characterization, and evaluation of antimicrobial double-layer mat incorporating nisin and thyme essential oil to enhance food safety. Scientific Reports, 16, 10265.",,,metadata_only,grounded_verbatim,,api,
doi:10.1038/s41598-025-34848-w,10.1038/s41598-025-34848-w,doi,10.1038/s41598-025-34848-w,,,metadata_only,grounded_verbatim,,api,
doi:10.1038/s41598-025-34848-w,10.1038/s41598-025-34848-w,pub_type,original_research,,,metadata_only,grounded_verbatim,,api,
doi:10.1038/s41598-025-34848-w,10.1038/s41598-025-34848-w,substrate_polymer,"chitosan, poly (vinyl alcohol), cellulose acetate",,"chitosan, poly (vinyl alcohol), cellulose acetate",full_text_verified,grounded_verbatim,"The inner layer comprises chitosan/poly (vinyl alcohol) loaded with nisin and Shirazi thyme essential oil (CS/PVA/N/EO), while the outer layer is cellulose acetate containing thyme essential oil (CA/EO).",abstract,quote_exact;substring
doi:10.1038/s41598-025-34848-w,10.1038/s41598-025-34848-w,mcp_carrier,,,,not_stated,not_stated,,,
doi:10.1038/s41598-025-34848-w,10.1038/s41598-025-34848-w,antimicrobial,"nisin, thyme essential oil",,"nisin, thyme essential oil",full_text_verified,grounded_verbatim,loaded with nisin and Shirazi thyme essential oil,abstract,quote_exact;token_overlap:4/4
doi:10.1038/s41598-025-34848-w,10.1038/s41598-025-34848-w,prep_method,electrospinning,,electrospinning,full_text_verified,grounded_controlled,"Solutions were electrospun and characterized by SEM, FTIR, TGA, contact angle, and tensile testing;",abstract,quote_exact;enum_clamped
doi:10.1038/s41598-025-34848-w,10.1038/s41598-025-34848-w,manufacturing_temp_c,90,°C,90,full_text_verified,grounded_numeric,poly (vinyl alcohol) (11% w/v) was dissolved in deionized water under magnetic stirring at 90 °C for 1 h.,methods,quote_exact;number_found;unit_match;context_ok
doi:10.1038/s41598-025-34848-w,10.1038/s41598-025-34848-w,trigger_mechanism,,,,not_stated,not_stated,,,
doi:10.1038/s41598-025-34848-w,10.1038/s41598-025-34848-w,rh_conditions_pct,,,,not_stated,not_stated,,not stated,
doi:10.1038/s41598-025-34848-w,10.1038/s41598-025-34848-w,storage_temp_c,,,,not_stated,not_stated,,not stated,
doi:10.1038/s41598-025-34848-w,10.1038/s41598-025-34848-w,mcp_loading,,,,not_stated,not_stated,,not stated,
doi:10.1038/s41598-025-34848-w,10.1038/s41598-025-34848-w,release_method,,,,not_stated,not_stated,,not stated,
doi:10.1038/s41598-025-34848-w,10.1038/s41598-025-34848-w,release_duration,,,,not_stated,not_stated,,not stated,
doi:10.1038/s41598-025-34848-w,10.1038/s41598-025-34848-w,kinetic_model,,,none_reported,unverifiable,ungrounded_blanked,,not stated,quote_not_locatable
doi:10.1038/s41598-025-34848-w,10.1038/s41598-025-34848-w,release_result,,,,not_stated,not_stated,,not stated,
doi:10.1038/s41598-025-34848-w,10.1038/s41598-025-34848-w,produce_tested,,,,not_stated,not_stated,,,
doi:10.1038/s41598-025-34848-w,10.1038/s41598-025-34848-w,package_vol_mass,,,,not_stated,not_stated,,,
doi:10.1038/s41598-025-34848-w,10.1038/s41598-025-34848-w,quality_outcomes,,,,not_stated,not_stated,,,
doi:10.1038/s41598-025-34848-w,10.1038/s41598-025-34848-w,mechanical_props,elongation at break of 21.66 ± 0.62%,%,elongation at break of 21.66 ± 0.62%,full_text_verified,grounded_numeric,with an elongation at break of 21.66 ± 0.62%. Antimicrobial tests confirmed inhibitory activity against both Lister,abstract,quote_repaired;number_found;context_ok
doi:10.1038/s41598-025-34848-w,10.1038/s41598-025-34848-w,barrier_props,,,,not_stated,not_stated,,,
doi:10.1038/s41598-025-34848-w,10.1038/s41598-025-34848-w,antimicrobial_outcomes,inhibition zones reaching 27.26 ± 1.60 mm for L. monocytogenes and 25.13 ± 1.40 mm for E. coli; reduced L. monocytogenes by 2 logs,,inhibition zones reaching 27.26 ± 1.60 mm for L. monocytogenes and 25.13 ± 1.40 mm for E. coli; reduced L. monocytogenes by 2 logs,full_text_verified,grounded_verbatim,"± 0.62%. Antimicrobial tests confirmed inhibitory activity against both Listeria monocytogenes (L. monocytogenes) and Escherichia coli (E. coli), with inhibition zones reaching 27.26 ± 1.60 mm for L. monocytogenes and 25.13 ± 1.40 mm for E. coli. In the dynamic assay, a 5 × 5 cm, 0.36 mm pad reduced L. monocytogenes",abstract,quote_repaired;token_prefix
doi:10.1038/s41598-025-34848-w,10.1038/s41598-025-34848-w,limitations,"Evaluated only in broth-based model systems with two reference strains, lacking testing in real food matrices, variable storage conditions, migration behavior, release kinetics, sensory impacts, barrier properties, and techno-economic assessments.",,"Evaluated only in broth-based model systems with two reference strains, lacking testing in real food matrices, variable storage conditions, migration behavior, release kinetics, sensory impacts, barrier properties, and techno-economic assessments.",full_text_verified,inference_from_quote,"Antimicrobial performance was evaluated in broth-based model systems using two reference strains, without testing in real food matrices or under variable storage conditions. In addition, migration behavior and release kinetics of nisin and essential oil, sensory impacts, barrier properties, and techno-economic aspects were not assessed.",conclusion,quote_exact;no_new_numbers
doi:10.1038/s41598-025-34848-w,10.1038/s41598-025-34848-w,scaleup_relevance,high,,high,full_text_verified,inference_from_quote,"From an industrial perspective, the double-layer mat aligns with scalable electrospinning routes (multi-nozzle and free-surface systems demonstrated at pilot scale) and can be integrated as drop-in liners or coated inserts on existing PET/PE or paperboard lines, which is typically more cost-effective than full structure replacement.",discussion,quote_exact;no_new_numbers
doi:10.1038/s41598-025-34848-w,10.1038/s41598-025-34848-w,concept_relevance,adjacent_mechanism,,adjacent_mechanism,full_text_verified,inference_from_quote,This novel double-layer design with asymmetric wettability was intended to promote directional and sustained release of bioactive compounds.,introduction,quote_exact;no_new_numbers
doi:10.1038/s41467-025-66554-6,10.1038/s41467-025-66554-6,reference,"Xiuxiu Teng et al. (2025). 4D printed deformation labels with machine learning for monitoring and preservation of respiring climacteric fruits. Nature Communications, 16, 11525.",,,metadata_only,grounded_verbatim,,api,
doi:10.1038/s41467-025-66554-6,10.1038/s41467-025-66554-6,doi,10.1038/s41467-025-66554-6,,,metadata_only,grounded_verbatim,,api,
doi:10.1038/s41467-025-66554-6,10.1038/s41467-025-66554-6,pub_type,original_research,,,metadata_only,grounded_verbatim,,api,
doi:10.1038/s41467-025-66554-6,10.1038/s41467-025-66554-6,substrate_polymer,konjac glucomannan grafted with methacrylic anhydride,,konjac glucomannan grafted with methacrylic anhydride,full_text_verified,grounded_verbatim,MAKGM is konjac glucomannan grafted with methacrylic anhydride.,methods,quote_exact;substring
doi:10.1038/s41467-025-66554-6,10.1038/s41467-025-66554-6,mcp_carrier,,,,not_stated,not_stated,,,
doi:10.1038/s41467-025-66554-6,10.1038/s41467-025-66554-6,antimicrobial,garlic essential oil,,garlic essential oil,full_text_verified,grounded_verbatim,garlic essential oil (GEO),methods,quote_exact;substring
doi:10.1038/s41467-025-66554-6,10.1038/s41467-025-66554-6,prep_method,printing,,printing,full_text_verified,grounded_controlled,"A dual nozzle printer (FoodBot D, Shiyin Technology Co., Ltd., Hangzhou, China) was used as the printing tool",methods,quote_exact;enum_clamped
doi:10.1038/s41467-025-66554-6,10.1038/s41467-025-66554-6,manufacturing_temp_c,25,°C,25,full_text_verified,grounded_numeric,"d for one sample in a replicated experiment. During the testing phase, labels were randomly removed fr",methods,quote_repaired;number_found;context_reject;number_found;unit_match;context_reject;number_found;unit_match;context_reject;number_found;context_reject;number_found;unit_match;context_reject;number_found;unit_match;context_reject;number_found;unit_match;context_reject;number_found;unit_match;context_reject;number_found;unit_match;context_reject;number_found;unit_match;context_reject;number_found;unit_match;context_ok
doi:10.1038/s41467-025-66554-6,10.1038/s41467-025-66554-6,trigger_mechanism,mechanical,,mechanical,full_text_verified,grounded_controlled,deformation along with microstructure destruction positively impacted the controlled release of essential oils through a non-Fickian mechanism,abstract,quote_exact;enum_clamped
doi:10.1038/s41467-025-66554-6,10.1038/s41467-025-66554-6,rh_conditions_pct,93,%,93,full_text_verified,grounded_numeric,93% relative humidity,caption,quote_exact;number_found;unit_match;context_ok
doi:10.1038/s41467-025-66554-6,10.1038/s41467-025-66554-6,storage_temp_c,25,°C,25,full_text_verified,grounded_numeric,25 °C,caption,quote_exact;number_found;context_reject;number_found;unit_match;context_reject;number_found;unit_match;context_reject;number_found;context_reject;number_found;unit_match;context_reject;number_found;unit_match;context_reject;number_found;unit_match;context_reject;number_found;unit_match;context_ok
doi:10.1038/s41467-025-66554-6,10.1038/s41467-025-66554-6,mcp_loading,,,,not_stated,not_stated,,,
doi:10.1038/s41467-025-66554-6,10.1038/s41467-025-66554-6,release_method,other,,other,full_text_verified,grounded_controlled,"ultraviolet-visible spectrophotometer (UV-1800, Shimadzu, Kyoto, Japan)",methods,quote_exact;enum_clamped
doi:10.1038/s41467-025-66554-6,10.1038/s41467-025-66554-6,release_duration,10,days,10,full_text_verified,grounded_numeric,"days 0-1, 1-8, and 8-10",results,quote_exact;number_found;context_reject;number_found;number_found;number_found;number_found;number_found;number_found;number_found;number_found;number_found;number_found;number_found;number_found;number_found;number_found;context_ok
doi:10.1038/s41467-025-66554-6,10.1038/s41467-025-66554-6,kinetic_model,korsmeyer_peppas,,korsmeyer_peppas,full_text_verified,grounded_controlled,Ritger-Peppas model,results,quote_exact;enum_clamped
doi:10.1038/s41467-025-66554-6,10.1038/s41467-025-66554-6,release_result,cumulative release of 1 upper layer-30%-60° labels was 42.32% higher than that of 4-upper layer-30%-90° labels on 10 th day,,cumulative release of 1 upper layer-30%-60° labels was 42.32% higher than that of 4-upper layer-30%-90° labels on 10 th day,full_text_verified,grounded_verbatim,cumulative release of 1 upper layer-30%-60° labels was 42.32% higher than that of 4-upper layer-30%-90° labels on 10 th day,results,quote_exact;substring
doi:10.1038/s41467-025-66554-6,10.1038/s41467-025-66554-6,produce_tested,"kiwi fruits, green mangoes, and persimmons",,"kiwi fruits, green mangoes, and persimmons",full_text_verified,grounded_verbatim,"In this study, kiwi fruits, green mangoes, and persimmons were selected as typical respiring climacteric fruits for testing.",Introduction,quote_exact;substring
doi:10.1038/s41467-025-66554-6,10.1038/s41467-025-66554-6,package_vol_mass,,,181 × 107 × 75 mm; 1 kg,unverifiable,ungrounded_blanked,,Methods,quote_not_locatable
doi:10.1038/s41467-025-66554-6,10.1038/s41467-025-66554-6,quality_outcomes,"hardness, titratable acid content, soluble solid content, weight loss rate, sensory evaluation",,"hardness, titratable acid content, soluble solid content, weight loss rate, sensory evaluation",full_text_verified,grounded_verbatim,"measurements of hardness, titratable acid content, soluble solid content, weight loss rate, and sensory evaluation.",Methods,quote_exact;token_prefix
doi:10.1038/s41467-025-66554-6,10.1038/s41467-025-66554-6,mechanical_props,,,,not_stated,not_stated,,,
doi:10.1038/s41467-025-66554-6,10.1038/s41467-025-66554-6,barrier_props,,,,not_stated,not_stated,,,
doi:10.1038/s41467-025-66554-6,10.1038/s41467-025-66554-6,antimicrobial_outcomes,total bacterial count,,total bacterial count,full_text_verified,grounded_verbatim,"the total bacterial count of the three selected fruits was ranked from low to high as 4D printed labels, 3D printed labels, cast labels, and the control group.",Results,quote_exact;substring
doi:10.1038/s41467-025-66554-6,10.1038/s41467-025-66554-6,limitations,Requires dedicated packaging space and is restricted to climacteric fruits,,Requires dedicated packaging space and is restricted to climacteric fruits,full_text_verified,inference_from_quote,"ge, which changes the pH value and relative humidity inside the food package. Based on this, 4D printed labels developed in this study may be suitable for monitoring their freshness and preservation. In addition, 4D printing technology is also used to develop other types of labels with multi-source information detection, such",discussion,quote_repaired;no_new_numbers
doi:10.1038/s41467-025-66554-6,10.1038/s41467-025-66554-6,scaleup_relevance,low,,low,full_text_verified,inference_from_quote,"While 4D printing technology has developed automated production pathways for smart labels, there is currently no integrated device capable of producing printed labels. This limitation poses challenges for achieving large-scale production.",discussion,quote_exact;no_new_numbers
doi:10.1038/s41467-025-66554-6,10.1038/s41467-025-66554-6,concept_relevance,core,,core,full_text_verified,inference_from_quote,The functional requirements for 4D printed labels in this study are a visible colorimetric response to fruit-emitted carbon dioxide and a shape/microstructure morphing response to humidity.,introduction,quote_exact;no_new_numbers
doi:10.3390/molecules30173478,10.3390/molecules30173478,reference,"Yiping Liu et al. (2025). Application of a Pickering Emulsion Stabilized by Zein and Cellulose Nanocrystalline Composite Particles to Preserve Kiwifruit. Molecules, 30, 3478.",,,metadata_only,grounded_verbatim,,api,
doi:10.3390/molecules30173478,10.3390/molecules30173478,doi,10.3390/molecules30173478,,,metadata_only,grounded_verbatim,,api,
doi:10.3390/molecules30173478,10.3390/molecules30173478,pub_type,original_research,,,metadata_only,grounded_verbatim,,api,
doi:10.3390/molecules30173478,10.3390/molecules30173478,substrate_polymer,zein colloidal particles (ZCPs) and cellulose nanocrystals (CNCs),,zein colloidal particles (ZCPs) and cellulose nanocrystals (CNCs),full_text_verified,grounded_verbatim,composite material comprising zein colloidal particles (ZCPs) and cellulose nanocrystals (CNCs),abstract,quote_exact;substring
doi:10.3390/molecules30173478,10.3390/molecules30173478,mcp_carrier,,,,not_stated,not_stated,,,
doi:10.3390/molecules30173478,10.3390/molecules30173478,antimicrobial,carvacrol,,carvacrol,full_text_verified,grounded_verbatim,loading carvacrol (CAR),abstract,quote_exact;substring
doi:10.3390/molecules30173478,10.3390/molecules30173478,prep_method,other,,other,full_text_verified,grounded_controlled,"emulsified for 5 min at 15,000 rpm using a digital homogenizer",methods,quote_exact;enum_clamped
doi:10.3390/molecules30173478,10.3390/molecules30173478,manufacturing_temp_c,,,45,unverifiable,ungrounded_blanked,rotary evaporation at 45 °C,methods,quote_exact;number_found;unit_match;context_reject
doi:10.3390/molecules30173478,10.3390/molecules30173478,trigger_mechanism,,,,not_stated,not_stated,,,
doi:10.3390/molecules30173478,10.3390/molecules30173478,rh_conditions_pct,,,,not_stated,not_stated,,,
doi:10.3390/molecules30173478,10.3390/molecules30173478,storage_temp_c,,,,not_stated,not_stated,,,
doi:10.3390/molecules30173478,10.3390/molecules30173478,mcp_loading,,,,not_stated,not_stated,,,
doi:10.3390/molecules30173478,10.3390/molecules30173478,release_method,,,,not_stated,not_stated,,,
doi:10.3390/molecules30173478,10.3390/molecules30173478,release_duration,,,,not_stated,not_stated,,,
doi:10.3390/molecules30173478,10.3390/molecules30173478,kinetic_model,,,,not_stated,not_stated,,,
doi:10.3390/molecules30173478,10.3390/molecules30173478,release_result,,,,not_stated,not_stated,,,
doi:10.3390/molecules30173478,10.3390/molecules30173478,produce_tested,kiwifruit,,kiwifruit,full_text_verified,grounded_verbatim,Kiwifruit preservation experiments confirmed that CAR@ZCPE significantly reduced the degree of kiwifruit decay,abstract,quote_exact;substring
doi:10.3390/molecules30173478,10.3390/molecules30173478,package_vol_mass,,,,not_stated,not_stated,,,
doi:10.3390/molecules30173478,10.3390/molecules30173478,quality_outcomes,decay,,decay,full_text_verified,grounded_verbatim,CAR@ZCPE significantly reduced the degree of kiwifruit decay,abstract,quote_exact;substring
doi:10.3390/molecules30173478,10.3390/molecules30173478,mechanical_props,,,,not_stated,not_stated,,,
doi:10.3390/molecules30173478,10.3390/molecules30173478,barrier_props,,,,not_stated,not_stated,,,
doi:10.3390/molecules30173478,10.3390/molecules30173478,antimicrobial_outcomes,inhibition rate against Botryosphaeria dothidea,,inhibition rate against Botryosphaeria dothidea,full_text_verified,grounded_verbatim,"CAR@ZCPE exhibited inhibitory activity against Botryosphaeria dothidea , with an inhibition rate of 63.60% at a concentration of 50 mg/L.",abstract,quote_exact;token_overlap:5/5
doi:10.3390/molecules30173478,10.3390/molecules30173478,limitations,,,,not_stated,not_stated,,,
doi:10.3390/molecules30173478,10.3390/molecules30173478,scaleup_relevance,,,not_assessable,unverifiable,ungrounded_blanked,,,quote_not_locatable
doi:10.3390/molecules30173478,10.3390/molecules30173478,concept_relevance,adjacent_material,,adjacent_material,full_text_verified,inference_from_quote,This study involved developing a Pickering emulsion system based on a composite material comprising zein colloidal particles (ZCPs) and cellulose nanocrystals (CNCs) with the aim of exploring its potential application in fruit preservation by loading carvacrol (CAR).,abstract,quote_exact;no_new_numbers
doi:10.3390/polym17040473,10.3390/polym17040473,reference,"Mariangela de Fátima Silva et al. (2025). Chitosan-Lemongrass Essential Oil on Paperboard for Active Food Packaging Applications. Polymers, 17, 473.",,,metadata_only,grounded_verbatim,,api,
doi:10.3390/polym17040473,10.3390/polym17040473,doi,10.3390/polym17040473,,,metadata_only,grounded_verbatim,,api,
doi:10.3390/polym17040473,10.3390/polym17040473,pub_type,original_research,,,metadata_only,grounded_verbatim,,api,
doi:10.3390/polym17040473,10.3390/polym17040473,substrate_polymer,paperboard,,paperboard,full_text_verified,grounded_verbatim,The paperboard was 210 × 297 mm with a grammage of 240 g/m 2 and thickness of 0.385 mm from Suzano Papel and Celulose SA in Brazil.,methods,quote_exact;substring
doi:10.3390/polym17040473,10.3390/polym17040473,mcp_carrier,,,,not_stated,not_stated,,,
doi:10.3390/polym17040473,10.3390/polym17040473,antimicrobial,lemongrass essential oil,,lemongrass essential oil,full_text_verified,grounded_verbatim,Lemongrass essential oil ( C. citratus ) was obtained from steam distillation leaves,methods,quote_exact;substring
doi:10.3390/polym17040473,10.3390/polym17040473,prep_method,coating,,coating,full_text_verified,grounded_controlled,An active film-forming solution of chitosan and lemongrass essential oil was applied as a coating on paperboard,abstract,quote_exact;enum_clamped
doi:10.3390/polym17040473,10.3390/polym17040473,manufacturing_temp_c,120,°C,120,full_text_verified,grounded_numeric,"The samples were dried in an air-forced circulation drying oven (Marconi MA 035/100, Piracicaba, Brazil) at 120 °C for 90 s",methods,quote_exact;number_found;unit_match;context_ok
doi:10.3390/polym17040473,10.3390/polym17040473,trigger_mechanism,,,,not_stated,not_stated,,,
doi:10.3390/polym17040473,10.3390/polym17040473,rh_conditions_pct,,,,not_stated,not_stated,,,
doi:10.3390/polym17040473,10.3390/polym17040473,storage_temp_c,,,,not_stated,not_stated,,,
doi:10.3390/polym17040473,10.3390/polym17040473,mcp_loading,,,,not_stated,not_stated,,,
doi:10.3390/polym17040473,10.3390/polym17040473,release_method,,,,not_stated,not_stated,,,
doi:10.3390/polym17040473,10.3390/polym17040473,release_duration,,,,not_stated,not_stated,,,
doi:10.3390/polym17040473,10.3390/polym17040473,kinetic_model,,,,not_stated,not_stated,,,
doi:10.3390/polym17040473,10.3390/polym17040473,release_result,,,,not_stated,not_stated,,,
doi:10.3390/polym17040473,10.3390/polym17040473,produce_tested,,,,not_stated,not_stated,,,
doi:10.3390/polym17040473,10.3390/polym17040473,package_vol_mass,,,,not_stated,not_stated,,,
doi:10.3390/polym17040473,10.3390/polym17040473,quality_outcomes,,,colour,unverifiable,ungrounded_blanked,"The color parameters L*, a*, and b* of the active film-paperboard systems were measured ( Table 2 ).",results,quote_exact;token_overlap:0/1
doi:10.3390/polym17040473,10.3390/polym17040473,mechanical_props,,,"tensile strength, elongation at break",unverifiable,ungrounded_blanked,"The tensile strength (MPa) and elongation at break (%) were calculated using the Bluehill ® software Bluehill 2 (Norwood, MA, USA) of the traction equipment.",methods,quote_exact;no_parsable_quantity
doi:10.3390/polym17040473,10.3390/polym17040473,barrier_props,,,,not_stated,not_stated,,,
doi:10.3390/polym17040473,10.3390/polym17040473,antimicrobial_outcomes,,,,not_stated,not_stated,,,
doi:10.3390/polym17040473,10.3390/polym17040473,limitations,lab-only extrapolation from medical device cytotoxicity standards using drastic extraction conditions not reflective of real packaging use,,lab-only extrapolation from medical device cytotoxicity standards using drastic extraction conditions not reflective of real packaging use,full_text_verified,inference_from_quote,"Despite the high sensitivity, the analysis method adopted was an extrapolation of “in vitro” tests of cell viability of the active material.",results,quote_exact;no_new_numbers
doi:10.3390/polym17040473,10.3390/polym17040473,scaleup_relevance,low,,low,full_text_verified,inference_from_quote,"Paperboard previously stored at 25 ± 2 °C, 50 ± 2 rh was coated with the film-forming solution using an automatic spreader (Zehntner ® , Sissach, BL, Switzerland) at a thickness of 100 µm and speed of 10 mm/s. The samples were dried in an air-forced circulation drying oven (Marconi MA 035/100, Piracicaba, Brazil) at 120 °C for 90 s, resulting in an active paper-film system.",methods,quote_exact;no_new_numbers
doi:10.3390/polym17040473,10.3390/polym17040473,concept_relevance,adjacent_material,,adjacent_material,full_text_verified,inference_from_quote,"An active film-forming solution of chitosan and lemongrass essential oil was applied as a coating on paperboard, forming an alternative and sustainable packaging material for food applications.",abstract,quote_exact;no_new_numbers
doi:10.1016/j.carbpol.2024.122696,10.1016/j.carbpol.2024.122696,reference,"Tianyu Jiang et al. (2025). Sustainable active packaging developed using starch-based foam incorporating 1-Methylcyclopropene@α-Cyclodextrin. Carbohydrate Polymers, 347, 122696.",,,metadata_only,grounded_verbatim,,api,
doi:10.1016/j.carbpol.2024.122696,10.1016/j.carbpol.2024.122696,doi,10.1016/j.carbpol.2024.122696,,,metadata_only,grounded_verbatim,,api,
doi:10.1016/j.carbpol.2024.122696,10.1016/j.carbpol.2024.122696,pub_type,original_research,,,metadata_only,grounded_verbatim,,api,
doi:10.1016/j.carbpol.2024.122696,10.1016/j.carbpol.2024.122696,substrate_polymer,starch-based foam sheets,,starch-based foam sheets,abstract_only,grounded_verbatim,starch-based foam sheets,abstract,quote_exact;substring
doi:10.1016/j.carbpol.2024.122696,10.1016/j.carbpol.2024.122696,mcp_carrier,α-Cyclodextrin,,α-Cyclodextrin,abstract_only,grounded_verbatim,α-Cyclodextrin,title,quote_exact;substring
doi:10.1016/j.carbpol.2024.122696,10.1016/j.carbpol.2024.122696,antimicrobial,1-MCP,,1-MCP,abstract_only,grounded_verbatim,1-MCP,abstract,quote_exact;substring
doi:10.1016/j.carbpol.2024.122696,10.1016/j.carbpol.2024.122696,prep_method,,,,unverifiable,unverifiable,,,
doi:10.1016/j.carbpol.2024.122696,10.1016/j.carbpol.2024.122696,manufacturing_temp_c,,,,unverifiable,unverifiable,,,
doi:10.1016/j.carbpol.2024.122696,10.1016/j.carbpol.2024.122696,trigger_mechanism,,,,unverifiable,unverifiable,,,
doi:10.1016/j.carbpol.2024.122696,10.1016/j.carbpol.2024.122696,rh_conditions_pct,,,,unverifiable,unverifiable,,,
doi:10.1016/j.carbpol.2024.122696,10.1016/j.carbpol.2024.122696,storage_temp_c,,,,unverifiable,unverifiable,,,
doi:10.1016/j.carbpol.2024.122696,10.1016/j.carbpol.2024.122696,mcp_loading,,,,unverifiable,unverifiable,,,
doi:10.1016/j.carbpol.2024.122696,10.1016/j.carbpol.2024.122696,release_method,,,,unverifiable,unverifiable,,,
doi:10.1016/j.carbpol.2024.122696,10.1016/j.carbpol.2024.122696,release_duration,,,,unverifiable,unverifiable,,,
doi:10.1016/j.carbpol.2024.122696,10.1016/j.carbpol.2024.122696,kinetic_model,,,,unverifiable,unverifiable,,,
doi:10.1016/j.carbpol.2024.122696,10.1016/j.carbpol.2024.122696,release_result,"significant reduction in ethylene production and respiration rates by up to 60.49 % and 57.50 % respectively, leading to an extension of the shelf life of climacteric fruits by 5-10 days",,"significant reduction in ethylene production and respiration rates by up to 60.49 % and 57.50 % respectively, leading to an extension of the shelf life of climacteric fruits by 5-10 days",abstract_only,grounded_verbatim,"damage to fruits during transport process. This method achieves a significant reduction in ethylene production and respiration rates by up to 60.49 % and 57.50 % respectively, leading to an extension of the shelf life of climacteric fruits by 5-10 days. The novel active packaging not only e",abstract,quote_repaired;substring
doi:10.1016/j.carbpol.2024.122696,10.1016/j.carbpol.2024.122696,produce_tested,,,,unverifiable,unverifiable,,,
doi:10.1016/j.carbpol.2024.122696,10.1016/j.carbpol.2024.122696,package_vol_mass,,,,unverifiable,unverifiable,,,
doi:10.1016/j.carbpol.2024.122696,10.1016/j.carbpol.2024.122696,quality_outcomes,"ethylene production reduction (60.49 %), respiration rate reduction (57.50 %), shelf life extension (5-10 days)",,"ethylene production reduction (60.49 %), respiration rate reduction (57.50 %), shelf life extension (5-10 days)",abstract_only,grounded_verbatim,"rocess. This method achieves a significant reduction in ethylene production and respiration rates by up to 60.49 % and 57.50 % respectively, leading to an extension of the shelf life of climacteric fruits by 5-10 days. The novel active packaging not only",abstract,quote_repaired;token_overlap:12/12
doi:10.1016/j.carbpol.2024.122696,10.1016/j.carbpol.2024.122696,mechanical_props,,,,unverifiable,unverifiable,,,
doi:10.1016/j.carbpol.2024.122696,10.1016/j.carbpol.2024.122696,barrier_props,,,,unverifiable,unverifiable,,,
doi:10.1016/j.carbpol.2024.122696,10.1016/j.carbpol.2024.122696,antimicrobial_outcomes,,,,unverifiable,unverifiable,,,
doi:10.1016/j.carbpol.2024.122696,10.1016/j.carbpol.2024.122696,limitations,,,,unverifiable,unverifiable,,not stated,
doi:10.1016/j.carbpol.2024.122696,10.1016/j.carbpol.2024.122696,scaleup_relevance,,,not_assessable,unverifiable,ungrounded_blanked,,not stated,quote_not_locatable
doi:10.1016/j.carbpol.2024.122696,10.1016/j.carbpol.2024.122696,concept_relevance,core,,core,abstract_only,inference_from_quote,"Here, we introduced an innovative sustainable packaging featuring a ""sandwich"" structure based on starch-based foam sheets. The hydrophilic properties and porous structure of the foam ensure the controllable and slow release of 1-MCP.",abstract,quote_exact;no_new_numbers
doi:10.1016/j.foodw.2026.100060,10.1016/j.foodw.2026.100060,reference,"Limeng Chang et al. (2026). Humidity-responsive starch foam pads for humidity-triggered release of 1-methylcyclopropene in litchi fruit preservation. Food Wellness, 2, 100060.",,,metadata_only,grounded_verbatim,,api,
doi:10.1016/j.foodw.2026.100060,10.1016/j.foodw.2026.100060,doi,10.1016/j.foodw.2026.100060,,,metadata_only,grounded_verbatim,,api,
doi:10.1016/j.foodw.2026.100060,10.1016/j.foodw.2026.100060,pub_type,original_research,,,metadata_only,grounded_verbatim,,api,
doi:10.1016/j.foodw.2026.100060,10.1016/j.foodw.2026.100060,substrate_polymer,starch foam,,starch foam,abstract_only,grounded_verbatim,starch foam,abstract,quote_exact;substring
doi:10.1016/j.foodw.2026.100060,10.1016/j.foodw.2026.100060,mcp_carrier,α-cyclodextrin,,α-cyclodextrin,abstract_only,grounded_verbatim,1-MCP–α-cyclodextrin inclusion complex,abstract,quote_exact;substring
doi:10.1016/j.foodw.2026.100060,10.1016/j.foodw.2026.100060,antimicrobial,,,,unverifiable,unverifiable,,,
doi:10.1016/j.foodw.2026.100060,10.1016/j.foodw.2026.100060,prep_method,extrusion,,extrusion,abstract_only,grounded_controlled,extrusion-structured,abstract,quote_exact;enum_clamped
doi:10.1016/j.foodw.2026.100060,10.1016/j.foodw.2026.100060,manufacturing_temp_c,,,,unverifiable,unverifiable,,,
doi:10.1016/j.foodw.2026.100060,10.1016/j.foodw.2026.100060,trigger_mechanism,humidity_moisture,,humidity_moisture,abstract_only,grounded_controlled,Humidity-responsive starch foam pads for humidity-triggered,abstract,quote_repaired;enum_clamped
doi:10.1016/j.foodw.2026.100060,10.1016/j.foodw.2026.100060,rh_conditions_pct,93,%,93,abstract_only,grounded_numeric,Under 93% RH,abstract,quote_exact;number_found;unit_match;context_ok
doi:10.1016/j.foodw.2026.100060,10.1016/j.foodw.2026.100060,storage_temp_c,25,°C,25,abstract_only,grounded_numeric,storage at 25 °C,abstract,quote_exact;number_found;unit_match;context_ok
doi:10.1016/j.foodw.2026.100060,10.1016/j.foodw.2026.100060,mcp_loading,18.5 g/m² and 27.8 g/m²,g/m²,18.5 g/m² and 27.8 g/m²,abstract_only,grounded_numeric,"the 18.5 g/m² 1-MCP–α-CD complex loading exhibited a more regular and sustained release profile than the lower and higher loading levels, whereas the 27.8 g/m² formulation showed incomplete and less regular release.",abstract,quote_exact;number_found;unit_match;context_ok
doi:10.1016/j.foodw.2026.100060,10.1016/j.foodw.2026.100060,release_method,,,,unverifiable,unverifiable,,not stated,
doi:10.1016/j.foodw.2026.100060,10.1016/j.foodw.2026.100060,release_duration,,,,unverifiable,unverifiable,,not stated,
doi:10.1016/j.foodw.2026.100060,10.1016/j.foodw.2026.100060,kinetic_model,,,,unverifiable,unverifiable,,not stated,
doi:10.1016/j.foodw.2026.100060,10.1016/j.foodw.2026.100060,release_result,18.5 g/m² exhibited a more regular and sustained release profile; 27.8 g/m² showed incomplete and less regular release,,18.5 g/m² exhibited a more regular and sustained release profile; 27.8 g/m² showed incomplete and less regular release,abstract_only,grounded_verbatim,"Under 93% RH, the 18.5 g/m² 1-MCP–α-CD complex loading exhibited a more regular and sustained release profile than the lower and higher loading levels, whereas the 27.8 g/m² formulation showed incomplete and less regular release.",abstract,quote_exact;token_overlap:17/17
doi:10.1016/j.foodw.2026.100060,10.1016/j.foodw.2026.100060,produce_tested,litchi,,litchi,abstract_only,grounded_verbatim,litchi,abstract,quote_exact;substring
doi:10.1016/j.foodw.2026.100060,10.1016/j.foodw.2026.100060,package_vol_mass,,,,unverifiable,unverifiable,,,
doi:10.1016/j.foodw.2026.100060,10.1016/j.foodw.2026.100060,quality_outcomes,"pericarp browning, ethylene production, respiration rate, membrane stability, quality deterioration",,"pericarp browning, ethylene production, respiration rate, membrane stability, quality deterioration",abstract_only,grounded_verbatim,"delayed pericarp browning, reduced ethylene production and respiration rate, maintained membrane stability, and alleviated quality deterioration",abstract,quote_exact;token_overlap:10/10
doi:10.1016/j.foodw.2026.100060,10.1016/j.foodw.2026.100060,mechanical_props,,,,unverifiable,unverifiable,,,
doi:10.1016/j.foodw.2026.100060,10.1016/j.foodw.2026.100060,barrier_props,,,,unverifiable,unverifiable,,,
doi:10.1016/j.foodw.2026.100060,10.1016/j.foodw.2026.100060,antimicrobial_outcomes,,,,unverifiable,unverifiable,,,
doi:10.1016/j.foodw.2026.100060,10.1016/j.foodw.2026.100060,limitations,limited to litchi fruit; requires validation on other species before broader application,,limited to litchi fruit; requires validation on other species before broader application,abstract_only,inference_from_quote,Further studies using other fruit species are needed before extending this system to broader fruit preservation applications.,conclusion,quote_exact;no_new_numbers
doi:10.1016/j.foodw.2026.100060,10.1016/j.foodw.2026.100060,scaleup_relevance,,,not_assessable,unverifiable,ungrounded_blanked,,not stated,quote_not_locatable
doi:10.1016/j.foodw.2026.100060,10.1016/j.foodw.2026.100060,concept_relevance,core,,core,abstract_only,inference_from_quote,extrusion-structured starch foam pads were developed as moisture-responsive carriers for 1-methylcyclopropene (1-MCP) delivery,abstract,quote_exact;no_new_numbers
doi:10.1016/j.ijbiomac.2026.153411,10.1016/j.ijbiomac.2026.153411,reference,"Yanyi Xue et al. (2026). Morphology-regulated Pickering emulsions stabilized by soybean residue-derived nanocellulose for tunable-release bio-based food packaging. International Journal of Biological Macromolecules, 376, 153411.",,,metadata_only,grounded_verbatim,,api,
doi:10.1016/j.ijbiomac.2026.153411,10.1016/j.ijbiomac.2026.153411,doi,10.1016/j.ijbiomac.2026.153411,,,metadata_only,grounded_verbatim,,api,
doi:10.1016/j.ijbiomac.2026.153411,10.1016/j.ijbiomac.2026.153411,pub_type,original_research,,,metadata_only,grounded_verbatim,,api,
doi:10.1016/j.ijbiomac.2026.153411,10.1016/j.ijbiomac.2026.153411,substrate_polymer,chitosan,,chitosan,abstract_only,grounded_verbatim,"When incorporated into chitosan (CS), these emulsions reconfigured and reinforced the internal film network",abstract,quote_exact;substring
doi:10.1016/j.ijbiomac.2026.153411,10.1016/j.ijbiomac.2026.153411,mcp_carrier,,,,unverifiable,unverifiable,,,
doi:10.1016/j.ijbiomac.2026.153411,10.1016/j.ijbiomac.2026.153411,antimicrobial,lemon essential oil,,lemon essential oil,abstract_only,grounded_verbatim,encapsulation of lemon essential oil (LEO) within Pickering emulsions stabilized by the soybean residue-derived nanocellulose with distinct morphologies.,abstract,quote_exact;substring
doi:10.1016/j.ijbiomac.2026.153411,10.1016/j.ijbiomac.2026.153411,prep_method,,,,unverifiable,unverifiable,,,
doi:10.1016/j.ijbiomac.2026.153411,10.1016/j.ijbiomac.2026.153411,manufacturing_temp_c,,,,unverifiable,unverifiable,,,
doi:10.1016/j.ijbiomac.2026.153411,10.1016/j.ijbiomac.2026.153411,trigger_mechanism,,,,unverifiable,unverifiable,,,
doi:10.1016/j.ijbiomac.2026.153411,10.1016/j.ijbiomac.2026.153411,rh_conditions_pct,,,,unverifiable,unverifiable,,not stated,
doi:10.1016/j.ijbiomac.2026.153411,10.1016/j.ijbiomac.2026.153411,storage_temp_c,,,,unverifiable,unverifiable,,not stated,
doi:10.1016/j.ijbiomac.2026.153411,10.1016/j.ijbiomac.2026.153411,mcp_loading,,,,unverifiable,unverifiable,,not stated,
doi:10.1016/j.ijbiomac.2026.153411,10.1016/j.ijbiomac.2026.153411,release_method,,,,unverifiable,unverifiable,,not stated,
doi:10.1016/j.ijbiomac.2026.153411,10.1016/j.ijbiomac.2026.153411,release_duration,,,,unverifiable,unverifiable,,not stated,
doi:10.1016/j.ijbiomac.2026.153411,10.1016/j.ijbiomac.2026.153411,kinetic_model,,,,unverifiable,unverifiable,,not stated,
doi:10.1016/j.ijbiomac.2026.153411,10.1016/j.ijbiomac.2026.153411,release_result,,,,unverifiable,unverifiable,,not stated,
doi:10.1016/j.ijbiomac.2026.153411,10.1016/j.ijbiomac.2026.153411,produce_tested,blueberry,,blueberry,abstract_only,grounded_verbatim,blueberry,abstract,quote_exact;substring
doi:10.1016/j.ijbiomac.2026.153411,10.1016/j.ijbiomac.2026.153411,package_vol_mass,,,,unverifiable,unverifiable,,,
doi:10.1016/j.ijbiomac.2026.153411,10.1016/j.ijbiomac.2026.153411,quality_outcomes,"weight loss, firmness, titratable acidity",,"weight loss, firmness, titratable acidity",abstract_only,grounded_verbatim,reducing weight loss and preserving firmness and titratable acidity,abstract,quote_exact;token_overlap:5/5
doi:10.1016/j.ijbiomac.2026.153411,10.1016/j.ijbiomac.2026.153411,mechanical_props,20.38,MPa,20.38,abstract_only,grounded_numeric,"xhibited a more compact microstructure, higher tensile strength (20.38 MPa), lower water vapor permeability (7.30",abstract,quote_repaired;number_found;unit_match;context_ok
doi:10.1016/j.ijbiomac.2026.153411,10.1016/j.ijbiomac.2026.153411,barrier_props,7.30 × 10<sup>-7</sup>,g/m·s·Pa,7.30 × 10<sup>-7</sup>,abstract_only,grounded_numeric,"ture, higher tensile strength (20.38 MPa), lower water vapor permeability (7.30 × 10<sup>-7</sup> g/m·s·Pa), and slower LEO diffusion, which w",abstract,quote_repaired;number_found;context_ok
doi:10.1016/j.ijbiomac.2026.153411,10.1016/j.ijbiomac.2026.153411,antimicrobial_outcomes,,,,unverifiable,unverifiable,,,
doi:10.1016/j.ijbiomac.2026.153411,10.1016/j.ijbiomac.2026.153411,limitations,,,,unverifiable,unverifiable,,not stated,
doi:10.1016/j.ijbiomac.2026.153411,10.1016/j.ijbiomac.2026.153411,scaleup_relevance,high,,high,abstract_only,inference_from_quote,offers a scalable strategy for the development of green packaging films with tunable sustained-release behavior.,abstract,quote_exact;no_new_numbers
doi:10.1016/j.ijbiomac.2026.153411,10.1016/j.ijbiomac.2026.153411,concept_relevance,core,,core,abstract_only,inference_from_quote,Biomass-based active packaging enables precise and simultaneous control over both interfacial stabilization and the release behavior of volatile bioactive compounds.,abstract,quote_exact;no_new_numbers
doi:10.1016/j.carbpol.2021.118545,10.1016/j.carbpol.2021.118545,reference,"Wei Zhou et al. (2021). 3D printed nanocellulose-based label for fruit freshness keeping and visual monitoring. Carbohydrate Polymers, 273, 118545.",,,metadata_only,grounded_verbatim,,api,
doi:10.1016/j.carbpol.2021.118545,10.1016/j.carbpol.2021.118545,doi,10.1016/j.carbpol.2021.118545,,,metadata_only,grounded_verbatim,,api,
doi:10.1016/j.carbpol.2021.118545,10.1016/j.carbpol.2021.118545,pub_type,original_research,,,metadata_only,grounded_verbatim,,api,
doi:10.1016/j.carbpol.2021.118545,10.1016/j.carbpol.2021.118545,substrate_polymer,cellulose nanofibers (CNF),,cellulose nanofibers (CNF),abstract_only,grounded_verbatim,cellulose nanofibers (CNF),abstract,quote_exact;substring
doi:10.1016/j.carbpol.2021.118545,10.1016/j.carbpol.2021.118545,mcp_carrier,chitosan,,chitosan,abstract_only,grounded_verbatim,Chitosan,abstract,quote_exact;substring
doi:10.1016/j.carbpol.2021.118545,10.1016/j.carbpol.2021.118545,antimicrobial,1-methylcyclopropene (1-MCP),,1-methylcyclopropene (1-MCP),abstract_only,grounded_verbatim,1-methylcyclopropene (1-MCP),abstract,quote_exact;substring
doi:10.1016/j.carbpol.2021.118545,10.1016/j.carbpol.2021.118545,prep_method,printing,,printing,abstract_only,grounded_controlled,coaxial 3D printing,abstract,quote_exact;enum_clamped
doi:10.1016/j.carbpol.2021.118545,10.1016/j.carbpol.2021.118545,manufacturing_temp_c,,,,unverifiable,unverifiable,,,
doi:10.1016/j.carbpol.2021.118545,10.1016/j.carbpol.2021.118545,trigger_mechanism,other,,other,abstract_only,grounded_controlled,electrostatic effect,abstract,quote_exact;enum_clamped
doi:10.1016/j.carbpol.2021.118545,10.1016/j.carbpol.2021.118545,rh_conditions_pct,,,,unverifiable,unverifiable,,,
doi:10.1016/j.carbpol.2021.118545,10.1016/j.carbpol.2021.118545,storage_temp_c,,,,unverifiable,unverifiable,,,
doi:10.1016/j.carbpol.2021.118545,10.1016/j.carbpol.2021.118545,mcp_loading,,,,unverifiable,unverifiable,,,
doi:10.1016/j.carbpol.2021.118545,10.1016/j.carbpol.2021.118545,release_method,,,,unverifiable,unverifiable,,,
doi:10.1016/j.carbpol.2021.118545,10.1016/j.carbpol.2021.118545,release_duration,,,,unverifiable,unverifiable,,,
doi:10.1016/j.carbpol.2021.118545,10.1016/j.carbpol.2021.118545,kinetic_model,,,,unverifiable,unverifiable,,,
doi:10.1016/j.carbpol.2021.118545,10.1016/j.carbpol.2021.118545,release_result,sustained release behavior,,sustained release behavior,abstract_only,grounded_verbatim,exhibited a sustained release behavior.,abstract,quote_exact;substring
doi:10.1016/j.carbpol.2021.118545,10.1016/j.carbpol.2021.118545,produce_tested,litchis,,litchis,abstract_only,grounded_verbatim,litchis,abstract,quote_exact;substring
doi:10.1016/j.carbpol.2021.118545,10.1016/j.carbpol.2021.118545,package_vol_mass,,,,unverifiable,unverifiable,,,
doi:10.1016/j.carbpol.2021.118545,10.1016/j.carbpol.2021.118545,quality_outcomes,shelf life,,shelf life,abstract_only,grounded_verbatim,"release behavior. The 3D printed labels prolonged the shelf life of litchis for 6 days, meanwhile, they sensitively indicated",abstract,quote_repaired;substring
doi:10.1016/j.carbpol.2021.118545,10.1016/j.carbpol.2021.118545,mechanical_props,,,,unverifiable,unverifiable,,,
doi:10.1016/j.carbpol.2021.118545,10.1016/j.carbpol.2021.118545,barrier_props,,,,unverifiable,unverifiable,,,
doi:10.1016/j.carbpol.2021.118545,10.1016/j.carbpol.2021.118545,antimicrobial_outcomes,,,,unverifiable,unverifiable,,,
doi:10.1016/j.carbpol.2021.118545,10.1016/j.carbpol.2021.118545,limitations,,,,unverifiable,unverifiable,,,
doi:10.1016/j.carbpol.2021.118545,10.1016/j.carbpol.2021.118545,scaleup_relevance,,,not_assessable,unverifiable,ungrounded_blanked,,not stated,quote_not_locatable
doi:10.1016/j.carbpol.2021.118545,10.1016/j.carbpol.2021.118545,concept_relevance,core,,core,abstract_only,inference_from_quote,"esponsiveness for freshness monitoring. Chitosan containing 1-methylcyclopropene (1-MCP) was loaded into the hollow microchannels of fibers, in which 1-MCP was trapped by the electrostatic effect of chitosan and CNF and exhibited a sustained release behavior. The 3D printed labels prolonged the shelf life of litchis for 6 days, meanwhile, they sensitively indicated",abstract,quote_repaired;no_new_numbers
doi:10.1080/10942912.2022.2074028,10.1080/10942912.2022.2074028,reference,"Syariful Mubarok et al. (2022). Impact of 1-Methylcyclopropene combined with chitosan on postharvest quality of tropical banana ‘Lady Finger’. International Journal of Food Properties, 25, 1171-1185.",,,metadata_only,grounded_verbatim,,api,
doi:10.1080/10942912.2022.2074028,10.1080/10942912.2022.2074028,doi,10.1080/10942912.2022.2074028,,,metadata_only,grounded_verbatim,,api,
doi:10.1080/10942912.2022.2074028,10.1080/10942912.2022.2074028,pub_type,original_research,,,metadata_only,grounded_verbatim,,api,
doi:10.1080/10942912.2022.2074028,10.1080/10942912.2022.2074028,substrate_polymer,,,,unverifiable,unverifiable,,,
doi:10.1080/10942912.2022.2074028,10.1080/10942912.2022.2074028,mcp_carrier,,,,unverifiable,unverifiable,,,
doi:10.1080/10942912.2022.2074028,10.1080/10942912.2022.2074028,antimicrobial,,,,unverifiable,unverifiable,,,
doi:10.1080/10942912.2022.2074028,10.1080/10942912.2022.2074028,prep_method,,,,unverifiable,unverifiable,,,
doi:10.1080/10942912.2022.2074028,10.1080/10942912.2022.2074028,manufacturing_temp_c,,,,unverifiable,unverifiable,,,
doi:10.1080/10942912.2022.2074028,10.1080/10942912.2022.2074028,trigger_mechanism,,,,unverifiable,unverifiable,,,
doi:10.1080/10942912.2022.2074028,10.1080/10942912.2022.2074028,rh_conditions_pct,,,,unverifiable,unverifiable,,,
doi:10.1080/10942912.2022.2074028,10.1080/10942912.2022.2074028,storage_temp_c,,,,unverifiable,unverifiable,,,
doi:10.1080/10942912.2022.2074028,10.1080/10942912.2022.2074028,mcp_loading,,,,unverifiable,unverifiable,,,
doi:10.1080/10942912.2022.2074028,10.1080/10942912.2022.2074028,release_method,,,,unverifiable,unverifiable,,,
doi:10.1080/10942912.2022.2074028,10.1080/10942912.2022.2074028,release_duration,,,,unverifiable,unverifiable,,,
doi:10.1080/10942912.2022.2074028,10.1080/10942912.2022.2074028,kinetic_model,,,,unverifiable,unverifiable,,,
doi:10.1080/10942912.2022.2074028,10.1080/10942912.2022.2074028,release_result,,,,unverifiable,unverifiable,,,
doi:10.1080/10942912.2022.2074028,10.1080/10942912.2022.2074028,produce_tested,Lady Finger banana,,Lady Finger banana,abstract_only,grounded_verbatim,‘Lady Finger’ banana,abstract,quote_exact;token_overlap:3/3
doi:10.1080/10942912.2022.2074028,10.1080/10942912.2022.2074028,package_vol_mass,,,,unverifiable,unverifiable,,,
doi:10.1080/10942912.2022.2074028,10.1080/10942912.2022.2074028,quality_outcomes,"pH, TA, TSS, total sugar, color index, weight loss, shelf life",,"pH, TA, TSS, total sugar, color index, weight loss, shelf life",abstract_only,grounded_verbatim,"inhibited the change of fruit pH, TA, TSS, total sugar, color index, and weight loss",abstract,quote_exact;token_prefix
doi:10.1080/10942912.2022.2074028,10.1080/10942912.2022.2074028,mechanical_props,,,,unverifiable,unverifiable,,,
doi:10.1080/10942912.2022.2074028,10.1080/10942912.2022.2074028,barrier_props,,,,unverifiable,unverifiable,,,
doi:10.1080/10942912.2022.2074028,10.1080/10942912.2022.2074028,antimicrobial_outcomes,,,,unverifiable,unverifiable,,,
doi:10.1080/10942912.2022.2074028,10.1080/10942912.2022.2074028,limitations,,,,unverifiable,unverifiable,,not stated,
doi:10.1080/10942912.2022.2074028,10.1080/10942912.2022.2074028,scaleup_relevance,,,not_assessable,unverifiable,ungrounded_blanked,,not stated,quote_not_locatable
doi:10.1080/10942912.2022.2074028,10.1080/10942912.2022.2074028,concept_relevance,,,low,unverifiable,ungrounded_blanked,,abstract,quote_not_locatable
doi:10.1111/j.1750-3841.2007.00391.x,10.1111/j.1750-3841.2007.00391.x,reference,"J.H. Hotchkiss et al. (2007). Release of 1‐Methylcyclopropene from Heat‐Pressed Polymer Films. Journal of Food Science, 72.",,,metadata_only,grounded_verbatim,,api,
doi:10.1111/j.1750-3841.2007.00391.x,10.1111/j.1750-3841.2007.00391.x,doi,10.1111/j.1750-3841.2007.00391.x,,,metadata_only,grounded_verbatim,,api,
doi:10.1111/j.1750-3841.2007.00391.x,10.1111/j.1750-3841.2007.00391.x,pub_type,original_research,,,metadata_only,grounded_verbatim,,api,
doi:10.1111/j.1750-3841.2007.00391.x,10.1111/j.1750-3841.2007.00391.x,substrate_polymer,,,"LDPE, PS, PVC, and PP",unverifiable,ungrounded_blanked,,abstract,quote_not_locatable
doi:10.1111/j.1750-3841.2007.00391.x,10.1111/j.1750-3841.2007.00391.x,mcp_carrier,alpha-cyclodextrin,,alpha-cyclodextrin,abstract_only,grounded_verbatim,1-MCP/alpha-cyclodextrin (1-MCP-cd) complex,abstract,quote_exact;substring
doi:10.1111/j.1750-3841.2007.00391.x,10.1111/j.1750-3841.2007.00391.x,antimicrobial,1-methylcyclopropene,,1-methylcyclopropene,abstract_only,grounded_verbatim,Gaseous 1-methylcyclopropene (1-MCP),abstract,quote_exact;substring
doi:10.1111/j.1750-3841.2007.00391.x,10.1111/j.1750-3841.2007.00391.x,prep_method,other,,other,abstract_only,grounded_controlled,"heat-pressing (dry-blend, lamination) and solution-casting methods",abstract,quote_exact;enum_clamped
doi:10.1111/j.1750-3841.2007.00391.x,10.1111/j.1750-3841.2007.00391.x,manufacturing_temp_c,above 100,degrees C,above 100,abstract_only,grounded_numeric,above 100 degrees C,abstract,quote_exact;number_found;unit_match;context_ok
doi:10.1111/j.1750-3841.2007.00391.x,10.1111/j.1750-3841.2007.00391.x,trigger_mechanism,,,"humidity_moisture, temperature",unverifiable,ungrounded_blanked,,abstract,quote_not_locatable
doi:10.1111/j.1750-3841.2007.00391.x,10.1111/j.1750-3841.2007.00391.x,rh_conditions_pct,>/= 75,%,>/= 75,abstract_only,grounded_numeric,RH >/= 75%,abstract,quote_exact;number_found;unit_match;context_ok
doi:10.1111/j.1750-3841.2007.00391.x,10.1111/j.1750-3841.2007.00391.x,storage_temp_c,,,,unverifiable,unverifiable,,not stated,
doi:10.1111/j.1750-3841.2007.00391.x,10.1111/j.1750-3841.2007.00391.x,mcp_loading,8/140,mg/mg polymer,8/140,abstract_only,grounded_numeric,A loading of 8 mg of 1-MCP-cd per 140 mg of polymer was found to be optimal.,abstract,quote_exact;number_found;context_ok
doi:10.1111/j.1750-3841.2007.00391.x,10.1111/j.1750-3841.2007.00391.x,release_method,gc_fid,,gc_fid,abstract_only,grounded_controlled,quantified by gas chromatography,abstract,quote_exact;enum_clamped
doi:10.1111/j.1750-3841.2007.00391.x,10.1111/j.1750-3841.2007.00391.x,release_duration,36 to 48,h,36 to 48,abstract_only,grounded_numeric,during the 1st 12 h and then increased during the next 24 to 36 h.,abstract,quote_exact;number_found;context_ok
doi:10.1111/j.1750-3841.2007.00391.x,10.1111/j.1750-3841.2007.00391.x,kinetic_model,,,,unverifiable,unverifiable,,not stated,
doi:10.1111/j.1750-3841.2007.00391.x,10.1111/j.1750-3841.2007.00391.x,release_result,rapid and high,,rapid and high,abstract_only,grounded_verbatim,Release of 1-MCP was rapid and high in films held at RH >/= 75%.,abstract,quote_exact;substring
doi:10.1111/j.1750-3841.2007.00391.x,10.1111/j.1750-3841.2007.00391.x,produce_tested,,,,unverifiable,unverifiable,,,
doi:10.1111/j.1750-3841.2007.00391.x,10.1111/j.1750-3841.2007.00391.x,package_vol_mass,,,,unverifiable,unverifiable,,,
doi:10.1111/j.1750-3841.2007.00391.x,10.1111/j.1750-3841.2007.00391.x,quality_outcomes,,,,unverifiable,unverifiable,,,
doi:10.1111/j.1750-3841.2007.00391.x,10.1111/j.1750-3841.2007.00391.x,mechanical_props,,,,unverifiable,unverifiable,,,
doi:10.1111/j.1750-3841.2007.00391.x,10.1111/j.1750-3841.2007.00391.x,barrier_props,,,,unverifiable,unverifiable,,,
doi:10.1111/j.1750-3841.2007.00391.x,10.1111/j.1750-3841.2007.00391.x,antimicrobial_outcomes,,,,unverifiable,unverifiable,,,
doi:10.1111/j.1750-3841.2007.00391.x,10.1111/j.1750-3841.2007.00391.x,limitations,,,,unverifiable,unverifiable,,,
doi:10.1111/j.1750-3841.2007.00391.x,10.1111/j.1750-3841.2007.00391.x,scaleup_relevance,,,not_assessable,unverifiable,ungrounded_blanked,,,quote_not_locatable
doi:10.1111/j.1750-3841.2007.00391.x,10.1111/j.1750-3841.2007.00391.x,concept_relevance,,,core,unverifiable,ungrounded_blanked,,,quote_not_locatable
doi:10.1002/pts.70101,10.1002/pts.70101,reference,"Hermawan Dwi Ariyanto et al. (2026). Effectiveness of 1‐Methylcyclopropene Coated Paper–Based Shellac Solution During Postharvest Treatment of ‘Orin’ Apples as Functional Packaging for Extending Shelf Life. Packaging Technology and Science, pts.70101.",,,metadata_only,grounded_verbatim,,api,
doi:10.1002/pts.70101,10.1002/pts.70101,doi,10.1002/pts.70101,,,metadata_only,grounded_verbatim,,api,
doi:10.1002/pts.70101,10.1002/pts.70101,pub_type,original_research,,,metadata_only,grounded_verbatim,,api,
doi:10.1002/pts.70101,10.1002/pts.70101,substrate_polymer,paper,,paper,abstract_only,grounded_verbatim,paper,abstract,quote_exact;substring
doi:10.1002/pts.70101,10.1002/pts.70101,mcp_carrier,"alpha-cyclodextrin, inclusion complex",,"alpha-cyclodextrin, inclusion complex",abstract_only,grounded_verbatim,1‐methylcyclopropene/α‐cyclodextrin (1‐MCP/α‐CD) inclusion complex (IC) powder,abstract,quote_exact;token_overlap:4/4
doi:10.1002/pts.70101,10.1002/pts.70101,antimicrobial,,,,unverifiable,unverifiable,,,
doi:10.1002/pts.70101,10.1002/pts.70101,prep_method,coating,,coating,abstract_only,grounded_controlled,paper coated with a 1‐methylcyclopropene/α‐cyclodextrin (1‐MCP/α‐CD) inclusion complex (IC) powder,abstract,quote_exact;enum_clamped
doi:10.1002/pts.70101,10.1002/pts.70101,manufacturing_temp_c,,,,unverifiable,unverifiable,,,
doi:10.1002/pts.70101,10.1002/pts.70101,trigger_mechanism,humidity_moisture,,humidity_moisture,abstract_only,grounded_controlled,humidity‐responsive,abstract,quote_exact;enum_clamped
doi:10.1002/pts.70101,10.1002/pts.70101,rh_conditions_pct,,,,unverifiable,unverifiable,,abstract,
doi:10.1002/pts.70101,10.1002/pts.70101,storage_temp_c,"4, 20",°C,"4, 20",abstract_only,grounded_numeric,stored at 4°C for 15 days followed by 20°C for 15 days,abstract,quote_exact;number_found;context_ok
doi:10.1002/pts.70101,10.1002/pts.70101,mcp_loading,,,,unverifiable,unverifiable,,abstract,
doi:10.1002/pts.70101,10.1002/pts.70101,release_method,,,,unverifiable,unverifiable,,abstract,
doi:10.1002/pts.70101,10.1002/pts.70101,release_duration,15 days,days,15 days,abstract_only,grounded_numeric,for 15 days,abstract,quote_exact;number_found;unit_match;context_ok
doi:10.1002/pts.70101,10.1002/pts.70101,kinetic_model,other,,other,abstract_only,grounded_controlled,described by a two‐compartment model,abstract,quote_exact;enum_clamped
doi:10.1002/pts.70101,10.1002/pts.70101,release_result,320 μL L −1,,320 μL L −1,abstract_only,grounded_verbatim,"Humidity‐triggered release rapidly increased 1‐MCP concentration to 320 μL L −1 in a 1.19‐L glass container ( α = 0.419 h −1 ; β = 0.108 h −1 ), whereas EPS boxes exhibited strong gas retention ( β = 0.00397 h −1 )",abstract,quote_exact;substring
doi:10.1002/pts.70101,10.1002/pts.70101,produce_tested,'Orin' Apples,,'Orin' Apples,abstract_only,grounded_verbatim,lution During Postharvest Treatment of ‘Orin’ Apples as Functional Packaging for Extending Sh,abstract,quote_repaired;substring
doi:10.1002/pts.70101,10.1002/pts.70101,package_vol_mass,,,,unverifiable,unverifiable,,not stated,
doi:10.1002/pts.70101,10.1002/pts.70101,quality_outcomes,,,"firmness, ethylene production/accumulation, browning incidence",unverifiable,ungrounded_blanked,,abstract,quote_not_locatable
doi:10.1002/pts.70101,10.1002/pts.70101,mechanical_props,,,,unverifiable,unverifiable,,not stated,
doi:10.1002/pts.70101,10.1002/pts.70101,barrier_props,,,,unverifiable,unverifiable,,not stated,
doi:10.1002/pts.70101,10.1002/pts.70101,antimicrobial_outcomes,,,,unverifiable,unverifiable,,not stated,
doi:10.1002/pts.70101,10.1002/pts.70101,limitations,,,,unverifiable,unverifiable,,not stated,
doi:10.1002/pts.70101,10.1002/pts.70101,scaleup_relevance,,,,unverifiable,unverifiable,,not stated,
doi:10.1002/pts.70101,10.1002/pts.70101,concept_relevance,,,,unverifiable,unverifiable,,not stated,
doi:10.1016/j.foodres.2026.118612,10.1016/j.foodres.2026.118612,reference,"Jiarui Tong et al. (2026). Trans-2-hexenal-loaded gelatin/dialdehyde starch/nanocellulose cushioning aerogel: synergistic postharvest preservation of Chinese bayberry with 1-MCP. Food Research International, 230, 118612.",,,metadata_only,grounded_verbatim,,api,
doi:10.1016/j.foodres.2026.118612,10.1016/j.foodres.2026.118612,doi,10.1016/j.foodres.2026.118612,,,metadata_only,grounded_verbatim,,api,
doi:10.1016/j.foodres.2026.118612,10.1016/j.foodres.2026.118612,pub_type,original_research,,,metadata_only,grounded_verbatim,,api,
doi:10.1016/j.foodres.2026.118612,10.1016/j.foodres.2026.118612,substrate_polymer,gelatin/dialdehyde starch,,gelatin/dialdehyde starch,abstract_only,grounded_verbatim,gelatin/dialdehyde starch matrix,abstract,quote_exact;substring
doi:10.1016/j.foodres.2026.118612,10.1016/j.foodres.2026.118612,mcp_carrier,,,,unverifiable,unverifiable,,,
doi:10.1016/j.foodres.2026.118612,10.1016/j.foodres.2026.118612,antimicrobial,trans-2-hexenal,,trans-2-hexenal,abstract_only,grounded_verbatim,trans-2-hexenal (E2H),abstract,quote_exact;substring
doi:10.1016/j.foodres.2026.118612,10.1016/j.foodres.2026.118612,prep_method,lyophilization,,lyophilization,abstract_only,grounded_controlled,freeze-drying,abstract,quote_exact;enum_clamped
doi:10.1016/j.foodres.2026.118612,10.1016/j.foodres.2026.118612,manufacturing_temp_c,,,,unverifiable,unverifiable,,,
doi:10.1016/j.foodres.2026.118612,10.1016/j.foodres.2026.118612,trigger_mechanism,,,,unverifiable,unverifiable,,,
doi:10.1016/j.foodres.2026.118612,10.1016/j.foodres.2026.118612,rh_conditions_pct,,,,unverifiable,unverifiable,,not stated,
doi:10.1016/j.foodres.2026.118612,10.1016/j.foodres.2026.118612,storage_temp_c,4,°C,4,abstract_only,grounded_numeric,rimary postharvest pathogen of bayberry. Storage experiments at 4 °C revealed that the synergistic effect of E2H-lo,abstract,quote_repaired;number_found;unit_match;context_ok
doi:10.1016/j.foodres.2026.118612,10.1016/j.foodres.2026.118612,mcp_loading,,,,unverifiable,unverifiable,,not stated,
doi:10.1016/j.foodres.2026.118612,10.1016/j.foodres.2026.118612,release_method,,,,unverifiable,unverifiable,,not stated,
doi:10.1016/j.foodres.2026.118612,10.1016/j.foodres.2026.118612,release_duration,,,,unverifiable,unverifiable,,not stated,
doi:10.1016/j.foodres.2026.118612,10.1016/j.foodres.2026.118612,kinetic_model,first_order,,first_order,abstract_only,grounded_controlled,followed first-order kinetics,abstract,quote_exact;enum_clamped
doi:10.1016/j.foodres.2026.118612,10.1016/j.foodres.2026.118612,release_result,sustained E2H release behavior,,sustained E2H release behavior,abstract_only,grounded_verbatim,sustained E2H release behavior,abstract,quote_exact;substring
doi:10.1016/j.foodres.2026.118612,10.1016/j.foodres.2026.118612,produce_tested,Chinese bayberry,,Chinese bayberry,abstract_only,grounded_verbatim,Chinese bayberry,abstract,quote_exact;substring
doi:10.1016/j.foodres.2026.118612,10.1016/j.foodres.2026.118612,package_vol_mass,,,,unverifiable,unverifiable,,,
doi:10.1016/j.foodres.2026.118612,10.1016/j.foodres.2026.118612,quality_outcomes,"decay, firmness",,"decay, firmness",abstract_only,grounded_verbatim,"reduced decay, preserved firmness",abstract,quote_exact;token_overlap:2/2
doi:10.1016/j.foodres.2026.118612,10.1016/j.foodres.2026.118612,mechanical_props,,,,unverifiable,unverifiable,,,
doi:10.1016/j.foodres.2026.118612,10.1016/j.foodres.2026.118612,barrier_props,,,,unverifiable,unverifiable,,,
doi:10.1016/j.foodres.2026.118612,10.1016/j.foodres.2026.118612,antimicrobial_outcomes,Penicillium citrinum,,Penicillium citrinum,abstract_only,grounded_verbatim,significant inhibitory effect against Penicillium citrinum,abstract,quote_exact;substring
doi:10.1016/j.foodres.2026.118612,10.1016/j.foodres.2026.118612,limitations,,,,unverifiable,unverifiable,,,
doi:10.1016/j.foodres.2026.118612,10.1016/j.foodres.2026.118612,scaleup_relevance,,,,unverifiable,unverifiable,,,
doi:10.1016/j.foodres.2026.118612,10.1016/j.foodres.2026.118612,concept_relevance,,,,unverifiable,unverifiable,,,
doi:10.1016/j.foodchem.2025.146033,10.1016/j.foodchem.2025.146033,reference,"Jiayan Zhang et al. (2025). An active packaging film prepared from aqueous two-phase Pickering emulsion and chitosan for fruit preservation. Food Chemistry, 493, 146033.",,,metadata_only,grounded_verbatim,,api,
doi:10.1016/j.foodchem.2025.146033,10.1016/j.foodchem.2025.146033,doi,10.1016/j.foodchem.2025.146033,,,metadata_only,grounded_verbatim,,api,
doi:10.1016/j.foodchem.2025.146033,10.1016/j.foodchem.2025.146033,pub_type,original_research,,,metadata_only,grounded_verbatim,,api,
doi:10.1016/j.foodchem.2025.146033,10.1016/j.foodchem.2025.146033,substrate_polymer,chitosan,,chitosan,abstract_only,grounded_verbatim,chitosan,abstract,quote_exact;substring
doi:10.1016/j.foodchem.2025.146033,10.1016/j.foodchem.2025.146033,mcp_carrier,,,,unverifiable,unverifiable,,,
doi:10.1016/j.foodchem.2025.146033,10.1016/j.foodchem.2025.146033,antimicrobial,,,,unverifiable,unverifiable,,,
doi:10.1016/j.foodchem.2025.146033,10.1016/j.foodchem.2025.146033,prep_method,,,,unverifiable,unverifiable,,,
doi:10.1016/j.foodchem.2025.146033,10.1016/j.foodchem.2025.146033,manufacturing_temp_c,,,,unverifiable,unverifiable,,,
doi:10.1016/j.foodchem.2025.146033,10.1016/j.foodchem.2025.146033,trigger_mechanism,,,,unverifiable,unverifiable,,,
doi:10.1016/j.foodchem.2025.146033,10.1016/j.foodchem.2025.146033,rh_conditions_pct,,,,unverifiable,unverifiable,,,
doi:10.1016/j.foodchem.2025.146033,10.1016/j.foodchem.2025.146033,storage_temp_c,,,,unverifiable,unverifiable,,,
doi:10.1016/j.foodchem.2025.146033,10.1016/j.foodchem.2025.146033,mcp_loading,,,,unverifiable,unverifiable,,,
doi:10.1016/j.foodchem.2025.146033,10.1016/j.foodchem.2025.146033,release_method,,,,unverifiable,unverifiable,,,
doi:10.1016/j.foodchem.2025.146033,10.1016/j.foodchem.2025.146033,release_duration,,,,unverifiable,unverifiable,,,
doi:10.1016/j.foodchem.2025.146033,10.1016/j.foodchem.2025.146033,kinetic_model,,,,unverifiable,unverifiable,,,
doi:10.1016/j.foodchem.2025.146033,10.1016/j.foodchem.2025.146033,release_result,,,,unverifiable,unverifiable,,,
doi:10.1016/j.foodchem.2025.146033,10.1016/j.foodchem.2025.146033,produce_tested,bananas and tomatoes,,bananas and tomatoes,abstract_only,grounded_verbatim,bananas and tomatoes,abstract,quote_exact;substring
doi:10.1016/j.foodchem.2025.146033,10.1016/j.foodchem.2025.146033,package_vol_mass,,,,unverifiable,unverifiable,,,
doi:10.1016/j.foodchem.2025.146033,10.1016/j.foodchem.2025.146033,quality_outcomes,,,,unverifiable,unverifiable,,,
doi:10.1016/j.foodchem.2025.146033,10.1016/j.foodchem.2025.146033,mechanical_props,,,,unverifiable,unverifiable,,,
doi:10.1016/j.foodchem.2025.146033,10.1016/j.foodchem.2025.146033,barrier_props,,,,unverifiable,unverifiable,,,
doi:10.1016/j.foodchem.2025.146033,10.1016/j.foodchem.2025.146033,antimicrobial_outcomes,,,,unverifiable,unverifiable,,,
doi:10.1016/j.foodchem.2025.146033,10.1016/j.foodchem.2025.146033,limitations,,,,unverifiable,unverifiable,,abstract,
doi:10.1016/j.foodchem.2025.146033,10.1016/j.foodchem.2025.146033,scaleup_relevance,not_assessable,,not_assessable,abstract_only,inference_from_quote,an ATPPE stabilized by cellulose nanocrystals (CNC) was prepared using a polyethylene glycol (PEG)/dextran (Dex) aqueous two-phase system (ATPS),abstract,quote_exact;no_new_numbers
doi:10.1016/j.foodchem.2025.146033,10.1016/j.foodchem.2025.146033,concept_relevance,adjacent_material,,adjacent_material,abstract_only,inference_from_quote,"An active packaging films based on chitosan and EGCG-loaded ATPPE were prepared and characterized, which revealed that the ATPPE is highly biocompatible with the chitosan matrix. And the prepared composite film provides protection and sustained release for EGCG, as well as excellent mechanical, barrier, antibacterial and antioxidant properties. This composite film significantly inhibited the spoilage of bananas and tomatoes, extending their shelf life to 8 and 12 d, respectively.",abstract,quote_exact;no_new_numbers
doi:10.7282/t39z970v,10.7282/t39z970v,reference,Han Zhang (2016). Optimization of encapsulation methods and conditions to maximize 1-MCP loading in modified beta-cyclodextrins.,,,metadata_only,grounded_verbatim,,api,
doi:10.7282/t39z970v,10.7282/t39z970v,doi,10.7282/t39z970v,,,metadata_only,grounded_verbatim,,api,
doi:10.7282/t39z970v,10.7282/t39z970v,pub_type,original_research,,,metadata_only,grounded_verbatim,,api,
doi:10.7282/t39z970v,10.7282/t39z970v,substrate_polymer,,,,unverifiable,unverifiable,,,
doi:10.7282/t39z970v,10.7282/t39z970v,mcp_carrier,modified β-cyclodextrin (MβCD),,modified β-cyclodextrin (MβCD),abstract_only,grounded_verbatim,modified β-cyclodextrin (MβCD),abstract,quote_exact;substring
doi:10.7282/t39z970v,10.7282/t39z970v,antimicrobial,,,,unverifiable,unverifiable,,,
doi:10.7282/t39z970v,10.7282/t39z970v,prep_method,other,,other,abstract_only,grounded_controlled,solution method and solid method,abstract,quote_exact;enum_clamped
doi:10.7282/t39z970v,10.7282/t39z970v,manufacturing_temp_c,,,,unverifiable,unverifiable,,,
doi:10.7282/t39z970v,10.7282/t39z970v,trigger_mechanism,,,,unverifiable,unverifiable,,,
doi:10.7282/t39z970v,10.7282/t39z970v,rh_conditions_pct,,,,unverifiable,unverifiable,,not stated,
doi:10.7282/t39z970v,10.7282/t39z970v,storage_temp_c,,,,unverifiable,unverifiable,,not stated,
doi:10.7282/t39z970v,10.7282/t39z970v,mcp_loading,0.535,%,0.535,abstract_only,grounded_numeric,0.535%,conclusion,quote_exact;number_found;unit_match;context_ok
doi:10.7282/t39z970v,10.7282/t39z970v,release_method,,,,unverifiable,unverifiable,,not stated,
doi:10.7282/t39z970v,10.7282/t39z970v,release_duration,,,,unverifiable,unverifiable,,not stated,
doi:10.7282/t39z970v,10.7282/t39z970v,kinetic_model,,,,unverifiable,unverifiable,,not stated,
doi:10.7282/t39z970v,10.7282/t39z970v,release_result,,,,unverifiable,unverifiable,,not stated,
doi:10.7282/t39z970v,10.7282/t39z970v,produce_tested,,,,unverifiable,unverifiable,,,
doi:10.7282/t39z970v,10.7282/t39z970v,package_vol_mass,,,,unverifiable,unverifiable,,,
doi:10.7282/t39z970v,10.7282/t39z970v,quality_outcomes,,,,unverifiable,unverifiable,,,
doi:10.7282/t39z970v,10.7282/t39z970v,mechanical_props,,,,unverifiable,unverifiable,,,
doi:10.7282/t39z970v,10.7282/t39z970v,barrier_props,,,,unverifiable,unverifiable,,,
doi:10.7282/t39z970v,10.7282/t39z970v,antimicrobial_outcomes,,,,unverifiable,unverifiable,,,
doi:10.7282/t39z970v,10.7282/t39z970v,limitations,,,,unverifiable,unverifiable,,,
doi:10.7282/t39z970v,10.7282/t39z970v,scaleup_relevance,,,not_assessable,unverifiable,ungrounded_blanked,,,quote_not_locatable
doi:10.7282/t39z970v,10.7282/t39z970v,concept_relevance,core,,core,abstract_only,inference_from_quote,"The objective of this research is to identify optimum method and conditions to encapsulate 1-MCP into a newly-developed carrier system, modified β-cyclodextrin (MβCD), to maximize the loading of 1-MCP.",abstract,quote_exact;no_new_numbers
doi:10.1016/j.foodchem.2026.148945,10.1016/j.foodchem.2026.148945,reference,"Suliman Khan et al. (2026). Carvacrol-enriched chitosan/berry wax active films via Pickering emulsion: a sustainable solution for extending meat shelf-life. Food Chemistry, 512, 148945.",,,metadata_only,grounded_verbatim,,api,
doi:10.1016/j.foodchem.2026.148945,10.1016/j.foodchem.2026.148945,doi,10.1016/j.foodchem.2026.148945,,,metadata_only,grounded_verbatim,,api,
doi:10.1016/j.foodchem.2026.148945,10.1016/j.foodchem.2026.148945,pub_type,original_research,,,metadata_only,grounded_verbatim,,api,
doi:10.1016/j.foodchem.2026.148945,10.1016/j.foodchem.2026.148945,substrate_polymer,chitosan/berry wax,,chitosan/berry wax,abstract_only,grounded_verbatim,active chitosan/berry wax (CT/BW) composite film,abstract,quote_exact;substring
doi:10.1016/j.foodchem.2026.148945,10.1016/j.foodchem.2026.148945,mcp_carrier,,,,unverifiable,unverifiable,,,
doi:10.1016/j.foodchem.2026.148945,10.1016/j.foodchem.2026.148945,antimicrobial,carvacrol essential oil,,carvacrol essential oil,abstract_only,grounded_verbatim,incorporating carvacrol essential oil (CO),abstract,quote_exact;substring
doi:10.1016/j.foodchem.2026.148945,10.1016/j.foodchem.2026.148945,prep_method,other,,other,abstract_only,grounded_controlled,via a Pickering emulsion (PE) strategy,abstract,quote_exact;enum_clamped
doi:10.1016/j.foodchem.2026.148945,10.1016/j.foodchem.2026.148945,manufacturing_temp_c,,,,unverifiable,unverifiable,,,
doi:10.1016/j.foodchem.2026.148945,10.1016/j.foodchem.2026.148945,trigger_mechanism,,,,unverifiable,unverifiable,,,
doi:10.1016/j.foodchem.2026.148945,10.1016/j.foodchem.2026.148945,rh_conditions_pct,,,,unverifiable,unverifiable,,abstract,
doi:10.1016/j.foodchem.2026.148945,10.1016/j.foodchem.2026.148945,storage_temp_c,4,°C,4,abstract_only,grounded_numeric,the optimized PE-20%CO film doubled its refrigerated (4 °C) predicted shelf-life to 14 days by s,abstract,quote_repaired;number_found;unit_match;context_ok
doi:10.1016/j.foodchem.2026.148945,10.1016/j.foodchem.2026.148945,mcp_loading,,,,unverifiable,unverifiable,,abstract,
doi:10.1016/j.foodchem.2026.148945,10.1016/j.foodchem.2026.148945,release_method,,,,unverifiable,unverifiable,,abstract,
doi:10.1016/j.foodchem.2026.148945,10.1016/j.foodchem.2026.148945,release_duration,,,,unverifiable,unverifiable,,abstract,
doi:10.1016/j.foodchem.2026.148945,10.1016/j.foodchem.2026.148945,kinetic_model,,,,unverifiable,unverifiable,,abstract,
doi:10.1016/j.foodchem.2026.148945,10.1016/j.foodchem.2026.148945,release_result,,,,unverifiable,unverifiable,,abstract,
doi:10.1016/j.foodchem.2026.148945,10.1016/j.foodchem.2026.148945,produce_tested,rabbit meat,,rabbit meat,abstract_only,grounded_verbatim,Applied to rabbit meat,abstract,quote_exact;substring
doi:10.1016/j.foodchem.2026.148945,10.1016/j.foodchem.2026.148945,package_vol_mass,,,,unverifiable,unverifiable,,,
doi:10.1016/j.foodchem.2026.148945,10.1016/j.foodchem.2026.148945,quality_outcomes,,,,unverifiable,unverifiable,,,
doi:10.1016/j.foodchem.2026.148945,10.1016/j.foodchem.2026.148945,mechanical_props,,,tensile strength,unverifiable,ungrounded_blanked,slightly reduced tensile strength,abstract,quote_exact;no_parsable_quantity
doi:10.1016/j.foodchem.2026.148945,10.1016/j.foodchem.2026.148945,barrier_props,,,,unverifiable,unverifiable,,,
doi:10.1016/j.foodchem.2026.148945,10.1016/j.foodchem.2026.148945,antimicrobial_outcomes,"Escherichia coli, Staphylococcus aureus, and Pseudomonas aeruginosa",,"Escherichia coli, Staphylococcus aureus, and Pseudomonas aeruginosa",abstract_only,grounded_verbatim,"broad-spectrum antimicrobial efficacy against Escherichia coli, Staphylococcus aureus, and Pseudomonas aeruginosa",abstract,quote_exact;substring
doi:10.1016/j.foodchem.2026.148945,10.1016/j.foodchem.2026.148945,limitations,,,,unverifiable,unverifiable,,abstract,
doi:10.1016/j.foodchem.2026.148945,10.1016/j.foodchem.2026.148945,scaleup_relevance,,,not_assessable,unverifiable,ungrounded_blanked,,abstract,quote_not_locatable
doi:10.1016/j.foodchem.2026.148945,10.1016/j.foodchem.2026.148945,concept_relevance,,,adjacent_mechanism,unverifiable,ungrounded_blanked,,abstract,quote_not_locatable
doi:10.3390/foods15132282,10.3390/foods15132282,reference,"Lin Zhu et al. (2026). Construction of Pickering Emulsion of Amomum tsaoko Essential Oil Based on Cellulose Nanocrystals to Enhance Pullulan Film: Structure, Antibacterial Property, and Preservation Effect of Mango. Foods, 15, 2282.",,,metadata_only,grounded_verbatim,,api,
doi:10.3390/foods15132282,10.3390/foods15132282,doi,10.3390/foods15132282,,,metadata_only,grounded_verbatim,,api,
doi:10.3390/foods15132282,10.3390/foods15132282,pub_type,original_research,,,metadata_only,grounded_verbatim,,api,
doi:10.3390/foods15132282,10.3390/foods15132282,substrate_polymer,pullulan,,pullulan,abstract_only,grounded_verbatim,pullulan (Pul) matrix,abstract,quote_exact;substring
doi:10.3390/foods15132282,10.3390/foods15132282,mcp_carrier,,,,unverifiable,unverifiable,,,
doi:10.3390/foods15132282,10.3390/foods15132282,antimicrobial,Amomum tsaoko essential oil,,Amomum tsaoko essential oil,abstract_only,grounded_verbatim,Amomum tsaoko essential oil,abstract,quote_exact;substring
doi:10.3390/foods15132282,10.3390/foods15132282,prep_method,,,,unverifiable,unverifiable,,,
doi:10.3390/foods15132282,10.3390/foods15132282,manufacturing_temp_c,,,,unverifiable,unverifiable,,,
doi:10.3390/foods15132282,10.3390/foods15132282,trigger_mechanism,,,,unverifiable,unverifiable,,,
doi:10.3390/foods15132282,10.3390/foods15132282,rh_conditions_pct,,,,unverifiable,unverifiable,,,
doi:10.3390/foods15132282,10.3390/foods15132282,storage_temp_c,,,,unverifiable,unverifiable,,,
doi:10.3390/foods15132282,10.3390/foods15132282,mcp_loading,,,,unverifiable,unverifiable,,,
doi:10.3390/foods15132282,10.3390/foods15132282,release_method,,,,unverifiable,unverifiable,,,
doi:10.3390/foods15132282,10.3390/foods15132282,release_duration,,,,unverifiable,unverifiable,,,
doi:10.3390/foods15132282,10.3390/foods15132282,kinetic_model,,,,unverifiable,unverifiable,,,
doi:10.3390/foods15132282,10.3390/foods15132282,release_result,,,,unverifiable,unverifiable,,,
doi:10.3390/foods15132282,10.3390/foods15132282,produce_tested,Mango,,Mango,abstract_only,grounded_verbatim,mango,abstract,quote_exact;substring
doi:10.3390/foods15132282,10.3390/foods15132282,package_vol_mass,,,,unverifiable,unverifiable,,,
doi:10.3390/foods15132282,10.3390/foods15132282,quality_outcomes,"weight loss, soluble solids",,"weight loss, soluble solids",abstract_only,grounded_verbatim,"reduced weight loss, delayed the increase in soluble solids",abstract,quote_exact;token_overlap:4/4
doi:10.3390/foods15132282,10.3390/foods15132282,mechanical_props,,,tensile strength,unverifiable,ungrounded_blanked,tensile strength of 30.62 MPa,abstract,quote_exact;no_parsable_quantity
doi:10.3390/foods15132282,10.3390/foods15132282,barrier_props,,,,unverifiable,unverifiable,,,
doi:10.3390/foods15132282,10.3390/foods15132282,antimicrobial_outcomes,,,,unverifiable,unverifiable,,,
doi:10.3390/foods15132282,10.3390/foods15132282,limitations,,,,unverifiable,unverifiable,,not stated,
doi:10.3390/foods15132282,10.3390/foods15132282,scaleup_relevance,not_assessable,,not_assessable,abstract_only,inference_from_quote,"In this study, cellulose nanocrystal (CNC)-stabilized Amomum tsaoko essential oil emulsion (AEO–CNC) was incorporated into a pullulan (Pul) matrix through hydrogen bonding to prepare antibacterial films.",abstract,quote_exact;no_new_numbers
doi:10.3390/foods15132282,10.3390/foods15132282,concept_relevance,adjacent_material,,adjacent_material,abstract_only,inference_from_quote,"In this study, cellulose nanocrystal (CNC)-stabilized Amomum tsaoko essential oil emulsion (AEO–CNC) was incorporated into a pullulan (Pul) matrix through hydrogen bonding to prepare antibacterial films.",abstract,quote_exact;no_new_numbers
doi:10.1016/j.ijbiomac.2024.139408,10.1016/j.ijbiomac.2024.139408,reference,"Chongfeng He et al. (2025). Construction of magnetic response nanocellulose particles to realize smart antibacterial of Pickering emulsion. International Journal of Biological Macromolecules, 294, 139408.",,,metadata_only,grounded_verbatim,,api,
doi:10.1016/j.ijbiomac.2024.139408,10.1016/j.ijbiomac.2024.139408,doi,10.1016/j.ijbiomac.2024.139408,,,metadata_only,grounded_verbatim,,api,
doi:10.1016/j.ijbiomac.2024.139408,10.1016/j.ijbiomac.2024.139408,pub_type,original_research,,,metadata_only,grounded_verbatim,,api,
doi:10.1016/j.ijbiomac.2024.139408,10.1016/j.ijbiomac.2024.139408,substrate_polymer,cellulose nanocrystal,,cellulose nanocrystal,abstract_only,grounded_verbatim,cellulose nanocrystal (CNC),abstract,quote_exact;substring
doi:10.1016/j.ijbiomac.2024.139408,10.1016/j.ijbiomac.2024.139408,mcp_carrier,,,,unverifiable,unverifiable,,,
doi:10.1016/j.ijbiomac.2024.139408,10.1016/j.ijbiomac.2024.139408,antimicrobial,oregano essential oil,,oregano essential oil,abstract_only,grounded_verbatim,oregano essential oil (OEO),abstract,quote_exact;substring
doi:10.1016/j.ijbiomac.2024.139408,10.1016/j.ijbiomac.2024.139408,prep_method,other,,other,abstract_only,grounded_controlled,ultrasound-assisted in situ co-precipitation,abstract,quote_exact;enum_clamped
doi:10.1016/j.ijbiomac.2024.139408,10.1016/j.ijbiomac.2024.139408,manufacturing_temp_c,,,,unverifiable,unverifiable,,,
doi:10.1016/j.ijbiomac.2024.139408,10.1016/j.ijbiomac.2024.139408,trigger_mechanism,other,,other,abstract_only,grounded_controlled,magnetic field,abstract,quote_exact;enum_clamped
doi:10.1016/j.ijbiomac.2024.139408,10.1016/j.ijbiomac.2024.139408,rh_conditions_pct,,,,unverifiable,unverifiable,,not stated,
doi:10.1016/j.ijbiomac.2024.139408,10.1016/j.ijbiomac.2024.139408,storage_temp_c,,,,unverifiable,unverifiable,,not stated,
doi:10.1016/j.ijbiomac.2024.139408,10.1016/j.ijbiomac.2024.139408,mcp_loading,,,,unverifiable,unverifiable,,not stated,
doi:10.1016/j.ijbiomac.2024.139408,10.1016/j.ijbiomac.2024.139408,release_method,,,,unverifiable,unverifiable,,not stated,
doi:10.1016/j.ijbiomac.2024.139408,10.1016/j.ijbiomac.2024.139408,release_duration,0-8 h,h,0-8 h,abstract_only,grounded_numeric,ness of magnetic. The OEO released rapidly within 0-8 h followed by the slow release when th,abstract,quote_repaired;number_found;context_ok
doi:10.1016/j.ijbiomac.2024.139408,10.1016/j.ijbiomac.2024.139408,kinetic_model,,,,unverifiable,unverifiable,,not stated,
doi:10.1016/j.ijbiomac.2024.139408,10.1016/j.ijbiomac.2024.139408,release_result,"The OEO released rapidly within 0-8 h followed by the slow release when the emulsion was stimulated by 0.2 T, 0.4 T and 0.6 T magnetic field.",,"The OEO released rapidly within 0-8 h followed by the slow release when the emulsion was stimulated by 0.2 T, 0.4 T and 0.6 T magnetic field.",abstract_only,grounded_verbatim,"and sensitive responsiveness of magnetic. The OEO released rapidly within 0-8 h followed by the slow release when the emulsion was stimulated by 0.2 T, 0.4 T and 0.6 T magnetic field. The antibacterial rate of the emulsi",abstract,quote_repaired;substring
doi:10.1016/j.ijbiomac.2024.139408,10.1016/j.ijbiomac.2024.139408,produce_tested,,,,unverifiable,unverifiable,,,
doi:10.1016/j.ijbiomac.2024.139408,10.1016/j.ijbiomac.2024.139408,package_vol_mass,,,,unverifiable,unverifiable,,,
doi:10.1016/j.ijbiomac.2024.139408,10.1016/j.ijbiomac.2024.139408,quality_outcomes,,,,unverifiable,unverifiable,,,
doi:10.1016/j.ijbiomac.2024.139408,10.1016/j.ijbiomac.2024.139408,mechanical_props,,,,unverifiable,unverifiable,,,
doi:10.1016/j.ijbiomac.2024.139408,10.1016/j.ijbiomac.2024.139408,barrier_props,,,,unverifiable,unverifiable,,,
doi:10.1016/j.ijbiomac.2024.139408,10.1016/j.ijbiomac.2024.139408,antimicrobial_outcomes,close to 100 %,,close to 100 %,abstract_only,grounded_verbatim,"by 0.2 T, 0.4 T and 0.6 T magnetic field. The antibacterial rate of the emulsion was close to 100 % against both E. coli and L. monocytogenes at magnetic field with 0.4 T and 0.6 T in 12 h, achieving the smart antimicrobial. Th",abstract,quote_repaired;substring
doi:10.1016/j.ijbiomac.2024.139408,10.1016/j.ijbiomac.2024.139408,limitations,,,,unverifiable,unverifiable,,abstract,
doi:10.1016/j.ijbiomac.2024.139408,10.1016/j.ijbiomac.2024.139408,scaleup_relevance,not_assessable,,not_assessable,abstract_only,inference_from_quote,via ultrasound-assisted in situ co-precipitation,abstract,quote_exact;no_new_numbers
doi:10.1016/j.ijbiomac.2024.139408,10.1016/j.ijbiomac.2024.139408,concept_relevance,adjacent_mechanism,,adjacent_mechanism,abstract_only,inference_from_quote,"within 0-8 h followed by the slow release when the emulsion was stimulated by 0.2 T, 0.4 T and 0.6 T magnetic field. The antibacterial rate of the emulsi",abstract,quote_repaired;no_new_numbers
doi:10.1016/j.ijbiomac.2025.143058,10.1016/j.ijbiomac.2025.143058,reference,"Mahmoud Younis et al. (2025). Improving Barhi date shelf life with cellulose nanocrystals/cinnamon oil Pickering emulsion incorporated into sodium alginate-based films. International Journal of Biological Macromolecules, 309, 143058.",,,metadata_only,grounded_verbatim,,api,
doi:10.1016/j.ijbiomac.2025.143058,10.1016/j.ijbiomac.2025.143058,doi,10.1016/j.ijbiomac.2025.143058,,,metadata_only,grounded_verbatim,,api,
doi:10.1016/j.ijbiomac.2025.143058,10.1016/j.ijbiomac.2025.143058,pub_type,original_research,,,metadata_only,grounded_verbatim,,api,
doi:10.1016/j.ijbiomac.2025.143058,10.1016/j.ijbiomac.2025.143058,substrate_polymer,sodium alginate,,sodium alginate,abstract_only,grounded_verbatim,sodium alginate-based films,abstract,quote_exact;substring
doi:10.1016/j.ijbiomac.2025.143058,10.1016/j.ijbiomac.2025.143058,mcp_carrier,,,,unverifiable,unverifiable,,,
doi:10.1016/j.ijbiomac.2025.143058,10.1016/j.ijbiomac.2025.143058,antimicrobial,cinnamon essential oil,,cinnamon essential oil,abstract_only,grounded_verbatim,cinnamon essential oil (CNEO),abstract,quote_exact;substring
doi:10.1016/j.ijbiomac.2025.143058,10.1016/j.ijbiomac.2025.143058,prep_method,,,,unverifiable,unverifiable,,,
doi:10.1016/j.ijbiomac.2025.143058,10.1016/j.ijbiomac.2025.143058,manufacturing_temp_c,,,,unverifiable,unverifiable,,,
doi:10.1016/j.ijbiomac.2025.143058,10.1016/j.ijbiomac.2025.143058,trigger_mechanism,,,,unverifiable,unverifiable,,,
doi:10.1016/j.ijbiomac.2025.143058,10.1016/j.ijbiomac.2025.143058,rh_conditions_pct,,,,unverifiable,unverifiable,,,
doi:10.1016/j.ijbiomac.2025.143058,10.1016/j.ijbiomac.2025.143058,storage_temp_c,,,,unverifiable,unverifiable,,,
doi:10.1016/j.ijbiomac.2025.143058,10.1016/j.ijbiomac.2025.143058,mcp_loading,,,,unverifiable,unverifiable,,,
doi:10.1016/j.ijbiomac.2025.143058,10.1016/j.ijbiomac.2025.143058,release_method,,,,unverifiable,unverifiable,,,
doi:10.1016/j.ijbiomac.2025.143058,10.1016/j.ijbiomac.2025.143058,release_duration,,,,unverifiable,unverifiable,,,
doi:10.1016/j.ijbiomac.2025.143058,10.1016/j.ijbiomac.2025.143058,kinetic_model,,,,unverifiable,unverifiable,,,
doi:10.1016/j.ijbiomac.2025.143058,10.1016/j.ijbiomac.2025.143058,release_result,over 60 %,,over 60 %,abstract_only,grounded_verbatim,"ensured prolonged antimicrobial activity, effectively reducing yeast and mold growth by over 60 %. Furthermore, the films extended the",abstract,quote_repaired;substring
doi:10.1016/j.ijbiomac.2025.143058,10.1016/j.ijbiomac.2025.143058,produce_tested,Barhi dates,,Barhi dates,abstract_only,grounded_verbatim,Barhi dates,abstract,quote_exact;substring
doi:10.1016/j.ijbiomac.2025.143058,10.1016/j.ijbiomac.2025.143058,package_vol_mass,,,,unverifiable,unverifiable,,not stated,
doi:10.1016/j.ijbiomac.2025.143058,10.1016/j.ijbiomac.2025.143058,quality_outcomes,firmness,,firmness,abstract_only,grounded_verbatim,preserving firmness and quality,abstract,quote_exact;substring
doi:10.1016/j.ijbiomac.2025.143058,10.1016/j.ijbiomac.2025.143058,mechanical_props,,,,unverifiable,unverifiable,,not stated,
doi:10.1016/j.ijbiomac.2025.143058,10.1016/j.ijbiomac.2025.143058,barrier_props,42.23 %,%,42.23 %,abstract_only,grounded_numeric,"ter water vapor barrier properties, with a 42.23 % decrease in water vapor permeability, increased hydrophobicity, and enhanc",abstract,quote_repaired;number_found;unit_match;context_ok
doi:10.1016/j.ijbiomac.2025.143058,10.1016/j.ijbiomac.2025.143058,antimicrobial_outcomes,over 60 %,,over 60 %,abstract_only,grounded_verbatim,"onged antimicrobial activity, effectively reducing yeast and mold growth by over 60 %. Furthermore, the films extended the",abstract,quote_repaired;substring
doi:10.1016/j.ijbiomac.2025.143058,10.1016/j.ijbiomac.2025.143058,limitations,,,,unverifiable,unverifiable,,,
doi:10.1016/j.ijbiomac.2025.143058,10.1016/j.ijbiomac.2025.143058,scaleup_relevance,,,,unverifiable,unverifiable,,,
doi:10.1016/j.ijbiomac.2025.143058,10.1016/j.ijbiomac.2025.143058,concept_relevance,,,,unverifiable,unverifiable,,,
title:45c3c1ec100b,,reference,Zou X et al. (2025). Incorporation of Schizochytrium limacinum oil-based pickering emulsion in chitosan active composite films for strawberry preservation.,,,metadata_only,grounded_verbatim,,api,
title:45c3c1ec100b,,doi,,,,metadata_only,grounded_verbatim,,api,
title:45c3c1ec100b,,pub_type,original_research,,,metadata_only,grounded_verbatim,,api,
title:45c3c1ec100b,,substrate_polymer,chitosan,,chitosan,abstract_only,grounded_verbatim,chitosan (CS) matrix,abstract,quote_exact;substring
title:45c3c1ec100b,,mcp_carrier,,,,unverifiable,unverifiable,,,
title:45c3c1ec100b,,antimicrobial,Schizochytrium limacinum (SL) oil,,Schizochytrium limacinum (SL) oil,abstract_only,grounded_verbatim,Schizochytrium limacinum (SL) oil-based Pickering emulsions,abstract,quote_exact;substring
title:45c3c1ec100b,,prep_method,solution_casting,,solution_casting,abstract_only,grounded_controlled,via a casting method,abstract,quote_exact;enum_clamped
title:45c3c1ec100b,,manufacturing_temp_c,,,,unverifiable,unverifiable,,,
title:45c3c1ec100b,,trigger_mechanism,,,,unverifiable,unverifiable,,,
title:45c3c1ec100b,,rh_conditions_pct,,,,unverifiable,unverifiable,,,
title:45c3c1ec100b,,storage_temp_c,,,,unverifiable,unverifiable,,,
title:45c3c1ec100b,,mcp_loading,,,,unverifiable,unverifiable,,,
title:45c3c1ec100b,,release_method,,,,unverifiable,unverifiable,,,
title:45c3c1ec100b,,release_duration,,,,unverifiable,unverifiable,,,
title:45c3c1ec100b,,kinetic_model,,,none_reported,unverifiable,ungrounded_blanked,,,quote_not_locatable
title:45c3c1ec100b,,release_result,,,,unverifiable,unverifiable,,,
title:45c3c1ec100b,,produce_tested,strawberry,,strawberry,abstract_only,grounded_verbatim,strawberry preservation experiments,abstract,quote_exact;substring
title:45c3c1ec100b,,package_vol_mass,,,,unverifiable,unverifiable,,not stated,
title:45c3c1ec100b,,quality_outcomes,"weight loss, firmness",,"weight loss, firmness",abstract_only,grounded_verbatim,reducing weight loss and mitigating the loss of firmness and titratable acidity during storage,abstract,quote_exact;token_overlap:3/3
title:45c3c1ec100b,,mechanical_props,,,,unverifiable,unverifiable,,not stated,
title:45c3c1ec100b,,barrier_props,1.354 × 10⁻¹²,g·cm/cm²·s·Pa,1.354 × 10⁻¹²,abstract_only,grounded_numeric,"ace contact angle to 91.79° and reduced the water vapor permeability (WVP) to 1.354 × 10⁻¹² g·cm/cm²·s·Pa, indicating improved moisture barr",abstract,quote_repaired;number_found;context_ok
title:45c3c1ec100b,,antimicrobial_outcomes,"28.84, 14.90, 95.19, 88.19",,"28.84, 14.90, 95.19, 88.19",abstract_only,grounded_verbatim,"oil loading. Antibacterial assays revealed maximum inhibition zone diameters of 28.84 mm for S. aureus and 14.90 mm for E. coli, with corresponding growth inhibition rates reaching 95.19 % and 88.19 %. In strawberry preservation experime",abstract,quote_repaired;token_overlap:4/4
title:45c3c1ec100b,,limitations,,,,unverifiable,unverifiable,,not stated,
title:45c3c1ec100b,,scaleup_relevance,,,not_assessable,unverifiable,ungrounded_blanked,,not stated,quote_not_locatable
title:45c3c1ec100b,,concept_relevance,,,adjacent_material,unverifiable,ungrounded_blanked,,not stated,quote_not_locatable
doi:10.1080/14620316.2025.2574319,10.1080/14620316.2025.2574319,reference,"Özge Horzum & Randolph M. Beaudry (2025). “In-box” 1-methylcyclopropene (1-MCP) treatments improve quality retention of ‘Red Delicious’ apple fruit. The Journal of Horticultural Science and Biotechnology, 101, 527-536.",,,metadata_only,grounded_verbatim,,api,
doi:10.1080/14620316.2025.2574319,10.1080/14620316.2025.2574319,doi,10.1080/14620316.2025.2574319,,,metadata_only,grounded_verbatim,,api,
doi:10.1080/14620316.2025.2574319,10.1080/14620316.2025.2574319,pub_type,original_research,,,metadata_only,grounded_verbatim,,api,
doi:10.1080/14620316.2025.2574319,10.1080/14620316.2025.2574319,substrate_polymer,corrugated cardboard,,corrugated cardboard,abstract_only,grounded_verbatim,held in corrugated cardboard boxes,abstract,quote_exact;substring
doi:10.1080/14620316.2025.2574319,10.1080/14620316.2025.2574319,mcp_carrier,,,,unverifiable,unverifiable,,,
doi:10.1080/14620316.2025.2574319,10.1080/14620316.2025.2574319,antimicrobial,1-methylcyclopropene,,1-methylcyclopropene,abstract_only,grounded_verbatim,1-methylcyclopropene (1-MCP),abstract,quote_exact;substring
doi:10.1080/14620316.2025.2574319,10.1080/14620316.2025.2574319,prep_method,,,,unverifiable,unverifiable,,,
doi:10.1080/14620316.2025.2574319,10.1080/14620316.2025.2574319,manufacturing_temp_c,,,,unverifiable,unverifiable,,,
doi:10.1080/14620316.2025.2574319,10.1080/14620316.2025.2574319,trigger_mechanism,humidity_moisture,,humidity_moisture,abstract_only,grounded_controlled,highly dependent on the relative humidity of the environment,abstract,quote_exact;enum_clamped
doi:10.1080/14620316.2025.2574319,10.1080/14620316.2025.2574319,rh_conditions_pct,~98.5,%RH,~98.5,abstract_only,grounded_numeric,~98.5%RH,abstract,quote_exact;number_found;unit_match;context_ok
doi:10.1080/14620316.2025.2574319,10.1080/14620316.2025.2574319,storage_temp_c,,,0,unverifiable,ungrounded_blanked,0°C,abstract,quote_exact;number_found;unit_match;context_reject
doi:10.1080/14620316.2025.2574319,10.1080/14620316.2025.2574319,mcp_loading,,,,unverifiable,unverifiable,,,
doi:10.1080/14620316.2025.2574319,10.1080/14620316.2025.2574319,release_method,,,,unverifiable,unverifiable,,,
doi:10.1080/14620316.2025.2574319,10.1080/14620316.2025.2574319,release_duration,1,day,1,abstract_only,grounded_numeric,within 1 day,abstract,quote_exact;number_found;unit_match;context_ok
doi:10.1080/14620316.2025.2574319,10.1080/14620316.2025.2574319,kinetic_model,,,,unverifiable,unverifiable,,,
doi:10.1080/14620316.2025.2574319,10.1080/14620316.2025.2574319,release_result,The release of 1-MCP from IBP was found to be highly dependent on the relative humidity of the environment but was essentially complete within 1 day at near saturation (~98.5%RH) at 0°C.,,The release of 1-MCP from IBP was found to be highly dependent on the relative humidity of the environment but was essentially complete within 1 day at near saturation (~98.5%RH) at 0°C.,abstract_only,grounded_verbatim,The release of 1-MCP from IBP was found to be highly dependent on the relative humidity of the environment but was essentially complete within 1 day at near saturation (~98.5%RH) at 0°C.,abstract,quote_exact;substring
doi:10.1080/14620316.2025.2574319,10.1080/14620316.2025.2574319,produce_tested,'Red Delicious' apple,,'Red Delicious' apple,abstract_only,grounded_verbatim,P) treatments improve quality retention of ‘Red Delicious’ apple fruit This study investigates the effect o,abstract,quote_repaired;substring
doi:10.1080/14620316.2025.2574319,10.1080/14620316.2025.2574319,package_vol_mass,,,,unverifiable,unverifiable,,not stated,
doi:10.1080/14620316.2025.2574319,10.1080/14620316.2025.2574319,quality_outcomes,"respiration rate, ethylene production, colour, firmness, volatiles, soluble solids, acidity, weight loss, and sensory attributes",,"respiration rate, ethylene production, colour, firmness, volatiles, soluble solids, acidity, weight loss, and sensory attributes",abstract_only,grounded_verbatim,"respiration rate, ethylene production, colour, firmness, volatiles, soluble solids, acidity, weight loss, and sensory attributes",abstract,quote_exact;substring
doi:10.1080/14620316.2025.2574319,10.1080/14620316.2025.2574319,mechanical_props,,,,unverifiable,unverifiable,,not stated,
doi:10.1080/14620316.2025.2574319,10.1080/14620316.2025.2574319,barrier_props,,,,unverifiable,unverifiable,,not stated,
doi:10.1080/14620316.2025.2574319,10.1080/14620316.2025.2574319,antimicrobial_outcomes,,,,unverifiable,unverifiable,,not stated,
doi:10.1080/14620316.2025.2574319,10.1080/14620316.2025.2574319,limitations,"Current efficacy could be improved by adjusting box venting, construction materials, release kinetics, and active ingredient dosage.",,"Current efficacy could be improved by adjusting box venting, construction materials, release kinetics, and active ingredient dosage.",abstract_only,inference_from_quote,"Improvement of efficacy might be possible using boxes with fewer vents, differing box construction materials, altered release kinetics or further increases in the active ingredient in the product.",abstract,quote_exact;no_new_numbers
doi:10.1080/14620316.2025.2574319,10.1080/14620316.2025.2574319,scaleup_relevance,,,not_assessable,unverifiable,ungrounded_blanked,,not stated,quote_not_locatable
doi:10.1080/14620316.2025.2574319,10.1080/14620316.2025.2574319,concept_relevance,core,,core,abstract_only,inference_from_quote,This study investigates the effect of an ‘in-box’ product (IBP) for 1-MCP release on the postharvest properties of ‘Red Delicious’ apples during cold storage.,abstract,quote_exact;no_new_numbers
doi:10.3390/horticulturae9101062,10.3390/horticulturae9101062,reference,"Chang Shu et al. (2023). Effect of Humidity-Triggered Controlled-Release 1-Methylcyclopropene (1-MCP) on Postharvest Quality of Papaya Fruit. Horticulturae, 9, 1062.",,,metadata_only,grounded_verbatim,,api,
doi:10.3390/horticulturae9101062,10.3390/horticulturae9101062,doi,10.3390/horticulturae9101062,,,metadata_only,grounded_verbatim,,api,
doi:10.3390/horticulturae9101062,10.3390/horticulturae9101062,pub_type,original_research,,,metadata_only,grounded_verbatim,,api,
doi:10.3390/horticulturae9101062,10.3390/horticulturae9101062,substrate_polymer,,,,unverifiable,unverifiable,,,
doi:10.3390/horticulturae9101062,10.3390/horticulturae9101062,mcp_carrier,,,,unverifiable,unverifiable,,,
doi:10.3390/horticulturae9101062,10.3390/horticulturae9101062,antimicrobial,,,,unverifiable,unverifiable,,,
doi:10.3390/horticulturae9101062,10.3390/horticulturae9101062,prep_method,,,,unverifiable,unverifiable,,,
doi:10.3390/horticulturae9101062,10.3390/horticulturae9101062,manufacturing_temp_c,,,,unverifiable,unverifiable,,,
doi:10.3390/horticulturae9101062,10.3390/horticulturae9101062,trigger_mechanism,humidity_moisture,,humidity_moisture,abstract_only,grounded_controlled,humidity-triggered,abstract,quote_exact;enum_clamped
doi:10.3390/horticulturae9101062,10.3390/horticulturae9101062,rh_conditions_pct,85,%,85,abstract_only,grounded_numeric,RH 85% ± 2%,abstract,quote_exact;number_found;unit_match;context_ok
doi:10.3390/horticulturae9101062,10.3390/horticulturae9101062,storage_temp_c,,,"10, 20",unverifiable,ungrounded_blanked,,abstract,quote_not_locatable
doi:10.3390/horticulturae9101062,10.3390/horticulturae9101062,mcp_loading,,,,unverifiable,unverifiable,,,
doi:10.3390/horticulturae9101062,10.3390/horticulturae9101062,release_method,,,,unverifiable,unverifiable,,,
doi:10.3390/horticulturae9101062,10.3390/horticulturae9101062,release_duration,,,,unverifiable,unverifiable,,,
doi:10.3390/horticulturae9101062,10.3390/horticulturae9101062,kinetic_model,,,,unverifiable,unverifiable,,,
doi:10.3390/horticulturae9101062,10.3390/horticulturae9101062,release_result,"inhibited fruit softening, and reduced weight loss and peel color deterioration",,"inhibited fruit softening, and reduced weight loss and peel color deterioration",abstract_only,grounded_verbatim,"Results showed that 1-MCP treatment inhibited fruit softening, and reduced weight loss and peel color deterioration without causing any physiological disorders.",abstract,quote_exact;substring
doi:10.3390/horticulturae9101062,10.3390/horticulturae9101062,produce_tested,Papaya (Carica papaya L.),,Papaya (Carica papaya L.),abstract_only,grounded_verbatim,Papaya (Carica papaya L.),abstract,quote_exact;substring
doi:10.3390/horticulturae9101062,10.3390/horticulturae9101062,package_vol_mass,,,,unverifiable,unverifiable,,not stated,
doi:10.3390/horticulturae9101062,10.3390/horticulturae9101062,quality_outcomes,"fruit softening, weight loss, peel color deterioration",,"fruit softening, weight loss, peel color deterioration",abstract_only,grounded_verbatim,"inhibited fruit softening, and reduced weight loss and peel color deterioration",abstract,quote_exact;token_overlap:7/7
doi:10.3390/horticulturae9101062,10.3390/horticulturae9101062,mechanical_props,,,,unverifiable,unverifiable,,not stated,
doi:10.3390/horticulturae9101062,10.3390/horticulturae9101062,barrier_props,,,,unverifiable,unverifiable,,not stated,
doi:10.3390/horticulturae9101062,10.3390/horticulturae9101062,antimicrobial_outcomes,,,,unverifiable,unverifiable,,not stated,
doi:10.3390/horticulturae9101062,10.3390/horticulturae9101062,limitations,,,,unverifiable,unverifiable,,not stated,
doi:10.3390/horticulturae9101062,10.3390/horticulturae9101062,scaleup_relevance,,,not_assessable,unverifiable,ungrounded_blanked,,not stated,quote_not_locatable
doi:10.3390/horticulturae9101062,10.3390/horticulturae9101062,concept_relevance,core,,core,abstract_only,inference_from_quote,"The humidity-triggered controlled-release 1-MCP sheets are effective and convenient, and they can serve as an important tool for regulating postharvest papaya ripening with economic benefits.",abstract,quote_exact;no_new_numbers
doi:10.1016/j.postharvbio.2022.111992,10.1016/j.postharvbio.2022.111992,reference,"Custódia Gago et al. (2022). 1-Methylcyclopropene and lemongrass essential oil nanocoatings effect on the preservation of cold stored ‘Rocha’ pear. Postharvest Biology and Technology, 192, 111992.",,,metadata_only,grounded_verbatim,,api,
doi:10.1016/j.postharvbio.2022.111992,10.1016/j.postharvbio.2022.111992,doi,10.1016/j.postharvbio.2022.111992,,,metadata_only,grounded_verbatim,,api,
doi:10.1016/j.postharvbio.2022.111992,10.1016/j.postharvbio.2022.111992,pub_type,original_research,,,metadata_only,grounded_verbatim,,api,
doi:10.1016/j.postharvbio.2022.111992,10.1016/j.postharvbio.2022.111992,substrate_polymer,sodium alginate,,sodium alginate,abstract_only,grounded_verbatim,sodium alginate 2 % (w/w),abstract,quote_exact;substring
doi:10.1016/j.postharvbio.2022.111992,10.1016/j.postharvbio.2022.111992,mcp_carrier,,,,unverifiable,unverifiable,,,
doi:10.1016/j.postharvbio.2022.111992,10.1016/j.postharvbio.2022.111992,antimicrobial,lemongrass essential oil,,lemongrass essential oil,abstract_only,grounded_verbatim,lemongrass essential oil,abstract,quote_exact;substring
doi:10.1016/j.postharvbio.2022.111992,10.1016/j.postharvbio.2022.111992,prep_method,,,,unverifiable,unverifiable,,,
doi:10.1016/j.postharvbio.2022.111992,10.1016/j.postharvbio.2022.111992,manufacturing_temp_c,,,,unverifiable,unverifiable,,,
doi:10.1016/j.postharvbio.2022.111992,10.1016/j.postharvbio.2022.111992,trigger_mechanism,,,,unverifiable,unverifiable,,,
doi:10.1016/j.postharvbio.2022.111992,10.1016/j.postharvbio.2022.111992,rh_conditions_pct,90–95,%,90–95,abstract_only,grounded_numeric,90–95 % relative humidity (RH),abstract,quote_exact;number_found;context_ok
doi:10.1016/j.postharvbio.2022.111992,10.1016/j.postharvbio.2022.111992,storage_temp_c,0,°C,0,abstract_only,grounded_numeric,0 °C,abstract,quote_exact;number_found;unit_match;context_ok
doi:10.1016/j.postharvbio.2022.111992,10.1016/j.postharvbio.2022.111992,mcp_loading,312,nL L−1,312,abstract_only,grounded_numeric,1-MCP (312 nL L−1),abstract,quote_exact;number_found;context_ok
doi:10.1016/j.postharvbio.2022.111992,10.1016/j.postharvbio.2022.111992,release_method,,,,unverifiable,unverifiable,,not stated,
doi:10.1016/j.postharvbio.2022.111992,10.1016/j.postharvbio.2022.111992,release_duration,,,,unverifiable,unverifiable,,not stated,
doi:10.1016/j.postharvbio.2022.111992,10.1016/j.postharvbio.2022.111992,kinetic_model,,,,unverifiable,unverifiable,,not stated,
doi:10.1016/j.postharvbio.2022.111992,10.1016/j.postharvbio.2022.111992,release_result,,,,unverifiable,unverifiable,,not stated,
doi:10.1016/j.postharvbio.2022.111992,10.1016/j.postharvbio.2022.111992,produce_tested,‘Rocha’ pear,,‘Rocha’ pear,abstract_only,grounded_verbatim,‘Rocha’ pear,abstract,quote_exact;substring
doi:10.1016/j.postharvbio.2022.111992,10.1016/j.postharvbio.2022.111992,package_vol_mass,,,,unverifiable,unverifiable,,,
doi:10.1016/j.postharvbio.2022.111992,10.1016/j.postharvbio.2022.111992,quality_outcomes,"color CIE (L*, hue), firmness, soluble solids content (SSC), titratable acidity (TA), weight loss",,"color CIE (L*, hue), firmness, soluble solids content (SSC), titratable acidity (TA), weight loss",abstract_only,grounded_verbatim,"color CIE (L*, hue), firmness, soluble solids content (SSC), titratable acidity (TA), weight loss",abstract,quote_exact;substring
doi:10.1016/j.postharvbio.2022.111992,10.1016/j.postharvbio.2022.111992,mechanical_props,,,,unverifiable,unverifiable,,,
doi:10.1016/j.postharvbio.2022.111992,10.1016/j.postharvbio.2022.111992,barrier_props,,,,unverifiable,unverifiable,,,
doi:10.1016/j.postharvbio.2022.111992,10.1016/j.postharvbio.2022.111992,antimicrobial_outcomes,,,,unverifiable,unverifiable,,,
doi:10.1016/j.postharvbio.2022.111992,10.1016/j.postharvbio.2022.111992,limitations,,,,unverifiable,unverifiable,,,
doi:10.1016/j.postharvbio.2022.111992,10.1016/j.postharvbio.2022.111992,scaleup_relevance,,,not_assessable,unverifiable,ungrounded_blanked,,not stated,quote_not_locatable
doi:10.1016/j.postharvbio.2022.111992,10.1016/j.postharvbio.2022.111992,concept_relevance,core,,core,abstract_only,inference_from_quote,The effects of coating ‘Rocha’ pear with alginate-based nanoemulsions enriched with lemongrass essential oil (LG) was evaluated and compared to the usual 1-MCP treatment.,abstract,quote_exact;no_new_numbers
doi:10.3390/biology11020242,10.3390/biology11020242,reference,"Esmat F. Ali et al. (2022). The Efficacies of 1-Methylcyclopropene and Chitosan Nanoparticles in Preserving the Postharvest Quality of Damask Rose and Their Underlying Biochemical and Physiological Mechanisms. Biology, 11, 242.",,,metadata_only,grounded_verbatim,,api,
doi:10.3390/biology11020242,10.3390/biology11020242,doi,10.3390/biology11020242,,,metadata_only,grounded_verbatim,,api,
doi:10.3390/biology11020242,10.3390/biology11020242,pub_type,original_research,,,metadata_only,grounded_verbatim,,api,
doi:10.3390/biology11020242,10.3390/biology11020242,substrate_polymer,,,,unverifiable,unverifiable,,,
doi:10.3390/biology11020242,10.3390/biology11020242,mcp_carrier,,,,unverifiable,unverifiable,,,
doi:10.3390/biology11020242,10.3390/biology11020242,antimicrobial,,,,unverifiable,unverifiable,,,
doi:10.3390/biology11020242,10.3390/biology11020242,prep_method,,,,unverifiable,unverifiable,,,
doi:10.3390/biology11020242,10.3390/biology11020242,manufacturing_temp_c,,,,unverifiable,unverifiable,,,
doi:10.3390/biology11020242,10.3390/biology11020242,trigger_mechanism,,,,unverifiable,unverifiable,,,
doi:10.3390/biology11020242,10.3390/biology11020242,rh_conditions_pct,,,,unverifiable,unverifiable,,,
doi:10.3390/biology11020242,10.3390/biology11020242,storage_temp_c,4 or 20,°C,4 or 20,abstract_only,grounded_numeric,storage at 4 or 20 °C,abstract,quote_exact;number_found;context_ok
doi:10.3390/biology11020242,10.3390/biology11020242,mcp_loading,,,,unverifiable,unverifiable,,,
doi:10.3390/biology11020242,10.3390/biology11020242,release_method,,,,unverifiable,unverifiable,,,
doi:10.3390/biology11020242,10.3390/biology11020242,release_duration,,,,unverifiable,unverifiable,,,
doi:10.3390/biology11020242,10.3390/biology11020242,kinetic_model,,,,unverifiable,unverifiable,,,
doi:10.3390/biology11020242,10.3390/biology11020242,release_result,,,,unverifiable,unverifiable,,,
doi:10.3390/biology11020242,10.3390/biology11020242,produce_tested,damask rose,,damask rose,abstract_only,grounded_verbatim,damask rose,abstract,quote_exact;substring
doi:10.3390/biology11020242,10.3390/biology11020242,package_vol_mass,,,,unverifiable,unverifiable,,not stated,
doi:10.3390/biology11020242,10.3390/biology11020242,quality_outcomes,"weight loss, relative water content, volatile oil, total anthocyanins, total carotenoids, total phenolics, antioxidant activity, ethylene evolution, H2O2 generation, malondialdehyde content, cell membrane functions, catalase activity, ascorbate peroxidase activity, polyphenol oxidase activity, lipoxygenase activity",,"weight loss, relative water content, volatile oil, total anthocyanins, total carotenoids, total phenolics, antioxidant activity, ethylene evolution, H2O2 generation, malondialdehyde content, cell membrane functions, catalase activity, ascorbate peroxidase activity, polyphenol oxidase activity, lipoxygenase activity",abstract_only,grounded_verbatim,"The shelf life of damask rose has been significantly extended, along with a reduction in weight loss due to 1-MCP, CSNPs and pre-CSNP treatments. 1-MCP or CSNP applications have resulted in a higher relative water content, volatile oil, total anthocyanins, total carotenoids, total phenolics and antioxidant activity. Ethylene evolution, H2O2 generation and malondialdehyde content were significantly decreased due to 1-MCP or CSNPs treatment, and hence, the cell membrane functions have been maintained. The 1-MCP or CSNP-treated flowers have shown higher activities of catalase and ascorbate peroxidase and lower activities of polyphenol oxidase and lipoxygenase in comparison to untreated flowers.",abstract,quote_exact;token_overlap:34/34
doi:10.3390/biology11020242,10.3390/biology11020242,mechanical_props,,,,unverifiable,unverifiable,,not stated,
doi:10.3390/biology11020242,10.3390/biology11020242,barrier_props,,,,unverifiable,unverifiable,,not stated,
doi:10.3390/biology11020242,10.3390/biology11020242,antimicrobial_outcomes,,,,unverifiable,unverifiable,,not stated,
doi:10.3390/biology11020242,10.3390/biology11020242,limitations,,,,unverifiable,unverifiable,,not stated,
doi:10.3390/biology11020242,10.3390/biology11020242,scaleup_relevance,,,not_assessable,unverifiable,ungrounded_blanked,,not stated,quote_not_locatable
doi:10.3390/biology11020242,10.3390/biology11020242,concept_relevance,adjacent_material,,adjacent_material,abstract_only,inference_from_quote,"Chitosan nanoparticles (CSNPs) and 1-methylcyclopropene (1-MCP) may potentially decrease the postharvest loss of several horticultural commodities, but no findings on damask rose have been published. Therefore, the aim of this research was to study the effect of 1-MCP (400 mg m−3) and either the pre- or postharvest application of CSNPs (1%) on maintaining the quality of damask rose flowers during storage at 4 or 20 °C.",abstract,quote_exact;no_new_numbers
doi:10.1016/j.ijbiomac.2021.02.105,10.1016/j.ijbiomac.2021.02.105,reference,"Sofia M. Costa et al. (2021). Active natural-based films for food packaging applications: The combined effect of chitosan and nanocellulose. International Journal of Biological Macromolecules, 177, 241-251.",,,metadata_only,grounded_verbatim,,api,
doi:10.1016/j.ijbiomac.2021.02.105,10.1016/j.ijbiomac.2021.02.105,doi,10.1016/j.ijbiomac.2021.02.105,,,metadata_only,grounded_verbatim,,api,
doi:10.1016/j.ijbiomac.2021.02.105,10.1016/j.ijbiomac.2021.02.105,pub_type,original_research,,,metadata_only,grounded_verbatim,,api,
doi:10.1016/j.ijbiomac.2021.02.105,10.1016/j.ijbiomac.2021.02.105,substrate_polymer,chitosan,,chitosan,abstract_only,grounded_verbatim,chitosan/cellulose nanocrystals (CNC) films,abstract,quote_exact;substring
doi:10.1016/j.ijbiomac.2021.02.105,10.1016/j.ijbiomac.2021.02.105,mcp_carrier,,,,unverifiable,unverifiable,,,
doi:10.1016/j.ijbiomac.2021.02.105,10.1016/j.ijbiomac.2021.02.105,antimicrobial,,,,unverifiable,unverifiable,,,
doi:10.1016/j.ijbiomac.2021.02.105,10.1016/j.ijbiomac.2021.02.105,prep_method,solution_casting,,solution_casting,abstract_only,grounded_controlled,solvent casting,abstract,quote_exact;enum_clamped
doi:10.1016/j.ijbiomac.2021.02.105,10.1016/j.ijbiomac.2021.02.105,manufacturing_temp_c,,,,unverifiable,unverifiable,,,
doi:10.1016/j.ijbiomac.2021.02.105,10.1016/j.ijbiomac.2021.02.105,trigger_mechanism,,,,unverifiable,unverifiable,,,
doi:10.1016/j.ijbiomac.2021.02.105,10.1016/j.ijbiomac.2021.02.105,rh_conditions_pct,,,,unverifiable,unverifiable,,not stated,
doi:10.1016/j.ijbiomac.2021.02.105,10.1016/j.ijbiomac.2021.02.105,storage_temp_c,,,,unverifiable,unverifiable,,not stated,
doi:10.1016/j.ijbiomac.2021.02.105,10.1016/j.ijbiomac.2021.02.105,mcp_loading,,,,unverifiable,unverifiable,,not stated,
doi:10.1016/j.ijbiomac.2021.02.105,10.1016/j.ijbiomac.2021.02.105,release_method,,,,unverifiable,unverifiable,,not stated,
doi:10.1016/j.ijbiomac.2021.02.105,10.1016/j.ijbiomac.2021.02.105,release_duration,,,,unverifiable,unverifiable,,not stated,
doi:10.1016/j.ijbiomac.2021.02.105,10.1016/j.ijbiomac.2021.02.105,kinetic_model,,,,unverifiable,unverifiable,,not stated,
doi:10.1016/j.ijbiomac.2021.02.105,10.1016/j.ijbiomac.2021.02.105,release_result,,,,unverifiable,unverifiable,,not stated,
doi:10.1016/j.ijbiomac.2021.02.105,10.1016/j.ijbiomac.2021.02.105,produce_tested,chicken meat,,chicken meat,abstract_only,grounded_verbatim,using chicken meat,abstract,quote_exact;substring
doi:10.1016/j.ijbiomac.2021.02.105,10.1016/j.ijbiomac.2021.02.105,package_vol_mass,,,,unverifiable,unverifiable,,not stated,
doi:10.1016/j.ijbiomac.2021.02.105,10.1016/j.ijbiomac.2021.02.105,quality_outcomes,,,,unverifiable,unverifiable,,not stated,
doi:10.1016/j.ijbiomac.2021.02.105,10.1016/j.ijbiomac.2021.02.105,mechanical_props,,,,unverifiable,unverifiable,,not stated,
doi:10.1016/j.ijbiomac.2021.02.105,10.1016/j.ijbiomac.2021.02.105,barrier_props,,,,unverifiable,unverifiable,,not stated,
doi:10.1016/j.ijbiomac.2021.02.105,10.1016/j.ijbiomac.2021.02.105,antimicrobial_outcomes,,,,unverifiable,unverifiable,,not stated,
doi:10.1016/j.ijbiomac.2021.02.105,10.1016/j.ijbiomac.2021.02.105,limitations,,,,unverifiable,unverifiable,,,
doi:10.1016/j.ijbiomac.2021.02.105,10.1016/j.ijbiomac.2021.02.105,scaleup_relevance,,,,unverifiable,unverifiable,,,
doi:10.1016/j.ijbiomac.2021.02.105,10.1016/j.ijbiomac.2021.02.105,concept_relevance,,,,unverifiable,unverifiable,,,
doi:10.1016/j.lwt.2021.111331,10.1016/j.lwt.2021.111331,reference,"Weina Wu et al. (2021). Novel packaging film for humidity-controlled manipulating of ethylene for shelf-life extension of Agaricus bisporus. LWT, 145, 111331.",,,metadata_only,grounded_verbatim,,api,
doi:10.1016/j.lwt.2021.111331,10.1016/j.lwt.2021.111331,doi,10.1016/j.lwt.2021.111331,,,metadata_only,grounded_verbatim,,api,
doi:10.1016/j.lwt.2021.111331,10.1016/j.lwt.2021.111331,pub_type,original_research,,,metadata_only,grounded_verbatim,,api,
doi:10.1016/j.lwt.2021.111331,10.1016/j.lwt.2021.111331,substrate_polymer,polysaccharide,,polysaccharide,abstract_only,grounded_verbatim,A new polysaccharide multilayer biodegradable film,abstract,quote_exact;substring
doi:10.1016/j.lwt.2021.111331,10.1016/j.lwt.2021.111331,mcp_carrier,palladium on carbon,,palladium on carbon,abstract_only,grounded_verbatim,a mixture of 1-methylcyclopropene and palladium on carbon (1-MCP-Pd/C) middle layer,abstract,quote_exact;substring
doi:10.1016/j.lwt.2021.111331,10.1016/j.lwt.2021.111331,antimicrobial,,,,unverifiable,unverifiable,,not stated,
doi:10.1016/j.lwt.2021.111331,10.1016/j.lwt.2021.111331,prep_method,lamination,,lamination,abstract_only,grounded_controlled,fabricated with the stacking order,abstract,quote_exact;enum_clamped
doi:10.1016/j.lwt.2021.111331,10.1016/j.lwt.2021.111331,manufacturing_temp_c,,,,unverifiable,unverifiable,,not stated,
doi:10.1016/j.lwt.2021.111331,10.1016/j.lwt.2021.111331,trigger_mechanism,humidity_moisture,,humidity_moisture,abstract_only,grounded_controlled,adjusting the humidity (50% RH to 100% RH),abstract,quote_exact;enum_clamped
doi:10.1016/j.lwt.2021.111331,10.1016/j.lwt.2021.111331,rh_conditions_pct,50 to 100,% RH,50 to 100,abstract_only,grounded_numeric,(50% RH to 100% RH),abstract,quote_exact;number_found;context_ok
doi:10.1016/j.lwt.2021.111331,10.1016/j.lwt.2021.111331,storage_temp_c,,,20,unverifiable,ungrounded_blanked,f Agaricus bisporus were evaluated at 20 °C. This prepared functional film could del,abstract,quote_repaired;number_found;unit_match;context_reject
doi:10.1016/j.lwt.2021.111331,10.1016/j.lwt.2021.111331,mcp_loading,,,,unverifiable,unverifiable,,,
doi:10.1016/j.lwt.2021.111331,10.1016/j.lwt.2021.111331,release_method,other,,other,abstract_only,grounded_controlled,Gas chromatography analysis,abstract,quote_exact;enum_clamped
doi:10.1016/j.lwt.2021.111331,10.1016/j.lwt.2021.111331,release_duration,,,,unverifiable,unverifiable,,,
doi:10.1016/j.lwt.2021.111331,10.1016/j.lwt.2021.111331,kinetic_model,,,,unverifiable,unverifiable,,,
doi:10.1016/j.lwt.2021.111331,10.1016/j.lwt.2021.111331,release_result,controlled by adjusting the humidity,,controlled by adjusting the humidity,abstract_only,grounded_verbatim,the 1-MCP release rate and ethylene removal rate could be controlled by adjusting the humidity (50% RH to 100% RH),abstract,quote_exact;substring
doi:10.1016/j.lwt.2021.111331,10.1016/j.lwt.2021.111331,produce_tested,Agaricus bisporus,,Agaricus bisporus,abstract_only,grounded_verbatim,Agaricus bisporus,abstract,quote_exact;substring
doi:10.1016/j.lwt.2021.111331,10.1016/j.lwt.2021.111331,package_vol_mass,,,,unverifiable,unverifiable,,,
doi:10.1016/j.lwt.2021.111331,10.1016/j.lwt.2021.111331,quality_outcomes,"softening, browning, weight loss, soluble solid content",,"softening, browning, weight loss, soluble solid content",abstract_only,grounded_verbatim,"delay the softening, browning and weight loss of mushrooms, maintain the integrity of mushroom cell membrane, maintain ascorbic acid content and soluble solid content",abstract,quote_exact;token_overlap:7/7
doi:10.1016/j.lwt.2021.111331,10.1016/j.lwt.2021.111331,mechanical_props,,,,unverifiable,unverifiable,,,
doi:10.1016/j.lwt.2021.111331,10.1016/j.lwt.2021.111331,barrier_props,,,,unverifiable,unverifiable,,,
doi:10.1016/j.lwt.2021.111331,10.1016/j.lwt.2021.111331,antimicrobial_outcomes,,,,unverifiable,unverifiable,,,
doi:10.1016/j.lwt.2021.111331,10.1016/j.lwt.2021.111331,limitations,,,,unverifiable,unverifiable,,not stated,
doi:10.1016/j.lwt.2021.111331,10.1016/j.lwt.2021.111331,scaleup_relevance,,,not_assessable,unverifiable,ungrounded_blanked,,not stated,quote_not_locatable
doi:10.1016/j.lwt.2021.111331,10.1016/j.lwt.2021.111331,concept_relevance,core,,core,abstract_only,inference_from_quote,"A new polysaccharide multilayer biodegradable film was developed and tested, which can scavenge ethylene and inhibit ethylene action by releasing 1-methylcyclopropene (1-MCP).",abstract,quote_exact;no_new_numbers
doi:10.1111/j.1750-3841.2012.02683.x,10.1111/j.1750-3841.2012.02683.x,reference,"Liping Kou et al. (2012). Extending the Shelf Life of Edible Flowers with Controlled Release of 1‐Methylcyclopropene and Modified Atmosphere Packaging. Journal of Food Science, 77.",,,metadata_only,grounded_verbatim,,api,
doi:10.1111/j.1750-3841.2012.02683.x,10.1111/j.1750-3841.2012.02683.x,doi,10.1111/j.1750-3841.2012.02683.x,,,metadata_only,grounded_verbatim,,api,
doi:10.1111/j.1750-3841.2012.02683.x,10.1111/j.1750-3841.2012.02683.x,pub_type,original_research,,,metadata_only,grounded_verbatim,,api,
doi:10.1111/j.1750-3841.2012.02683.x,10.1111/j.1750-3841.2012.02683.x,substrate_polymer,,,,unverifiable,unverifiable,,,
doi:10.1111/j.1750-3841.2012.02683.x,10.1111/j.1750-3841.2012.02683.x,mcp_carrier,,,,unverifiable,unverifiable,,,
doi:10.1111/j.1750-3841.2012.02683.x,10.1111/j.1750-3841.2012.02683.x,antimicrobial,,,,unverifiable,unverifiable,,,
doi:10.1111/j.1750-3841.2012.02683.x,10.1111/j.1750-3841.2012.02683.x,prep_method,,,,unverifiable,unverifiable,,,
doi:10.1111/j.1750-3841.2012.02683.x,10.1111/j.1750-3841.2012.02683.x,manufacturing_temp_c,,,,unverifiable,unverifiable,,,
doi:10.1111/j.1750-3841.2012.02683.x,10.1111/j.1750-3841.2012.02683.x,trigger_mechanism,,,,unverifiable,unverifiable,,,
doi:10.1111/j.1750-3841.2012.02683.x,10.1111/j.1750-3841.2012.02683.x,rh_conditions_pct,,,,unverifiable,unverifiable,,,
doi:10.1111/j.1750-3841.2012.02683.x,10.1111/j.1750-3841.2012.02683.x,storage_temp_c,5,°C,5,abstract_only,grounded_numeric,stored at 5 °C,abstract,quote_exact;number_found;unit_match;context_ok
doi:10.1111/j.1750-3841.2012.02683.x,10.1111/j.1750-3841.2012.02683.x,mcp_loading,,,0.5,unverifiable,ungrounded_blanked,0.5 μL/L of 1‐MCP,abstract,quote_exact;number_found;context_reject
doi:10.1111/j.1750-3841.2012.02683.x,10.1111/j.1750-3841.2012.02683.x,release_method,,,,unverifiable,unverifiable,,,
doi:10.1111/j.1750-3841.2012.02683.x,10.1111/j.1750-3841.2012.02683.x,release_duration,,,14,unverifiable,ungrounded_blanked,"evaluated on days 0, 7, and 14",abstract,quote_exact;number_found;context_reject
doi:10.1111/j.1750-3841.2012.02683.x,10.1111/j.1750-3841.2012.02683.x,kinetic_model,,,,unverifiable,unverifiable,,,
doi:10.1111/j.1750-3841.2012.02683.x,10.1111/j.1750-3841.2012.02683.x,release_result,significantly extended storage life,,significantly extended storage life,abstract_only,grounded_verbatim,Treatments with controlled release of 1‐MCP and MAP significantly extended storage life of edible carnation and snapdragon flowers.,abstract,quote_exact;substring
doi:10.1111/j.1750-3841.2012.02683.x,10.1111/j.1750-3841.2012.02683.x,produce_tested,carnations and snapdragons,,carnations and snapdragons,abstract_only,grounded_verbatim,Freshly harvested carnations and snapdragons,abstract,quote_exact;substring
doi:10.1111/j.1750-3841.2012.02683.x,10.1111/j.1750-3841.2012.02683.x,package_vol_mass,,,,unverifiable,unverifiable,,not stated,
doi:10.1111/j.1750-3841.2012.02683.x,10.1111/j.1750-3841.2012.02683.x,quality_outcomes,"flower quality, overall quality, electrolyte leakage, abscission, dehydration",,"flower quality, overall quality, electrolyte leakage, abscission, dehydration",abstract_only,grounded_verbatim,"flower quality were evaluated on days 0, 7, and 14. Treatment with 1‐MCP resulted in significantly slower changes in package headspace O 2 , CO 2 , and C 2 H 4 partial pressures, maintained higher overall quality of both flower species and reduced electrolyte leakage and abscission in snapdragon. All samples prepared with MAP had significantly reduced dehydration and higher overall quality compared to flowers packaged commercially in plastic clamshell containers.",abstract,quote_exact;token_overlap:8/8
doi:10.1111/j.1750-3841.2012.02683.x,10.1111/j.1750-3841.2012.02683.x,mechanical_props,,,,unverifiable,unverifiable,,not stated,
doi:10.1111/j.1750-3841.2012.02683.x,10.1111/j.1750-3841.2012.02683.x,barrier_props,,,,unverifiable,unverifiable,,not stated,
doi:10.1111/j.1750-3841.2012.02683.x,10.1111/j.1750-3841.2012.02683.x,antimicrobial_outcomes,,,,unverifiable,unverifiable,,not stated,
doi:10.1111/j.1750-3841.2012.02683.x,10.1111/j.1750-3841.2012.02683.x,limitations,,,,unverifiable,unverifiable,,,
doi:10.1111/j.1750-3841.2012.02683.x,10.1111/j.1750-3841.2012.02683.x,scaleup_relevance,,,not_assessable,unverifiable,ungrounded_blanked,,,quote_not_locatable
doi:10.1111/j.1750-3841.2012.02683.x,10.1111/j.1750-3841.2012.02683.x,concept_relevance,,,background,unverifiable,ungrounded_blanked,,,quote_not_locatable
doi:10.1016/j.ijbiomac.2026.151570,10.1016/j.ijbiomac.2026.151570,reference,"Sobia Naseem et al. (2026). Chlorogenic acid crosslinked cellulose nanocomposite film embedded with chitosan for improved mechanical and barrier properties. International Journal of Biological Macromolecules, 355, 151570.",,,metadata_only,grounded_verbatim,,api,
doi:10.1016/j.ijbiomac.2026.151570,10.1016/j.ijbiomac.2026.151570,doi,10.1016/j.ijbiomac.2026.151570,,,metadata_only,grounded_verbatim,,api,
doi:10.1016/j.ijbiomac.2026.151570,10.1016/j.ijbiomac.2026.151570,pub_type,original_research,,,metadata_only,grounded_verbatim,,api,
doi:10.1016/j.ijbiomac.2026.151570,10.1016/j.ijbiomac.2026.151570,substrate_polymer,chitosan,,chitosan,abstract_only,grounded_verbatim,chitosan (CS) matrix,abstract,quote_exact;substring
doi:10.1016/j.ijbiomac.2026.151570,10.1016/j.ijbiomac.2026.151570,mcp_carrier,,,,unverifiable,unverifiable,,,
doi:10.1016/j.ijbiomac.2026.151570,10.1016/j.ijbiomac.2026.151570,antimicrobial,Chlorogenic acid,,Chlorogenic acid,abstract_only,grounded_verbatim,Chlorogenic acid,abstract,quote_exact;substring
doi:10.1016/j.ijbiomac.2026.151570,10.1016/j.ijbiomac.2026.151570,prep_method,,,,unverifiable,unverifiable,,,
doi:10.1016/j.ijbiomac.2026.151570,10.1016/j.ijbiomac.2026.151570,manufacturing_temp_c,,,,unverifiable,unverifiable,,,
doi:10.1016/j.ijbiomac.2026.151570,10.1016/j.ijbiomac.2026.151570,trigger_mechanism,,,,unverifiable,unverifiable,,,
doi:10.1016/j.ijbiomac.2026.151570,10.1016/j.ijbiomac.2026.151570,rh_conditions_pct,,,,unverifiable,unverifiable,,not stated,
doi:10.1016/j.ijbiomac.2026.151570,10.1016/j.ijbiomac.2026.151570,storage_temp_c,,,,unverifiable,unverifiable,,not stated,
doi:10.1016/j.ijbiomac.2026.151570,10.1016/j.ijbiomac.2026.151570,mcp_loading,,,,unverifiable,unverifiable,,not stated,
doi:10.1016/j.ijbiomac.2026.151570,10.1016/j.ijbiomac.2026.151570,release_method,,,,unverifiable,unverifiable,,not stated,
doi:10.1016/j.ijbiomac.2026.151570,10.1016/j.ijbiomac.2026.151570,release_duration,,,,unverifiable,unverifiable,,not stated,
doi:10.1016/j.ijbiomac.2026.151570,10.1016/j.ijbiomac.2026.151570,kinetic_model,,,,unverifiable,unverifiable,,not stated,
doi:10.1016/j.ijbiomac.2026.151570,10.1016/j.ijbiomac.2026.151570,release_result,,,,unverifiable,unverifiable,,not stated,
doi:10.1016/j.ijbiomac.2026.151570,10.1016/j.ijbiomac.2026.151570,produce_tested,strawberries,,strawberries,abstract_only,grounded_verbatim,protected the strawberries until the 8th day of storage,conclusion,quote_exact;substring
doi:10.1016/j.ijbiomac.2026.151570,10.1016/j.ijbiomac.2026.151570,package_vol_mass,,,,unverifiable,unverifiable,,,
doi:10.1016/j.ijbiomac.2026.151570,10.1016/j.ijbiomac.2026.151570,quality_outcomes,,,,unverifiable,unverifiable,,,
doi:10.1016/j.ijbiomac.2026.151570,10.1016/j.ijbiomac.2026.151570,mechanical_props,,,tensile strength,unverifiable,ungrounded_blanked,increased CNC contents lowered tensile strength,abstract,quote_exact;no_parsable_quantity
doi:10.1016/j.ijbiomac.2026.151570,10.1016/j.ijbiomac.2026.151570,barrier_props,water-vapour permeability,g/m<sup>3</sup> s Pa,water-vapour permeability,abstract_only,grounded_numeric,and a low water vapor permeability of 0.7 × 10<sup>-1</sup> g/m<sup>3</sup> s Pa which was better than that of neat cel,abstract,quote_repaired;number_found;context_ok
doi:10.1016/j.ijbiomac.2026.151570,10.1016/j.ijbiomac.2026.151570,antimicrobial_outcomes,,,,unverifiable,unverifiable,,,
doi:10.1016/j.ijbiomac.2026.151570,10.1016/j.ijbiomac.2026.151570,limitations,increased CNC content reduces tensile strength,,increased CNC content reduces tensile strength,abstract_only,inference_from_quote,though increased CNC contents lowered tensile strength.,abstract,quote_exact;no_new_numbers
doi:10.1016/j.ijbiomac.2026.151570,10.1016/j.ijbiomac.2026.151570,scaleup_relevance,low,,low,abstract_only,inference_from_quote,Urtica dioica cellulose (UDC) was transformed into cellulose nanocrystals (CNC) by acid hydrolytic (AH) treatment which were integrated into a chitosan (CS) matrix.,abstract,quote_exact;no_new_numbers
doi:10.1016/j.ijbiomac.2026.151570,10.1016/j.ijbiomac.2026.151570,concept_relevance,adjacent_material,,adjacent_material,abstract_only,inference_from_quote,The synergic effect of polysaccharides (CNC and CS) and bioactive compound (CG acid) protected the strawberries until the 8th day of storage.,abstract,quote_exact;no_new_numbers
title:c1d0d98454af,,reference,Ahn S et al. (2026). Controlled release system inducing change in stability of volatile essential oil emulsion incorporated in a hydrogel using a responsive polymer for practical active food packaging.,,,metadata_only,grounded_verbatim,,api,
title:c1d0d98454af,,doi,,,,metadata_only,grounded_verbatim,,api,
title:c1d0d98454af,,pub_type,original_research,,,metadata_only,grounded_verbatim,,api,
title:c1d0d98454af,,substrate_polymer,polyvinyl alcohol (PVA),,polyvinyl alcohol (PVA),abstract_only,grounded_verbatim,polyvinyl alcohol (PVA),abstract,quote_exact;substring
title:c1d0d98454af,,mcp_carrier,,,,unverifiable,unverifiable,,,
title:c1d0d98454af,,antimicrobial,lemongrass essential oil (LO),,lemongrass essential oil (LO),abstract_only,grounded_verbatim,lemongrass essential oil (LO),abstract,quote_exact;substring
title:c1d0d98454af,,prep_method,solution_casting,,casting,abstract_only,grounded_controlled,prepared via casting,abstract,quote_exact;enum_clamped
title:c1d0d98454af,,manufacturing_temp_c,,,,unverifiable,unverifiable,,,
title:c1d0d98454af,,trigger_mechanism,humidity_moisture,,humidity_moisture,abstract_only,grounded_controlled,humidity-responsive,abstract,quote_exact;enum_clamped
title:c1d0d98454af,,rh_conditions_pct,"30, 50, 70, and 90",%,"30, 50, 70, and 90",abstract_only,grounded_numeric,"y-responsive release was analyzed at various relative humidity (RH) levels (30, 50, 70, and 90 %) over 72 h. LO retention within the f",abstract,quote_repaired;number_found;context_ok
title:c1d0d98454af,,storage_temp_c,,,,unverifiable,unverifiable,,,
title:c1d0d98454af,,mcp_loading,,,,unverifiable,unverifiable,,,
title:c1d0d98454af,,release_method,,,,unverifiable,unverifiable,,,
title:c1d0d98454af,,release_duration,72,h,72,abstract_only,grounded_numeric,"umidity (RH) levels (30, 50, 70, and 90 %) over 72 h. LO retention within the films was 6",abstract,quote_repaired;number_found;unit_match;context_ok
title:c1d0d98454af,,kinetic_model,,,,unverifiable,unverifiable,,,
title:c1d0d98454af,,release_result,decreasing to 9.98 ± 1.42 % at 90 % RH,,decreasing to 9.98 ± 1.42 % at 90 % RH,abstract_only,grounded_verbatim,") levels (30, 50, 70, and 90 %) over 72 h. LO retention within the films was 61.29 ± 5.56 % at 26 % RH, decreasing to 9.98 ± 1.42 % at 90 % RH, demonstrating that the release rate of LO increased with higher humidity levels. To assess their practical applica",abstract,quote_repaired;substring
title:c1d0d98454af,,produce_tested,,,,unverifiable,unverifiable,,,
title:c1d0d98454af,,package_vol_mass,,,,unverifiable,unverifiable,,,
title:c1d0d98454af,,quality_outcomes,,,,unverifiable,unverifiable,,,
title:c1d0d98454af,,mechanical_props,,,,unverifiable,unverifiable,,,
title:c1d0d98454af,,barrier_props,,,,unverifiable,unverifiable,,,
title:c1d0d98454af,,antimicrobial_outcomes,,,,unverifiable,unverifiable,,,
title:c1d0d98454af,,limitations,,,,unverifiable,unverifiable,,not stated,
title:c1d0d98454af,,scaleup_relevance,,,not_assessable,unverifiable,ungrounded_blanked,,not stated,quote_not_locatable
title:c1d0d98454af,,concept_relevance,core,,core,abstract_only,inference_from_quote,This study proposes a humidity-responsive controlled-release active packaging system to overcome this challenge.,abstract,quote_exact;no_new_numbers
doi:10.1016/j.ijbiomac.2025.149604,10.1016/j.ijbiomac.2025.149604,reference,"Ke Liu et al. (2026). L-cysteine modified carboxymethyl chitosan composite film: sustained release of cinnamon essential oil, enhanced antibacterial properties, and application in shrimp preservation. International Journal of Biological Macromolecules, 338, 149604.",,,metadata_only,grounded_verbatim,,api,
doi:10.1016/j.ijbiomac.2025.149604,10.1016/j.ijbiomac.2025.149604,doi,10.1016/j.ijbiomac.2025.149604,,,metadata_only,grounded_verbatim,,api,
doi:10.1016/j.ijbiomac.2025.149604,10.1016/j.ijbiomac.2025.149604,pub_type,original_research,,,metadata_only,grounded_verbatim,,api,
doi:10.1016/j.ijbiomac.2025.149604,10.1016/j.ijbiomac.2025.149604,substrate_polymer,oxidized hyaluronic acid and thiol-modified carboxymethyl chitosan,,oxidized hyaluronic acid and thiol-modified carboxymethyl chitosan,abstract_only,grounded_verbatim,composed of oxidized hyaluronic acid and thiol-modified carboxymethyl chitosan,abstract,quote_exact;substring
doi:10.1016/j.ijbiomac.2025.149604,10.1016/j.ijbiomac.2025.149604,mcp_carrier,,,,unverifiable,unverifiable,,,
doi:10.1016/j.ijbiomac.2025.149604,10.1016/j.ijbiomac.2025.149604,antimicrobial,cinnamon essential oil (CEO),,cinnamon essential oil (CEO),abstract_only,grounded_verbatim,incorporating cinnamon essential oil (CEO),abstract,quote_exact;substring
doi:10.1016/j.ijbiomac.2025.149604,10.1016/j.ijbiomac.2025.149604,prep_method,,,,unverifiable,unverifiable,,,
doi:10.1016/j.ijbiomac.2025.149604,10.1016/j.ijbiomac.2025.149604,manufacturing_temp_c,,,,unverifiable,unverifiable,,,
doi:10.1016/j.ijbiomac.2025.149604,10.1016/j.ijbiomac.2025.149604,trigger_mechanism,other,,other,abstract_only,grounded_controlled,"Under reducing conditions, the cleavage of disulfide bonds in the film reduces the network density and accelerates the release of CEO.",abstract,quote_exact;enum_clamped
doi:10.1016/j.ijbiomac.2025.149604,10.1016/j.ijbiomac.2025.149604,rh_conditions_pct,,,,unverifiable,unverifiable,,,
doi:10.1016/j.ijbiomac.2025.149604,10.1016/j.ijbiomac.2025.149604,storage_temp_c,,,,unverifiable,unverifiable,,,
doi:10.1016/j.ijbiomac.2025.149604,10.1016/j.ijbiomac.2025.149604,mcp_loading,,,,unverifiable,unverifiable,,,
doi:10.1016/j.ijbiomac.2025.149604,10.1016/j.ijbiomac.2025.149604,release_method,,,,unverifiable,unverifiable,,,
doi:10.1016/j.ijbiomac.2025.149604,10.1016/j.ijbiomac.2025.149604,release_duration,42 h,h,42 h,abstract_only,grounded_numeric,effective loading rate of 80.53 % and maintained sustained release over 42 h. This controlled-release mechanism results,abstract,quote_repaired;number_found;unit_match;context_ok
doi:10.1016/j.ijbiomac.2025.149604,10.1016/j.ijbiomac.2025.149604,kinetic_model,,,,unverifiable,unverifiable,,,
doi:10.1016/j.ijbiomac.2025.149604,10.1016/j.ijbiomac.2025.149604,release_result,sustained release over 42 h,,sustained release over 42 h,abstract_only,grounded_verbatim,effective loading rate of 80.53 % and maintained sustained release over 42 h. This controlled-release mechanism results,abstract,quote_repaired;substring
doi:10.1016/j.ijbiomac.2025.149604,10.1016/j.ijbiomac.2025.149604,produce_tested,shrimp,,shrimp,abstract_only,grounded_verbatim,shrimp,abstract,quote_exact;substring
doi:10.1016/j.ijbiomac.2025.149604,10.1016/j.ijbiomac.2025.149604,package_vol_mass,,,,unverifiable,unverifiable,,not stated,
doi:10.1016/j.ijbiomac.2025.149604,10.1016/j.ijbiomac.2025.149604,quality_outcomes,"weight loss 10.54 %, TVB-N content 27.55 mg/100 g, MDA content 0.51 mg/100 g, TVC 4.88 log CFU/g, ORP -49.51 mV",,"weight loss 10.54 %, TVB-N content 27.55 mg/100 g, MDA content 0.51 mg/100 g, TVC 4.88 log CFU/g, ORP -49.51 mV",abstract_only,grounded_verbatim,"EO film-coated shrimp showed a weight loss (10.54 %), TVB-N content (27.55 mg/100 g), MDA content (0.51 mg/100 g), TVC (4.88 log CFU/g), and ORP (-49.51 mV). This novel composite material offe",abstract,quote_repaired;token_prefix
doi:10.1016/j.ijbiomac.2025.149604,10.1016/j.ijbiomac.2025.149604,mechanical_props,"elongation at break 59.83 %, puncture strength 5.89 kg/mm2","%, kg/mm2","elongation at break 59.83 %, puncture strength 5.89 kg/mm2",abstract_only,grounded_numeric,"film (OSC) and formed OSC-CEO, and its elongation at break and puncture strength increased to 59.83 % and 5.89 kg/mm<sup>2</sup>, respectively. Meanwhile, the film loade",abstract,quote_repaired;number_found;unit_match;context_ok
doi:10.1016/j.ijbiomac.2025.149604,10.1016/j.ijbiomac.2025.149604,barrier_props,"water vapor permeability 7.14 × 10-12 g/m·s·Pa, oxygen permeability 16 × 10-9 g/m2 s","g/m·s·Pa, g/m2 s","water vapor permeability 7.14 × 10-12 g/m·s·Pa, oxygen permeability 16 × 10-9 g/m2 s",abstract_only,grounded_numeric,"he film loaded with 7 % CEO achieved a water vapor permeability of 7.14 × 10<sup>-12</sup> g/m·s·Pa and an oxygen permeability of 16 × 10<sup>-9</sup> g/m<sup>2</sup> s. Under reducing conditions, the cleava",abstract,quote_repaired;number_found;context_ok
doi:10.1016/j.ijbiomac.2025.149604,10.1016/j.ijbiomac.2025.149604,antimicrobial_outcomes,,,,unverifiable,unverifiable,,not stated,
doi:10.1016/j.ijbiomac.2025.149604,10.1016/j.ijbiomac.2025.149604,limitations,,,,unverifiable,unverifiable,,not stated,
doi:10.1016/j.ijbiomac.2025.149604,10.1016/j.ijbiomac.2025.149604,scaleup_relevance,,,not_assessable,unverifiable,ungrounded_blanked,,not stated,quote_not_locatable
doi:10.1016/j.ijbiomac.2025.149604,10.1016/j.ijbiomac.2025.149604,concept_relevance,adjacent_mechanism,,adjacent_mechanism,abstract_only,inference_from_quote,"Under reducing conditions, the cleavage of disulfide bonds in the film reduces the network density and accelerates the release of CEO.",abstract,quote_exact;no_new_numbers
doi:10.1016/j.foodchem.2026.149345,10.1016/j.foodchem.2026.149345,reference,"Yayue Wang et al. (2026). Moisture-triggered one-step encapsulation of cinnamaldehyde in β-cyclodextrin for humidity responsive release and food preservation. Food Chemistry, 516, 149345.",,,metadata_only,grounded_verbatim,,api,
doi:10.1016/j.foodchem.2026.149345,10.1016/j.foodchem.2026.149345,doi,10.1016/j.foodchem.2026.149345,,,metadata_only,grounded_verbatim,,api,
doi:10.1016/j.foodchem.2026.149345,10.1016/j.foodchem.2026.149345,pub_type,original_research,,,metadata_only,grounded_verbatim,,api,
doi:10.1016/j.foodchem.2026.149345,10.1016/j.foodchem.2026.149345,substrate_polymer,β-cyclodextrin,,β-cyclodextrin,abstract_only,grounded_verbatim,β-cyclodextrin (β-CD),abstract,quote_exact;substring
doi:10.1016/j.foodchem.2026.149345,10.1016/j.foodchem.2026.149345,mcp_carrier,,,,unverifiable,unverifiable,,,
doi:10.1016/j.foodchem.2026.149345,10.1016/j.foodchem.2026.149345,antimicrobial,cinnamaldehyde,,cinnamaldehyde,abstract_only,grounded_verbatim,cinnamaldehyde (CIN),abstract,quote_exact;substring
doi:10.1016/j.foodchem.2026.149345,10.1016/j.foodchem.2026.149345,prep_method,spray_drying,,spray_drying,abstract_only,grounded_controlled,spray-dried,abstract,quote_exact;enum_clamped
doi:10.1016/j.foodchem.2026.149345,10.1016/j.foodchem.2026.149345,manufacturing_temp_c,,,,unverifiable,unverifiable,,,
doi:10.1016/j.foodchem.2026.149345,10.1016/j.foodchem.2026.149345,trigger_mechanism,humidity_moisture,,humidity_moisture,abstract_only,grounded_controlled,humidity-responsive,abstract,quote_exact;enum_clamped
doi:10.1016/j.foodchem.2026.149345,10.1016/j.foodchem.2026.149345,rh_conditions_pct,,,,unverifiable,unverifiable,,not stated,
doi:10.1016/j.foodchem.2026.149345,10.1016/j.foodchem.2026.149345,storage_temp_c,,,,unverifiable,unverifiable,,not stated,
doi:10.1016/j.foodchem.2026.149345,10.1016/j.foodchem.2026.149345,mcp_loading,,,,unverifiable,unverifiable,,not stated,
doi:10.1016/j.foodchem.2026.149345,10.1016/j.foodchem.2026.149345,release_method,,,,unverifiable,unverifiable,,not stated,
doi:10.1016/j.foodchem.2026.149345,10.1016/j.foodchem.2026.149345,release_duration,,,,unverifiable,unverifiable,,not stated,
doi:10.1016/j.foodchem.2026.149345,10.1016/j.foodchem.2026.149345,kinetic_model,,,,unverifiable,unverifiable,,not stated,
doi:10.1016/j.foodchem.2026.149345,10.1016/j.foodchem.2026.149345,release_result,CIN release was humidity-responsive with sustained kinetics.,,CIN release was humidity-responsive with sustained kinetics.,abstract_only,grounded_verbatim,CIN release was humidity-responsive with sustained kinetics.,abstract,quote_exact;substring
doi:10.1016/j.foodchem.2026.149345,10.1016/j.foodchem.2026.149345,produce_tested,blueberries and cherry tomatoes,,blueberries and cherry tomatoes,abstract_only,grounded_verbatim,"rytis cinerea, and Penicillium expansum. Practical preservation tests on blueberries and cherry tomatoes confirmed its efficacy in maintaining quality over 10 days. This work provides a scalable, solvent-",abstract,quote_repaired;substring
doi:10.1016/j.foodchem.2026.149345,10.1016/j.foodchem.2026.149345,package_vol_mass,,,,unverifiable,unverifiable,,,
doi:10.1016/j.foodchem.2026.149345,10.1016/j.foodchem.2026.149345,quality_outcomes,,,,unverifiable,unverifiable,,,
doi:10.1016/j.foodchem.2026.149345,10.1016/j.foodchem.2026.149345,mechanical_props,,,,unverifiable,unverifiable,,,
doi:10.1016/j.foodchem.2026.149345,10.1016/j.foodchem.2026.149345,barrier_props,,,,unverifiable,unverifiable,,,
doi:10.1016/j.foodchem.2026.149345,10.1016/j.foodchem.2026.149345,antimicrobial_outcomes,"Staphylococcus aureus, Escherichia coli, Botrytis cinerea, and Penicillium expansum",,"Staphylococcus aureus, Escherichia coli, Botrytis cinerea, and Penicillium expansum",abstract_only,grounded_verbatim,"y-responsive with sustained kinetics. The β-CD-IC demonstrated broad-spectrum, long-lasting (≥14 days) antimicrobial activity against Staphylococcus aureus, Escherichia coli, Botrytis cinerea, and Penicillium expansum. Practical preservation tests on bluebe",abstract,quote_repaired;substring
doi:10.1016/j.foodchem.2026.149345,10.1016/j.foodchem.2026.149345,limitations,,,,unverifiable,unverifiable,,,
doi:10.1016/j.foodchem.2026.149345,10.1016/j.foodchem.2026.149345,scaleup_relevance,high,,high,abstract_only,inference_from_quote,"This work provides a scalable, solvent-free approach for stabilizing volatile antimicrobials with controlled release, offering significant potential for active food packaging.",abstract,quote_exact;no_new_numbers
doi:10.1016/j.foodchem.2026.149345,10.1016/j.foodchem.2026.149345,concept_relevance,core,,core,abstract_only,inference_from_quote,Moisture-triggered one-step encapsulation of cinnamaldehyde in β-cyclodextrin for humidity responsive release and food preservation,abstract,quote_exact;no_new_numbers
doi:10.1016/j.ijbiomac.2026.152106,10.1016/j.ijbiomac.2026.152106,reference,"Tingting Zhang et al. (2026). TEMPO-oxidized cellulose nanofiber/chitosan composite films stabilized by cumin essential oil-loaded Pickering emulsions for multifunctional food preservation. International Journal of Biological Macromolecules, 362, 152106.",,,metadata_only,grounded_verbatim,,api,
doi:10.1016/j.ijbiomac.2026.152106,10.1016/j.ijbiomac.2026.152106,doi,10.1016/j.ijbiomac.2026.152106,,,metadata_only,grounded_verbatim,,api,
doi:10.1016/j.ijbiomac.2026.152106,10.1016/j.ijbiomac.2026.152106,pub_type,original_research,,,metadata_only,grounded_verbatim,,api,
doi:10.1016/j.ijbiomac.2026.152106,10.1016/j.ijbiomac.2026.152106,substrate_polymer,,,TOCNF/chitosan,unverifiable,ungrounded_blanked,TEMPO-oxidized cellulose nanofiber (TOCNF)/chitosan (CS) matrix,abstract,quote_exact;token_overlap:0/1
doi:10.1016/j.ijbiomac.2026.152106,10.1016/j.ijbiomac.2026.152106,mcp_carrier,,,,unverifiable,unverifiable,,,
doi:10.1016/j.ijbiomac.2026.152106,10.1016/j.ijbiomac.2026.152106,antimicrobial,cumin essential oil,,cumin essential oil,abstract_only,grounded_verbatim,cumin essential oil,abstract,quote_exact;substring
doi:10.1016/j.ijbiomac.2026.152106,10.1016/j.ijbiomac.2026.152106,prep_method,,,,unverifiable,unverifiable,,,
doi:10.1016/j.ijbiomac.2026.152106,10.1016/j.ijbiomac.2026.152106,manufacturing_temp_c,,,,unverifiable,unverifiable,,,
doi:10.1016/j.ijbiomac.2026.152106,10.1016/j.ijbiomac.2026.152106,trigger_mechanism,,,,unverifiable,unverifiable,,,
doi:10.1016/j.ijbiomac.2026.152106,10.1016/j.ijbiomac.2026.152106,rh_conditions_pct,,,,unverifiable,unverifiable,,,
doi:10.1016/j.ijbiomac.2026.152106,10.1016/j.ijbiomac.2026.152106,storage_temp_c,,,,unverifiable,unverifiable,,,
doi:10.1016/j.ijbiomac.2026.152106,10.1016/j.ijbiomac.2026.152106,mcp_loading,,,,unverifiable,unverifiable,,,
doi:10.1016/j.ijbiomac.2026.152106,10.1016/j.ijbiomac.2026.152106,release_method,,,,unverifiable,unverifiable,,,
doi:10.1016/j.ijbiomac.2026.152106,10.1016/j.ijbiomac.2026.152106,release_duration,,,,unverifiable,unverifiable,,,
doi:10.1016/j.ijbiomac.2026.152106,10.1016/j.ijbiomac.2026.152106,kinetic_model,,,,unverifiable,unverifiable,,,
doi:10.1016/j.ijbiomac.2026.152106,10.1016/j.ijbiomac.2026.152106,release_result,,,,unverifiable,unverifiable,,,
doi:10.1016/j.ijbiomac.2026.152106,10.1016/j.ijbiomac.2026.152106,produce_tested,tomatoes and blueberries,,tomatoes and blueberries,abstract_only,grounded_verbatim,tomatoes and blueberries,abstract,quote_exact;substring
doi:10.1016/j.ijbiomac.2026.152106,10.1016/j.ijbiomac.2026.152106,package_vol_mass,,,,unverifiable,unverifiable,,,
doi:10.1016/j.ijbiomac.2026.152106,10.1016/j.ijbiomac.2026.152106,quality_outcomes,"weight loss, firmness decline, pH changes",,"weight loss, firmness decline, pH changes",abstract_only,grounded_verbatim,"significantly reduced weight loss, delayed firmness decline, and moderated pH changes",abstract,quote_exact;token_overlap:5/5
doi:10.1016/j.ijbiomac.2026.152106,10.1016/j.ijbiomac.2026.152106,mechanical_props,mechanical strength up to 45.2 MPa,MPa,mechanical strength up to 45.2 MPa,abstract_only,grounded_numeric,"that the composite film possessed outstanding mechanical strength (up to 45.2 MPa), a markedly reduced water vapor transmissi",abstract,quote_repaired;number_found;unit_match;context_ok
doi:10.1016/j.ijbiomac.2026.152106,10.1016/j.ijbiomac.2026.152106,barrier_props,"water vapor transmission ~60%, oxygen permeability lower",%,"water vapor transmission ~60%, oxygen permeability lower",abstract_only,grounded_numeric,"markedly reduced water vapor transmission (~60%), lower oxygen permeability",abstract,quote_exact;number_found;unit_match;context_ok
doi:10.1016/j.ijbiomac.2026.152106,10.1016/j.ijbiomac.2026.152106,antimicrobial_outcomes,inhibition zone diameters 19.5 mm for Staphylococcus aureus and 24.00 mm for Escherichia coli,,inhibition zone diameters 19.5 mm for Staphylococcus aureus and 24.00 mm for Escherichia coli,abstract_only,grounded_verbatim,"pronounced antibacterial activity, with inhibition zone diameters of 19.5 mm for Staphylococcus aureus and 24.00 mm for Escherichia coli. Preservation tests on tomatoes and blue",abstract,quote_repaired;token_prefix
doi:10.1016/j.ijbiomac.2026.152106,10.1016/j.ijbiomac.2026.152106,limitations,,,,unverifiable,unverifiable,,,
doi:10.1016/j.ijbiomac.2026.152106,10.1016/j.ijbiomac.2026.152106,scaleup_relevance,,,,unverifiable,unverifiable,,,
doi:10.1016/j.ijbiomac.2026.152106,10.1016/j.ijbiomac.2026.152106,concept_relevance,,,,unverifiable,unverifiable,,,
doi:10.1016/j.ijbiomac.2025.140837,10.1016/j.ijbiomac.2025.140837,reference,"Xiaotong Zou et al. (2025). Development and characterization of corn starch-based films enhanced with Chlorella vulgaris nanocellulose-stabilized Pickering emulsion of Zanthoxylum bungeanum essential oil for cherry tomato preservation. International Journal of Biological Macromolecules, 304, 140837.",,,metadata_only,grounded_verbatim,,api,
doi:10.1016/j.ijbiomac.2025.140837,10.1016/j.ijbiomac.2025.140837,doi,10.1016/j.ijbiomac.2025.140837,,,metadata_only,grounded_verbatim,,api,
doi:10.1016/j.ijbiomac.2025.140837,10.1016/j.ijbiomac.2025.140837,pub_type,original_research,,,metadata_only,grounded_verbatim,,api,
doi:10.1016/j.ijbiomac.2025.140837,10.1016/j.ijbiomac.2025.140837,substrate_polymer,corn starch,,corn starch,abstract_only,grounded_verbatim,corn starch (CS) matrix,abstract,quote_exact;substring
doi:10.1016/j.ijbiomac.2025.140837,10.1016/j.ijbiomac.2025.140837,mcp_carrier,,,,unverifiable,unverifiable,,,
doi:10.1016/j.ijbiomac.2025.140837,10.1016/j.ijbiomac.2025.140837,antimicrobial,Zanthoxylum bungeanum essential oil (ZBEO),,Zanthoxylum bungeanum essential oil (ZBEO),abstract_only,grounded_verbatim,Zanthoxylum bungeanum essential oil (ZBEO),abstract,quote_exact;substring
doi:10.1016/j.ijbiomac.2025.140837,10.1016/j.ijbiomac.2025.140837,prep_method,,,,unverifiable,unverifiable,,,
doi:10.1016/j.ijbiomac.2025.140837,10.1016/j.ijbiomac.2025.140837,manufacturing_temp_c,,,,unverifiable,unverifiable,,,
doi:10.1016/j.ijbiomac.2025.140837,10.1016/j.ijbiomac.2025.140837,trigger_mechanism,,,,unverifiable,unverifiable,,,
doi:10.1016/j.ijbiomac.2025.140837,10.1016/j.ijbiomac.2025.140837,rh_conditions_pct,,,,unverifiable,unverifiable,,not stated,
doi:10.1016/j.ijbiomac.2025.140837,10.1016/j.ijbiomac.2025.140837,storage_temp_c,,,,unverifiable,unverifiable,,not stated,
doi:10.1016/j.ijbiomac.2025.140837,10.1016/j.ijbiomac.2025.140837,mcp_loading,,,,unverifiable,unverifiable,,not stated,
doi:10.1016/j.ijbiomac.2025.140837,10.1016/j.ijbiomac.2025.140837,release_method,,,,unverifiable,unverifiable,,not stated,
doi:10.1016/j.ijbiomac.2025.140837,10.1016/j.ijbiomac.2025.140837,release_duration,,,,unverifiable,unverifiable,,not stated,
doi:10.1016/j.ijbiomac.2025.140837,10.1016/j.ijbiomac.2025.140837,kinetic_model,,,,unverifiable,unverifiable,,not stated,
doi:10.1016/j.ijbiomac.2025.140837,10.1016/j.ijbiomac.2025.140837,release_result,,,,unverifiable,unverifiable,,not stated,
doi:10.1016/j.ijbiomac.2025.140837,10.1016/j.ijbiomac.2025.140837,produce_tested,cherry tomatoes,,cherry tomatoes,abstract_only,grounded_verbatim,for cherry tomatoes preservation,abstract,quote_exact;substring
doi:10.1016/j.ijbiomac.2025.140837,10.1016/j.ijbiomac.2025.140837,package_vol_mass,,,,unverifiable,unverifiable,,not stated,
doi:10.1016/j.ijbiomac.2025.140837,10.1016/j.ijbiomac.2025.140837,quality_outcomes,"weight loss, acidity, total soluble solids",,"weight loss, acidity, total soluble solids",abstract_only,grounded_verbatim,"reduce weight loss, retaining acidity, and stabilizing total soluble solids levels.",abstract,quote_exact;token_overlap:6/6
doi:10.1016/j.ijbiomac.2025.140837,10.1016/j.ijbiomac.2025.140837,mechanical_props,,,,unverifiable,unverifiable,,not stated,
doi:10.1016/j.ijbiomac.2025.140837,10.1016/j.ijbiomac.2025.140837,barrier_props,,,,unverifiable,unverifiable,,not stated,
doi:10.1016/j.ijbiomac.2025.140837,10.1016/j.ijbiomac.2025.140837,antimicrobial_outcomes,,,,unverifiable,unverifiable,,not stated,
doi:10.1016/j.ijbiomac.2025.140837,10.1016/j.ijbiomac.2025.140837,limitations,,,,unverifiable,unverifiable,,,
doi:10.1016/j.ijbiomac.2025.140837,10.1016/j.ijbiomac.2025.140837,scaleup_relevance,,,not_assessable,unverifiable,ungrounded_blanked,,,quote_not_locatable
doi:10.1016/j.ijbiomac.2025.140837,10.1016/j.ijbiomac.2025.140837,concept_relevance,,,adjacent_material,unverifiable,ungrounded_blanked,,,quote_not_locatable
title:2bc4315097f8,,reference,Li M et al. (2025). Performance of konjac glucomannan/tragacanth gum-stabilized eugenol particles in konjac glucomannan/chitosan films and their application in blueberry preservation.,,,metadata_only,grounded_verbatim,,api,
title:2bc4315097f8,,doi,,,,metadata_only,grounded_verbatim,,api,
title:2bc4315097f8,,pub_type,original_research,,,metadata_only,grounded_verbatim,,api,
title:2bc4315097f8,,substrate_polymer,konjac glucomannan/chitosan,,konjac glucomannan/chitosan,abstract_only,grounded_verbatim,konjac glucomannan/chitosan films,abstract,quote_exact;substring
title:2bc4315097f8,,mcp_carrier,,,,unverifiable,unverifiable,,,
title:2bc4315097f8,,antimicrobial,eugenol,,eugenol,abstract_only,grounded_verbatim,eugenol Pickering emulsion,abstract,quote_exact;substring
title:2bc4315097f8,,prep_method,,,,unverifiable,unverifiable,,,
title:2bc4315097f8,,manufacturing_temp_c,,,,unverifiable,unverifiable,,,
title:2bc4315097f8,,trigger_mechanism,,,,unverifiable,unverifiable,,,
title:2bc4315097f8,,rh_conditions_pct,,,,unverifiable,unverifiable,,,
title:2bc4315097f8,,storage_temp_c,,,,unverifiable,unverifiable,,,
title:2bc4315097f8,,mcp_loading,,,,unverifiable,unverifiable,,,
title:2bc4315097f8,,release_method,,,,unverifiable,unverifiable,,,
title:2bc4315097f8,,release_duration,,,,unverifiable,unverifiable,,,
title:2bc4315097f8,,kinetic_model,,,,unverifiable,unverifiable,,,
title:2bc4315097f8,,release_result,,,,unverifiable,unverifiable,,,
title:2bc4315097f8,,produce_tested,blueberries,,blueberries,abstract_only,grounded_verbatim,blueberries,abstract,quote_exact;substring
title:2bc4315097f8,,package_vol_mass,,,,unverifiable,unverifiable,,,
title:2bc4315097f8,,quality_outcomes,"decay rate, weight loss, firmness, and soluble solids",,"decay rate, weight loss, firmness, and soluble solids",abstract_only,grounded_verbatim,"y outperforming PE films (p < 0.05) in decay rate, weight loss, firmness, and soluble solids of blueberries over 9 days of storage. Consequently, shelf life was extended",abstract,quote_repaired;substring
title:2bc4315097f8,,mechanical_props,,,flexibility,unverifiable,ungrounded_blanked,maintained excellent flexibility,abstract,quote_exact;no_parsable_quantity
title:2bc4315097f8,,barrier_props,,,"WVP, OP, and UV barrier properties",unverifiable,ungrounded_blanked,"superior WVP, OP, and UV barrier properties",abstract,quote_exact;no_parsable_quantity
title:2bc4315097f8,,antimicrobial_outcomes,,,,unverifiable,unverifiable,,,
title:2bc4315097f8,,limitations,,,,unverifiable,unverifiable,,abstract,
title:2bc4315097f8,,scaleup_relevance,,,not_assessable,unverifiable,ungrounded_blanked,,abstract,quote_not_locatable
title:2bc4315097f8,,concept_relevance,,,,unverifiable,unverifiable,,abstract,
doi:10.2139/ssrn.5102163,10.2139/ssrn.5102163,reference,"Xiaoxue Wang et al. (2025). Preparation, Characterization and Application of Antimicrobial Pectin-Konjac Glucomannan Composite Films Incorporating Cellulose Nanocrystals Stabilized Clove Essential Oil Pickering Emulsion.",,,metadata_only,grounded_verbatim,,api,
doi:10.2139/ssrn.5102163,10.2139/ssrn.5102163,doi,10.2139/ssrn.5102163,,,metadata_only,grounded_verbatim,,api,
doi:10.2139/ssrn.5102163,10.2139/ssrn.5102163,pub_type,original_research,,,metadata_only,grounded_verbatim,,api,
doi:10.2139/ssrn.5102163,10.2139/ssrn.5102163,substrate_polymer,pectin and konjac glucomannan,,pectin and konjac glucomannan,abstract_only,grounded_verbatim,polysaccharide films based on pectin (PEC) and konjac glucomannan (KGM),abstract,quote_exact;token_overlap:4/4
doi:10.2139/ssrn.5102163,10.2139/ssrn.5102163,mcp_carrier,,,,unverifiable,unverifiable,,,
doi:10.2139/ssrn.5102163,10.2139/ssrn.5102163,antimicrobial,clove essential oil,,clove essential oil,abstract_only,grounded_verbatim,clove essential oil (CEO),abstract,quote_exact;substring
doi:10.2139/ssrn.5102163,10.2139/ssrn.5102163,prep_method,,,,unverifiable,unverifiable,,,
doi:10.2139/ssrn.5102163,10.2139/ssrn.5102163,manufacturing_temp_c,,,,unverifiable,unverifiable,,,
doi:10.2139/ssrn.5102163,10.2139/ssrn.5102163,trigger_mechanism,,,,unverifiable,unverifiable,,,
doi:10.2139/ssrn.5102163,10.2139/ssrn.5102163,rh_conditions_pct,,,,unverifiable,unverifiable,,,
doi:10.2139/ssrn.5102163,10.2139/ssrn.5102163,storage_temp_c,,,,unverifiable,unverifiable,,,
doi:10.2139/ssrn.5102163,10.2139/ssrn.5102163,mcp_loading,,,,unverifiable,unverifiable,,,
doi:10.2139/ssrn.5102163,10.2139/ssrn.5102163,release_method,,,,unverifiable,unverifiable,,,
doi:10.2139/ssrn.5102163,10.2139/ssrn.5102163,release_duration,,,,unverifiable,unverifiable,,,
doi:10.2139/ssrn.5102163,10.2139/ssrn.5102163,kinetic_model,,,,unverifiable,unverifiable,,,
doi:10.2139/ssrn.5102163,10.2139/ssrn.5102163,release_result,CCPE could further slow down the release rate of CEO from composite films,,CCPE could further slow down the release rate of CEO from composite films,abstract_only,grounded_verbatim,"Notably, CCPE could further slow down the release rate of CEO from composite films as confirmed by the controlled release experiments.",abstract,quote_exact;substring
doi:10.2139/ssrn.5102163,10.2139/ssrn.5102163,produce_tested,grape,,grape,abstract_only,grounded_verbatim,grape preservation,abstract,quote_exact;substring
doi:10.2139/ssrn.5102163,10.2139/ssrn.5102163,package_vol_mass,,,,unverifiable,unverifiable,,,
doi:10.2139/ssrn.5102163,10.2139/ssrn.5102163,quality_outcomes,,,,unverifiable,unverifiable,,,
doi:10.2139/ssrn.5102163,10.2139/ssrn.5102163,mechanical_props,tensile strength: 23.58 MPa,MPa,tensile strength: 23.58 MPa,abstract_only,grounded_numeric,highest tensile strength of 23.58 MPa,abstract,quote_exact;number_found;unit_match;context_ok
doi:10.2139/ssrn.5102163,10.2139/ssrn.5102163,barrier_props,water-vapour permeability: 1.05 × 10⁻¹⁰ g/m·s·Pa,g/m·s·Pa,water-vapour permeability: 1.05 × 10⁻¹⁰ g/m·s·Pa,abstract_only,grounded_numeric,lowest water vapor permeability of 1.05 × 10⁻¹⁰ g/m·s·Pa,abstract,quote_exact;number_found;context_ok
doi:10.2139/ssrn.5102163,10.2139/ssrn.5102163,antimicrobial_outcomes,"inhibition zone diameters: 38.77 mm (S. aureus), 29.03 mm (E. coli)",,"inhibition zone diameters: 38.77 mm (S. aureus), 29.03 mm (E. coli)",abstract_only,grounded_verbatim,inhibition zone diameters of 38.77 mm and 29.03 mm respectively against S. aureus and E. coli.,abstract,quote_exact;token_prefix
doi:10.2139/ssrn.5102163,10.2139/ssrn.5102163,limitations,,,,unverifiable,unverifiable,,,
doi:10.2139/ssrn.5102163,10.2139/ssrn.5102163,scaleup_relevance,low,,low,abstract_only,inference_from_quote,"In this study, cellulose nanocrystals (CNCs) stabilized clove essential oil (CEO) Pickering emulsions (PE) were utilized to activate polysaccharide films based on pectin (PEC) and konjac glucomannan (KGM).",abstract,quote_exact;no_new_numbers
doi:10.2139/ssrn.5102163,10.2139/ssrn.5102163,concept_relevance,core,,core,abstract_only,inference_from_quote,"Notably, CCPE could further slow down the release rate of CEO from composite films as confirmed by the controlled release experiments.",abstract,quote_exact;no_new_numbers
doi:10.1016/j.lwt.2025.117855,10.1016/j.lwt.2025.117855,reference,"Xiaoxue Wang et al. (2025). Preparation, characterization and application of antimicrobial pectin-konjac glucomannan composite films incorporating cellulose nanocrystals stabilized clove essential oil pickering emulsion. LWT, 225, 117855.",,,metadata_only,grounded_verbatim,,api,
doi:10.1016/j.lwt.2025.117855,10.1016/j.lwt.2025.117855,doi,10.1016/j.lwt.2025.117855,,,metadata_only,grounded_verbatim,,api,
doi:10.1016/j.lwt.2025.117855,10.1016/j.lwt.2025.117855,pub_type,original_research,,,metadata_only,grounded_verbatim,,api,
doi:10.1016/j.lwt.2025.117855,10.1016/j.lwt.2025.117855,substrate_polymer,pectin and konjac glucomannan,,pectin and konjac glucomannan,abstract_only,grounded_verbatim,polysaccharide films based on pectin (PEC) and konjac glucomannan (KGM),abstract,quote_exact;token_overlap:4/4
doi:10.1016/j.lwt.2025.117855,10.1016/j.lwt.2025.117855,mcp_carrier,,,,unverifiable,unverifiable,,,
doi:10.1016/j.lwt.2025.117855,10.1016/j.lwt.2025.117855,antimicrobial,clove essential oil,,clove essential oil,abstract_only,grounded_verbatim,clove essential oil (CEO),abstract,quote_exact;substring
doi:10.1016/j.lwt.2025.117855,10.1016/j.lwt.2025.117855,prep_method,,,,unverifiable,unverifiable,,,
doi:10.1016/j.lwt.2025.117855,10.1016/j.lwt.2025.117855,manufacturing_temp_c,,,,unverifiable,unverifiable,,,
doi:10.1016/j.lwt.2025.117855,10.1016/j.lwt.2025.117855,trigger_mechanism,,,,unverifiable,unverifiable,,,
doi:10.1016/j.lwt.2025.117855,10.1016/j.lwt.2025.117855,rh_conditions_pct,,,,unverifiable,unverifiable,,not stated,
doi:10.1016/j.lwt.2025.117855,10.1016/j.lwt.2025.117855,storage_temp_c,,,,unverifiable,unverifiable,,not stated,
doi:10.1016/j.lwt.2025.117855,10.1016/j.lwt.2025.117855,mcp_loading,,,,unverifiable,unverifiable,,not stated,
doi:10.1016/j.lwt.2025.117855,10.1016/j.lwt.2025.117855,release_method,,,,unverifiable,unverifiable,,not stated,
doi:10.1016/j.lwt.2025.117855,10.1016/j.lwt.2025.117855,release_duration,,,,unverifiable,unverifiable,,not stated,
doi:10.1016/j.lwt.2025.117855,10.1016/j.lwt.2025.117855,kinetic_model,,,,unverifiable,unverifiable,,not stated,
doi:10.1016/j.lwt.2025.117855,10.1016/j.lwt.2025.117855,release_result,,,,unverifiable,unverifiable,,not stated,
doi:10.1016/j.lwt.2025.117855,10.1016/j.lwt.2025.117855,produce_tested,grape,,grape,abstract_only,grounded_verbatim,grape preservation,abstract,quote_exact;substring
doi:10.1016/j.lwt.2025.117855,10.1016/j.lwt.2025.117855,package_vol_mass,,,,unverifiable,unverifiable,,,
doi:10.1016/j.lwt.2025.117855,10.1016/j.lwt.2025.117855,quality_outcomes,,,,unverifiable,unverifiable,,,
doi:10.1016/j.lwt.2025.117855,10.1016/j.lwt.2025.117855,mechanical_props,23.58 MPa,MPa,23.58 MPa,abstract_only,grounded_numeric,highest tensile strength of 23.58 MPa,abstract,quote_exact;number_found;unit_match;context_ok
doi:10.1016/j.lwt.2025.117855,10.1016/j.lwt.2025.117855,barrier_props,1.05 × 10 −10 g/m·s·Pa,g/m·s·Pa,1.05 × 10 −10 g/m·s·Pa,abstract_only,grounded_numeric,lowest water vapor permeability of 1.05 × 10 −10 g/m·s·Pa,abstract,quote_exact;number_found;context_ok
doi:10.1016/j.lwt.2025.117855,10.1016/j.lwt.2025.117855,antimicrobial_outcomes,38.77 mm and 29.03 mm,,38.77 mm and 29.03 mm,abstract_only,grounded_verbatim,significant inhibition zone diameters of 38.77 mm and 29.03 mm respectively against S. aureus and E. coli,abstract,quote_exact;substring
doi:10.1016/j.lwt.2025.117855,10.1016/j.lwt.2025.117855,limitations,,,,unverifiable,unverifiable,,abstract,
doi:10.1016/j.lwt.2025.117855,10.1016/j.lwt.2025.117855,scaleup_relevance,,,not_assessable,unverifiable,ungrounded_blanked,,abstract,quote_not_locatable
doi:10.1016/j.lwt.2025.117855,10.1016/j.lwt.2025.117855,concept_relevance,core,,core,abstract_only,inference_from_quote,"Additionally, the application of film coating on grape preservation was explored.",abstract,quote_exact;no_new_numbers
doi:10.1016/j.rechem.2023.100831,10.1016/j.rechem.2023.100831,reference,"Anna Yu. Pnevskaya & Aram L. Bugaev (2023). Theoretical screening of M3(btc)2 metal–organic frameworks for ethylene and 1-methylcyclopropene storage. Results in Chemistry, 5, 100831.",,,metadata_only,grounded_verbatim,,api,
doi:10.1016/j.rechem.2023.100831,10.1016/j.rechem.2023.100831,doi,10.1016/j.rechem.2023.100831,,,metadata_only,grounded_verbatim,,api,
doi:10.1016/j.rechem.2023.100831,10.1016/j.rechem.2023.100831,pub_type,original_research,,,metadata_only,grounded_verbatim,,api,
doi:10.1016/j.rechem.2023.100831,10.1016/j.rechem.2023.100831,substrate_polymer,,,,unverifiable,unverifiable,,,
doi:10.1016/j.rechem.2023.100831,10.1016/j.rechem.2023.100831,mcp_carrier,MOFs,,MOFs,abstract_only,grounded_verbatim,M3(btc)2 metal–organic frameworks,abstract,quote_exact;substring
doi:10.1016/j.rechem.2023.100831,10.1016/j.rechem.2023.100831,antimicrobial,,,,unverifiable,unverifiable,,,
doi:10.1016/j.rechem.2023.100831,10.1016/j.rechem.2023.100831,prep_method,,,,unverifiable,unverifiable,,,
doi:10.1016/j.rechem.2023.100831,10.1016/j.rechem.2023.100831,manufacturing_temp_c,,,,unverifiable,unverifiable,,,
doi:10.1016/j.rechem.2023.100831,10.1016/j.rechem.2023.100831,trigger_mechanism,,,,unverifiable,unverifiable,,,
doi:10.1016/j.rechem.2023.100831,10.1016/j.rechem.2023.100831,rh_conditions_pct,,,,unverifiable,unverifiable,,,
doi:10.1016/j.rechem.2023.100831,10.1016/j.rechem.2023.100831,storage_temp_c,,,,unverifiable,unverifiable,,,
doi:10.1016/j.rechem.2023.100831,10.1016/j.rechem.2023.100831,mcp_loading,,,,unverifiable,unverifiable,,,
doi:10.1016/j.rechem.2023.100831,10.1016/j.rechem.2023.100831,release_method,,,,unverifiable,unverifiable,,,
doi:10.1016/j.rechem.2023.100831,10.1016/j.rechem.2023.100831,release_duration,,,,unverifiable,unverifiable,,,
doi:10.1016/j.rechem.2023.100831,10.1016/j.rechem.2023.100831,kinetic_model,,,,unverifiable,unverifiable,,,
doi:10.1016/j.rechem.2023.100831,10.1016/j.rechem.2023.100831,release_result,,,,unverifiable,unverifiable,,,
doi:10.1016/j.rechem.2023.100831,10.1016/j.rechem.2023.100831,produce_tested,,,,unverifiable,unverifiable,,,
doi:10.1016/j.rechem.2023.100831,10.1016/j.rechem.2023.100831,package_vol_mass,,,,unverifiable,unverifiable,,,
doi:10.1016/j.rechem.2023.100831,10.1016/j.rechem.2023.100831,quality_outcomes,,,,unverifiable,unverifiable,,,
doi:10.1016/j.rechem.2023.100831,10.1016/j.rechem.2023.100831,mechanical_props,,,,unverifiable,unverifiable,,,
doi:10.1016/j.rechem.2023.100831,10.1016/j.rechem.2023.100831,barrier_props,,,,unverifiable,unverifiable,,,
doi:10.1016/j.rechem.2023.100831,10.1016/j.rechem.2023.100831,antimicrobial_outcomes,,,,unverifiable,unverifiable,,,
doi:10.1016/j.rechem.2023.100831,10.1016/j.rechem.2023.100831,limitations,"The study relies solely on theoretical/computational screening without experimental validation, limiting its direct utility as practical evidence.",,"The study relies solely on theoretical/computational screening without experimental validation, limiting its direct utility as practical evidence.",abstract_only,inference_from_quote,"this work is aimed to theoretically screen isostructural M3(btc)2 (M = Cr, Mn, Fe, Co, Ni, Cu, Zn) materials for potential ethylene and 1-MCP storage and release. The optimal geometries and bonding energies were calculated for ethylene, 1-MCP and water molecules adsorbed in different configurations on open metal sites of M3(btc)2 at B3LYP-D3 level of theory.",abstract,quote_exact;no_new_numbers
doi:10.1016/j.rechem.2023.100831,10.1016/j.rechem.2023.100831,scaleup_relevance,low,,low,abstract_only,inference_from_quote,"this work is aimed to theoretically screen isostructural M3(btc)2 (M = Cr, Mn, Fe, Co, Ni, Cu, Zn) materials for potential ethylene and 1-MCP storage and release.",abstract,quote_exact;no_new_numbers
doi:10.1016/j.rechem.2023.100831,10.1016/j.rechem.2023.100831,concept_relevance,adjacent_material,,adjacent_material,abstract_only,inference_from_quote,"One of such application is the active food packaging, in which controlled levels of ethylene and 1-methylcyclopropene (1-MCP) gasses can speed up or slow down fruit ripening.",abstract,quote_exact;no_new_numbers
doi:10.1177/10820132221132912,10.1177/10820132221132912,reference,"Putri Amanda et al. (2022). Carrageenan functional film integrated with Pickering Emulsion of Oregano Oil Stabilized by Cationic Nanocellulose for Active Packaging. Food Science and Technology International, 30, 61-72.",,,metadata_only,grounded_verbatim,,api,
doi:10.1177/10820132221132912,10.1177/10820132221132912,doi,10.1177/10820132221132912,,,metadata_only,grounded_verbatim,,api,
doi:10.1177/10820132221132912,10.1177/10820132221132912,pub_type,original_research,,,metadata_only,grounded_verbatim,,api,
doi:10.1177/10820132221132912,10.1177/10820132221132912,substrate_polymer,carrageenan,,carrageenan,abstract_only,grounded_verbatim,carrageenan film,abstract,quote_exact;substring
doi:10.1177/10820132221132912,10.1177/10820132221132912,mcp_carrier,,,,unverifiable,unverifiable,,,
doi:10.1177/10820132221132912,10.1177/10820132221132912,antimicrobial,Oregano essential oil,,Oregano essential oil,abstract_only,grounded_verbatim,Oregano essential oil,abstract,quote_exact;substring
doi:10.1177/10820132221132912,10.1177/10820132221132912,prep_method,other,,other,abstract_only,grounded_controlled,Pickering emulsion method,abstract,quote_exact;enum_clamped
doi:10.1177/10820132221132912,10.1177/10820132221132912,manufacturing_temp_c,,,,unverifiable,unverifiable,,,
doi:10.1177/10820132221132912,10.1177/10820132221132912,trigger_mechanism,,,,unverifiable,unverifiable,,,
doi:10.1177/10820132221132912,10.1177/10820132221132912,rh_conditions_pct,,,,unverifiable,unverifiable,,not stated,
doi:10.1177/10820132221132912,10.1177/10820132221132912,storage_temp_c,,,,unverifiable,unverifiable,,not stated,
doi:10.1177/10820132221132912,10.1177/10820132221132912,mcp_loading,,,,unverifiable,unverifiable,,not stated,
doi:10.1177/10820132221132912,10.1177/10820132221132912,release_method,,,,unverifiable,unverifiable,,not stated,
doi:10.1177/10820132221132912,10.1177/10820132221132912,release_duration,,,,unverifiable,unverifiable,,not stated,
doi:10.1177/10820132221132912,10.1177/10820132221132912,kinetic_model,,,,unverifiable,unverifiable,,not stated,
doi:10.1177/10820132221132912,10.1177/10820132221132912,release_result,,,,unverifiable,unverifiable,,not stated,
doi:10.1177/10820132221132912,10.1177/10820132221132912,produce_tested,,,,unverifiable,unverifiable,,,
doi:10.1177/10820132221132912,10.1177/10820132221132912,package_vol_mass,,,,unverifiable,unverifiable,,,
doi:10.1177/10820132221132912,10.1177/10820132221132912,quality_outcomes,,,,unverifiable,unverifiable,,,
doi:10.1177/10820132221132912,10.1177/10820132221132912,mechanical_props,,,,unverifiable,unverifiable,,,
doi:10.1177/10820132221132912,10.1177/10820132221132912,barrier_props,,,,unverifiable,unverifiable,,,
doi:10.1177/10820132221132912,10.1177/10820132221132912,antimicrobial_outcomes,,,,unverifiable,unverifiable,,,
doi:10.1177/10820132221132912,10.1177/10820132221132912,limitations,,,,unverifiable,unverifiable,,,
doi:10.1177/10820132221132912,10.1177/10820132221132912,scaleup_relevance,,,not_assessable,unverifiable,ungrounded_blanked,,,quote_not_locatable
doi:10.1177/10820132221132912,10.1177/10820132221132912,concept_relevance,adjacent_material,,adjacent_material,abstract_only,inference_from_quote,This study aims to prepare carrageenan film containing essential oil with antibacterial properties.,abstract,quote_exact;no_new_numbers
doi:10.3390/polysaccharides2030037,10.3390/polysaccharides2030037,reference,"Alana Gabrieli de Souza et al. (2021). Cinnamon Essential Oil Nanocellulose-Based Pickering Emulsions: Processing Parameters Effect on Their Formation, Stabilization, and Antimicrobial Activity. Polysaccharides, 2, 608-625.",,,metadata_only,grounded_verbatim,,api,
doi:10.3390/polysaccharides2030037,10.3390/polysaccharides2030037,doi,10.3390/polysaccharides2030037,,,metadata_only,grounded_verbatim,,api,
doi:10.3390/polysaccharides2030037,10.3390/polysaccharides2030037,pub_type,original_research,,,metadata_only,grounded_verbatim,,api,
doi:10.3390/polysaccharides2030037,10.3390/polysaccharides2030037,substrate_polymer,nanocellulose,,nanocellulose,abstract_only,grounded_verbatim,nanocellulose-based Pickering emulsions,abstract,quote_exact;substring
doi:10.3390/polysaccharides2030037,10.3390/polysaccharides2030037,mcp_carrier,,,,unverifiable,unverifiable,,,
doi:10.3390/polysaccharides2030037,10.3390/polysaccharides2030037,antimicrobial,cinnamon essential oil,,cinnamon essential oil,abstract_only,grounded_verbatim,cinnamon essential oil,abstract,quote_exact;substring
doi:10.3390/polysaccharides2030037,10.3390/polysaccharides2030037,prep_method,other,,other,abstract_only,grounded_controlled,"preparation time, homogenization speed",abstract,quote_exact;enum_clamped
doi:10.3390/polysaccharides2030037,10.3390/polysaccharides2030037,manufacturing_temp_c,,,,unverifiable,unverifiable,,,
doi:10.3390/polysaccharides2030037,10.3390/polysaccharides2030037,trigger_mechanism,,,,unverifiable,unverifiable,,,
doi:10.3390/polysaccharides2030037,10.3390/polysaccharides2030037,rh_conditions_pct,,,,unverifiable,unverifiable,,,
doi:10.3390/polysaccharides2030037,10.3390/polysaccharides2030037,storage_temp_c,,,,unverifiable,unverifiable,,,
doi:10.3390/polysaccharides2030037,10.3390/polysaccharides2030037,mcp_loading,,,,unverifiable,unverifiable,,,
doi:10.3390/polysaccharides2030037,10.3390/polysaccharides2030037,release_method,,,,unverifiable,unverifiable,,,
doi:10.3390/polysaccharides2030037,10.3390/polysaccharides2030037,release_duration,,,,unverifiable,unverifiable,,,
doi:10.3390/polysaccharides2030037,10.3390/polysaccharides2030037,kinetic_model,,,,unverifiable,unverifiable,,,
doi:10.3390/polysaccharides2030037,10.3390/polysaccharides2030037,release_result,,,,unverifiable,unverifiable,,,
doi:10.3390/polysaccharides2030037,10.3390/polysaccharides2030037,produce_tested,,,,unverifiable,unverifiable,,,
doi:10.3390/polysaccharides2030037,10.3390/polysaccharides2030037,package_vol_mass,,,,unverifiable,unverifiable,,,
doi:10.3390/polysaccharides2030037,10.3390/polysaccharides2030037,quality_outcomes,,,,unverifiable,unverifiable,,,
doi:10.3390/polysaccharides2030037,10.3390/polysaccharides2030037,mechanical_props,,,,unverifiable,unverifiable,,,
doi:10.3390/polysaccharides2030037,10.3390/polysaccharides2030037,barrier_props,,,,unverifiable,unverifiable,,,
doi:10.3390/polysaccharides2030037,10.3390/polysaccharides2030037,antimicrobial_outcomes,inhibition halos,,inhibition halos,abstract_only,grounded_verbatim,"CNF-emulsions’ inhibition halos for Bacilus subtilis were 30.1 ± 3.7% smaller than those found in CNC-emulsions (65 ± 2.9 mm), while Pseudomonasaeruginosas almost do not present differences in the inhibition halos.",abstract,quote_exact;substring
doi:10.3390/polysaccharides2030037,10.3390/polysaccharides2030037,limitations,,,,unverifiable,unverifiable,,,
doi:10.3390/polysaccharides2030037,10.3390/polysaccharides2030037,scaleup_relevance,low,,low,abstract_only,inference_from_quote,"Different formulations were investigated by varying the preparation time, homogenization speed, oil and nanocellulose concentration, and morphology.",abstract,quote_exact;no_new_numbers
doi:10.3390/polysaccharides2030037,10.3390/polysaccharides2030037,concept_relevance,adjacent_material,,adjacent_material,abstract_only,inference_from_quote,This work aimed to prepare nanocellulose-based Pickering emulsions using cinnamon essential oil.,abstract,quote_exact;no_new_numbers
doi:10.3390/polym13152523,10.3390/polym13152523,reference,"Gregor Lavrič et al. (2021). Functional Nanocellulose, Alginate and Chitosan Nanocomposites Designed as Active Film Packaging Materials. Polymers, 13, 2523.",,,metadata_only,grounded_verbatim,,api,
doi:10.3390/polym13152523,10.3390/polym13152523,doi,10.3390/polym13152523,,,metadata_only,grounded_verbatim,,api,
doi:10.3390/polym13152523,10.3390/polym13152523,pub_type,original_research,,,metadata_only,grounded_verbatim,,api,
doi:10.3390/polym13152523,10.3390/polym13152523,substrate_polymer,"chitosan, alginate",,"chitosan, alginate",abstract_only,grounded_verbatim,"films made of cellulose nanocrystals (CNC), nano-fibrils (CNF), and bacterial nanocellulose (BNC) in combination with chitosan and alginate",abstract,quote_exact;token_overlap:2/2
doi:10.3390/polym13152523,10.3390/polym13152523,mcp_carrier,,,,unverifiable,unverifiable,,,
doi:10.3390/polym13152523,10.3390/polym13152523,antimicrobial,,,,unverifiable,unverifiable,,,
doi:10.3390/polym13152523,10.3390/polym13152523,prep_method,,,,unverifiable,unverifiable,,,
doi:10.3390/polym13152523,10.3390/polym13152523,manufacturing_temp_c,,,,unverifiable,unverifiable,,,
doi:10.3390/polym13152523,10.3390/polym13152523,trigger_mechanism,,,,unverifiable,unverifiable,,,
doi:10.3390/polym13152523,10.3390/polym13152523,rh_conditions_pct,,,,unverifiable,unverifiable,,not stated,
doi:10.3390/polym13152523,10.3390/polym13152523,storage_temp_c,,,,unverifiable,unverifiable,,not stated,
doi:10.3390/polym13152523,10.3390/polym13152523,mcp_loading,,,,unverifiable,unverifiable,,not stated,
doi:10.3390/polym13152523,10.3390/polym13152523,release_method,,,,unverifiable,unverifiable,,not stated,
doi:10.3390/polym13152523,10.3390/polym13152523,release_duration,,,,unverifiable,unverifiable,,not stated,
doi:10.3390/polym13152523,10.3390/polym13152523,kinetic_model,,,,unverifiable,unverifiable,,not stated,
doi:10.3390/polym13152523,10.3390/polym13152523,release_result,,,,unverifiable,unverifiable,,not stated,
doi:10.3390/polym13152523,10.3390/polym13152523,produce_tested,,,,unverifiable,unverifiable,,,
doi:10.3390/polym13152523,10.3390/polym13152523,package_vol_mass,,,,unverifiable,unverifiable,,,
doi:10.3390/polym13152523,10.3390/polym13152523,quality_outcomes,,,,unverifiable,unverifiable,,,
doi:10.3390/polym13152523,10.3390/polym13152523,mechanical_props,,,"tensile strength, strain",unverifiable,ungrounded_blanked,"(tensile strength, strain)",abstract,quote_exact;no_parsable_quantity
doi:10.3390/polym13152523,10.3390/polym13152523,barrier_props,"WVTR reduced by 15-45%, OTR up to 45%",%,"WVTR reduced by 15-45%, OTR up to 45%",abstract_only,grounded_numeric,water vapor transmission rate (WVTR) was reduced by 15-45% and oxygen permeability (OTR) up to 45%,abstract,quote_exact;number_found;context_reject;number_found;context_ok
doi:10.3390/polym13152523,10.3390/polym13152523,antimicrobial_outcomes,,,,unverifiable,unverifiable,,,
doi:10.3390/polym13152523,10.3390/polym13152523,limitations,,,,unverifiable,unverifiable,,abstract,
doi:10.3390/polym13152523,10.3390/polym13152523,scaleup_relevance,,,not_assessable,unverifiable,ungrounded_blanked,,abstract,quote_not_locatable
doi:10.3390/polym13152523,10.3390/polym13152523,concept_relevance,,,background,unverifiable,ungrounded_blanked,,abstract,quote_not_locatable
doi:10.1016/j.crfs.2025.101260,10.1016/j.crfs.2025.101260,reference,"Tao Yang et al. (2026). Hydrocolloid-based stimuli-responsive nanofiber films: Precision-controlled release of essential oils for sustainable food packaging. Current Research in Food Science, 12, 101260.",,,metadata_only,grounded_verbatim,,api,
doi:10.1016/j.crfs.2025.101260,10.1016/j.crfs.2025.101260,doi,10.1016/j.crfs.2025.101260,,,metadata_only,grounded_verbatim,,api,
doi:10.1016/j.crfs.2025.101260,10.1016/j.crfs.2025.101260,pub_type,review,,,metadata_only,grounded_verbatim,,api,
doi:10.1016/j.crfs.2025.101260,10.1016/j.crfs.2025.101260,substrate_polymer,,,,not_stated,not_stated,,,
doi:10.1016/j.crfs.2025.101260,10.1016/j.crfs.2025.101260,mcp_carrier,,,,not_stated,not_stated,,,
doi:10.1016/j.crfs.2025.101260,10.1016/j.crfs.2025.101260,antimicrobial,,,,not_stated,not_stated,,,
doi:10.1016/j.crfs.2025.101260,10.1016/j.crfs.2025.101260,prep_method,,,,not_stated,not_stated,,,
doi:10.1016/j.crfs.2025.101260,10.1016/j.crfs.2025.101260,manufacturing_temp_c,,,,not_stated,not_stated,,,
doi:10.1016/j.crfs.2025.101260,10.1016/j.crfs.2025.101260,trigger_mechanism,,,,not_stated,not_stated,,,
doi:10.1016/j.crfs.2025.101260,10.1016/j.crfs.2025.101260,rh_conditions_pct,,,,not_stated,not_stated,,not stated,
doi:10.1016/j.crfs.2025.101260,10.1016/j.crfs.2025.101260,storage_temp_c,,,,not_stated,not_stated,,not stated,
doi:10.1016/j.crfs.2025.101260,10.1016/j.crfs.2025.101260,mcp_loading,,,,not_stated,not_stated,,not stated,
doi:10.1016/j.crfs.2025.101260,10.1016/j.crfs.2025.101260,release_method,,,,not_stated,not_stated,,not stated,
doi:10.1016/j.crfs.2025.101260,10.1016/j.crfs.2025.101260,release_duration,,,,not_stated,not_stated,,not stated,
doi:10.1016/j.crfs.2025.101260,10.1016/j.crfs.2025.101260,kinetic_model,,,,not_stated,not_stated,,not stated,
doi:10.1016/j.crfs.2025.101260,10.1016/j.crfs.2025.101260,release_result,,,,not_stated,not_stated,,not stated,
doi:10.1016/j.crfs.2025.101260,10.1016/j.crfs.2025.101260,produce_tested,,,,not_stated,not_stated,,,
doi:10.1016/j.crfs.2025.101260,10.1016/j.crfs.2025.101260,package_vol_mass,,,,not_stated,not_stated,,,
doi:10.1016/j.crfs.2025.101260,10.1016/j.crfs.2025.101260,quality_outcomes,,,,not_stated,not_stated,,,
doi:10.1016/j.crfs.2025.101260,10.1016/j.crfs.2025.101260,mechanical_props,,,,not_stated,not_stated,,,
doi:10.1016/j.crfs.2025.101260,10.1016/j.crfs.2025.101260,barrier_props,,,,not_stated,not_stated,,,
doi:10.1016/j.crfs.2025.101260,10.1016/j.crfs.2025.101260,antimicrobial_outcomes,,,,not_stated,not_stated,,,
doi:10.1016/j.crfs.2025.101260,10.1016/j.crfs.2025.101260,limitations,The document is a review summarizing existing literature rather than presenting original experimental data; it explicitly notes unresolved challenges in scalability and regulatory compliance.,,The document is a review summarizing existing literature rather than presenting original experimental data; it explicitly notes unresolved challenges in scalability and regulatory compliance.,full_text_verified,inference_from_quote,Challenges remain in balancing controlled release with scalability and regulatory compliance.,abstract,quote_exact;no_new_numbers
doi:10.1016/j.crfs.2025.101260,10.1016/j.crfs.2025.101260,scaleup_relevance,low,,low,full_text_verified,inference_from_quote,Challenges remain in balancing controlled release with scalability and regulatory compliance.,abstract,quote_exact;no_new_numbers
doi:10.1016/j.crfs.2025.101260,10.1016/j.crfs.2025.101260,concept_relevance,core,,core,full_text_verified,inference_from_quote,"Innovations in stimuli-responsive systems (humidity, pH, temperature) further enhance precision in antimicrobial and antioxidant delivery.",abstract,quote_exact;no_new_numbers
doi:10.15376/biores.12.1.2234-2248,10.15376/biores.12.1.2234-2248,reference,"Zhijun Hu et al. (2017). 1-Methylcyclopropene (MCP)-Containing Cellulose Paper Packaging for Fresh Fruit and Vegetable Preservation: A Review. BioResources, 12.",,,metadata_only,grounded_verbatim,,api,
doi:10.15376/biores.12.1.2234-2248,10.15376/biores.12.1.2234-2248,doi,10.15376/biores.12.1.2234-2248,,,metadata_only,grounded_verbatim,,api,
doi:10.15376/biores.12.1.2234-2248,10.15376/biores.12.1.2234-2248,pub_type,review,,,metadata_only,grounded_verbatim,,api,
doi:10.15376/biores.12.1.2234-2248,10.15376/biores.12.1.2234-2248,substrate_polymer,cellulosic paper,,cellulosic paper,full_text_verified,grounded_verbatim,cellulosic paper is rather cost-effective,CRP BASED ON PAPER PRODUCT CONTAINING 1-,quote_exact;substring
doi:10.15376/biores.12.1.2234-2248,10.15376/biores.12.1.2234-2248,mcp_carrier,,,,not_stated,not_stated,,,
doi:10.15376/biores.12.1.2234-2248,10.15376/biores.12.1.2234-2248,antimicrobial,,,,not_stated,not_stated,,,
doi:10.15376/biores.12.1.2234-2248,10.15376/biores.12.1.2234-2248,prep_method,,,,not_stated,not_stated,,,
doi:10.15376/biores.12.1.2234-2248,10.15376/biores.12.1.2234-2248,manufacturing_temp_c,,,,not_stated,not_stated,,,
doi:10.15376/biores.12.1.2234-2248,10.15376/biores.12.1.2234-2248,trigger_mechanism,humidity_moisture,,humidity_moisture,full_text_verified,grounded_controlled,upon the adsorption of water that comes from the respiration of the fruits and/or air in the surroundings,CRP BASED ON PAPER PRODUCT CONTAINING 1-,quote_exact;enum_clamped
doi:10.15376/biores.12.1.2234-2248,10.15376/biores.12.1.2234-2248,rh_conditions_pct,,,,not_stated,not_stated,,not stated,
doi:10.15376/biores.12.1.2234-2248,10.15376/biores.12.1.2234-2248,storage_temp_c,,,,not_stated,not_stated,,not stated,
doi:10.15376/biores.12.1.2234-2248,10.15376/biores.12.1.2234-2248,mcp_loading,,,,not_stated,not_stated,,not stated,
doi:10.15376/biores.12.1.2234-2248,10.15376/biores.12.1.2234-2248,release_method,,,,not_stated,not_stated,,not stated,
doi:10.15376/biores.12.1.2234-2248,10.15376/biores.12.1.2234-2248,release_duration,,,,not_stated,not_stated,,not stated,
doi:10.15376/biores.12.1.2234-2248,10.15376/biores.12.1.2234-2248,kinetic_model,,,,not_stated,not_stated,,not stated,
doi:10.15376/biores.12.1.2234-2248,10.15376/biores.12.1.2234-2248,release_result,,,,not_stated,not_stated,,not stated,
doi:10.15376/biores.12.1.2234-2248,10.15376/biores.12.1.2234-2248,produce_tested,,,,not_stated,not_stated,,,
doi:10.15376/biores.12.1.2234-2248,10.15376/biores.12.1.2234-2248,package_vol_mass,,,,not_stated,not_stated,,,
doi:10.15376/biores.12.1.2234-2248,10.15376/biores.12.1.2234-2248,quality_outcomes,,,,not_stated,not_stated,,,
doi:10.15376/biores.12.1.2234-2248,10.15376/biores.12.1.2234-2248,mechanical_props,,,,not_stated,not_stated,,,
doi:10.15376/biores.12.1.2234-2248,10.15376/biores.12.1.2234-2248,barrier_props,,,,not_stated,not_stated,,,
doi:10.15376/biores.12.1.2234-2248,10.15376/biores.12.1.2234-2248,antimicrobial_outcomes,,,,not_stated,not_stated,,,
doi:10.15376/biores.12.1.2234-2248,10.15376/biores.12.1.2234-2248,limitations,"The document is a review that proposes a conceptual packaging system without original experimental validation, explicitly stating that future research is required to develop optimized application technologies.",,"The document is a review that proposes a conceptual packaging system without original experimental validation, explicitly stating that future research is required to develop optimized application technologies.",full_text_verified,inference_from_quote,"Future research will be needed in the development of optimized surface application technologies to bring 1-MCP into paper products, likely after the paper is produced.",conclusion,quote_exact;no_new_numbers
doi:10.15376/biores.12.1.2234-2248,10.15376/biores.12.1.2234-2248,scaleup_relevance,high,,high,full_text_verified,inference_from_quote,"The products can be made using conventional surface treatment processes, such as a coating that the inclusion complex particles adhere to on the paper surface.",discussion,quote_exact;no_new_numbers
doi:10.15376/biores.12.1.2234-2248,10.15376/biores.12.1.2234-2248,concept_relevance,core,,core,full_text_verified,inference_from_quote,"Therefore, a new 1-MCP containing paper package, with a sustained 1-MCP release, has great commercial potential for fruit preservation, such as strawberry, waxberry, mango, *etc*.",discussion,quote_exact;no_new_numbers
doi:10.3390/foods15061043,10.3390/foods15061043,reference,"Anand Kumar et al. (2026). Chitosan-Based Active Packaging for Shrimp Preservation: Development, Functionalization, and Industrial Prospects. Foods, 15, 1043.",,,metadata_only,grounded_verbatim,,api,
doi:10.3390/foods15061043,10.3390/foods15061043,doi,10.3390/foods15061043,,,metadata_only,grounded_verbatim,,api,
doi:10.3390/foods15061043,10.3390/foods15061043,pub_type,review,,,metadata_only,grounded_verbatim,,api,
doi:10.3390/foods15061043,10.3390/foods15061043,substrate_polymer,chitosan,,chitosan,full_text_verified,grounded_verbatim,chitosan films,abstract,quote_exact;substring
doi:10.3390/foods15061043,10.3390/foods15061043,mcp_carrier,,,,not_stated,not_stated,,,
doi:10.3390/foods15061043,10.3390/foods15061043,antimicrobial,thymol,,thymol,full_text_verified,grounded_verbatim,anthocyanin and thymol were introduced,1. Introduction,quote_exact;substring
doi:10.3390/foods15061043,10.3390/foods15061043,prep_method,solution_casting,,solution_casting,full_text_verified,grounded_controlled,solvent casting method is usually adopted,2.2. Development of Chitosan-Based Films,quote_exact;enum_clamped
doi:10.3390/foods15061043,10.3390/foods15061043,manufacturing_temp_c,,,,not_stated,not_stated,,,
doi:10.3390/foods15061043,10.3390/foods15061043,trigger_mechanism,,,,not_stated,not_stated,,,
doi:10.3390/foods15061043,10.3390/foods15061043,rh_conditions_pct,,,,not_stated,not_stated,,not stated,
doi:10.3390/foods15061043,10.3390/foods15061043,storage_temp_c,,,,not_stated,not_stated,,not stated,
doi:10.3390/foods15061043,10.3390/foods15061043,mcp_loading,,,,not_stated,not_stated,,not stated,
doi:10.3390/foods15061043,10.3390/foods15061043,release_method,,,,not_stated,not_stated,,not stated,
doi:10.3390/foods15061043,10.3390/foods15061043,release_duration,,,,not_stated,not_stated,,not stated,
doi:10.3390/foods15061043,10.3390/foods15061043,kinetic_model,,,,not_stated,not_stated,,not stated,
doi:10.3390/foods15061043,10.3390/foods15061043,release_result,,,,not_stated,not_stated,,not stated,
doi:10.3390/foods15061043,10.3390/foods15061043,produce_tested,,,,not_stated,not_stated,,,
doi:10.3390/foods15061043,10.3390/foods15061043,package_vol_mass,,,,not_stated,not_stated,,,
doi:10.3390/foods15061043,10.3390/foods15061043,quality_outcomes,,,,not_stated,not_stated,,,
doi:10.3390/foods15061043,10.3390/foods15061043,mechanical_props,,,,not_stated,not_stated,,,
doi:10.3390/foods15061043,10.3390/foods15061043,barrier_props,,,,not_stated,not_stated,,,
doi:10.3390/foods15061043,10.3390/foods15061043,antimicrobial_outcomes,,,,not_stated,not_stated,,,
doi:10.3390/foods15061043,10.3390/foods15061043,limitations,"The study is constrained by a non-meta-analytic approach, reliance on English language publications, and the rapid pace of discovery in the field.",,"The study is constrained by a non-meta-analytic approach, reliance on English language publications, and the rapid pace of discovery in the field.",full_text_verified,inference_from_quote,"This review is constrained by its non-meta-analytic approach, reliance on English language publications, and the rapid nature of discovery in this field.",conclusion,quote_exact;no_new_numbers
doi:10.3390/foods15061043,10.3390/foods15061043,scaleup_relevance,low,,low,full_text_verified,inference_from_quote,difficulties in scaling up manufacturing processes.,conclusion,quote_exact;no_new_numbers
doi:10.3390/foods15061043,10.3390/foods15061043,concept_relevance,low,,low,full_text_verified,inference_from_quote,chitosan emerging as a leading biopolymer for active food packaging.,conclusion,quote_exact;no_new_numbers
doi:10.3390/polym18070870,10.3390/polym18070870,reference,"Bruna Moura Bastos et al. (2026). Lipid-Enriched Biopolymer Films for Active Packaging: A Review of Structure, Properties, and Preservation Performance. Polymers, 18, 870.",,,metadata_only,grounded_verbatim,,api,
doi:10.3390/polym18070870,10.3390/polym18070870,doi,10.3390/polym18070870,,,metadata_only,grounded_verbatim,,api,
doi:10.3390/polym18070870,10.3390/polym18070870,pub_type,review,,,metadata_only,grounded_verbatim,,api,
doi:10.3390/polym18070870,10.3390/polym18070870,substrate_polymer,,,,not_stated,not_stated,,,
doi:10.3390/polym18070870,10.3390/polym18070870,mcp_carrier,,,,not_stated,not_stated,,,
doi:10.3390/polym18070870,10.3390/polym18070870,antimicrobial,,,,not_stated,not_stated,,,
doi:10.3390/polym18070870,10.3390/polym18070870,prep_method,,,,not_stated,not_stated,,,
doi:10.3390/polym18070870,10.3390/polym18070870,manufacturing_temp_c,,,,not_stated,not_stated,,,
doi:10.3390/polym18070870,10.3390/polym18070870,trigger_mechanism,,,,not_stated,not_stated,,,
doi:10.3390/polym18070870,10.3390/polym18070870,rh_conditions_pct,,,,not_stated,not_stated,,not stated,
doi:10.3390/polym18070870,10.3390/polym18070870,storage_temp_c,,,,not_stated,not_stated,,not stated,
doi:10.3390/polym18070870,10.3390/polym18070870,mcp_loading,,,,not_stated,not_stated,,not stated,
doi:10.3390/polym18070870,10.3390/polym18070870,release_method,,,,not_stated,not_stated,,not stated,
doi:10.3390/polym18070870,10.3390/polym18070870,release_duration,,,,not_stated,not_stated,,not stated,
doi:10.3390/polym18070870,10.3390/polym18070870,kinetic_model,,,,not_stated,not_stated,,not stated,
doi:10.3390/polym18070870,10.3390/polym18070870,release_result,,,,not_stated,not_stated,,not stated,
doi:10.3390/polym18070870,10.3390/polym18070870,produce_tested,,,,not_stated,not_stated,,,
doi:10.3390/polym18070870,10.3390/polym18070870,package_vol_mass,,,,not_stated,not_stated,,,
doi:10.3390/polym18070870,10.3390/polym18070870,quality_outcomes,,,,not_stated,not_stated,,,
doi:10.3390/polym18070870,10.3390/polym18070870,mechanical_props,,,,not_stated,not_stated,,,
doi:10.3390/polym18070870,10.3390/polym18070870,barrier_props,,,,not_stated,not_stated,,,
doi:10.3390/polym18070870,10.3390/polym18070870,antimicrobial_outcomes,,,,not_stated,not_stated,,,
doi:10.3390/polym18070870,10.3390/polym18070870,limitations,lab-only conditions / limited to laboratory scale,,lab-only conditions / limited to laboratory scale,full_text_verified,inference_from_quote,"While most biopolymer-based active films demonstrate excellent performance at the laboratory scale, their industrial application still faces significant technical, economic, and regulatory limitations.",discussion,quote_exact;no_new_numbers
doi:10.3390/polym18070870,10.3390/polym18070870,scaleup_relevance,low,,low,full_text_verified,inference_from_quote,"While most biopolymer-based active films demonstrate excellent performance at the laboratory scale, their industrial application still faces significant technical, economic, and regulatory limitations.",discussion,quote_exact;no_new_numbers
doi:10.3390/polym18070870,10.3390/polym18070870,concept_relevance,core,,core,full_text_verified,inference_from_quote,"This review aims to consolidate recent research on the production of biopolymer films incorporating various types of lipid compounds, highlighting their enhancements and potential applications in active food packaging systems.",abstract,quote_exact;no_new_numbers
doi:10.1111/1541-4337.70179,10.1111/1541-4337.70179,reference,"Reshma Krishnan et al. (2025). Emerging Trends and Application of Edible Coating as a Sustainable Solution for Postharvest Management in Stone Fruits: A Comprehensive Review. Comprehensive Reviews in Food Science and Food Safety, 24, e70179.",,,metadata_only,grounded_verbatim,,api,
doi:10.1111/1541-4337.70179,10.1111/1541-4337.70179,doi,10.1111/1541-4337.70179,,,metadata_only,grounded_verbatim,,api,
doi:10.1111/1541-4337.70179,10.1111/1541-4337.70179,pub_type,review,,,metadata_only,grounded_verbatim,,api,
doi:10.1111/1541-4337.70179,10.1111/1541-4337.70179,substrate_polymer,,,,not_stated,not_stated,,,
doi:10.1111/1541-4337.70179,10.1111/1541-4337.70179,mcp_carrier,,,,not_stated,not_stated,,,
doi:10.1111/1541-4337.70179,10.1111/1541-4337.70179,antimicrobial,,,,not_stated,not_stated,,,
doi:10.1111/1541-4337.70179,10.1111/1541-4337.70179,prep_method,,,,not_stated,not_stated,,,
doi:10.1111/1541-4337.70179,10.1111/1541-4337.70179,manufacturing_temp_c,,,,not_stated,not_stated,,,
doi:10.1111/1541-4337.70179,10.1111/1541-4337.70179,trigger_mechanism,,,,not_stated,not_stated,,,
doi:10.1111/1541-4337.70179,10.1111/1541-4337.70179,rh_conditions_pct,,,,not_stated,not_stated,,not stated,
doi:10.1111/1541-4337.70179,10.1111/1541-4337.70179,storage_temp_c,,,,not_stated,not_stated,,not stated,
doi:10.1111/1541-4337.70179,10.1111/1541-4337.70179,mcp_loading,,,,not_stated,not_stated,,not stated,
doi:10.1111/1541-4337.70179,10.1111/1541-4337.70179,release_method,,,,not_stated,not_stated,,not stated,
doi:10.1111/1541-4337.70179,10.1111/1541-4337.70179,release_duration,,,,not_stated,not_stated,,not stated,
doi:10.1111/1541-4337.70179,10.1111/1541-4337.70179,kinetic_model,,,,not_stated,not_stated,,not stated,
doi:10.1111/1541-4337.70179,10.1111/1541-4337.70179,release_result,,,,not_stated,not_stated,,not stated,
doi:10.1111/1541-4337.70179,10.1111/1541-4337.70179,produce_tested,,,,not_stated,not_stated,,,
doi:10.1111/1541-4337.70179,10.1111/1541-4337.70179,package_vol_mass,,,,not_stated,not_stated,,,
doi:10.1111/1541-4337.70179,10.1111/1541-4337.70179,quality_outcomes,,,,not_stated,not_stated,,,
doi:10.1111/1541-4337.70179,10.1111/1541-4337.70179,mechanical_props,,,,not_stated,not_stated,,,
doi:10.1111/1541-4337.70179,10.1111/1541-4337.70179,barrier_props,,,,not_stated,not_stated,,,
doi:10.1111/1541-4337.70179,10.1111/1541-4337.70179,antimicrobial_outcomes,,,,not_stated,not_stated,,,
doi:10.1111/1541-4337.70179,10.1111/1541-4337.70179,limitations,,,,not_stated,not_stated,,not stated,
doi:10.1111/1541-4337.70179,10.1111/1541-4337.70179,scaleup_relevance,low,,low,full_text_verified,inference_from_quote,The cost of some ingredients required to produce coating or requirement of novel equipment or processing techniques may create an economic hurdle for commercialization.,discussion,quote_exact;no_new_numbers
doi:10.1111/1541-4337.70179,10.1111/1541-4337.70179,concept_relevance,core,,core,full_text_verified,inference_from_quote,Stone fruits are climacteric and highly perishable produces. It undergoes rapid deterioration after harvesting. Application of edible coating is a growing area of interest to improve the shelf life of stone fruits.,conclusion,quote_exact;no_new_numbers
doi:10.3390/plants15010132,10.3390/plants15010132,reference,"Siphumle Owen Jama et al. (2026). Edible Coatings for Fresh Fruits: Functional Roles, Optimization Strategies, and Analytical Perspectives. Plants, 15, 132.",,,metadata_only,grounded_verbatim,,api,
doi:10.3390/plants15010132,10.3390/plants15010132,doi,10.3390/plants15010132,,,metadata_only,grounded_verbatim,,api,
doi:10.3390/plants15010132,10.3390/plants15010132,pub_type,review,,,metadata_only,grounded_verbatim,,api,
doi:10.3390/plants15010132,10.3390/plants15010132,substrate_polymer,,,,not_stated,not_stated,,,
doi:10.3390/plants15010132,10.3390/plants15010132,mcp_carrier,,,,not_stated,not_stated,,,
doi:10.3390/plants15010132,10.3390/plants15010132,antimicrobial,,,,not_stated,not_stated,,,
doi:10.3390/plants15010132,10.3390/plants15010132,prep_method,,,,not_stated,not_stated,,,
doi:10.3390/plants15010132,10.3390/plants15010132,manufacturing_temp_c,,,,not_stated,not_stated,,,
doi:10.3390/plants15010132,10.3390/plants15010132,trigger_mechanism,,,,not_stated,not_stated,,,
doi:10.3390/plants15010132,10.3390/plants15010132,rh_conditions_pct,,,,not_stated,not_stated,,not stated,
doi:10.3390/plants15010132,10.3390/plants15010132,storage_temp_c,,,,not_stated,not_stated,,not stated,
doi:10.3390/plants15010132,10.3390/plants15010132,mcp_loading,,,,not_stated,not_stated,,not stated,
doi:10.3390/plants15010132,10.3390/plants15010132,release_method,,,,not_stated,not_stated,,not stated,
doi:10.3390/plants15010132,10.3390/plants15010132,release_duration,,,,not_stated,not_stated,,not stated,
doi:10.3390/plants15010132,10.3390/plants15010132,kinetic_model,,,,not_stated,not_stated,,not stated,
doi:10.3390/plants15010132,10.3390/plants15010132,release_result,,,,not_stated,not_stated,,not stated,
doi:10.3390/plants15010132,10.3390/plants15010132,produce_tested,,,,not_stated,not_stated,,not stated,
doi:10.3390/plants15010132,10.3390/plants15010132,package_vol_mass,,,,not_stated,not_stated,,not stated,
doi:10.3390/plants15010132,10.3390/plants15010132,quality_outcomes,,,,not_stated,not_stated,,not stated,
doi:10.3390/plants15010132,10.3390/plants15010132,mechanical_props,,,,not_stated,not_stated,,not stated,
doi:10.3390/plants15010132,10.3390/plants15010132,barrier_props,,,,not_stated,not_stated,,not stated,
doi:10.3390/plants15010132,10.3390/plants15010132,antimicrobial_outcomes,,,,not_stated,not_stated,,not stated,
doi:10.3390/plants15010132,10.3390/plants15010132,limitations,"Variability in barrier and mechanical properties, challenges in industrial-scale application, insufficient long-term validation under commercial cold-chain conditions, and regulatory uncertainty for active formulations.",,"Variability in barrier and mechanical properties, challenges in industrial-scale application, insufficient long-term validation under commercial cold-chain conditions, and regulatory uncertainty for active formulations.",full_text_verified,inference_from_quote,"The review also highlights critical limitations, including variability in barrier and mechanical properties, challenges in industrial-scale application, insufficient long-term validation under commercial cold-chain conditions, and regulatory uncertainty for active formulations.",abstract,quote_exact;no_new_numbers
doi:10.3390/plants15010132,10.3390/plants15010132,scaleup_relevance,low,,low,full_text_verified,inference_from_quote,Scalability and process efficiency remain major constraints in the commercial deployment of edible coatings.,discussion,quote_exact;no_new_numbers
doi:10.3390/plants15010132,10.3390/plants15010132,concept_relevance,background,,background,full_text_verified,inference_from_quote,"This review synthesizes recent advances in edible coatings for fresh fruits, with emphasis on material classes, functional performance, optimization strategies, and analytical evaluation methods.",abstract,quote_exact;no_new_numbers
doi:10.9734/arja/2021/v14i130118,10.9734/arja/2021/v14i130118,reference,"W. M. C. B. Wasala et al. (2021). Application of 1-Methylcyclopropene (1-MCP) for Delaying the Ripening of Banana: A Review. Asian Research Journal of Agriculture, 44-56.",,,metadata_only,grounded_verbatim,,api,
doi:10.9734/arja/2021/v14i130118,10.9734/arja/2021/v14i130118,doi,10.9734/arja/2021/v14i130118,,,metadata_only,grounded_verbatim,,api,
doi:10.9734/arja/2021/v14i130118,10.9734/arja/2021/v14i130118,pub_type,review,,,metadata_only,grounded_verbatim,,api,
doi:10.9734/arja/2021/v14i130118,10.9734/arja/2021/v14i130118,substrate_polymer,,,,unverifiable,unverifiable,,,
doi:10.9734/arja/2021/v14i130118,10.9734/arja/2021/v14i130118,mcp_carrier,,,,unverifiable,unverifiable,,,
doi:10.9734/arja/2021/v14i130118,10.9734/arja/2021/v14i130118,antimicrobial,,,,unverifiable,unverifiable,,,
doi:10.9734/arja/2021/v14i130118,10.9734/arja/2021/v14i130118,prep_method,,,,unverifiable,unverifiable,,,
doi:10.9734/arja/2021/v14i130118,10.9734/arja/2021/v14i130118,manufacturing_temp_c,,,,unverifiable,unverifiable,,,
doi:10.9734/arja/2021/v14i130118,10.9734/arja/2021/v14i130118,trigger_mechanism,,,,unverifiable,unverifiable,,,
doi:10.9734/arja/2021/v14i130118,10.9734/arja/2021/v14i130118,rh_conditions_pct,,,,unverifiable,unverifiable,,not stated,
doi:10.9734/arja/2021/v14i130118,10.9734/arja/2021/v14i130118,storage_temp_c,,,,unverifiable,unverifiable,,not stated,
doi:10.9734/arja/2021/v14i130118,10.9734/arja/2021/v14i130118,mcp_loading,,,,unverifiable,unverifiable,,not stated,
doi:10.9734/arja/2021/v14i130118,10.9734/arja/2021/v14i130118,release_method,,,,unverifiable,unverifiable,,not stated,
doi:10.9734/arja/2021/v14i130118,10.9734/arja/2021/v14i130118,release_duration,,,,unverifiable,unverifiable,,not stated,
doi:10.9734/arja/2021/v14i130118,10.9734/arja/2021/v14i130118,kinetic_model,,,,unverifiable,unverifiable,,not stated,
doi:10.9734/arja/2021/v14i130118,10.9734/arja/2021/v14i130118,release_result,,,,unverifiable,unverifiable,,not stated,
doi:10.9734/arja/2021/v14i130118,10.9734/arja/2021/v14i130118,produce_tested,banana,,banana,abstract_only,grounded_verbatim,banana,abstract,quote_exact;substring
doi:10.9734/arja/2021/v14i130118,10.9734/arja/2021/v14i130118,package_vol_mass,,,,unverifiable,unverifiable,,not stated,
doi:10.9734/arja/2021/v14i130118,10.9734/arja/2021/v14i130118,quality_outcomes,,,,unverifiable,unverifiable,,not stated,
doi:10.9734/arja/2021/v14i130118,10.9734/arja/2021/v14i130118,mechanical_props,,,,unverifiable,unverifiable,,not stated,
doi:10.9734/arja/2021/v14i130118,10.9734/arja/2021/v14i130118,barrier_props,,,,unverifiable,unverifiable,,not stated,
doi:10.9734/arja/2021/v14i130118,10.9734/arja/2021/v14i130118,antimicrobial_outcomes,,,,unverifiable,unverifiable,,not stated,
doi:10.9734/arja/2021/v14i130118,10.9734/arja/2021/v14i130118,limitations,,,,unverifiable,unverifiable,,not stated,
doi:10.9734/arja/2021/v14i130118,10.9734/arja/2021/v14i130118,scaleup_relevance,,,not_assessable,unverifiable,ungrounded_blanked,,not stated,quote_not_locatable
doi:10.9734/arja/2021/v14i130118,10.9734/arja/2021/v14i130118,concept_relevance,core,,core,abstract_only,inference_from_quote,controlled release packaging technologies are effective tools of application of 1-MCP on bananas.,abstract,quote_exact;no_new_numbers
doi:10.1111/1541-4337.12874,10.1111/1541-4337.12874,reference,"Amr Zaitoon et al. (2021). Triggered and controlled release of active gaseous/volatile compounds for active packaging applications of agri‐food products: A review. Comprehensive Reviews in Food Science and Food Safety, 21, 541-579.",,,metadata_only,grounded_verbatim,,api,
doi:10.1111/1541-4337.12874,10.1111/1541-4337.12874,doi,10.1111/1541-4337.12874,,,metadata_only,grounded_verbatim,,api,
doi:10.1111/1541-4337.12874,10.1111/1541-4337.12874,pub_type,review,,,metadata_only,grounded_verbatim,,api,
doi:10.1111/1541-4337.12874,10.1111/1541-4337.12874,substrate_polymer,,,,unverifiable,unverifiable,,,
doi:10.1111/1541-4337.12874,10.1111/1541-4337.12874,mcp_carrier,,,,unverifiable,unverifiable,,,
doi:10.1111/1541-4337.12874,10.1111/1541-4337.12874,antimicrobial,,,,unverifiable,unverifiable,,,
doi:10.1111/1541-4337.12874,10.1111/1541-4337.12874,prep_method,,,,unverifiable,unverifiable,,,
doi:10.1111/1541-4337.12874,10.1111/1541-4337.12874,manufacturing_temp_c,,,,unverifiable,unverifiable,,,
doi:10.1111/1541-4337.12874,10.1111/1541-4337.12874,trigger_mechanism,,,,unverifiable,unverifiable,,,
doi:10.1111/1541-4337.12874,10.1111/1541-4337.12874,rh_conditions_pct,,,,unverifiable,unverifiable,,not stated,
doi:10.1111/1541-4337.12874,10.1111/1541-4337.12874,storage_temp_c,,,,unverifiable,unverifiable,,not stated,
doi:10.1111/1541-4337.12874,10.1111/1541-4337.12874,mcp_loading,,,,unverifiable,unverifiable,,not stated,
doi:10.1111/1541-4337.12874,10.1111/1541-4337.12874,release_method,,,,unverifiable,unverifiable,,not stated,
doi:10.1111/1541-4337.12874,10.1111/1541-4337.12874,release_duration,,,,unverifiable,unverifiable,,not stated,
doi:10.1111/1541-4337.12874,10.1111/1541-4337.12874,kinetic_model,,,,unverifiable,unverifiable,,not stated,
doi:10.1111/1541-4337.12874,10.1111/1541-4337.12874,release_result,,,,unverifiable,unverifiable,,not stated,
doi:10.1111/1541-4337.12874,10.1111/1541-4337.12874,produce_tested,,,,unverifiable,unverifiable,,,
doi:10.1111/1541-4337.12874,10.1111/1541-4337.12874,package_vol_mass,,,,unverifiable,unverifiable,,,
doi:10.1111/1541-4337.12874,10.1111/1541-4337.12874,quality_outcomes,,,,unverifiable,unverifiable,,,
doi:10.1111/1541-4337.12874,10.1111/1541-4337.12874,mechanical_props,,,,unverifiable,unverifiable,,,
doi:10.1111/1541-4337.12874,10.1111/1541-4337.12874,barrier_props,,,,unverifiable,unverifiable,,,
doi:10.1111/1541-4337.12874,10.1111/1541-4337.12874,antimicrobial_outcomes,,,,unverifiable,unverifiable,,,
doi:10.1111/1541-4337.12874,10.1111/1541-4337.12874,limitations,,,,unverifiable,unverifiable,,,
doi:10.1111/1541-4337.12874,10.1111/1541-4337.12874,scaleup_relevance,,,not_assessable,unverifiable,ungrounded_blanked,,,quote_not_locatable
doi:10.1111/1541-4337.12874,10.1111/1541-4337.12874,concept_relevance,,,core,unverifiable,ungrounded_blanked,,,quote_not_locatable
doi:10.3390/polym13071053,10.3390/polym13071053,reference,"Ana Beltrán Sanahuja & Arantzazu Valdés García (2021). New Trends in the Use of Volatile Compounds in Food Packaging. Polymers, 13, 1053.",,,metadata_only,grounded_verbatim,,api,
doi:10.3390/polym13071053,10.3390/polym13071053,doi,10.3390/polym13071053,,,metadata_only,grounded_verbatim,,api,
doi:10.3390/polym13071053,10.3390/polym13071053,pub_type,review,,,metadata_only,grounded_verbatim,,api,
doi:10.3390/polym13071053,10.3390/polym13071053,substrate_polymer,,,,unverifiable,unverifiable,,,
doi:10.3390/polym13071053,10.3390/polym13071053,mcp_carrier,,,,unverifiable,unverifiable,,,
doi:10.3390/polym13071053,10.3390/polym13071053,antimicrobial,,,,unverifiable,unverifiable,,,
doi:10.3390/polym13071053,10.3390/polym13071053,prep_method,,,,unverifiable,unverifiable,,,
doi:10.3390/polym13071053,10.3390/polym13071053,manufacturing_temp_c,,,,unverifiable,unverifiable,,,
doi:10.3390/polym13071053,10.3390/polym13071053,trigger_mechanism,,,,unverifiable,unverifiable,,,
doi:10.3390/polym13071053,10.3390/polym13071053,rh_conditions_pct,,,,unverifiable,unverifiable,,not stated,
doi:10.3390/polym13071053,10.3390/polym13071053,storage_temp_c,,,,unverifiable,unverifiable,,not stated,
doi:10.3390/polym13071053,10.3390/polym13071053,mcp_loading,,,,unverifiable,unverifiable,,not stated,
doi:10.3390/polym13071053,10.3390/polym13071053,release_method,,,,unverifiable,unverifiable,,not stated,
doi:10.3390/polym13071053,10.3390/polym13071053,release_duration,,,,unverifiable,unverifiable,,not stated,
doi:10.3390/polym13071053,10.3390/polym13071053,kinetic_model,,,,unverifiable,unverifiable,,not stated,
doi:10.3390/polym13071053,10.3390/polym13071053,release_result,,,,unverifiable,unverifiable,,not stated,
doi:10.3390/polym13071053,10.3390/polym13071053,produce_tested,,,,unverifiable,unverifiable,,not stated,
doi:10.3390/polym13071053,10.3390/polym13071053,package_vol_mass,,,,unverifiable,unverifiable,,not stated,
doi:10.3390/polym13071053,10.3390/polym13071053,quality_outcomes,,,,unverifiable,unverifiable,,not stated,
doi:10.3390/polym13071053,10.3390/polym13071053,mechanical_props,,,,unverifiable,unverifiable,,not stated,
doi:10.3390/polym13071053,10.3390/polym13071053,barrier_props,,,,unverifiable,unverifiable,,not stated,
doi:10.3390/polym13071053,10.3390/polym13071053,antimicrobial_outcomes,,,,unverifiable,unverifiable,,not stated,
doi:10.3390/polym13071053,10.3390/polym13071053,limitations,,,,unverifiable,unverifiable,,not stated,
doi:10.3390/polym13071053,10.3390/polym13071053,scaleup_relevance,,,not_assessable,unverifiable,ungrounded_blanked,,not stated,quote_not_locatable
doi:10.3390/polym13071053,10.3390/polym13071053,concept_relevance,background,,background,abstract_only,inference_from_quote,This review presents a complete revision of the studies that have been carried out on the incorporation of volatile compounds to food packaging applications.,abstract,quote_exact;no_new_numbers
doi:10.1016/j.ijbiomac.2026.152492,10.1016/j.ijbiomac.2026.152492,reference,"Donghyun Jang et al. (2026). Biopolymer coatings for barrier and functional enhancement of sustainable food packaging: Recent advances and emerging trends. International Journal of Biological Macromolecules, 366, 152492.",,,metadata_only,grounded_verbatim,,api,
doi:10.1016/j.ijbiomac.2026.152492,10.1016/j.ijbiomac.2026.152492,doi,10.1016/j.ijbiomac.2026.152492,,,metadata_only,grounded_verbatim,,api,
doi:10.1016/j.ijbiomac.2026.152492,10.1016/j.ijbiomac.2026.152492,pub_type,review,,,metadata_only,grounded_verbatim,,api,
doi:10.1016/j.ijbiomac.2026.152492,10.1016/j.ijbiomac.2026.152492,substrate_polymer,,,,unverifiable,unverifiable,,,
doi:10.1016/j.ijbiomac.2026.152492,10.1016/j.ijbiomac.2026.152492,mcp_carrier,,,,unverifiable,unverifiable,,,
doi:10.1016/j.ijbiomac.2026.152492,10.1016/j.ijbiomac.2026.152492,antimicrobial,,,,unverifiable,unverifiable,,,
doi:10.1016/j.ijbiomac.2026.152492,10.1016/j.ijbiomac.2026.152492,prep_method,,,,unverifiable,unverifiable,,,
doi:10.1016/j.ijbiomac.2026.152492,10.1016/j.ijbiomac.2026.152492,manufacturing_temp_c,,,,unverifiable,unverifiable,,,
doi:10.1016/j.ijbiomac.2026.152492,10.1016/j.ijbiomac.2026.152492,trigger_mechanism,,,,unverifiable,unverifiable,,,
doi:10.1016/j.ijbiomac.2026.152492,10.1016/j.ijbiomac.2026.152492,rh_conditions_pct,,,,unverifiable,unverifiable,,not stated,
doi:10.1016/j.ijbiomac.2026.152492,10.1016/j.ijbiomac.2026.152492,storage_temp_c,,,,unverifiable,unverifiable,,not stated,
doi:10.1016/j.ijbiomac.2026.152492,10.1016/j.ijbiomac.2026.152492,mcp_loading,,,,unverifiable,unverifiable,,not stated,
doi:10.1016/j.ijbiomac.2026.152492,10.1016/j.ijbiomac.2026.152492,release_method,,,,unverifiable,unverifiable,,not stated,
doi:10.1016/j.ijbiomac.2026.152492,10.1016/j.ijbiomac.2026.152492,release_duration,,,,unverifiable,unverifiable,,not stated,
doi:10.1016/j.ijbiomac.2026.152492,10.1016/j.ijbiomac.2026.152492,kinetic_model,,,,unverifiable,unverifiable,,not stated,
doi:10.1016/j.ijbiomac.2026.152492,10.1016/j.ijbiomac.2026.152492,release_result,,,,unverifiable,unverifiable,,not stated,
doi:10.1016/j.ijbiomac.2026.152492,10.1016/j.ijbiomac.2026.152492,produce_tested,,,,unverifiable,unverifiable,,,
doi:10.1016/j.ijbiomac.2026.152492,10.1016/j.ijbiomac.2026.152492,package_vol_mass,,,,unverifiable,unverifiable,,,
doi:10.1016/j.ijbiomac.2026.152492,10.1016/j.ijbiomac.2026.152492,quality_outcomes,,,,unverifiable,unverifiable,,,
doi:10.1016/j.ijbiomac.2026.152492,10.1016/j.ijbiomac.2026.152492,mechanical_props,,,,unverifiable,unverifiable,,,
doi:10.1016/j.ijbiomac.2026.152492,10.1016/j.ijbiomac.2026.152492,barrier_props,,,,unverifiable,unverifiable,,,
doi:10.1016/j.ijbiomac.2026.152492,10.1016/j.ijbiomac.2026.152492,antimicrobial_outcomes,,,,unverifiable,unverifiable,,,
doi:10.1016/j.ijbiomac.2026.152492,10.1016/j.ijbiomac.2026.152492,limitations,"performance variability under humid conditions, limited adhesion between biopolymers and cellulose fibers, cost-intensive processing, and uncertainties regarding biodegradation and environmental fate",,"performance variability under humid conditions, limited adhesion between biopolymers and cellulose fibers, cost-intensive processing, and uncertainties regarding biodegradation and environmental fate",abstract_only,inference_from_quote,"key challenges, including performance variability under humid conditions, limited adhesion between biopolymers and cellulose fibers, cost-intensive processing, and uncertainties regarding biodegradation and environmental fate, are critically evaluated to provide insights into future material design and industrial translation.",abstract,quote_exact;no_new_numbers
doi:10.1016/j.ijbiomac.2026.152492,10.1016/j.ijbiomac.2026.152492,scaleup_relevance,low,,low,abstract_only,inference_from_quote,"cost-intensive processing, and uncertainties regarding biodegradation and environmental fate, are critically evaluated to provide insights into future material design and industrial translation.",abstract,quote_exact;no_new_numbers
doi:10.1016/j.ijbiomac.2026.152492,10.1016/j.ijbiomac.2026.152492,concept_relevance,adjacent_material,,adjacent_material,abstract_only,inference_from_quote,"incorporating essential oils, phenolics, nanomaterials, and natural bioactives that confer antimicrobial, antioxidant, ethylene-scavenging, and UV-shielding properties",abstract,quote_exact;no_new_numbers
doi:10.3390/gels12040297,10.3390/gels12040297,reference,"Dimitrie Stoica et al. (2026). Protein–Polysaccharide Gel Systems for Antioxidant and Antimicrobial Delivery in Sustainable Food Packaging: A Review. Gels, 12, 297.",,,metadata_only,grounded_verbatim,,api,
doi:10.3390/gels12040297,10.3390/gels12040297,doi,10.3390/gels12040297,,,metadata_only,grounded_verbatim,,api,
doi:10.3390/gels12040297,10.3390/gels12040297,pub_type,review,,,metadata_only,grounded_verbatim,,api,
doi:10.3390/gels12040297,10.3390/gels12040297,substrate_polymer,,,,unverifiable,unverifiable,,,
doi:10.3390/gels12040297,10.3390/gels12040297,mcp_carrier,,,,unverifiable,unverifiable,,,
doi:10.3390/gels12040297,10.3390/gels12040297,antimicrobial,,,,unverifiable,unverifiable,,,
doi:10.3390/gels12040297,10.3390/gels12040297,prep_method,,,,unverifiable,unverifiable,,,
doi:10.3390/gels12040297,10.3390/gels12040297,manufacturing_temp_c,,,,unverifiable,unverifiable,,,
doi:10.3390/gels12040297,10.3390/gels12040297,trigger_mechanism,,,,unverifiable,unverifiable,,,
doi:10.3390/gels12040297,10.3390/gels12040297,rh_conditions_pct,,,,unverifiable,unverifiable,,,
doi:10.3390/gels12040297,10.3390/gels12040297,storage_temp_c,,,,unverifiable,unverifiable,,,
doi:10.3390/gels12040297,10.3390/gels12040297,mcp_loading,,,,unverifiable,unverifiable,,,
doi:10.3390/gels12040297,10.3390/gels12040297,release_method,,,,unverifiable,unverifiable,,,
doi:10.3390/gels12040297,10.3390/gels12040297,release_duration,,,,unverifiable,unverifiable,,,
doi:10.3390/gels12040297,10.3390/gels12040297,kinetic_model,,,,unverifiable,unverifiable,,,
doi:10.3390/gels12040297,10.3390/gels12040297,release_result,,,,unverifiable,unverifiable,,,
doi:10.3390/gels12040297,10.3390/gels12040297,produce_tested,,,,unverifiable,unverifiable,,not stated,
doi:10.3390/gels12040297,10.3390/gels12040297,package_vol_mass,,,,unverifiable,unverifiable,,not stated,
doi:10.3390/gels12040297,10.3390/gels12040297,quality_outcomes,,,,unverifiable,unverifiable,,not stated,
doi:10.3390/gels12040297,10.3390/gels12040297,mechanical_props,,,,unverifiable,unverifiable,,not stated,
doi:10.3390/gels12040297,10.3390/gels12040297,barrier_props,,,,unverifiable,unverifiable,,not stated,
doi:10.3390/gels12040297,10.3390/gels12040297,antimicrobial_outcomes,,,,unverifiable,unverifiable,,not stated,
doi:10.3390/gels12040297,10.3390/gels12040297,limitations,"stability, scalability, and regulatory compliance",,"stability, scalability, and regulatory compliance",abstract_only,inference_from_quote,"Current limitations related to stability, scalability, and regulatory compliance are also addressed.",abstract,quote_exact;no_new_numbers
doi:10.3390/gels12040297,10.3390/gels12040297,scaleup_relevance,,,not_assessable,unverifiable,ungrounded_blanked,,not stated,quote_not_locatable
doi:10.3390/gels12040297,10.3390/gels12040297,concept_relevance,,,adjacent_material,unverifiable,ungrounded_blanked,,abstract,quote_not_locatable
doi:10.3390/molecules31091545,10.3390/molecules31091545,reference,"Amanullah Sabir et al. (2026). Polysaccharides: Nature’s Guardians of Freshness in Food Preservation. Molecules, 31, 1545.",,,metadata_only,grounded_verbatim,,api,
doi:10.3390/molecules31091545,10.3390/molecules31091545,doi,10.3390/molecules31091545,,,metadata_only,grounded_verbatim,,api,
doi:10.3390/molecules31091545,10.3390/molecules31091545,pub_type,review,,,metadata_only,grounded_verbatim,,api,
doi:10.3390/molecules31091545,10.3390/molecules31091545,substrate_polymer,,,,unverifiable,unverifiable,,,
doi:10.3390/molecules31091545,10.3390/molecules31091545,mcp_carrier,,,,unverifiable,unverifiable,,,
doi:10.3390/molecules31091545,10.3390/molecules31091545,antimicrobial,,,,unverifiable,unverifiable,,,
doi:10.3390/molecules31091545,10.3390/molecules31091545,prep_method,,,,unverifiable,unverifiable,,,
doi:10.3390/molecules31091545,10.3390/molecules31091545,manufacturing_temp_c,,,,unverifiable,unverifiable,,,
doi:10.3390/molecules31091545,10.3390/molecules31091545,trigger_mechanism,,,,unverifiable,unverifiable,,,
doi:10.3390/molecules31091545,10.3390/molecules31091545,rh_conditions_pct,,,,unverifiable,unverifiable,,,
doi:10.3390/molecules31091545,10.3390/molecules31091545,storage_temp_c,,,,unverifiable,unverifiable,,,
doi:10.3390/molecules31091545,10.3390/molecules31091545,mcp_loading,,,,unverifiable,unverifiable,,,
doi:10.3390/molecules31091545,10.3390/molecules31091545,release_method,,,,unverifiable,unverifiable,,,
doi:10.3390/molecules31091545,10.3390/molecules31091545,release_duration,,,,unverifiable,unverifiable,,,
doi:10.3390/molecules31091545,10.3390/molecules31091545,kinetic_model,,,,unverifiable,unverifiable,,,
doi:10.3390/molecules31091545,10.3390/molecules31091545,release_result,,,,unverifiable,unverifiable,,,
doi:10.3390/molecules31091545,10.3390/molecules31091545,produce_tested,,,,unverifiable,unverifiable,,not stated,
doi:10.3390/molecules31091545,10.3390/molecules31091545,package_vol_mass,,,,unverifiable,unverifiable,,not stated,
doi:10.3390/molecules31091545,10.3390/molecules31091545,quality_outcomes,,,,unverifiable,unverifiable,,not stated,
doi:10.3390/molecules31091545,10.3390/molecules31091545,mechanical_props,,,,unverifiable,unverifiable,,not stated,
doi:10.3390/molecules31091545,10.3390/molecules31091545,barrier_props,,,,unverifiable,unverifiable,,not stated,
doi:10.3390/molecules31091545,10.3390/molecules31091545,antimicrobial_outcomes,,,,unverifiable,unverifiable,,not stated,
doi:10.3390/molecules31091545,10.3390/molecules31091545,limitations,"Challenges related to stability, sensory impact, and regulatory compliance are also discussed.",,"Challenges related to stability, sensory impact, and regulatory compliance are also discussed.",abstract_only,inference_from_quote,"Challenges related to stability, sensory impact, and regulatory compliance are also discussed.",abstract,quote_exact;no_new_numbers
doi:10.3390/molecules31091545,10.3390/molecules31091545,scaleup_relevance,,,not_assessable,unverifiable,ungrounded_blanked,,not stated,quote_not_locatable
doi:10.3390/molecules31091545,10.3390/molecules31091545,concept_relevance,,,adjacent_material,unverifiable,ungrounded_blanked,,not stated,quote_not_locatable
doi:10.3390/foods14234111,10.3390/foods14234111,reference,"Weina Jiang et al. (2025). Multifunctional Metal–Organic Frameworks for Enhancing Food Safety and Quality: A Comprehensive Review. Foods, 14, 4111.",,,metadata_only,grounded_verbatim,,api,
doi:10.3390/foods14234111,10.3390/foods14234111,doi,10.3390/foods14234111,,,metadata_only,grounded_verbatim,,api,
doi:10.3390/foods14234111,10.3390/foods14234111,pub_type,review,,,metadata_only,grounded_verbatim,,api,
doi:10.3390/foods14234111,10.3390/foods14234111,substrate_polymer,,,,unverifiable,unverifiable,,,
doi:10.3390/foods14234111,10.3390/foods14234111,mcp_carrier,,,,unverifiable,unverifiable,,,
doi:10.3390/foods14234111,10.3390/foods14234111,antimicrobial,,,,unverifiable,unverifiable,,,
doi:10.3390/foods14234111,10.3390/foods14234111,prep_method,,,,unverifiable,unverifiable,,,
doi:10.3390/foods14234111,10.3390/foods14234111,manufacturing_temp_c,,,,unverifiable,unverifiable,,,
doi:10.3390/foods14234111,10.3390/foods14234111,trigger_mechanism,,,,unverifiable,unverifiable,,,
doi:10.3390/foods14234111,10.3390/foods14234111,rh_conditions_pct,,,,unverifiable,unverifiable,,not stated,
doi:10.3390/foods14234111,10.3390/foods14234111,storage_temp_c,,,,unverifiable,unverifiable,,not stated,
doi:10.3390/foods14234111,10.3390/foods14234111,mcp_loading,,,,unverifiable,unverifiable,,not stated,
doi:10.3390/foods14234111,10.3390/foods14234111,release_method,,,,unverifiable,unverifiable,,not stated,
doi:10.3390/foods14234111,10.3390/foods14234111,release_duration,,,,unverifiable,unverifiable,,not stated,
doi:10.3390/foods14234111,10.3390/foods14234111,kinetic_model,,,,unverifiable,unverifiable,,not stated,
doi:10.3390/foods14234111,10.3390/foods14234111,release_result,,,,unverifiable,unverifiable,,not stated,
doi:10.3390/foods14234111,10.3390/foods14234111,produce_tested,,,,unverifiable,unverifiable,,not stated,
doi:10.3390/foods14234111,10.3390/foods14234111,package_vol_mass,,,,unverifiable,unverifiable,,not stated,
doi:10.3390/foods14234111,10.3390/foods14234111,quality_outcomes,,,,unverifiable,unverifiable,,not stated,
doi:10.3390/foods14234111,10.3390/foods14234111,mechanical_props,,,,unverifiable,unverifiable,,not stated,
doi:10.3390/foods14234111,10.3390/foods14234111,barrier_props,,,,unverifiable,unverifiable,,not stated,
doi:10.3390/foods14234111,10.3390/foods14234111,antimicrobial_outcomes,,,,unverifiable,unverifiable,,not stated,
doi:10.3390/foods14234111,10.3390/foods14234111,limitations,,,,unverifiable,unverifiable,,not stated,
doi:10.3390/foods14234111,10.3390/foods14234111,scaleup_relevance,,,,unverifiable,unverifiable,,not stated,
doi:10.3390/foods14234111,10.3390/foods14234111,concept_relevance,,,,unverifiable,unverifiable,,not stated,
doi:10.3390/antibiotics13121168,10.3390/antibiotics13121168,reference,"Aleksandra Bibow & Wiesław Oleszek (2024). Essential Oils as Potential Natural Antioxidants, Antimicrobial, and Antifungal Agents in Active Food Packaging. Antibiotics, 13, 1168.",,,metadata_only,grounded_verbatim,,api,
doi:10.3390/antibiotics13121168,10.3390/antibiotics13121168,doi,10.3390/antibiotics13121168,,,metadata_only,grounded_verbatim,,api,
doi:10.3390/antibiotics13121168,10.3390/antibiotics13121168,pub_type,review,,,metadata_only,grounded_verbatim,,api,
doi:10.3390/antibiotics13121168,10.3390/antibiotics13121168,substrate_polymer,,,,unverifiable,unverifiable,,,
doi:10.3390/antibiotics13121168,10.3390/antibiotics13121168,mcp_carrier,,,,unverifiable,unverifiable,,,
doi:10.3390/antibiotics13121168,10.3390/antibiotics13121168,antimicrobial,,,,unverifiable,unverifiable,,,
doi:10.3390/antibiotics13121168,10.3390/antibiotics13121168,prep_method,,,,unverifiable,unverifiable,,,
doi:10.3390/antibiotics13121168,10.3390/antibiotics13121168,manufacturing_temp_c,,,,unverifiable,unverifiable,,,
doi:10.3390/antibiotics13121168,10.3390/antibiotics13121168,trigger_mechanism,,,,unverifiable,unverifiable,,,
doi:10.3390/antibiotics13121168,10.3390/antibiotics13121168,rh_conditions_pct,,,,unverifiable,unverifiable,,not stated,
doi:10.3390/antibiotics13121168,10.3390/antibiotics13121168,storage_temp_c,,,,unverifiable,unverifiable,,not stated,
doi:10.3390/antibiotics13121168,10.3390/antibiotics13121168,mcp_loading,,,,unverifiable,unverifiable,,not stated,
doi:10.3390/antibiotics13121168,10.3390/antibiotics13121168,release_method,,,,unverifiable,unverifiable,,not stated,
doi:10.3390/antibiotics13121168,10.3390/antibiotics13121168,release_duration,,,,unverifiable,unverifiable,,not stated,
doi:10.3390/antibiotics13121168,10.3390/antibiotics13121168,kinetic_model,,,,unverifiable,unverifiable,,not stated,
doi:10.3390/antibiotics13121168,10.3390/antibiotics13121168,release_result,,,,unverifiable,unverifiable,,not stated,
doi:10.3390/antibiotics13121168,10.3390/antibiotics13121168,produce_tested,,,,unverifiable,unverifiable,,,
doi:10.3390/antibiotics13121168,10.3390/antibiotics13121168,package_vol_mass,,,,unverifiable,unverifiable,,,
doi:10.3390/antibiotics13121168,10.3390/antibiotics13121168,quality_outcomes,,,,unverifiable,unverifiable,,,
doi:10.3390/antibiotics13121168,10.3390/antibiotics13121168,mechanical_props,,,,unverifiable,unverifiable,,,
doi:10.3390/antibiotics13121168,10.3390/antibiotics13121168,barrier_props,,,,unverifiable,unverifiable,,,
doi:10.3390/antibiotics13121168,10.3390/antibiotics13121168,antimicrobial_outcomes,,,,unverifiable,unverifiable,,,
doi:10.3390/antibiotics13121168,10.3390/antibiotics13121168,limitations,The study identifies constraints and deficiencies in current investigations of essential oils for food packaging efficacy.,,The study identifies constraints and deficiencies in current investigations of essential oils for food packaging efficacy.,abstract_only,inference_from_quote,The findings of our study suggest the existence of certain constraints and deficiencies in the investigation of essential oils and their efficacy in food packaging.,abstract,quote_exact;no_new_numbers
doi:10.3390/antibiotics13121168,10.3390/antibiotics13121168,scaleup_relevance,,,not_assessable,unverifiable,ungrounded_blanked,,abstract,quote_not_locatable
doi:10.3390/antibiotics13121168,10.3390/antibiotics13121168,concept_relevance,adjacent_material,,adjacent_material,abstract_only,inference_from_quote,"This article presents a review of techniques for the functional properties of biopolymer particles loaded with essential oils that form a stable network to control their release, making them ideal for improving food packaging and processing.",abstract,quote_exact;no_new_numbers
doi:10.3390/bios16020094,10.3390/bios16020094,reference,"Sharath Kumar Nagaraja et al. (2026). A Comprehensive Review of Biochemical Insights and Advanced Packaging Technologies for Shelf-Life Enhancement of Temperate Fruits. Biosensors, 16, 94.",,,metadata_only,grounded_verbatim,,api,
doi:10.3390/bios16020094,10.3390/bios16020094,doi,10.3390/bios16020094,,,metadata_only,grounded_verbatim,,api,
doi:10.3390/bios16020094,10.3390/bios16020094,pub_type,review,,,metadata_only,grounded_verbatim,,api,
doi:10.3390/bios16020094,10.3390/bios16020094,substrate_polymer,,,,not_stated,not_stated,,,
doi:10.3390/bios16020094,10.3390/bios16020094,mcp_carrier,,,,not_stated,not_stated,,,
doi:10.3390/bios16020094,10.3390/bios16020094,antimicrobial,,,,not_stated,not_stated,,,
doi:10.3390/bios16020094,10.3390/bios16020094,prep_method,,,,not_stated,not_stated,,,
doi:10.3390/bios16020094,10.3390/bios16020094,manufacturing_temp_c,,,,not_stated,not_stated,,,
doi:10.3390/bios16020094,10.3390/bios16020094,trigger_mechanism,,,,not_stated,not_stated,,,
doi:10.3390/bios16020094,10.3390/bios16020094,rh_conditions_pct,,,,not_stated,not_stated,,,
doi:10.3390/bios16020094,10.3390/bios16020094,storage_temp_c,,,,not_stated,not_stated,,,
doi:10.3390/bios16020094,10.3390/bios16020094,mcp_loading,,,,not_stated,not_stated,,,
doi:10.3390/bios16020094,10.3390/bios16020094,release_method,,,,not_stated,not_stated,,,
doi:10.3390/bios16020094,10.3390/bios16020094,release_duration,,,,not_stated,not_stated,,,
doi:10.3390/bios16020094,10.3390/bios16020094,kinetic_model,,,,not_stated,not_stated,,,
doi:10.3390/bios16020094,10.3390/bios16020094,release_result,,,,not_stated,not_stated,,,
doi:10.3390/bios16020094,10.3390/bios16020094,produce_tested,,,,not_stated,not_stated,,,
doi:10.3390/bios16020094,10.3390/bios16020094,package_vol_mass,,,,not_stated,not_stated,,,
doi:10.3390/bios16020094,10.3390/bios16020094,quality_outcomes,,,,not_stated,not_stated,,,
doi:10.3390/bios16020094,10.3390/bios16020094,mechanical_props,,,,not_stated,not_stated,,,
doi:10.3390/bios16020094,10.3390/bios16020094,barrier_props,,,,not_stated,not_stated,,,
doi:10.3390/bios16020094,10.3390/bios16020094,antimicrobial_outcomes,,,,not_stated,not_stated,,,
doi:10.3390/bios16020094,10.3390/bios16020094,limitations,,,,not_stated,not_stated,,not stated,
doi:10.3390/bios16020094,10.3390/bios16020094,scaleup_relevance,low,,low,full_text_verified,inference_from_quote,"The concept of nano-packaging and edible coatings is still in laboratory conditions, and needs a scale up with respect to technological adaptability and scale-up factor.",conclusion,quote_exact;no_new_numbers
doi:10.3390/bios16020094,10.3390/bios16020094,concept_relevance,core,,core,full_text_verified,inference_from_quote,The pre-fumigated peaches with 1-methylcyclopropene (1-MCP) were packed in LMPF. This combination treatment was able to retain the concentration of ascorbic acid and maintain titratable acidity.,discussion,quote_exact;no_new_numbers
doi:10.3390/foods14152713,10.3390/foods14152713,reference,"Mariana A. Andrade et al. (2025). Emerging Trends in Active Packaging for Food: A Six-Year Review. Foods, 14, 2713.",,,metadata_only,grounded_verbatim,,api,
doi:10.3390/foods14152713,10.3390/foods14152713,doi,10.3390/foods14152713,,,metadata_only,grounded_verbatim,,api,
doi:10.3390/foods14152713,10.3390/foods14152713,pub_type,review,,,metadata_only,grounded_verbatim,,api,
doi:10.3390/foods14152713,10.3390/foods14152713,substrate_polymer,,,,not_stated,not_stated,,not stated,
doi:10.3390/foods14152713,10.3390/foods14152713,mcp_carrier,,,,not_stated,not_stated,,not stated,
doi:10.3390/foods14152713,10.3390/foods14152713,antimicrobial,,,,not_stated,not_stated,,not stated,
doi:10.3390/foods14152713,10.3390/foods14152713,prep_method,,,,not_stated,not_stated,,not stated,
doi:10.3390/foods14152713,10.3390/foods14152713,manufacturing_temp_c,,,,not_stated,not_stated,,not stated,
doi:10.3390/foods14152713,10.3390/foods14152713,trigger_mechanism,,,,not_stated,not_stated,,not stated,
doi:10.3390/foods14152713,10.3390/foods14152713,rh_conditions_pct,,,,not_stated,not_stated,,not stated,
doi:10.3390/foods14152713,10.3390/foods14152713,storage_temp_c,,,,not_stated,not_stated,,not stated,
doi:10.3390/foods14152713,10.3390/foods14152713,mcp_loading,,,,not_stated,not_stated,,not stated,
doi:10.3390/foods14152713,10.3390/foods14152713,release_method,,,,not_stated,not_stated,,not stated,
doi:10.3390/foods14152713,10.3390/foods14152713,release_duration,,,,not_stated,not_stated,,not stated,
doi:10.3390/foods14152713,10.3390/foods14152713,kinetic_model,,,,not_stated,not_stated,,not stated,
doi:10.3390/foods14152713,10.3390/foods14152713,release_result,,,,not_stated,not_stated,,not stated,
doi:10.3390/foods14152713,10.3390/foods14152713,produce_tested,,,,not_stated,not_stated,,,
doi:10.3390/foods14152713,10.3390/foods14152713,package_vol_mass,,,,not_stated,not_stated,,,
doi:10.3390/foods14152713,10.3390/foods14152713,quality_outcomes,,,,not_stated,not_stated,,,
doi:10.3390/foods14152713,10.3390/foods14152713,mechanical_props,,,,not_stated,not_stated,,,
doi:10.3390/foods14152713,10.3390/foods14152713,barrier_props,,,,not_stated,not_stated,,,
doi:10.3390/foods14152713,10.3390/foods14152713,antimicrobial_outcomes,,,,not_stated,not_stated,,,
doi:10.3390/foods14152713,10.3390/foods14152713,limitations,reliance on in vitro conditions and lack of standardized methodologies,,reliance on in vitro conditions and lack of standardized methodologies,full_text_verified,inference_from_quote,"A significant number of works are based on in vitro conditions, which may not fully replicate the complexity of real food systems or commercial storage environments, limiting their applicability at the industrial scale.",conclusion,quote_exact;no_new_numbers
doi:10.3390/foods14152713,10.3390/foods14152713,scaleup_relevance,low,,low,full_text_verified,inference_from_quote,"However, a clear gap remains between laboratory innovation and industrial implementation.",conclusion,quote_exact;no_new_numbers
doi:10.3390/foods14152713,10.3390/foods14152713,concept_relevance,adjacent_material,,adjacent_material,full_text_verified,inference_from_quote,"This review compiles and analyzes recent advancements (2019–2024) in release-type active packaging, focusing on essential oils, natural extracts, and phenolic compounds as active agents.",abstract,quote_exact;no_new_numbers
doi:10.3390/foods15081309,10.3390/foods15081309,reference,"Antia G. Pereira et al. (2026). Natural Antimicrobials from Plants Used as Food Preservatives. Foods, 15, 1309.",,,metadata_only,grounded_verbatim,,api,
doi:10.3390/foods15081309,10.3390/foods15081309,doi,10.3390/foods15081309,,,metadata_only,grounded_verbatim,,api,
doi:10.3390/foods15081309,10.3390/foods15081309,pub_type,review,,,metadata_only,grounded_verbatim,,api,
doi:10.3390/foods15081309,10.3390/foods15081309,substrate_polymer,,,,not_stated,not_stated,,,
doi:10.3390/foods15081309,10.3390/foods15081309,mcp_carrier,,,,not_stated,not_stated,,,
doi:10.3390/foods15081309,10.3390/foods15081309,antimicrobial,,,,not_stated,not_stated,,,
doi:10.3390/foods15081309,10.3390/foods15081309,prep_method,,,,not_stated,not_stated,,,
doi:10.3390/foods15081309,10.3390/foods15081309,manufacturing_temp_c,,,,not_stated,not_stated,,,
doi:10.3390/foods15081309,10.3390/foods15081309,trigger_mechanism,,,,not_stated,not_stated,,,
doi:10.3390/foods15081309,10.3390/foods15081309,rh_conditions_pct,,,,not_stated,not_stated,,,
doi:10.3390/foods15081309,10.3390/foods15081309,storage_temp_c,,,,not_stated,not_stated,,,
doi:10.3390/foods15081309,10.3390/foods15081309,mcp_loading,,,,not_stated,not_stated,,,
doi:10.3390/foods15081309,10.3390/foods15081309,release_method,,,,not_stated,not_stated,,,
doi:10.3390/foods15081309,10.3390/foods15081309,release_duration,,,,not_stated,not_stated,,,
doi:10.3390/foods15081309,10.3390/foods15081309,kinetic_model,,,,not_stated,not_stated,,,
doi:10.3390/foods15081309,10.3390/foods15081309,release_result,,,,not_stated,not_stated,,,
doi:10.3390/foods15081309,10.3390/foods15081309,produce_tested,,,,not_stated,not_stated,,,
doi:10.3390/foods15081309,10.3390/foods15081309,package_vol_mass,,,,not_stated,not_stated,,,
doi:10.3390/foods15081309,10.3390/foods15081309,quality_outcomes,,,,not_stated,not_stated,,,
doi:10.3390/foods15081309,10.3390/foods15081309,mechanical_props,,,,not_stated,not_stated,,,
doi:10.3390/foods15081309,10.3390/foods15081309,barrier_props,,,,not_stated,not_stated,,,
doi:10.3390/foods15081309,10.3390/foods15081309,antimicrobial_outcomes,,,,not_stated,not_stated,,,
doi:10.3390/foods15081309,10.3390/foods15081309,limitations,,,,not_stated,not_stated,,,
doi:10.3390/foods15081309,10.3390/foods15081309,scaleup_relevance,low,,low,full_text_verified,inference_from_quote,"This plant inherent variability has a direct impact in production reproducibility and preservative efficacy [ 248 ], making difficult to reproduce plant extracts composition and antimicrobial effect, which represents a significant barrier to the standardization and industrial validation of natural antimicrobials preservatives.",discussion,quote_exact;no_new_numbers
doi:10.3390/foods15081309,10.3390/foods15081309,concept_relevance,background,,background,full_text_verified,inference_from_quote,"Regarding active packaging, this approach involves incorporating the bioactive agents into packaging materials, allowing for their gradual release into the food environment during storage.",discussion,quote_exact;no_new_numbers
doi:10.1016/j.tifs.2019.11.005,10.1016/j.tifs.2019.11.005,reference,"Mo Chen et al. (2020). Stabilization and controlled release of gaseous/volatile active compounds to improve safety and quality of fresh produce. Trends in Food Science &amp; Technology, 95, 33-44.",,,metadata_only,grounded_verbatim,,api,
doi:10.1016/j.tifs.2019.11.005,10.1016/j.tifs.2019.11.005,doi,10.1016/j.tifs.2019.11.005,,,metadata_only,grounded_verbatim,,api,
doi:10.1016/j.tifs.2019.11.005,10.1016/j.tifs.2019.11.005,pub_type,review,,,metadata_only,grounded_verbatim,,api,
doi:10.1016/j.tifs.2019.11.005,10.1016/j.tifs.2019.11.005,substrate_polymer,,,,unverifiable,unverifiable,,,
doi:10.1016/j.tifs.2019.11.005,10.1016/j.tifs.2019.11.005,mcp_carrier,,,,unverifiable,unverifiable,,,
doi:10.1016/j.tifs.2019.11.005,10.1016/j.tifs.2019.11.005,antimicrobial,,,,unverifiable,unverifiable,,,
doi:10.1016/j.tifs.2019.11.005,10.1016/j.tifs.2019.11.005,prep_method,,,,unverifiable,unverifiable,,,
doi:10.1016/j.tifs.2019.11.005,10.1016/j.tifs.2019.11.005,manufacturing_temp_c,,,,unverifiable,unverifiable,,,
doi:10.1016/j.tifs.2019.11.005,10.1016/j.tifs.2019.11.005,trigger_mechanism,,,,unverifiable,unverifiable,,,
doi:10.1016/j.tifs.2019.11.005,10.1016/j.tifs.2019.11.005,rh_conditions_pct,,,,unverifiable,unverifiable,,,
doi:10.1016/j.tifs.2019.11.005,10.1016/j.tifs.2019.11.005,storage_temp_c,,,,unverifiable,unverifiable,,,
doi:10.1016/j.tifs.2019.11.005,10.1016/j.tifs.2019.11.005,mcp_loading,,,,unverifiable,unverifiable,,,
doi:10.1016/j.tifs.2019.11.005,10.1016/j.tifs.2019.11.005,release_method,,,,unverifiable,unverifiable,,,
doi:10.1016/j.tifs.2019.11.005,10.1016/j.tifs.2019.11.005,release_duration,,,,unverifiable,unverifiable,,,
doi:10.1016/j.tifs.2019.11.005,10.1016/j.tifs.2019.11.005,kinetic_model,,,,unverifiable,unverifiable,,,
doi:10.1016/j.tifs.2019.11.005,10.1016/j.tifs.2019.11.005,release_result,,,,unverifiable,unverifiable,,,
doi:10.1016/j.tifs.2019.11.005,10.1016/j.tifs.2019.11.005,produce_tested,,,,unverifiable,unverifiable,,not stated,
doi:10.1016/j.tifs.2019.11.005,10.1016/j.tifs.2019.11.005,package_vol_mass,,,,unverifiable,unverifiable,,not stated,
doi:10.1016/j.tifs.2019.11.005,10.1016/j.tifs.2019.11.005,quality_outcomes,,,,unverifiable,unverifiable,,not stated,
doi:10.1016/j.tifs.2019.11.005,10.1016/j.tifs.2019.11.005,mechanical_props,,,,unverifiable,unverifiable,,not stated,
doi:10.1016/j.tifs.2019.11.005,10.1016/j.tifs.2019.11.005,barrier_props,,,,unverifiable,unverifiable,,not stated,
doi:10.1016/j.tifs.2019.11.005,10.1016/j.tifs.2019.11.005,antimicrobial_outcomes,,,,unverifiable,unverifiable,,not stated,
doi:10.1016/j.tifs.2019.11.005,10.1016/j.tifs.2019.11.005,limitations,"The field lacks sufficient understanding of physical and chemical interactions needed to predict retention and release kinetics, alongside regulatory constraints that must be considered for practical application.",,"The field lacks sufficient understanding of physical and chemical interactions needed to predict retention and release kinetics, alongside regulatory constraints that must be considered for practical application.",abstract_only,inference_from_quote,More efforts are needed to understand the physical and chemical interactions between the active compounds and the formulation/composition to predict the retention and release kinetics of the active compounds. Researchers should also be mindful of the regulatory limitations of these compounds to ensure the practicality of the research data.,abstract,quote_exact;no_new_numbers
doi:10.1016/j.tifs.2019.11.005,10.1016/j.tifs.2019.11.005,scaleup_relevance,not_assessable,,not_assessable,abstract_only,inference_from_quote,Examples of some commercially available systems are used to demonstrate how to stabilize and achieve controlled release for different applications and purposes.,abstract,quote_exact;no_new_numbers
doi:10.1016/j.tifs.2019.11.005,10.1016/j.tifs.2019.11.005,concept_relevance,core,,core,abstract_only,inference_from_quote,There is also a growing interest to develop controlled release packaging systems.,abstract,quote_exact;no_new_numbers
doi:10.53332/uofkjas.v21i2.1842,10.53332/uofkjas.v21i2.1842,reference,"Abu-Bakr Ali Abu-Goukh (2023). Review Article on: 1-Methylcyclopropene (1-MCP) a Breakthrough to Delay Ripening and Extend Shelf-Life of Horticultural Crops. University of Khartoum Journal of Agricultural Sciences, 21.",,,metadata_only,grounded_verbatim,,api,
doi:10.53332/uofkjas.v21i2.1842,10.53332/uofkjas.v21i2.1842,doi,10.53332/uofkjas.v21i2.1842,,,metadata_only,grounded_verbatim,,api,
doi:10.53332/uofkjas.v21i2.1842,10.53332/uofkjas.v21i2.1842,pub_type,review,,,metadata_only,grounded_verbatim,,api,
doi:10.53332/uofkjas.v21i2.1842,10.53332/uofkjas.v21i2.1842,substrate_polymer,,,,unverifiable,unverifiable,,,
doi:10.53332/uofkjas.v21i2.1842,10.53332/uofkjas.v21i2.1842,mcp_carrier,,,,unverifiable,unverifiable,,,
doi:10.53332/uofkjas.v21i2.1842,10.53332/uofkjas.v21i2.1842,antimicrobial,,,,unverifiable,unverifiable,,,
doi:10.53332/uofkjas.v21i2.1842,10.53332/uofkjas.v21i2.1842,prep_method,,,,unverifiable,unverifiable,,,
doi:10.53332/uofkjas.v21i2.1842,10.53332/uofkjas.v21i2.1842,manufacturing_temp_c,,,,unverifiable,unverifiable,,,
doi:10.53332/uofkjas.v21i2.1842,10.53332/uofkjas.v21i2.1842,trigger_mechanism,,,,unverifiable,unverifiable,,,
doi:10.53332/uofkjas.v21i2.1842,10.53332/uofkjas.v21i2.1842,rh_conditions_pct,,,,unverifiable,unverifiable,,,
doi:10.53332/uofkjas.v21i2.1842,10.53332/uofkjas.v21i2.1842,storage_temp_c,,,,unverifiable,unverifiable,,,
doi:10.53332/uofkjas.v21i2.1842,10.53332/uofkjas.v21i2.1842,mcp_loading,,,,unverifiable,unverifiable,,,
doi:10.53332/uofkjas.v21i2.1842,10.53332/uofkjas.v21i2.1842,release_method,,,,unverifiable,unverifiable,,,
doi:10.53332/uofkjas.v21i2.1842,10.53332/uofkjas.v21i2.1842,release_duration,,,,unverifiable,unverifiable,,,
doi:10.53332/uofkjas.v21i2.1842,10.53332/uofkjas.v21i2.1842,kinetic_model,,,,unverifiable,unverifiable,,,
doi:10.53332/uofkjas.v21i2.1842,10.53332/uofkjas.v21i2.1842,release_result,,,,unverifiable,unverifiable,,,
doi:10.53332/uofkjas.v21i2.1842,10.53332/uofkjas.v21i2.1842,produce_tested,,,,unverifiable,unverifiable,,not stated,
doi:10.53332/uofkjas.v21i2.1842,10.53332/uofkjas.v21i2.1842,package_vol_mass,,,,unverifiable,unverifiable,,not stated,
doi:10.53332/uofkjas.v21i2.1842,10.53332/uofkjas.v21i2.1842,quality_outcomes,,,,unverifiable,unverifiable,,not stated,
doi:10.53332/uofkjas.v21i2.1842,10.53332/uofkjas.v21i2.1842,mechanical_props,,,,unverifiable,unverifiable,,not stated,
doi:10.53332/uofkjas.v21i2.1842,10.53332/uofkjas.v21i2.1842,barrier_props,,,,unverifiable,unverifiable,,not stated,
doi:10.53332/uofkjas.v21i2.1842,10.53332/uofkjas.v21i2.1842,antimicrobial_outcomes,,,,unverifiable,unverifiable,,not stated,
doi:10.53332/uofkjas.v21i2.1842,10.53332/uofkjas.v21i2.1842,limitations,,,,unverifiable,unverifiable,,,
doi:10.53332/uofkjas.v21i2.1842,10.53332/uofkjas.v21i2.1842,scaleup_relevance,,,,unverifiable,unverifiable,,,
doi:10.53332/uofkjas.v21i2.1842,10.53332/uofkjas.v21i2.1842,concept_relevance,,,,unverifiable,unverifiable,,,
doi:10.1007/s10311-022-01387-z,10.1007/s10311-022-01387-z,reference,"Afreen Sultana et al. (2022). Metal–organic frameworks for active food packaging. A review. Environmental Chemistry Letters, 20, 1479-1495.",,,metadata_only,grounded_verbatim,,api,
doi:10.1007/s10311-022-01387-z,10.1007/s10311-022-01387-z,doi,10.1007/s10311-022-01387-z,,,metadata_only,grounded_verbatim,,api,
doi:10.1007/s10311-022-01387-z,10.1007/s10311-022-01387-z,pub_type,review,,,metadata_only,grounded_verbatim,,api,
doi:10.1007/s10311-022-01387-z,10.1007/s10311-022-01387-z,substrate_polymer,,,,unverifiable,unverifiable,,,
doi:10.1007/s10311-022-01387-z,10.1007/s10311-022-01387-z,mcp_carrier,,,,unverifiable,unverifiable,,,
doi:10.1007/s10311-022-01387-z,10.1007/s10311-022-01387-z,antimicrobial,,,,unverifiable,unverifiable,,,
doi:10.1007/s10311-022-01387-z,10.1007/s10311-022-01387-z,prep_method,,,,unverifiable,unverifiable,,,
doi:10.1007/s10311-022-01387-z,10.1007/s10311-022-01387-z,manufacturing_temp_c,,,,unverifiable,unverifiable,,,
doi:10.1007/s10311-022-01387-z,10.1007/s10311-022-01387-z,trigger_mechanism,,,,unverifiable,unverifiable,,,
doi:10.1007/s10311-022-01387-z,10.1007/s10311-022-01387-z,rh_conditions_pct,,,,unverifiable,unverifiable,,,
doi:10.1007/s10311-022-01387-z,10.1007/s10311-022-01387-z,storage_temp_c,,,,unverifiable,unverifiable,,,
doi:10.1007/s10311-022-01387-z,10.1007/s10311-022-01387-z,mcp_loading,,,,unverifiable,unverifiable,,,
doi:10.1007/s10311-022-01387-z,10.1007/s10311-022-01387-z,release_method,,,,unverifiable,unverifiable,,,
doi:10.1007/s10311-022-01387-z,10.1007/s10311-022-01387-z,release_duration,,,,unverifiable,unverifiable,,,
doi:10.1007/s10311-022-01387-z,10.1007/s10311-022-01387-z,kinetic_model,,,,unverifiable,unverifiable,,,
doi:10.1007/s10311-022-01387-z,10.1007/s10311-022-01387-z,release_result,,,,unverifiable,unverifiable,,,
doi:10.1007/s10311-022-01387-z,10.1007/s10311-022-01387-z,produce_tested,,,,unverifiable,unverifiable,,,
doi:10.1007/s10311-022-01387-z,10.1007/s10311-022-01387-z,package_vol_mass,,,,unverifiable,unverifiable,,,
doi:10.1007/s10311-022-01387-z,10.1007/s10311-022-01387-z,quality_outcomes,,,,unverifiable,unverifiable,,,
doi:10.1007/s10311-022-01387-z,10.1007/s10311-022-01387-z,mechanical_props,,,,unverifiable,unverifiable,,,
doi:10.1007/s10311-022-01387-z,10.1007/s10311-022-01387-z,barrier_props,,,,unverifiable,unverifiable,,,
doi:10.1007/s10311-022-01387-z,10.1007/s10311-022-01387-z,antimicrobial_outcomes,,,,unverifiable,unverifiable,,,
doi:10.1007/s10311-022-01387-z,10.1007/s10311-022-01387-z,limitations,,,,unverifiable,unverifiable,,not stated,
doi:10.1007/s10311-022-01387-z,10.1007/s10311-022-01387-z,scaleup_relevance,,,,unverifiable,unverifiable,,not stated,
doi:10.1007/s10311-022-01387-z,10.1007/s10311-022-01387-z,concept_relevance,,,,unverifiable,unverifiable,,not stated,
doi:10.17660/actahortic.2005.687.24,10.17660/actahortic.2005.687.24,reference,"C.B. Watkins & W.B. Miller (2005). 1-METHYLCYCLOPROPENE (1-MCP) BASED TECHNOLOGIES FOR STORAGE AND SHELF-LIFE EXTENSION. Acta Horticulturae, 201-208.",,,metadata_only,grounded_verbatim,,api,
doi:10.17660/actahortic.2005.687.24,10.17660/actahortic.2005.687.24,doi,10.17660/actahortic.2005.687.24,,,metadata_only,grounded_verbatim,,api,
doi:10.17660/actahortic.2005.687.24,10.17660/actahortic.2005.687.24,pub_type,review,,,metadata_only,grounded_verbatim,,api,
doi:10.17660/actahortic.2005.687.24,10.17660/actahortic.2005.687.24,substrate_polymer,,,,unverifiable,unverifiable,,,
doi:10.17660/actahortic.2005.687.24,10.17660/actahortic.2005.687.24,mcp_carrier,,,,unverifiable,unverifiable,,,
doi:10.17660/actahortic.2005.687.24,10.17660/actahortic.2005.687.24,antimicrobial,,,,unverifiable,unverifiable,,,
doi:10.17660/actahortic.2005.687.24,10.17660/actahortic.2005.687.24,prep_method,,,,unverifiable,unverifiable,,,
doi:10.17660/actahortic.2005.687.24,10.17660/actahortic.2005.687.24,manufacturing_temp_c,,,,unverifiable,unverifiable,,,
doi:10.17660/actahortic.2005.687.24,10.17660/actahortic.2005.687.24,trigger_mechanism,,,,unverifiable,unverifiable,,,
doi:10.17660/actahortic.2005.687.24,10.17660/actahortic.2005.687.24,rh_conditions_pct,,,,unverifiable,unverifiable,,not stated,
doi:10.17660/actahortic.2005.687.24,10.17660/actahortic.2005.687.24,storage_temp_c,,,,unverifiable,unverifiable,,not stated,
doi:10.17660/actahortic.2005.687.24,10.17660/actahortic.2005.687.24,mcp_loading,,,,unverifiable,unverifiable,,not stated,
doi:10.17660/actahortic.2005.687.24,10.17660/actahortic.2005.687.24,release_method,,,,unverifiable,unverifiable,,not stated,
doi:10.17660/actahortic.2005.687.24,10.17660/actahortic.2005.687.24,release_duration,,,,unverifiable,unverifiable,,not stated,
doi:10.17660/actahortic.2005.687.24,10.17660/actahortic.2005.687.24,kinetic_model,,,,unverifiable,unverifiable,,not stated,
doi:10.17660/actahortic.2005.687.24,10.17660/actahortic.2005.687.24,release_result,,,,unverifiable,unverifiable,,not stated,
doi:10.17660/actahortic.2005.687.24,10.17660/actahortic.2005.687.24,produce_tested,,,,unverifiable,unverifiable,,not stated,
doi:10.17660/actahortic.2005.687.24,10.17660/actahortic.2005.687.24,package_vol_mass,,,,unverifiable,unverifiable,,not stated,
doi:10.17660/actahortic.2005.687.24,10.17660/actahortic.2005.687.24,quality_outcomes,,,,unverifiable,unverifiable,,not stated,
doi:10.17660/actahortic.2005.687.24,10.17660/actahortic.2005.687.24,mechanical_props,,,,unverifiable,unverifiable,,not stated,
doi:10.17660/actahortic.2005.687.24,10.17660/actahortic.2005.687.24,barrier_props,,,,unverifiable,unverifiable,,not stated,
doi:10.17660/actahortic.2005.687.24,10.17660/actahortic.2005.687.24,antimicrobial_outcomes,,,,unverifiable,unverifiable,,not stated,
doi:10.17660/actahortic.2005.687.24,10.17660/actahortic.2005.687.24,limitations,,,,unverifiable,unverifiable,,not stated,
doi:10.17660/actahortic.2005.687.24,10.17660/actahortic.2005.687.24,scaleup_relevance,,,,unverifiable,unverifiable,,not stated,
doi:10.17660/actahortic.2005.687.24,10.17660/actahortic.2005.687.24,concept_relevance,,,,unverifiable,unverifiable,,not stated,
doi:10.3390/ma19112393,10.3390/ma19112393,reference,"Ziao Zhang et al. (2026). Bio-Based Smart Packaging Materials for Next-Generation Food Systems. Materials, 19, 2393.",,,metadata_only,grounded_verbatim,,api,
doi:10.3390/ma19112393,10.3390/ma19112393,doi,10.3390/ma19112393,,,metadata_only,grounded_verbatim,,api,
doi:10.3390/ma19112393,10.3390/ma19112393,pub_type,review,,,metadata_only,grounded_verbatim,,api,
doi:10.3390/ma19112393,10.3390/ma19112393,substrate_polymer,,,,unverifiable,unverifiable,,,
doi:10.3390/ma19112393,10.3390/ma19112393,mcp_carrier,,,,unverifiable,unverifiable,,,
doi:10.3390/ma19112393,10.3390/ma19112393,antimicrobial,,,,unverifiable,unverifiable,,,
doi:10.3390/ma19112393,10.3390/ma19112393,prep_method,,,,unverifiable,unverifiable,,,
doi:10.3390/ma19112393,10.3390/ma19112393,manufacturing_temp_c,,,,unverifiable,unverifiable,,,
doi:10.3390/ma19112393,10.3390/ma19112393,trigger_mechanism,,,,unverifiable,unverifiable,,,
doi:10.3390/ma19112393,10.3390/ma19112393,rh_conditions_pct,,,,unverifiable,unverifiable,,,
doi:10.3390/ma19112393,10.3390/ma19112393,storage_temp_c,,,,unverifiable,unverifiable,,,
doi:10.3390/ma19112393,10.3390/ma19112393,mcp_loading,,,,unverifiable,unverifiable,,,
doi:10.3390/ma19112393,10.3390/ma19112393,release_method,,,,unverifiable,unverifiable,,,
doi:10.3390/ma19112393,10.3390/ma19112393,release_duration,,,,unverifiable,unverifiable,,,
doi:10.3390/ma19112393,10.3390/ma19112393,kinetic_model,,,,unverifiable,unverifiable,,,
doi:10.3390/ma19112393,10.3390/ma19112393,release_result,,,,unverifiable,unverifiable,,,
doi:10.3390/ma19112393,10.3390/ma19112393,produce_tested,,,,unverifiable,unverifiable,,,
doi:10.3390/ma19112393,10.3390/ma19112393,package_vol_mass,,,,unverifiable,unverifiable,,,
doi:10.3390/ma19112393,10.3390/ma19112393,quality_outcomes,,,,unverifiable,unverifiable,,,
doi:10.3390/ma19112393,10.3390/ma19112393,mechanical_props,,,,unverifiable,unverifiable,,,
doi:10.3390/ma19112393,10.3390/ma19112393,barrier_props,,,,unverifiable,unverifiable,,,
doi:10.3390/ma19112393,10.3390/ma19112393,antimicrobial_outcomes,,,,unverifiable,unverifiable,,,
doi:10.3390/ma19112393,10.3390/ma19112393,limitations,"The field faces challenges with long-term operational stability, production costs, scalable manufacturing, and life cycle assessments.",,"The field faces challenges with long-term operational stability, production costs, scalable manufacturing, and life cycle assessments.",abstract_only,inference_from_quote,"Key challenges remain with long-term operational stability, production costs, scalable manufacturing, and life cycle assessments.",abstract,quote_exact;no_new_numbers
doi:10.3390/ma19112393,10.3390/ma19112393,scaleup_relevance,not_assessable,,not_assessable,abstract_only,inference_from_quote,"Key challenges remain with long-term operational stability, production costs, scalable manufacturing, and life cycle assessments.",abstract,quote_exact;no_new_numbers
doi:10.3390/ma19112393,10.3390/ma19112393,concept_relevance,adjacent_material,,adjacent_material,abstract_only,inference_from_quote,"Two functional directions stand out: active preservation (antimicrobial, antioxidant, gas-regulating, stimulus-controlled release) and intelligent sensing (colorimetric indicators, bio-based sensors, nano-amplified signals for real-time freshness monitoring).",abstract,quote_exact;no_new_numbers
