family_id,pub_number,field,value,evidence_level,status,quote,checks
fam:a77a8493e179,US9642356B2,family_id,fam:a77a8493e179,metadata_only,grounded_verbatim,,
fam:a77a8493e179,US9642356B2,title,"Maturation or ripening inhibitor release from polymer, fiber, film, sheet or packaging",metadata_only,grounded_verbatim,,
fam:a77a8493e179,US9642356B2,priority_date,2009-12-14,metadata_only,grounded_verbatim,,
fam:a77a8493e179,US9642356B2,publication_date,2017-05-09,metadata_only,grounded_verbatim,,
fam:a77a8493e179,US9642356B2,assignee,Verdant Technologies LLC,metadata_only,grounded_verbatim,,
fam:a77a8493e179,US9642356B2,inventors,"['Willard E. Wood', 'Neil J. Beaverson', 'William J. Kuduk']",metadata_only,grounded_verbatim,,
fam:a77a8493e179,US9642356B2,jurisdictions,"['US', 'EP', 'JP', 'KR', 'CN', 'AU', 'BR', 'CA', 'ES', 'MX', 'RU', 'WO']",metadata_only,grounded_verbatim,,
fam:a77a8493e179,US9642356B2,family_members_seen,"US9642356B2, WO2011081877A1",metadata_only,grounded_verbatim,,
fam:a77a8493e179,US9642356B2,independent_claim_gist,"A controlled release composition comprising a cyclodextrin modified thermoplastic polymer with a covalently bonded cyclodextrin moiety, and 1-methylcyclopropene complexed with the cyclodextrin moiety, formed by contacting the polymer with gaseous 1-MCP under specific pressure, temperature, and moisture conditions.",full_text_verified,inference_from_quote,"1. A controlled release composition comprising: a cyclodextrin modified thermoplastic polymer comprising a cyclodextrin moiety covalently bonded to a thermoplastic polymer; and 1-methylcyclopropene complexed with the cyclodextrin moiety, wherein the controlled release composition is formed by contacting the cyclodextrin modified thermoplastic polymer comprising less than 800 ppm of water with gaseous 1-methylcyclopropene wherein the contacting is at a molar ratio of about 0.5 moles to about 10 moles of 1-methylcyclopropene per mole of the cyclodextrin moiety, in an enclosed space, at a pressure of about 1 atmosphere to about 15 atmospheres, and at a temperature of about 0° C. to 100° C.",quote_exact;no_new_numbers
fam:a77a8493e179,US9642356B2,packaging_format,"film, fiber, woven or nonwoven fabric, sheet, rigid or semi-rigid packaging material, package insert",full_text_verified,grounded_verbatim,"A further aspect of the invention is a film, a fiber, a sheet, a rigid or a semi-rigid packaging material, a woven or non-woven fabric manufactured from a polymer composition of the invention.",quote_exact;token_overlap:13/13
fam:a77a8493e179,US9642356B2,mcp_carrier,cyclodextrin,full_text_verified,grounded_verbatim,1-methylcyclopropene complexed with the cyclodextrin moiety,quote_exact;substring
fam:a77a8493e179,US9642356B2,release_trigger,humidity_moisture,full_text_verified,grounded_controlled,the inhibitor material is also released from the packaging by exposing the packaging to a controlled level of humidity.,quote_exact;enum_clamped
fam:a77a8493e179,US9642356B2,release_control,Humidity-responsive desorption from cyclodextrin inclusion complex within the polymer matrix; moisture contact increases to trigger release proportional to relative humidity in the enclosed package volume.,full_text_verified,grounded_verbatim,We have found that the inhibitor olefin can be controllably released from the polymer compositions of the invention by carefully maintaining a specific humidity within the packaging material such that the level of humidity is proportional to the amount of ethylene inhibitor released by the polymer materials in the packaging structures or in the method of the packaging.,quote_exact;token_overlap:20/23
fam:a77a8493e179,US9642356B2,antimicrobial_component,,not_stated,not_stated,,
fam:a77a8493e179,US9642356B2,manufacturing_method,,unverifiable,ungrounded_blanked,,quote_not_locatable
fam:a77a8493e179,US9642356B2,claim_limitations,"Cyclodextrin moiety covalently bonded to thermoplastic polymer; 1-MCP complexed with cyclodextrin; formed by contacting polymer (<800 ppm water) with gaseous 1-MCP at molar ratio of about 0.5 to 10 moles inhibitor per mole cyclodextrin, in enclosed space at 1-15 atm pressure and 0°C to 100°C temperature.",full_text_verified,inference_from_quote,"comprising a cyclodextrin moiety covalently bonded to a thermoplastic polymer; and 1-methylcyclopropene complexed with the cyclodextrin moiety, wherein the controlled release composition is formed by contacting the cyclodextrin modified thermoplastic polymer comprising less than 800 ppm of water with gaseous 1-methylcyclopropene wherein the contacting is at a molar ratio of about 0.5 moles to about 10 moles of 1-methylcyclopropene per mole of the cyclodextrin moiety, in an enclosed space, at a pressure of about 1 atmosphere to about 15 atmospheres, and at a temperature of about 0° C. to 100° C.",quote_exact;no_new_numbers
fam:a77a8493e179,US9642356B2,overlap_with_concept,,unverifiable,ungrounded_blanked,,quote_not_locatable
fam:a77a8493e179,US9642356B2,design_around,,unverifiable,ungrounded_blanked,,quote_not_locatable
fam:a77a8493e179,US9642356B2,uncertainty,,unverifiable,ungrounded_blanked,,quote_not_locatable
fam:19e97c0cd4cb,US9381163B2,family_id,fam:19e97c0cd4cb,metadata_only,grounded_verbatim,,
fam:19e97c0cd4cb,US9381163B2,title,Floating capsules encapsulating particles loaded with one or more drugs,metadata_only,grounded_verbatim,,
fam:19e97c0cd4cb,US9381163B2,priority_date,2012-08-16,metadata_only,grounded_verbatim,,
fam:19e97c0cd4cb,US9381163B2,publication_date,2016-07-05,metadata_only,grounded_verbatim,,
fam:19e97c0cd4cb,US9381163B2,assignee,"NANYANG TECHNOLOGICAL UNIVERSITY, SINGAPORE",metadata_only,grounded_verbatim,,
fam:19e97c0cd4cb,US9381163B2,inventors,"LOO, SAY CHYE JOACHIM; LEE, WEI LI; WEE, PEIXIN",metadata_only,grounded_verbatim,,
fam:19e97c0cd4cb,US9381163B2,jurisdictions,"['US', 'SG', 'WO']",metadata_only,grounded_verbatim,,
fam:19e97c0cd4cb,US9381163B2,family_members_seen,"US20150164815A1, US9381163B2",metadata_only,grounded_verbatim,,
fam:19e97c0cd4cb,US9381163B2,independent_claim_gist,,not_stated,not_stated,,
fam:19e97c0cd4cb,US9381163B2,packaging_format,,not_stated,not_stated,,
fam:19e97c0cd4cb,US9381163B2,mcp_carrier,,not_stated,not_stated,,
fam:19e97c0cd4cb,US9381163B2,release_trigger,,not_stated,not_stated,,
fam:19e97c0cd4cb,US9381163B2,release_control,,not_stated,not_stated,,
fam:19e97c0cd4cb,US9381163B2,antimicrobial_component,,not_stated,not_stated,,
fam:19e97c0cd4cb,US9381163B2,manufacturing_method,,not_stated,not_stated,,
fam:19e97c0cd4cb,US9381163B2,claim_limitations,,not_stated,not_stated,,
fam:19e97c0cd4cb,US9381163B2,overlap_with_concept,,unverifiable,ungrounded_blanked,,quote_not_locatable
fam:19e97c0cd4cb,US9381163B2,design_around,,not_stated,not_stated,,
fam:19e97c0cd4cb,US9381163B2,uncertainty,,unverifiable,ungrounded_blanked,,quote_not_locatable
fam:62fa3d807879,AU2013387471A1,family_id,fam:62fa3d807879,metadata_only,grounded_verbatim,,
fam:62fa3d807879,AU2013387471A1,title,Methods and compositions for polymer matrix synthesized by polycondensation,metadata_only,grounded_verbatim,,
fam:62fa3d807879,AU2013387471A1,priority_date,2013-04-26,metadata_only,grounded_verbatim,,
fam:62fa3d807879,AU2013387471A1,publication_date,2015-11-12,metadata_only,grounded_verbatim,,
fam:62fa3d807879,AU2013387471A1,assignee,,not_stated,not_stated,,
fam:62fa3d807879,AU2013387471A1,inventors,,not_stated,not_stated,,
fam:62fa3d807879,AU2013387471A1,jurisdictions,"['US', 'EP', 'JP', 'KR', 'CN', 'AU', 'BR', 'CA', 'CR', 'MX', 'WO']",metadata_only,grounded_verbatim,,
fam:62fa3d807879,AU2013387471A1,family_members_seen,AU2013387471A1,metadata_only,grounded_verbatim,,
fam:62fa3d807879,AU2013387471A1,independent_claim_gist,,not_stated,not_stated,,
fam:62fa3d807879,AU2013387471A1,packaging_format,,not_stated,not_stated,,
fam:62fa3d807879,AU2013387471A1,mcp_carrier,,not_stated,not_stated,,
fam:62fa3d807879,AU2013387471A1,release_trigger,,not_stated,not_stated,,
fam:62fa3d807879,AU2013387471A1,release_control,,not_stated,not_stated,,
fam:62fa3d807879,AU2013387471A1,antimicrobial_component,,not_stated,not_stated,,
fam:62fa3d807879,AU2013387471A1,manufacturing_method,polymer matrix synthesized by polycondensation,full_text_verified,grounded_verbatim,Methods and compositions for polymer matrix synthesized by polycondensation,quote_exact;substring
fam:62fa3d807879,AU2013387471A1,claim_limitations,,not_stated,not_stated,,
fam:62fa3d807879,AU2013387471A1,overlap_with_concept,"The document discloses a polymer matrix synthesized by polycondensation, which could theoretically serve as a controlled-release packaging material, but the provided text lacks specific claims regarding 1-MCP, humidity responsiveness, or antimicrobial components.",full_text_verified,inference_from_quote,Methods and compositions for polymer matrix synthesized by polycondensation,quote_exact;no_new_numbers
fam:62fa3d807879,AU2013387471A1,design_around,Utilizing alternative polymer synthesis methods or different active ingredient carriers would avoid the claimed polycondensation-based matrix.,full_text_verified,inference_from_quote,polymer matrix synthesized by polycondensation,quote_exact;no_new_numbers
fam:62fa3d807879,AU2013387471A1,uncertainty,"The actual claims are not included in the provided document excerpt, making it impossible to determine specific claim limitations, release mechanisms, or whether 1-MCP/antimicrobials are claimed.",full_text_verified,inference_from_quote,## Claims (43),quote_exact;no_new_numbers
fam:20d638c7e6fe,CA2910267A1,family_id,fam:20d638c7e6fe,metadata_only,grounded_verbatim,,
fam:20d638c7e6fe,CA2910267A1,title,Gel formulations for extended release of volatile compounds,metadata_only,grounded_verbatim,,
fam:20d638c7e6fe,CA2910267A1,priority_date,2013-04-26,metadata_only,grounded_verbatim,,
fam:20d638c7e6fe,CA2910267A1,publication_date,2014-10-30,metadata_only,grounded_verbatim,,
fam:20d638c7e6fe,CA2910267A1,assignee,,not_stated,not_stated,,
fam:20d638c7e6fe,CA2910267A1,inventors,,not_stated,not_stated,,
fam:20d638c7e6fe,CA2910267A1,jurisdictions,"['US', 'EP', 'JP', 'KR', 'CN', 'AU', 'BR', 'CA', 'CR', 'MX', 'WO']",metadata_only,grounded_verbatim,,
fam:20d638c7e6fe,CA2910267A1,family_members_seen,CA2910267A1,metadata_only,grounded_verbatim,,
fam:20d638c7e6fe,CA2910267A1,independent_claim_gist,,not_stated,not_stated,,
fam:20d638c7e6fe,CA2910267A1,packaging_format,,not_stated,not_stated,,
fam:20d638c7e6fe,CA2910267A1,mcp_carrier,,not_stated,not_stated,,
fam:20d638c7e6fe,CA2910267A1,release_trigger,,not_stated,not_stated,,
fam:20d638c7e6fe,CA2910267A1,release_control,,not_stated,not_stated,,
fam:20d638c7e6fe,CA2910267A1,antimicrobial_component,,not_stated,not_stated,,
fam:20d638c7e6fe,CA2910267A1,manufacturing_method,,not_stated,not_stated,,
fam:20d638c7e6fe,CA2910267A1,claim_limitations,,not_stated,not_stated,,
fam:20d638c7e6fe,CA2910267A1,overlap_with_concept,"The document covers gel formulations for extended release of volatile compounds, which conceptually aligns with controlled-release packaging but lacks specific mention of methylcyclopropene, humidity responsiveness, or antimicrobial agents in the provided metadata.",full_text_verified,inference_from_quote,Gel formulations for extended release of volatile compounds,quote_exact;no_new_numbers
fam:20d638c7e6fe,CA2910267A1,design_around,"To avoid this document scope, one could specify non-gel packaging formats, explicitly incorporate methylcyclopropene and essential oils, and define humidity-responsive release mechanisms rather than relying on general gel matrices.",full_text_verified,inference_from_quote,Gel formulations for extended release of volatile compounds,quote_exact;no_new_numbers
fam:20d638c7e6fe,CA2910267A1,uncertainty,,unverifiable,ungrounded_blanked,,quote_not_locatable
fam:66f0e0f037c8,CN101578978A,family_id,fam:66f0e0f037c8,metadata_only,grounded_verbatim,,
fam:66f0e0f037c8,CN101578978A,title,Ethylene absorbent and preparation method thereof,metadata_only,grounded_verbatim,,
fam:66f0e0f037c8,CN101578978A,priority_date,2009-06-11,metadata_only,grounded_verbatim,,
fam:66f0e0f037c8,CN101578978A,publication_date,2009-11-18,metadata_only,grounded_verbatim,,
fam:66f0e0f037c8,CN101578978A,assignee,China Agricultural University,metadata_only,grounded_verbatim,,
fam:66f0e0f037c8,CN101578978A,inventors,"曲桂芹, 李小红, 曹建康, 朱毅, 罗云波",metadata_only,grounded_verbatim,,
fam:66f0e0f037c8,CN101578978A,jurisdictions,CN,metadata_only,grounded_verbatim,,
fam:66f0e0f037c8,CN101578978A,family_members_seen,CN101578978A,metadata_only,grounded_verbatim,,
fam:66f0e0f037c8,CN101578978A,independent_claim_gist,"An ethylene absorbent prepared from a carrier substance, a metal promoter (1-5% of carrier weight), and a palladium divalent compound reaction host (0.3-5% of carrier weight).",full_text_verified,inference_from_quote,"this ethylene absorbent is prepared from by carrier mass, metal promoter and reaction host, and the weight of metal promoter is 1～5% of carrier mass weight, and the weight of reaction host is 0.3～5% of carrier mass weight.",quote_exact;no_new_numbers
fam:66f0e0f037c8,CN101578978A,packaging_format,Granular absorbent placed in air-permeable paper bags or non-woven bags,full_text_verified,grounded_verbatim,透气性的纸袋或无纺布袋中,quote_exact;token_overlap:9/10
fam:66f0e0f037c8,CN101578978A,mcp_carrier,,not_stated,not_stated,,
fam:66f0e0f037c8,CN101578978A,release_trigger,,not_stated,not_stated,,
fam:66f0e0f037c8,CN101578978A,release_control,,not_stated,not_stated,,
fam:66f0e0f037c8,CN101578978A,antimicrobial_component,,not_stated,not_stated,,
fam:66f0e0f037c8,CN101578978A,manufacturing_method,,unverifiable,ungrounded_blanked,,quote_not_locatable
fam:66f0e0f037c8,CN101578978A,claim_limitations,Metal promoter weight must be 1-5% of carrier mass; reaction host (palladium divalent compound) weight must be 0.3-5% of carrier mass.,full_text_verified,inference_from_quote,"the weight of metal promoter is 1～5% of carrier mass weight, and the weight of reaction host is 0.3～5% of carrier mass weight.",quote_exact;no_new_numbers
fam:66f0e0f037c8,CN101578978A,overlap_with_concept,,unverifiable,ungrounded_blanked,,quote_not_locatable
fam:66f0e0f037c8,CN101578978A,design_around,"Use metal promoters other than divalent copper, manganese, or molybdenum; use reaction hosts other than palladium divalent compounds; or adjust weight ratios outside the claimed 1-5% and 0.3-5% ranges.",full_text_verified,inference_from_quote,"the weight of metal promoter is 1～5% of carrier mass weight, and the weight of reaction host is 0.3～5% of carrier mass weight.",quote_exact;no_new_numbers
fam:66f0e0f037c8,CN101578978A,uncertainty,,unverifiable,ungrounded_blanked,,quote_not_locatable
fam:060a87bc3a5d,CN101416658B,family_id,fam:060a87bc3a5d,metadata_only,grounded_verbatim,,
fam:060a87bc3a5d,CN101416658B,title,"1- MCP/modified stabilizer coating material, production method and use thereof",metadata_only,grounded_verbatim,,
fam:060a87bc3a5d,CN101416658B,priority_date,2008-11-07,metadata_only,grounded_verbatim,,
fam:060a87bc3a5d,CN101416658B,publication_date,2009-04-29,metadata_only,grounded_verbatim,,
fam:060a87bc3a5d,CN101416658B,assignee,,not_stated,not_stated,,
fam:060a87bc3a5d,CN101416658B,inventors,,not_stated,not_stated,,
fam:060a87bc3a5d,CN101416658B,jurisdictions,['CN'],metadata_only,grounded_verbatim,,
fam:060a87bc3a5d,CN101416658B,family_members_seen,CN101416658B,metadata_only,grounded_verbatim,,
fam:060a87bc3a5d,CN101416658B,independent_claim_gist,,not_stated,not_stated,,
fam:060a87bc3a5d,CN101416658B,packaging_format,coating,full_text_verified,grounded_verbatim,coating material,quote_exact;substring
fam:060a87bc3a5d,CN101416658B,mcp_carrier,modified stabilizer,full_text_verified,grounded_verbatim,1- MCP/modified stabilizer,quote_exact;substring
fam:060a87bc3a5d,CN101416658B,release_trigger,,not_stated,not_stated,,
fam:060a87bc3a5d,CN101416658B,release_control,,not_stated,not_stated,,
fam:060a87bc3a5d,CN101416658B,antimicrobial_component,,not_stated,not_stated,,
fam:060a87bc3a5d,CN101416658B,manufacturing_method,,not_stated,not_stated,,
fam:060a87bc3a5d,CN101416658B,claim_limitations,,not_stated,not_stated,,
fam:060a87bc3a5d,CN101416658B,overlap_with_concept,,unverifiable,ungrounded_blanked,,quote_not_locatable
fam:060a87bc3a5d,CN101416658B,design_around,,unverifiable,ungrounded_blanked,,quote_not_locatable
fam:060a87bc3a5d,CN101416658B,uncertainty,,unverifiable,ungrounded_blanked,,quote_not_locatable
fam:d9bba1ce6f11,CN101715760A,family_id,fam:d9bba1ce6f11,metadata_only,grounded_verbatim,,
fam:d9bba1ce6f11,CN101715760A,title,1-methylcyclopropene liquid preparation,metadata_only,grounded_verbatim,,
fam:d9bba1ce6f11,CN101715760A,priority_date,2009-12-01,metadata_only,grounded_verbatim,,
fam:d9bba1ce6f11,CN101715760A,publication_date,2010-06-02,metadata_only,grounded_verbatim,,
fam:d9bba1ce6f11,CN101715760A,assignee,Shandong Nutrient Source Food Technology Co Ltd,metadata_only,grounded_verbatim,,
fam:d9bba1ce6f11,CN101715760A,inventors,"王庆国, 牟文良, 陈庆敏",metadata_only,grounded_verbatim,,
fam:d9bba1ce6f11,CN101715760A,jurisdictions,CN,metadata_only,grounded_verbatim,,
fam:d9bba1ce6f11,CN101715760A,family_members_seen,CN101715760A,metadata_only,grounded_verbatim,,
fam:d9bba1ce6f11,CN101715760A,independent_claim_gist,"A liquid preparation comprising a 1-methylcyclopropene stable solution as host, mixed with an organic solvent, emulsifier, and synergist in specific weight percentages.",full_text_verified,inference_from_quote,"with the 1-methyl cyclopropene stable solution of being made up of 1-methyl cyclopropene, one or more alcohols materials and one or more aldehydes matters is host, add organic solvent, emulsifier and host by certain proportioning and form",quote_exact;no_new_numbers
fam:d9bba1ce6f11,CN101715760A,packaging_format,,not_stated,not_stated,,
fam:d9bba1ce6f11,CN101715760A,mcp_carrier,1-methyl cyclopropene stable solution (alcohol/aldehyde mixture),full_text_verified,grounded_verbatim,"1-methyl cyclopropene stable solution of being made up of 1-methyl cyclopropene, one or more alcohols materials and one or more aldehydes matters is host",quote_exact;token_prefix
fam:d9bba1ce6f11,CN101715760A,release_trigger,,not_stated,not_stated,,
fam:d9bba1ce6f11,CN101715760A,release_control,,not_stated,not_stated,,
fam:d9bba1ce6f11,CN101715760A,antimicrobial_component,,not_stated,not_stated,,
fam:d9bba1ce6f11,CN101715760A,manufacturing_method,"Mixing 1-methyl cyclopropene stable solution with organic solvent, then adding and stirring in emulsifier and synergist.",full_text_verified,grounded_verbatim,"gleapis.com/f6/da/82/272c2abf9e4290/G2009102306858D0000031.png)](https://patentimages.storage.googleapis.com/f6/da/82/272c2abf9e4290/G2009102306858D0000031.png) Wherein, R nBe the hydro carbons of C1～C5, n=0,1,2,3; R 1The hydro carbons of=H, C1～C5,",quote_repaired;token_overlap:14/15
fam:d9bba1ce6f11,CN101715760A,claim_limitations,"Weight percentages: 1-MCP stable solution 1-80%, organic solvent 10-70%, emulsifier 1-50%, synergist 0.1-5%.",full_text_verified,inference_from_quote,"wherein the percentage by weight between each component is: 1-methyl cyclopropene stable solution 1～80%, organic solvent 10～70%, emulsifier 1～50%, synergist 0.1～5%.",quote_exact;no_new_numbers
fam:d9bba1ce6f11,CN101715760A,overlap_with_concept,,unverifiable,ungrounded_blanked,,quote_not_locatable
fam:d9bba1ce6f11,CN101715760A,design_around,,unverifiable,ungrounded_blanked,,quote_not_locatable
fam:d9bba1ce6f11,CN101715760A,uncertainty,,unverifiable,ungrounded_blanked,,quote_not_locatable
fam:0f2f2866eae4,CN101990936A,family_id,fam:0f2f2866eae4,metadata_only,grounded_verbatim,,
fam:0f2f2866eae4,CN101990936A,title,1-methyl-3-(2-methyl cyclopropane)-1-cyclopropylene stable inclusion compound and preparation method thereof,metadata_only,grounded_verbatim,,
fam:0f2f2866eae4,CN101990936A,priority_date,2010-10-19,metadata_only,grounded_verbatim,,
fam:0f2f2866eae4,CN101990936A,publication_date,2011-03-30,metadata_only,grounded_verbatim,,
fam:0f2f2866eae4,CN101990936A,assignee,Xian Jiaotong University,metadata_only,grounded_verbatim,,
fam:0f2f2866eae4,CN101990936A,inventors,"延卫, 常乐, 冯江涛",metadata_only,grounded_verbatim,,
fam:0f2f2866eae4,CN101990936A,jurisdictions,CN,metadata_only,grounded_verbatim,,
fam:0f2f2866eae4,CN101990936A,family_members_seen,CN101990936A,metadata_only,grounded_verbatim,,
fam:0f2f2866eae4,CN101990936A,independent_claim_gist,,unverifiable,ungrounded_blanked,,quote_not_locatable
fam:0f2f2866eae4,CN101990936A,packaging_format,,unverifiable,ungrounded_blanked,,quote_not_locatable
fam:0f2f2866eae4,CN101990936A,mcp_carrier,cyclodextrin copper complex,full_text_verified,grounded_verbatim,"ne stable inclusion complex used for fresh-keeping of fruits, vegetables and flowers, which is characterized in that the inclusion complex is composed of 1-methyl -3-(2-methylcyclopropane)-1-cyclopropene and cyclodextrin copper complex are formed by inclusion reaction. The inclusion is a",quote_derived_from_value;substring
fam:0f2f2866eae4,CN101990936A,release_trigger,,unverifiable,ungrounded_blanked,,quote_not_locatable
fam:0f2f2866eae4,CN101990936A,release_control,,unverifiable,ungrounded_blanked,,quote_not_locatable
fam:0f2f2866eae4,CN101990936A,antimicrobial_component,,not_stated,not_stated,,
fam:0f2f2866eae4,CN101990936A,manufacturing_method,,unverifiable,ungrounded_blanked,,quote_not_locatable
fam:0f2f2866eae4,CN101990936A,claim_limitations,,unverifiable,ungrounded_blanked,,quote_not_locatable
fam:0f2f2866eae4,CN101990936A,overlap_with_concept,,unverifiable,ungrounded_blanked,,quote_not_locatable
fam:0f2f2866eae4,CN101990936A,design_around,,unverifiable,ungrounded_blanked,,quote_not_locatable
fam:0f2f2866eae4,CN101990936A,uncertainty,,unverifiable,ungrounded_blanked,,quote_not_locatable
fam:f8583b5fc830,CN102440237B,family_id,fam:f8583b5fc830,metadata_only,grounded_verbatim,,
fam:f8583b5fc830,CN102440237B,title,1-methylcyclopropene preparation and preparation method thereof,metadata_only,grounded_verbatim,,
fam:f8583b5fc830,CN102440237B,priority_date,2011-09-30,metadata_only,grounded_verbatim,,
fam:f8583b5fc830,CN102440237B,publication_date,2014-06-18,metadata_only,grounded_verbatim,,
fam:f8583b5fc830,CN102440237B,assignee,,not_stated,not_stated,,
fam:f8583b5fc830,CN102440237B,inventors,,not_stated,not_stated,,
fam:f8583b5fc830,CN102440237B,jurisdictions,['CN'],metadata_only,grounded_verbatim,,
fam:f8583b5fc830,CN102440237B,family_members_seen,CN102440237B,metadata_only,grounded_verbatim,,
fam:f8583b5fc830,CN102440237B,independent_claim_gist,,not_stated,not_stated,,
fam:f8583b5fc830,CN102440237B,packaging_format,,not_stated,not_stated,,
fam:f8583b5fc830,CN102440237B,mcp_carrier,,not_stated,not_stated,,
fam:f8583b5fc830,CN102440237B,release_trigger,,not_stated,not_stated,,
fam:f8583b5fc830,CN102440237B,release_control,,not_stated,not_stated,,
fam:f8583b5fc830,CN102440237B,antimicrobial_component,,not_stated,not_stated,,
fam:f8583b5fc830,CN102440237B,manufacturing_method,,not_stated,not_stated,,
fam:f8583b5fc830,CN102440237B,claim_limitations,,not_stated,not_stated,,
fam:f8583b5fc830,CN102440237B,overlap_with_concept,,unverifiable,ungrounded_blanked,,quote_not_locatable
fam:f8583b5fc830,CN102440237B,design_around,,unverifiable,ungrounded_blanked,,quote_not_locatable
fam:f8583b5fc830,CN102440237B,uncertainty,,unverifiable,ungrounded_blanked,,quote_not_locatable
fam:9a663937f1fc,CN102823644A,family_id,fam:9a663937f1fc,metadata_only,grounded_verbatim,,
fam:9a663937f1fc,CN102823644A,title,Fresh-keeping method for muskmelon,metadata_only,grounded_verbatim,,
fam:9a663937f1fc,CN102823644A,priority_date,2012-09-04,metadata_only,grounded_verbatim,,
fam:9a663937f1fc,CN102823644A,publication_date,2012-12-19,metadata_only,grounded_verbatim,,
fam:9a663937f1fc,CN102823644A,assignee,,not_stated,not_stated,,
fam:9a663937f1fc,CN102823644A,inventors,,not_stated,not_stated,,
fam:9a663937f1fc,CN102823644A,jurisdictions,['CN'],metadata_only,grounded_verbatim,,
fam:9a663937f1fc,CN102823644A,family_members_seen,CN102823644A,metadata_only,grounded_verbatim,,
fam:9a663937f1fc,CN102823644A,independent_claim_gist,,not_stated,not_stated,,
fam:9a663937f1fc,CN102823644A,packaging_format,film,full_text_verified,grounded_verbatim,微孔气调保鲜膜,quote_exact;substring
fam:9a663937f1fc,CN102823644A,mcp_carrier,,not_stated,not_stated,,
fam:9a663937f1fc,CN102823644A,release_trigger,,not_stated,not_stated,,
fam:9a663937f1fc,CN102823644A,release_control,,not_stated,not_stated,,
fam:9a663937f1fc,CN102823644A,antimicrobial_component,,not_stated,not_stated,,
fam:9a663937f1fc,CN102823644A,manufacturing_method,,not_stated,not_stated,,
fam:9a663937f1fc,CN102823644A,claim_limitations,,not_stated,not_stated,,
fam:9a663937f1fc,CN102823644A,overlap_with_concept,,unverifiable,ungrounded_blanked,,quote_not_locatable
fam:9a663937f1fc,CN102823644A,design_around,,unverifiable,ungrounded_blanked,,quote_not_locatable
fam:9a663937f1fc,CN102823644A,uncertainty,,unverifiable,ungrounded_blanked,,quote_not_locatable
fam:ba86cd3ff874,CN104304242B,family_id,fam:ba86cd3ff874,metadata_only,grounded_verbatim,,
fam:ba86cd3ff874,CN104304242B,title,"Maturation or curing inhibitor release from polymer, fiber, film, thin slice or packaging",metadata_only,grounded_verbatim,,
fam:ba86cd3ff874,CN104304242B,priority_date,2009-12-14,metadata_only,grounded_verbatim,,
fam:ba86cd3ff874,CN104304242B,publication_date,2017-06-30,metadata_only,grounded_verbatim,,
fam:ba86cd3ff874,CN104304242B,assignee,"Cellresin Technologies, Llc",metadata_only,grounded_verbatim,,
fam:ba86cd3ff874,CN104304242B,inventors,,not_stated,not_stated,,
fam:ba86cd3ff874,CN104304242B,jurisdictions,"['US', 'EP', 'CN', 'JP', 'KR', 'AU', 'BR', 'CA', 'ES', 'MX', 'RU', 'WO']",metadata_only,grounded_verbatim,,
fam:ba86cd3ff874,CN104304242B,family_members_seen,CN104304242B,metadata_only,grounded_verbatim,,
fam:ba86cd3ff874,CN104304242B,independent_claim_gist,,not_stated,not_stated,,
fam:ba86cd3ff874,CN104304242B,packaging_format,"polymer, fiber, film, thin slice or packaging",full_text_verified,grounded_verbatim,"polymer, fiber, film, thin slice or packaging",quote_exact;substring
fam:ba86cd3ff874,CN104304242B,mcp_carrier,,not_stated,not_stated,,
fam:ba86cd3ff874,CN104304242B,release_trigger,,not_stated,not_stated,,
fam:ba86cd3ff874,CN104304242B,release_control,,not_stated,not_stated,,
fam:ba86cd3ff874,CN104304242B,antimicrobial_component,,not_stated,not_stated,,
fam:ba86cd3ff874,CN104304242B,manufacturing_method,,not_stated,not_stated,,
fam:ba86cd3ff874,CN104304242B,claim_limitations,,not_stated,not_stated,,
fam:ba86cd3ff874,CN104304242B,overlap_with_concept,,unverifiable,ungrounded_blanked,,quote_not_locatable
fam:ba86cd3ff874,CN104304242B,design_around,,unverifiable,ungrounded_blanked,,quote_not_locatable
fam:ba86cd3ff874,CN104304242B,uncertainty,,unverifiable,ungrounded_blanked,,quote_not_locatable
fam:9879477d8904,CN112218529A,family_id,fam:9879477d8904,metadata_only,grounded_verbatim,,
fam:9879477d8904,CN112218529A,title,Compositions and articles comprising complexes of 1-methylcyclopropene with alpha-cyclodextrin,metadata_only,grounded_verbatim,,
fam:9879477d8904,CN112218529A,priority_date,2018-04-27,metadata_only,grounded_verbatim,,
fam:9879477d8904,CN112218529A,publication_date,2021-01-12,metadata_only,grounded_verbatim,,
fam:9879477d8904,CN112218529A,assignee,,not_stated,not_stated,,
fam:9879477d8904,CN112218529A,inventors,,not_stated,not_stated,,
fam:9879477d8904,CN112218529A,jurisdictions,"['US', 'EP', 'JP', 'KR', 'CN', 'AU', 'BR', 'CA', 'CL', 'CO', 'CR', 'EC', 'ES', 'IL', 'MX', 'PE', 'PH', 'PL', 'WO', 'ZA']",metadata_only,grounded_verbatim,,
fam:9879477d8904,CN112218529A,family_members_seen,CN112218529A,metadata_only,grounded_verbatim,,
fam:9879477d8904,CN112218529A,independent_claim_gist,,not_stated,not_stated,,
fam:9879477d8904,CN112218529A,packaging_format,,not_stated,not_stated,,
fam:9879477d8904,CN112218529A,mcp_carrier,alpha-cyclodextrin,full_text_verified,grounded_verbatim,# CN112218529A - Compositions and articles comprising complexes of 1-methylcyclopropene with alpha-cyclodextrin - Google Patents ## Info ## Links ## Images ![](https://patentimages.storage.googleapis.com/a2/e8/c4/4b632e0a00a2a9/HDA0002737454080000011,quote_derived_from_value;substring
fam:9879477d8904,CN112218529A,release_trigger,,not_stated,not_stated,,
fam:9879477d8904,CN112218529A,release_control,,not_stated,not_stated,,
fam:9879477d8904,CN112218529A,antimicrobial_component,,not_stated,not_stated,,
fam:9879477d8904,CN112218529A,manufacturing_method,,not_stated,not_stated,,
fam:9879477d8904,CN112218529A,claim_limitations,,not_stated,not_stated,,
fam:9879477d8904,CN112218529A,overlap_with_concept,,unverifiable,ungrounded_blanked,,quote_not_locatable
fam:9879477d8904,CN112218529A,design_around,,unverifiable,ungrounded_blanked,,quote_not_locatable
fam:9879477d8904,CN112218529A,uncertainty,,unverifiable,ungrounded_blanked,,quote_not_locatable
fam:1be1c995b8c8,CN1325446C,family_id,fam:1be1c995b8c8,metadata_only,grounded_verbatim,,
fam:1be1c995b8c8,CN1325446C,title,Method and device for producing cyclopropenyl compound,metadata_only,grounded_verbatim,,
fam:1be1c995b8c8,CN1325446C,priority_date,2002-05-14,metadata_only,grounded_verbatim,,
fam:1be1c995b8c8,CN1325446C,publication_date,2007-07-11,metadata_only,grounded_verbatim,,
fam:1be1c995b8c8,CN1325446C,assignee,Rohm and Haas Co,metadata_only,grounded_verbatim,,
fam:1be1c995b8c8,CN1325446C,inventors,E·C·考斯坦赛克; L·A·威赛尔; C·L·沃兹,metadata_only,grounded_verbatim,,
fam:1be1c995b8c8,CN1325446C,jurisdictions,"['US', 'EP', 'JP', 'KR', 'CN', 'AU', 'BR', 'CA', 'IL', 'MX', 'NZ', 'TW']",metadata_only,grounded_verbatim,,
fam:1be1c995b8c8,CN1325446C,family_members_seen,CN1325446C,metadata_only,grounded_verbatim,,
fam:1be1c995b8c8,CN1325446C,independent_claim_gist,,unverifiable,ungrounded_blanked,,quote_not_locatable
fam:1be1c995b8c8,CN1325446C,packaging_format,,not_stated,not_stated,,
fam:1be1c995b8c8,CN1325446C,mcp_carrier,alpha-cyclodextrin (alpha-cylodextrin),full_text_verified,grounded_verbatim,title complex is 1-methylcyclopropene/alpha-cylodextrin,quote_exact;token_overlap:4/4
fam:1be1c995b8c8,CN1325446C,release_trigger,,unverifiable,ungrounded_blanked,,quote_not_locatable
fam:1be1c995b8c8,CN1325446C,release_control,Gas bubbling through an aqueous suspension containing the inclusion complex to mechanically liberate the gas.,full_text_verified,grounded_verbatim,"By this bubbling process, cyclopropylene can come out by desired snap-out release from its beta-cyclodextrin composition.",quote_exact;token_overlap:12/13
fam:1be1c995b8c8,CN1325446C,antimicrobial_component,,not_stated,not_stated,,
fam:1be1c995b8c8,CN1325446C,manufacturing_method,"Joining the cyclopropylene/carrier title complex to water in the container, then passing bubbled gas through the water with the device's gas production equipment to discharge the gas.",full_text_verified,grounded_verbatim,"cyclopropylene/carrier title complex joined and be contained in the described device of claim 1 in the water in the container, pressure is passed water with the bubbled gas of the device generation of the described generation bubbled gas of claim 1 then, and cyclopropylene gas is discharged from cyclopropylene/carrier title complex.",quote_exact;token_overlap:21/24
fam:1be1c995b8c8,CN1325446C,claim_limitations,,unverifiable,ungrounded_blanked,,quote_not_locatable
fam:1be1c995b8c8,CN1325446C,overlap_with_concept,Discloses using a 1-MCP/cyclodextrin inclusion complex in an aqueous suspension where bubbling gas through the water triggers rapid release of 1-MCP gas for treating stored plants/fruits/vegetables. Overlaps with moisture-triggered release concepts but uses active mechanical/aeration triggering rather than passive humidity absorption in packaging.,full_text_verified,inference_from_quote,"By this bubbling process, cyclopropylene can come out by desired snap-out release from its beta-cyclodextrin composition.",quote_exact;no_new_numbers
fam:1be1c995b8c8,CN1325446C,design_around,,unverifiable,ungrounded_blanked,,quote_not_locatable
fam:1be1c995b8c8,CN1325446C,uncertainty,,unverifiable,ungrounded_blanked,,quote_not_locatable
fam:d3d9ff61a086,CR9490A,family_id,fam:d3d9ff61a086,metadata_only,grounded_verbatim,,
fam:d3d9ff61a086,CR9490A,title,CYCLOPROPEN COMPOSITIONS,metadata_only,grounded_verbatim,,
fam:d3d9ff61a086,CR9490A,priority_date,2006-11-09,metadata_only,grounded_verbatim,,
fam:d3d9ff61a086,CR9490A,publication_date,2008-01-21,metadata_only,grounded_verbatim,,
fam:d3d9ff61a086,CR9490A,assignee,,not_stated,not_stated,,
fam:d3d9ff61a086,CR9490A,inventors,,not_stated,not_stated,,
fam:d3d9ff61a086,CR9490A,jurisdictions,"['US', 'EP', 'JP', 'KR', 'CN', 'AR', 'AU', 'BR', 'CA', 'CL', 'CO', 'CR', 'DK', 'ES', 'IL', 'MX', 'NZ', 'PL', 'PT', 'TW', 'UA', 'ZA']",metadata_only,grounded_verbatim,,
fam:d3d9ff61a086,CR9490A,family_members_seen,CR9490A,metadata_only,grounded_verbatim,,
fam:d3d9ff61a086,CR9490A,independent_claim_gist,"A composition comprising a cyclopropene molecular encapsulation agent complex and a calcium chloride salt in a specific dry weight ratio, with defined water content conditions.",full_text_verified,inference_from_quote,"ecular encapsulation agent, and b) at least one different salt of calcium chloride, wherein the ratio of dry weight of said salt to dry weight of said complex of said Cyclopropene molecular encapsulation agent is 0.03 to 500, and wherein said composition i) has 30% or less water by weight, based on the weight of said composition, and has at least one of said salt which is not deliquescent , or ii)",quote_repaired;no_new_numbers
fam:d3d9ff61a086,CR9490A,packaging_format,,not_stated,not_stated,,
fam:d3d9ff61a086,CR9490A,mcp_carrier,cyclopropene molecular encapsulation agent complex,full_text_verified,grounded_verbatim,complex of cyclopropene molecular encapsulation agent,quote_exact;token_prefix
fam:d3d9ff61a086,CR9490A,release_trigger,,not_stated,not_stated,,
fam:d3d9ff61a086,CR9490A,release_control,,not_stated,not_stated,,
fam:d3d9ff61a086,CR9490A,antimicrobial_component,,not_stated,not_stated,,
fam:d3d9ff61a086,CR9490A,manufacturing_method,,not_stated,not_stated,,
fam:d3d9ff61a086,CR9490A,claim_limitations,"Dry weight ratio of salt to complex is 0.03 to 500; water content is ≤30% with non-deliquescent salt, or >30% with salt-to-water dry weight ratio ≥0.005.",full_text_verified,inference_from_quote,ratio of dry weight of said salt to dry weight of said complex of said Cyclopropene molecular encapsulation agent is 0.03 to 500,quote_exact;no_new_numbers
fam:d3d9ff61a086,CR9490A,overlap_with_concept,"Addresses cyclopropene carrier systems and moisture parameters relevant to controlled release, but does not claim packaging formats or essential oils.",full_text_verified,inference_from_quote,complex of cyclopropene molecular encapsulation agent,quote_exact;no_new_numbers
fam:d3d9ff61a086,CR9490A,design_around,"Use a salt other than calcium chloride, alter the dry weight ratio outside claimed ranges, or modify water content limits to fall outside the disclosed parameters.",full_text_verified,inference_from_quote,ratio of dry weight of said salt to dry weight of said complex of said Cyclopropene molecular encapsulation agent is 0.03 to 500,quote_exact;no_new_numbers
fam:d3d9ff61a086,CR9490A,uncertainty,,unverifiable,ungrounded_blanked,,quote_not_locatable
fam:17046a47944d,EP1584234A2,family_id,fam:17046a47944d,metadata_only,grounded_verbatim,,
fam:17046a47944d,EP1584234A2,title,Plant ethylene response inhibition complexes,metadata_only,grounded_verbatim,,
fam:17046a47944d,EP1584234A2,priority_date,1998-08-20,metadata_only,grounded_verbatim,,
fam:17046a47944d,EP1584234A2,publication_date,2005-10-12,metadata_only,grounded_verbatim,,
fam:17046a47944d,EP1584234A2,assignee,,not_stated,not_stated,,
fam:17046a47944d,EP1584234A2,inventors,"DALY, JAMES; KOURELIS, BOB",metadata_only,grounded_verbatim,,
fam:17046a47944d,EP1584234A2,jurisdictions,"['US', 'EP', 'JP', 'KR', 'CN', 'AP', 'AT', 'AU', 'BG', 'BR', 'CA', 'CZ', 'DE', 'DK', 'ES', 'HK', 'HR', 'HU', 'IL', 'MX', 'NO', 'NZ', 'OA', 'PL', 'PT', 'SK', 'TR', 'WO', 'ZA']",metadata_only,grounded_verbatim,,
fam:17046a47944d,EP1584234A2,family_members_seen,EP1584234A2,metadata_only,grounded_verbatim,,
fam:17046a47944d,EP1584234A2,independent_claim_gist,,not_stated,not_stated,,
fam:17046a47944d,EP1584234A2,packaging_format,,not_stated,not_stated,,
fam:17046a47944d,EP1584234A2,mcp_carrier,,not_stated,not_stated,,
fam:17046a47944d,EP1584234A2,release_trigger,,not_stated,not_stated,,
fam:17046a47944d,EP1584234A2,release_control,,not_stated,not_stated,,
fam:17046a47944d,EP1584234A2,antimicrobial_component,,not_stated,not_stated,,
fam:17046a47944d,EP1584234A2,manufacturing_method,,not_stated,not_stated,,
fam:17046a47944d,EP1584234A2,claim_limitations,,not_stated,not_stated,,
fam:17046a47944d,EP1584234A2,overlap_with_concept,"The document discloses complexes for inhibiting ethylene response in plants, which aligns with 1-MCP delivery concepts. However, the provided text does not specify humidity-responsive packaging or antimicrobial components.",full_text_verified,inference_from_quote,Plant ethylene response inhibition complexes,quote_exact;no_new_numbers
fam:17046a47944d,EP1584234A2,design_around,,not_stated,not_stated,,
fam:17046a47944d,EP1584234A2,uncertainty,,unverifiable,ungrounded_blanked,,quote_not_locatable
fam:c3044bc091ba,KR100791251B1,family_id,fam:c3044bc091ba,metadata_only,grounded_verbatim,,
fam:c3044bc091ba,KR100791251B1,title,Cyclopropene delivery system requiring less water,metadata_only,grounded_verbatim,,
fam:c3044bc091ba,KR100791251B1,priority_date,2000-09-29,metadata_only,grounded_verbatim,,
fam:c3044bc091ba,KR100791251B1,publication_date,2008-01-04,metadata_only,grounded_verbatim,,
fam:c3044bc091ba,KR100791251B1,assignee,롬 앤드 하스 캄파니 / Rohm & Haas Company,metadata_only,grounded_verbatim,,
fam:c3044bc091ba,KR100791251B1,inventors,코스탄섹에드워드찰스,metadata_only,grounded_verbatim,,
fam:c3044bc091ba,KR100791251B1,jurisdictions,"KR, US, EP, JP, CN, AR, AU, BR, CA, DE, ES, IL, MX, NZ, TW",metadata_only,grounded_verbatim,,
fam:c3044bc091ba,KR100791251B1,family_members_seen,KR100791251B1,metadata_only,grounded_verbatim,,
fam:c3044bc091ba,KR100791251B1,independent_claim_gist,,unverifiable,ungrounded_blanked,,quote_not_locatable
fam:c3044bc091ba,KR100791251B1,packaging_format,,unverifiable,ungrounded_blanked,,quote_not_locatable
fam:c3044bc091ba,KR100791251B1,mcp_carrier,,unverifiable,ungrounded_blanked,가장 바람직한 캡슐화제는 특히 상기 시클로프로펜이 1-메틸시클로프로펜인 경우 알파-시클로덱스트린이다.,quote_exact;token_overlap:3/4
fam:c3044bc091ba,KR100791251B1,release_trigger,,unverifiable,ungrounded_blanked,,quote_not_locatable
fam:c3044bc091ba,KR100791251B1,release_control,,unverifiable,ungrounded_blanked,,quote_not_locatable
fam:c3044bc091ba,KR100791251B1,antimicrobial_component,,not_stated,not_stated,,
fam:c3044bc091ba,KR100791251B1,manufacturing_method,"contacting cyclopropene gas with cyclodextrin solution/slurry to form complex, precipitating/filtrating, then blending powder complex with water absorbent polymer or soluble compound",full_text_verified,grounded_verbatim,"시클로프로펜과 분자 캡슐화제의 용액 또는 슬러리를 접촉시킨 다음 다시 미국 특허 제 6,017,849에 개시된 일반적인 방법을 사용하여 상기 복합체를 분리함으로써 제조된다.",quote_exact;token_overlap:16/19
fam:c3044bc091ba,KR100791251B1,claim_limitations,"Composition comprises (a) molecular encapsulating agent encapsulating cyclopropene, (b) adjuvants, (c) water absorbent. Ratios: 3-97 wt% complex, 3-97 wt% water absorbent.",full_text_verified,inference_from_quote,"본 발명의 조성물은 시클로프로펜/캡슐화제 복합체 3-97중량%, 물 흡수재 3-97중량%를 포함한다.",quote_exact;no_new_numbers
fam:c3044bc091ba,KR100791251B1,overlap_with_concept,,unverifiable,ungrounded_blanked,,quote_not_locatable
fam:c3044bc091ba,KR100791251B1,design_around,,unverifiable,ungrounded_blanked,,quote_not_locatable
fam:c3044bc091ba,KR100791251B1,uncertainty,,unverifiable,ungrounded_blanked,,quote_not_locatable
fam:9cf1c691ad59,EP3161558B1,family_id,fam:9cf1c691ad59,metadata_only,grounded_verbatim,,
fam:9cf1c691ad59,EP3161558B1,title,Electrostatic printing of cyclodextrin compositions,metadata_only,grounded_verbatim,,
fam:9cf1c691ad59,EP3161558B1,priority_date,2014-06-26,metadata_only,grounded_verbatim,,
fam:9cf1c691ad59,EP3161558B1,publication_date,2021-05-19,metadata_only,grounded_verbatim,,
fam:9cf1c691ad59,EP3161558B1,assignee,"VERDANT TECHNOLOGIES, LLC",metadata_only,grounded_verbatim,,
fam:9cf1c691ad59,EP3161558B1,inventors,"WOOD, WILLARD E., KEUTE, JOSEPH S.",metadata_only,grounded_verbatim,,
fam:9cf1c691ad59,EP3161558B1,jurisdictions,"['US', 'EP', 'JP', 'KR', 'CN', 'AR', 'AU', 'BR', 'CA', 'CL', 'CO', 'ES', 'IL', 'MA', 'MX', 'NZ', 'PL', 'RU', 'TW', 'UA', 'WO']",metadata_only,grounded_verbatim,,
fam:9cf1c691ad59,EP3161558B1,family_members_seen,EP3161558B1,metadata_only,grounded_verbatim,,
fam:9cf1c691ad59,EP3161558B1,independent_claim_gist,,not_stated,not_stated,,
fam:9cf1c691ad59,EP3161558B1,packaging_format,,unverifiable,ungrounded_blanked,,quote_not_locatable
fam:9cf1c691ad59,EP3161558B1,mcp_carrier,cyclodextrin,full_text_verified,grounded_verbatim,cyclodextrin compositions,quote_exact;substring
fam:9cf1c691ad59,EP3161558B1,release_trigger,,not_stated,not_stated,,
fam:9cf1c691ad59,EP3161558B1,release_control,,not_stated,not_stated,,
fam:9cf1c691ad59,EP3161558B1,antimicrobial_component,,not_stated,not_stated,,
fam:9cf1c691ad59,EP3161558B1,manufacturing_method,electrostatic printing,full_text_verified,grounded_verbatim,Electrostatic printing,quote_exact;substring
fam:9cf1c691ad59,EP3161558B1,claim_limitations,,not_stated,not_stated,,
fam:9cf1c691ad59,EP3161558B1,overlap_with_concept,,unverifiable,ungrounded_blanked,,quote_not_locatable
fam:9cf1c691ad59,EP3161558B1,design_around,,unverifiable,ungrounded_blanked,,quote_not_locatable
fam:9cf1c691ad59,EP3161558B1,uncertainty,,unverifiable,ungrounded_blanked,,quote_not_locatable
fam:a4d0bc585988,KR20210030899A,family_id,fam:a4d0bc585988,metadata_only,grounded_verbatim,,
fam:a4d0bc585988,KR20210030899A,title,Compositions and articles comprising complexes of 1-methylcyclopropene and alpha-cyclodextrin,metadata_only,grounded_verbatim,,
fam:a4d0bc585988,KR20210030899A,priority_date,2018-04-27,metadata_only,grounded_verbatim,,
fam:a4d0bc585988,KR20210030899A,publication_date,2021-03-18,metadata_only,grounded_verbatim,,
fam:a4d0bc585988,KR20210030899A,assignee,프레쉬 인셋 에스.에이.,metadata_only,grounded_verbatim,,
fam:a4d0bc585988,KR20210030899A,inventors,"안드르제즈 볼란, 마리우스 보시아크, 마르신 파쿨스키, 루시나 차즈코브스카, 카타르지나 안나 구라노브스카, 로크사나 카타르지나 라들로브스카",metadata_only,grounded_verbatim,,
fam:a4d0bc585988,KR20210030899A,jurisdictions,"KR, US, EP, CN, JP, AU, BR, CA, CL, CO, CR, EC, ES, IL, MX, PE, PH, PL, WO, ZA",metadata_only,grounded_verbatim,,
fam:a4d0bc585988,KR20210030899A,family_members_seen,KR20210030899A,metadata_only,grounded_verbatim,,
fam:a4d0bc585988,KR20210030899A,independent_claim_gist,,unverifiable,ungrounded_blanked,,quote_not_locatable
fam:a4d0bc585988,KR20210030899A,packaging_format,,unverifiable,ungrounded_blanked,,quote_not_locatable
fam:a4d0bc585988,KR20210030899A,mcp_carrier,α-cyclodextrin complex,full_text_verified,grounded_verbatim,1-메틸사이클로프로펜 및 α-사이클로덱스트린의 복합체,quote_exact;substring
fam:a4d0bc585988,KR20210030899A,release_trigger,,unverifiable,ungrounded_blanked,,quote_not_locatable
fam:a4d0bc585988,KR20210030899A,release_control,"Delayed release profile controlled by polymeric binder absorbing moisture; no release for ≥1 hour after exposure to 85% RH, followed by continuous release for ≥5 hours.",full_text_verified,grounded_verbatim,조성물이 실질적으로 노출 후 적어도 1 시간의 기간 후 1-메틸사이클로프로펜을 실질적으로 방출하지 않고 그 후 노출 후 적어도 5 시간 동안 1-메틸사이클로프로펜을 지속적으로 방출함을 특징으로 하는 방출 프로파일을 가짐.,quote_exact;token_overlap:18/19
fam:a4d0bc585988,KR20210030899A,antimicrobial_component,,not_stated,not_stated,,
fam:a4d0bc585988,KR20210030899A,manufacturing_method,,unverifiable,ungrounded_blanked,,quote_not_locatable
fam:a4d0bc585988,KR20210030899A,claim_limitations,,unverifiable,ungrounded_blanked,,quote_not_locatable
fam:a4d0bc585988,KR20210030899A,overlap_with_concept,,unverifiable,ungrounded_blanked,,quote_not_locatable
fam:a4d0bc585988,KR20210030899A,design_around,,unverifiable,ungrounded_blanked,,quote_not_locatable
fam:a4d0bc585988,KR20210030899A,uncertainty,,unverifiable,ungrounded_blanked,,quote_not_locatable
fam:ab0e1d78ce1f,MX2012006797A,family_id,fam:ab0e1d78ce1f,metadata_only,grounded_verbatim,,
fam:ab0e1d78ce1f,MX2012006797A,title,"Maturation or ripening inhibitor release from polymer, fiber, film, sheet or packaging.",metadata_only,grounded_verbatim,,
fam:ab0e1d78ce1f,MX2012006797A,priority_date,2009-12-14,metadata_only,grounded_verbatim,,
fam:ab0e1d78ce1f,MX2012006797A,publication_date,2012-07-23,metadata_only,grounded_verbatim,,
fam:ab0e1d78ce1f,MX2012006797A,assignee,Cellresin Tech Llc,metadata_only,grounded_verbatim,,
fam:ab0e1d78ce1f,MX2012006797A,inventors,"['Willard E Wood', 'Neil J Beaverson', 'William J Kuduk']",metadata_only,grounded_verbatim,,
fam:ab0e1d78ce1f,MX2012006797A,jurisdictions,"['US', 'EP', 'JP', 'KR', 'CN', 'AU', 'BR', 'CA', 'ES', 'MX', 'RU', 'WO']",metadata_only,grounded_verbatim,,
fam:ab0e1d78ce1f,MX2012006797A,family_members_seen,MX2012006797A,metadata_only,grounded_verbatim,,
fam:ab0e1d78ce1f,MX2012006797A,independent_claim_gist,,unverifiable,ungrounded_blanked,,quote_not_locatable
fam:ab0e1d78ce1f,MX2012006797A,packaging_format,"film, fiber, sheet, laminate, polymer chips, woven or nonwoven fabrics, closures",full_text_verified,grounded_verbatim,"polymer chips, fibers, woven or nonwoven fabrics, films, closures, and laminates",quote_exact;token_overlap:10/10
fam:ab0e1d78ce1f,MX2012006797A,mcp_carrier,,unverifiable,ungrounded_blanked,,quote_not_locatable
fam:ab0e1d78ce1f,MX2012006797A,release_trigger,humidity_moisture,full_text_verified,grounded_controlled,released under controlled conditions of humidity,quote_exact;enum_clamped
fam:ab0e1d78ce1f,MX2012006797A,release_control,,unverifiable,ungrounded_blanked,,quote_not_locatable
fam:ab0e1d78ce1f,MX2012006797A,antimicrobial_component,,not_stated,not_stated,,
fam:ab0e1d78ce1f,MX2012006797A,manufacturing_method,,unverifiable,ungrounded_blanked,,quote_not_locatable
fam:ab0e1d78ce1f,MX2012006797A,claim_limitations,,not_stated,not_stated,,
fam:ab0e1d78ce1f,MX2012006797A,overlap_with_concept,,unverifiable,ungrounded_blanked,,quote_not_locatable
fam:ab0e1d78ce1f,MX2012006797A,design_around,,unverifiable,ungrounded_blanked,,quote_not_locatable
fam:ab0e1d78ce1f,MX2012006797A,uncertainty,,unverifiable,ungrounded_blanked,,quote_not_locatable
fam:e04118401022,PH12016500070A1,family_id,fam:e04118401022,metadata_only,grounded_verbatim,,
fam:e04118401022,PH12016500070A1,title,Humidity activated formulation for volatile compounds,metadata_only,grounded_verbatim,,
fam:e04118401022,PH12016500070A1,priority_date,2013-07-11,metadata_only,grounded_verbatim,,
fam:e04118401022,PH12016500070A1,publication_date,2016-04-18,metadata_only,grounded_verbatim,,
fam:e04118401022,PH12016500070A1,assignee,Agrofresh Inc,metadata_only,grounded_verbatim,,
fam:e04118401022,PH12016500070A1,inventors,"Williamson Alexander, Maclean Daniel",metadata_only,grounded_verbatim,,
fam:e04118401022,PH12016500070A1,jurisdictions,"US, EP, CN, JP, KR, AR, AU, BR, CA, CL, ES, HR, IL, MX, PE, PH, PL, PT, RS, RU, SG, TW, WO",metadata_only,grounded_verbatim,,
fam:e04118401022,PH12016500070A1,family_members_seen,PH12016500070A1,metadata_only,grounded_verbatim,,
fam:e04118401022,PH12016500070A1,independent_claim_gist,Delivery systems in the form of coatings or films that provide controlled release of volatile components (including 1-methylcyclopropene) in vapor form triggered by high relative humidity.,full_text_verified,inference_from_quote,"Provided are delivery systems in the form of coatings or films, where controlled release of their volatile components in vapor form is triggered by high relative humidity. The volatile component may include, for example volatile antimicrobial liquids including low molecular weight alcohols and/or aldehydes, 1 -methylcyclopropene, and/or other volatile fungicides.",quote_exact;no_new_numbers
fam:e04118401022,PH12016500070A1,packaging_format,coatings or films,full_text_verified,grounded_verbatim,delivery systems in the form of coatings or films,quote_exact;substring
fam:e04118401022,PH12016500070A1,mcp_carrier,,not_stated,not_stated,,
fam:e04118401022,PH12016500070A1,release_trigger,humidity_moisture,full_text_verified,grounded_controlled,triggered by high relative humidity,quote_exact;enum_clamped
fam:e04118401022,PH12016500070A1,release_control,Humidity activation controls the release rate of volatile components in vapor form.,full_text_verified,grounded_verbatim,controlled release of their volatile components in vapor form is triggered by high relative humidity,quote_exact;token_overlap:8/10
fam:e04118401022,PH12016500070A1,antimicrobial_component,"volatile antimicrobial liquids including low molecular weight alcohols and/or aldehydes, 1-methylcyclopropene, and/or other volatile fungicides",full_text_verified,grounded_verbatim,"volatile antimicrobial liquids including low molecular weight alcohols and/or aldehydes, 1 -methylcyclopropene, and/or other volatile fungicides",quote_exact;substring
fam:e04118401022,PH12016500070A1,manufacturing_method,,not_stated,not_stated,,
fam:e04118401022,PH12016500070A1,claim_limitations,,not_stated,not_stated,,
fam:e04118401022,PH12016500070A1,overlap_with_concept,,unverifiable,ungrounded_blanked,,quote_not_locatable
fam:e04118401022,PH12016500070A1,design_around,,unverifiable,ungrounded_blanked,,quote_not_locatable
fam:e04118401022,PH12016500070A1,uncertainty,,unverifiable,ungrounded_blanked,,quote_not_locatable
fam:d25d28f04638,PL346176A1,family_id,fam:d25d28f04638,metadata_only,grounded_verbatim,,
fam:d25d28f04638,PL346176A1,title,Plant ethylene response inhibition compounds and complexes,metadata_only,grounded_verbatim,,
fam:d25d28f04638,PL346176A1,priority_date,1998-08-20,metadata_only,grounded_verbatim,,
fam:d25d28f04638,PL346176A1,publication_date,2002-01-28,metadata_only,grounded_verbatim,,
fam:d25d28f04638,PL346176A1,assignee,,not_stated,not_stated,,
fam:d25d28f04638,PL346176A1,inventors,,not_stated,not_stated,,
fam:d25d28f04638,PL346176A1,jurisdictions,"US, EP, JP, KR, CN, AP, AT, AU, BG, BR, CA, CZ, DE, DK, ES, HK, HR, HU, IL, MX, NO, NZ, OA, PL, PT, SK, TR, WO, ZA",metadata_only,grounded_verbatim,,
fam:d25d28f04638,PL346176A1,family_members_seen,PL346176A1,metadata_only,grounded_verbatim,,
fam:d25d28f04638,PL346176A1,independent_claim_gist,,not_stated,not_stated,,
fam:d25d28f04638,PL346176A1,packaging_format,,not_stated,not_stated,,
fam:d25d28f04638,PL346176A1,mcp_carrier,,not_stated,not_stated,,
fam:d25d28f04638,PL346176A1,release_trigger,,not_stated,not_stated,,
fam:d25d28f04638,PL346176A1,release_control,,not_stated,not_stated,,
fam:d25d28f04638,PL346176A1,antimicrobial_component,,not_stated,not_stated,,
fam:d25d28f04638,PL346176A1,manufacturing_method,,not_stated,not_stated,,
fam:d25d28f04638,PL346176A1,claim_limitations,,not_stated,not_stated,,
fam:d25d28f04638,PL346176A1,overlap_with_concept,"The document covers ethylene response inhibition compounds and complexes, which aligns with the 1-MCP component of the project. However, the provided metadata lacks details on humidity-responsive release mechanisms, packaging formats, or antimicrobial additives.",full_text_verified,inference_from_quote,Plant ethylene response inhibition compounds and complexes,quote_exact;no_new_numbers
fam:d25d28f04638,PL346176A1,design_around,,not_stated,not_stated,,
fam:d25d28f04638,PL346176A1,uncertainty,,unverifiable,ungrounded_blanked,,quote_not_locatable
fam:00324b255b63,US10351490B2,family_id,fam:00324b255b63,metadata_only,grounded_verbatim,,
fam:00324b255b63,US10351490B2,title,Complexes of 1-methylcyclopropene with metal coordination polymer networks,metadata_only,grounded_verbatim,,
fam:00324b255b63,US10351490B2,priority_date,2014-11-10,metadata_only,grounded_verbatim,,
fam:00324b255b63,US10351490B2,publication_date,2019-07-16,metadata_only,grounded_verbatim,,
fam:00324b255b63,US10351490B2,assignee,AgroFresh Inc,metadata_only,grounded_verbatim,,
fam:00324b255b63,US10351490B2,inventors,Nazir Mir,metadata_only,grounded_verbatim,,
fam:00324b255b63,US10351490B2,jurisdictions,"US, EP, AU, BR, CA, IL, NZ, WO, ZA",metadata_only,grounded_verbatim,,
fam:00324b255b63,US10351490B2,family_members_seen,US10351490B2,metadata_only,grounded_verbatim,,
fam:00324b255b63,US10351490B2,independent_claim_gist,,unverifiable,ungrounded_blanked,,quote_not_locatable
fam:00324b255b63,US10351490B2,packaging_format,,not_stated,not_stated,,
fam:00324b255b63,US10351490B2,mcp_carrier,metal coordination polymer network (MCPN),full_text_verified,grounded_verbatim,metal coordination polymer network (MCPN),quote_exact;substring
fam:00324b255b63,US10351490B2,release_trigger,humidity_moisture,full_text_verified,grounded_controlled,aqueous fluid produced via transpirational moisture evolution from packaged plants or plant parts,quote_exact;enum_clamped
fam:00324b255b63,US10351490B2,release_control,"adsorption to a surface of the MCPN, released upon contact with aqueous fluid",full_text_verified,grounded_verbatim,wherein the 1-MCP is adsorbed to a surface of the MCPN.,quote_exact;token_overlap:10/10
fam:00324b255b63,US10351490B2,antimicrobial_component,,not_stated,not_stated,,
fam:00324b255b63,US10351490B2,manufacturing_method,,not_stated,not_stated,,
fam:00324b255b63,US10351490B2,claim_limitations,"metal node selected from Mg, Mn, Ca, Cu, Al, Zn, Fe, or a combination thereof, and one or more ligands coupled to the metal node",full_text_verified,inference_from_quote,"a metal node selected from Mg, Mn, Ca, Cu, Al, Zn, Fe, or a combination thereof, and one or more ligands coupled to the metal node",quote_exact;no_new_numbers
fam:00324b255b63,US10351490B2,overlap_with_concept,,unverifiable,ungrounded_blanked,,quote_not_locatable
fam:00324b255b63,US10351490B2,design_around,,unverifiable,ungrounded_blanked,,quote_not_locatable
fam:00324b255b63,US10351490B2,uncertainty,,unverifiable,ungrounded_blanked,,quote_not_locatable
fam:e1935473352b,US11033870B1,family_id,fam:e1935473352b,metadata_only,grounded_verbatim,,
fam:e1935473352b,US11033870B1,title,Generators for 1-methylcyclopropene release from carrier complex,metadata_only,grounded_verbatim,,
fam:e1935473352b,US11033870B1,priority_date,2019-11-16,metadata_only,grounded_verbatim,,
fam:e1935473352b,US11033870B1,publication_date,2021-06-15,metadata_only,grounded_verbatim,,
fam:e1935473352b,US11033870B1,assignee,Individual,metadata_only,grounded_verbatim,,
fam:e1935473352b,US11033870B1,inventors,Nazir Mir,metadata_only,grounded_verbatim,,
fam:e1935473352b,US11033870B1,jurisdictions,['US'],metadata_only,grounded_verbatim,,
fam:e1935473352b,US11033870B1,family_members_seen,US11033870B1,metadata_only,grounded_verbatim,,
fam:e1935473352b,US11033870B1,independent_claim_gist,,unverifiable,ungrounded_blanked,,quote_not_locatable
fam:e1935473352b,US11033870B1,packaging_format,,not_stated,not_stated,,
fam:e1935473352b,US11033870B1,mcp_carrier,"α-cyclodextrin, metal organic framework, zeolites, activated carbons, cucurbit[6]uril, and other polymeric or porous materials such as gelatin and pectin",full_text_verified,grounded_verbatim,"of the current invention, the 1-MCP generator can comprise a mechanical motor to provide the power for promoting and/or generating a releasing force, such as a rotation force. The motor can be powered by direct current or alternating current. The motor can have rpm ranges from 15-15000 rpm, preferably 15-1000 rpm, more preferably 15-300 rpm. The torque ranges from 0.0001 to 300 N·m, preferably 0.0",quote_derived_from_value;substring
fam:e1935473352b,US11033870B1,release_trigger,,unverifiable,ungrounded_blanked,,quote_not_locatable
fam:e1935473352b,US11033870B1,release_control,,unverifiable,ungrounded_blanked,,quote_not_locatable
fam:e1935473352b,US11033870B1,antimicrobial_component,,not_stated,not_stated,,
fam:e1935473352b,US11033870B1,manufacturing_method,,unverifiable,ungrounded_blanked,,quote_not_locatable
fam:e1935473352b,US11033870B1,claim_limitations,,unverifiable,ungrounded_blanked,,quote_not_locatable
fam:e1935473352b,US11033870B1,overlap_with_concept,,unverifiable,ungrounded_blanked,,quote_not_locatable
fam:e1935473352b,US11033870B1,design_around,,unverifiable,ungrounded_blanked,,quote_not_locatable
fam:e1935473352b,US11033870B1,uncertainty,,unverifiable,ungrounded_blanked,,quote_not_locatable
fam:a47a7810c867,US10449156B2,family_id,fam:a47a7810c867,metadata_only,grounded_verbatim,,
fam:a47a7810c867,US10449156B2,title,"Controlled release system including a gas or volatile encapsulated in a polymeric support and a matrix system, a method of preparing the system, and their use",metadata_only,grounded_verbatim,,
fam:a47a7810c867,US10449156B2,priority_date,2014-07-23,metadata_only,grounded_verbatim,,
fam:a47a7810c867,US10449156B2,publication_date,2019-10-22,metadata_only,grounded_verbatim,,
fam:a47a7810c867,US10449156B2,assignee,"UNIVERSIDAD ANDRES BELLO, CHILE",metadata_only,grounded_verbatim,,
fam:a47a7810c867,US10449156B2,inventors,"VELASQUEZ, LUIS; CAMPOS, REINALDO; GONZALEZ, DANILO; AND OTHERS",metadata_only,grounded_verbatim,,
fam:a47a7810c867,US10449156B2,jurisdictions,"['US', 'WO']",metadata_only,grounded_verbatim,,
fam:a47a7810c867,US10449156B2,family_members_seen,US10449156B2,metadata_only,grounded_verbatim,,
fam:a47a7810c867,US10449156B2,independent_claim_gist,,not_stated,not_stated,,
fam:a47a7810c867,US10449156B2,packaging_format,,not_stated,not_stated,,
fam:a47a7810c867,US10449156B2,mcp_carrier,,not_stated,not_stated,,
fam:a47a7810c867,US10449156B2,release_trigger,,not_stated,not_stated,,
fam:a47a7810c867,US10449156B2,release_control,,not_stated,not_stated,,
fam:a47a7810c867,US10449156B2,antimicrobial_component,,not_stated,not_stated,,
fam:a47a7810c867,US10449156B2,manufacturing_method,,not_stated,not_stated,,
fam:a47a7810c867,US10449156B2,claim_limitations,,not_stated,not_stated,,
fam:a47a7810c867,US10449156B2,overlap_with_concept,"The document claims a controlled release system for a gas or volatile encapsulated in a polymeric support and matrix system, applicable to agribusiness. It overlaps with the project's controlled-release packaging goal but lacks specific details on 1-MCP or humidity responsiveness in the provided text.",full_text_verified,inference_from_quote,"Controlled release system comprising a gas or volatile encapsulated in a polymeric support and a matrix system; method of preparation said system, and their use applied to agribusiness",quote_exact;no_new_numbers
fam:a47a7810c867,US10449156B2,design_around,,not_stated,not_stated,,
fam:a47a7810c867,US10449156B2,uncertainty,,unverifiable,ungrounded_blanked,,quote_not_locatable
fam:679c8aacc20a,US20150272148A1,family_id,fam:679c8aacc20a,metadata_only,grounded_verbatim,,
fam:679c8aacc20a,US20150272148A1,title,Encapsulation of gases within cyclodextrins,metadata_only,grounded_verbatim,,
fam:679c8aacc20a,US20150272148A1,priority_date,2012-10-10,metadata_only,grounded_verbatim,,
fam:679c8aacc20a,US20150272148A1,publication_date,2015-10-01,metadata_only,grounded_verbatim,,
fam:679c8aacc20a,US20150272148A1,assignee,"THE UNIVERSITY OF QUEENSLAND, AUSTRALIA",metadata_only,grounded_verbatim,,
fam:679c8aacc20a,US20150272148A1,inventors,"BHANDARI, BHESH; HO, BINH THANH",metadata_only,grounded_verbatim,,
fam:679c8aacc20a,US20150272148A1,jurisdictions,"US, EP, JP, AU, NZ, WO, ZA",metadata_only,grounded_verbatim,,
fam:679c8aacc20a,US20150272148A1,family_members_seen,US20150272148A1,metadata_only,grounded_verbatim,,
fam:679c8aacc20a,US20150272148A1,independent_claim_gist,,not_stated,not_stated,,
fam:679c8aacc20a,US20150272148A1,packaging_format,,not_stated,not_stated,,
fam:679c8aacc20a,US20150272148A1,mcp_carrier,α-cyclodextrin (α-CD),full_text_verified,grounded_verbatim,amorphous α-CD complex,quote_exact;token_overlap:3/3
fam:679c8aacc20a,US20150272148A1,release_trigger,humidity_moisture,full_text_verified,grounded_controlled,relative humidity levels,quote_exact;enum_clamped
fam:679c8aacc20a,US20150272148A1,release_control,,unverifiable,ungrounded_blanked,,quote_not_locatable
fam:679c8aacc20a,US20150272148A1,antimicrobial_component,,not_stated,not_stated,,
fam:679c8aacc20a,US20150272148A1,manufacturing_method,,not_stated,not_stated,,
fam:679c8aacc20a,US20150272148A1,claim_limitations,,not_stated,not_stated,,
fam:679c8aacc20a,US20150272148A1,overlap_with_concept,Directly overlaps by disclosing gas (ethylene/1-MCP) encapsulation in α-cyclodextrin with release rates modulated by relative humidity.,full_text_verified,inference_from_quote,f Encapsulation | Ethylene concentrations | | | (hours) | (mol/mole of cyclodextrin) | | | | | | | | | | | --- | --- | --- | | | 1 | 0.25 | | | 2 | 0.39 | | | 4 | 0.,quote_repaired;no_new_numbers
fam:679c8aacc20a,US20150272148A1,design_around,,unverifiable,ungrounded_blanked,,quote_not_locatable
fam:679c8aacc20a,US20150272148A1,uncertainty,,unverifiable,ungrounded_blanked,,quote_not_locatable
fam:870ddd631671,US20160330952A1,family_id,fam:870ddd631671,metadata_only,grounded_verbatim,,
fam:870ddd631671,US20160330952A1,title,Encapsulation and controlled release of volatile organic compounds,metadata_only,grounded_verbatim,,
fam:870ddd631671,US20160330952A1,priority_date,2014-01-15,metadata_only,grounded_verbatim,,
fam:870ddd631671,US20160330952A1,publication_date,2016-11-17,metadata_only,grounded_verbatim,,
fam:870ddd631671,US20160330952A1,assignee,University of Guelph,metadata_only,grounded_verbatim,,
fam:870ddd631671,US20160330952A1,inventors,"Loong-Tak Lim, Suramya D.F. Mihindukulasuriya, Gopinadhan Paliyath, Jayasankar Subramanian, J. Alan Sullivan",metadata_only,grounded_verbatim,,
fam:870ddd631671,US20160330952A1,jurisdictions,"US, CA, WO",metadata_only,grounded_verbatim,,
fam:870ddd631671,US20160330952A1,family_members_seen,US20160330952A1,metadata_only,grounded_verbatim,,
fam:870ddd631671,US20160330952A1,independent_claim_gist,"A method for encapsulating a VOC comprising preparing a stabilized system of biopolymer, surfactant, and VOC; mixing an encapsulating polymer solution with the stabilized system to form a fiber forming solution; and producing ultrafine fibers from the fiber forming solution.",full_text_verified,inference_from_quote,"he polysaccharide is selected from the group consisting of pectin, alginate, guar gum, carrageenan, waxy corn starch, and combinations thereof, and wherein the protein is selected from the group consisting of zein, gelatin, soy protein, whey protein isolates, chitosan, and mixtures thereof. **12**-**16**. (canceled) **17**. The method of claim 1, wherein said stabilized system is an",quote_repaired;no_new_numbers
fam:870ddd631671,US20160330952A1,packaging_format,"film, membrane, coating, patch, mat, sheet or lining",full_text_verified,grounded_verbatim,"film, membrane, coating, patch, mat, sheet or lining",quote_exact;substring
fam:870ddd631671,US20160330952A1,mcp_carrier,,not_stated,not_stated,,
fam:870ddd631671,US20160330952A1,release_trigger,,unverifiable,ungrounded_blanked,,quote_not_locatable
fam:870ddd631671,US20160330952A1,release_control,,unverifiable,ungrounded_blanked,,quote_not_locatable
fam:870ddd631671,US20160330952A1,antimicrobial_component,"hexanal, allyl-isothiocyanate, acetaldehyde, 2E-hexanal",full_text_verified,grounded_verbatim,"allyl isothiocyanate, acetaldehyde, hexanal, and 2E-hexanal",quote_exact;token_overlap:5/5
fam:870ddd631671,US20160330952A1,manufacturing_method,electrospinning,full_text_verified,grounded_verbatim,"electrospinning of polymer solution containing hexanal According to the release kinetics data, it is apparent that release rate is lower in hydroxypropylmethylcellulose (HPMC) based formula than xanthan based formula. * HPMC hydroxypropylmethylcellulose * FIG. 2 shows the re",quote_derived_from_value;substring
fam:870ddd631671,US20160330952A1,claim_limitations,"stabilized system of biopolymer, surfactant, and VOC; mixing with encapsulating polymer solution; producing ultrafine fibers",full_text_verified,inference_from_quote,"he polysaccharide is selected from the group consisting of pectin, alginate, guar gum, carrageenan, waxy corn starch, and combinations thereof, and wherein the protein is selected from the group consisting of zein, gelatin, soy protein, whey protein isolates, chitosan, and mixtures thereof. **12**-**16**. (canceled) **17**. The method of c",quote_repaired;no_new_numbers
fam:870ddd631671,US20160330952A1,overlap_with_concept,"Discloses electrospun ultrafine fiber compositions for controlled VOC release in packaging formats, utilizing humidity-induced structural collapse and temperature-sensitive binding agents to modulate release kinetics.",full_text_verified,inference_from_quote,release of hexanal was lower at 85% compared with the 50% RH. This can be attributed to the collapse of fibrous structure as it absorbed moisture,quote_exact;no_new_numbers
fam:870ddd631671,US20160330952A1,design_around,,unverifiable,ungrounded_blanked,,quote_not_locatable
fam:870ddd631671,US20160330952A1,uncertainty,,unverifiable,ungrounded_blanked,,quote_not_locatable
fam:e6289f4391e5,US20170101250A1,family_id,fam:e6289f4391e5,metadata_only,grounded_verbatim,,
fam:e6289f4391e5,US20170101250A1,title,Active compound formulation package and its subsequent release for use on plant and plant parts,metadata_only,grounded_verbatim,,
fam:e6289f4391e5,US20170101250A1,priority_date,2013-05-05,metadata_only,grounded_verbatim,,
fam:e6289f4391e5,US20170101250A1,publication_date,2017-04-13,metadata_only,grounded_verbatim,,
fam:e6289f4391e5,US20170101250A1,assignee,Mirtech Inc,metadata_only,grounded_verbatim,,
fam:e6289f4391e5,US20170101250A1,inventors,Nazir Mir,metadata_only,grounded_verbatim,,
fam:e6289f4391e5,US20170101250A1,jurisdictions,['US'],metadata_only,grounded_verbatim,,
fam:e6289f4391e5,US20170101250A1,family_members_seen,US20170101250A1,metadata_only,grounded_verbatim,,
fam:e6289f4391e5,US20170101250A1,independent_claim_gist,,unverifiable,ungrounded_blanked,,quote_not_locatable
fam:e6289f4391e5,US20170101250A1,packaging_format,aerosol,full_text_verified,grounded_verbatim,1615389133 A US 201615389133A US 2017101250 A1 US2017101250 A1 US 2017101250A1 Authority : US : United States Prior art keywords : aerosol : package : ethylene response : film : response manipulation Prior art date Legal status (The legal status is a,quote_derived_from_value;substring
fam:e6289f4391e5,US20170101250A1,mcp_carrier,cyclodextrin or a cyclodextrin derivative,full_text_verified,grounded_verbatim,"hylene response manipulation agent. * the encapsulant is cyclodextrin or a cyclodextrin derivative. * the ethylene response manipulation agent can be selected from the group consisting of cyclopropene, cyclopropene conjugates, cyclopropene salts or cyclopropene encapsulating materials, but preferably i",quote_derived_from_value;substring
fam:e6289f4391e5,US20170101250A1,release_trigger,,unverifiable,ungrounded_blanked,,quote_not_locatable
fam:e6289f4391e5,US20170101250A1,release_control,,unverifiable,ungrounded_blanked,,quote_not_locatable
fam:e6289f4391e5,US20170101250A1,antimicrobial_component,,unverifiable,ungrounded_blanked,,quote_not_locatable
fam:e6289f4391e5,US20170101250A1,manufacturing_method,,unverifiable,ungrounded_blanked,,quote_not_locatable
fam:e6289f4391e5,US20170101250A1,claim_limitations,"at least one partially encapsulated ethylene response manipulation agent; at least one polyol liquid medium, or a hydrogel medium, or a combination of polyol and hydrogel medium, wherein particles comprising the ethylene response manipulation agent are dispersed or mixed in said medium; and at least one propellant.",full_text_verified,inference_from_quote,"ropene. **8**. The aerosol of claim 1, wherein the propellant is selected from compressed air, inert gases, volatile hydrocarbons, ethers, and hydro fluorocarbons. **9**. An aerosol, comprising: 0.1 percent by weight to about 10 percent by weight of at least one partially encapsulated ethylene response manipulation agent; at least one polyol liquid medium, or a hydrogel medium, or a combination of",quote_derived_from_value;no_new_numbers
fam:e6289f4391e5,US20170101250A1,overlap_with_concept,,unverifiable,ungrounded_blanked,,quote_not_locatable
fam:e6289f4391e5,US20170101250A1,design_around,,unverifiable,ungrounded_blanked,,quote_not_locatable
fam:e6289f4391e5,US20170101250A1,uncertainty,,unverifiable,ungrounded_blanked,,quote_not_locatable
fam:d409aafe1555,US20170318804A1,family_id,fam:d409aafe1555,metadata_only,grounded_verbatim,,
fam:d409aafe1555,US20170318804A1,title,Preparation and dispersion of stable emulsion formulations,metadata_only,grounded_verbatim,,
fam:d409aafe1555,US20170318804A1,priority_date,2016-05-04,metadata_only,grounded_verbatim,,
fam:d409aafe1555,US20170318804A1,publication_date,2017-11-09,metadata_only,grounded_verbatim,,
fam:d409aafe1555,US20170318804A1,assignee,AgroFresh Inc,metadata_only,grounded_verbatim,,
fam:d409aafe1555,US20170318804A1,inventors,Tirthankar Ghosh,metadata_only,grounded_verbatim,,
fam:d409aafe1555,US20170318804A1,jurisdictions,"US, EP, AR, AU, BR, CA, CL, TW, WO",metadata_only,grounded_verbatim,,
fam:d409aafe1555,US20170318804A1,family_members_seen,US20170318804A1,metadata_only,grounded_verbatim,,
fam:d409aafe1555,US20170318804A1,independent_claim_gist,"An aqueous-in-oil emulsion composition comprising an oil phase (25-70% by weight) and an aqueous phase containing a cyclopropene molecular encapsulating agent complex and water (30-75% by weight), with water at 0.5-20% by weight.",full_text_verified,inference_from_quote,"phase comprises an oil soluble thickener. - 12. The aqueous-in-oil emulsion composition of clause 11, wherein the oil soluble thickener is between 0.1-2% by weight of the composition. - 13. The aqueous-in-oil emulsion composition of clause 11 or clause 12, wherein the oil soluble thickener is selected from the group consisting of natural rubber, polypropylene, polyisoprene, polybutadiene, styrene-",quote_repaired;no_new_numbers
fam:d409aafe1555,US20170318804A1,packaging_format,,not_stated,not_stated,,
fam:d409aafe1555,US20170318804A1,mcp_carrier,,unverifiable,ungrounded_blanked,,quote_not_locatable
fam:d409aafe1555,US20170318804A1,release_trigger,humidity_moisture,full_text_verified,grounded_controlled,"useful for the treatment of plants and plant parts. * current formulations of the cyclopropene compounds are limited by the low amounts active ingredient that may be included. Therefore, it is also highly desi",quote_repaired;enum_clamped
fam:d409aafe1555,US20170318804A1,release_control,,unverifiable,ungrounded_blanked,,quote_not_locatable
fam:d409aafe1555,US20170318804A1,antimicrobial_component,,not_stated,not_stated,,
fam:d409aafe1555,US20170318804A1,manufacturing_method,"Combining an oil phase and aqueous phase, adding a cyclopropene molecular encapsulating agent complex, and mixing to form the emulsion.",full_text_verified,grounded_verbatim,"(a) combining an oil phase and an aqueous phase, (b) adding a cyclopropene molecular encapsulating agent complex to the combined oil phase and aqueous phase, and (c) mixing the combined oil phase and aqueous phase to form the aqueous-in-oil emulsion composition.",quote_exact;token_overlap:16/17
fam:d409aafe1555,US20170318804A1,claim_limitations,Oil phase 25-70% by weight; aqueous phase 30-75% by weight containing cyclopropene complex and water; water 0.5-20% by weight.,full_text_verified,inference_from_quote,"ase comprises an oil soluble thickener. **7**. The aqueous-in-oil emulsion composition of claim 6, wherein the oil soluble thickener is a styrene-ethylene-propylene block copolymer. **8**. The aqueous-in-oil emulsion composition of claim 1, wherein the aqueous phase is substantially free of a salt. **9**. The aqueous-in-oil emulsion composition of claim 8, wherein the salt is a non-deliquescent sa",quote_repaired;no_new_numbers
fam:d409aafe1555,US20170318804A1,overlap_with_concept,,unverifiable,ungrounded_blanked,,quote_not_locatable
fam:d409aafe1555,US20170318804A1,design_around,,unverifiable,ungrounded_blanked,,quote_not_locatable
fam:d409aafe1555,US20170318804A1,uncertainty,,unverifiable,ungrounded_blanked,,quote_not_locatable
fam:1dc7e2d00145,US20190037839A1,family_id,fam:1dc7e2d00145,metadata_only,grounded_verbatim,,
fam:1dc7e2d00145,US20190037839A1,title,Compositions for controlled release of active ingredients and methods of making same,metadata_only,grounded_verbatim,,
fam:1dc7e2d00145,US20190037839A1,priority_date,2016-02-19,metadata_only,grounded_verbatim,,
fam:1dc7e2d00145,US20190037839A1,publication_date,2019-02-07,metadata_only,grounded_verbatim,,
fam:1dc7e2d00145,US20190037839A1,assignee,Hazel Technologies Inc,metadata_only,grounded_verbatim,,
fam:1dc7e2d00145,US20190037839A1,inventors,"['Adam Truett Preslar', 'Aidan R. Mouat']",metadata_only,grounded_verbatim,,
fam:1dc7e2d00145,US20190037839A1,jurisdictions,"['US', 'EP', 'CN', 'JP', 'KR', 'AU', 'BR', 'CA', 'CL', 'CR', 'ES', 'IL', 'MX', 'NZ', 'PE', 'SG', 'WO']",metadata_only,grounded_verbatim,,
fam:1dc7e2d00145,US20190037839A1,family_members_seen,US20190037839A1,metadata_only,grounded_verbatim,,
fam:1dc7e2d00145,US20190037839A1,independent_claim_gist,"A composition comprising a carbon or silicate delivery material and a volatile/gaseous active ingredient (≥0.01 wt%), configured to release the ingredient passively without external wetting/hydrating, releasing 20-50% of the active ingredient over two weeks in a non-equilibrium condition.",full_text_verified,inference_from_quote,"ing claims, further comprising a hygroscopic material. **11**. The composition of any of the preceding claims, further comprising a diluent material. **12**. The composition of any one of the preceding claims, wherein the delivery material is porous. **13**. The composition of any of the preceding claims, wherein the delivery material comprises a nanoporous, microporous, macroporous or mesoporous ",quote_repaired;no_new_numbers
fam:1dc7e2d00145,US20190037839A1,packaging_format,sachet,full_text_verified,grounded_verbatim,sachet,quote_exact;substring
fam:1dc7e2d00145,US20190037839A1,mcp_carrier,carbon materials or silicate materials,full_text_verified,grounded_verbatim,delivery material selected from among the group consisting of carbon materials and silicate materials,quote_exact;token_overlap:4/4
fam:1dc7e2d00145,US20190037839A1,release_trigger,passive_diffusion,full_text_verified,grounded_controlled,without addition of external wetting or hydrating,quote_exact;enum_clamped
fam:1dc7e2d00145,US20190037839A1,release_control,"Passive release governed by the delivery material's physicochemical properties (surface area, porosity, functionalization) and active ingredient concentration, releasing 20-50% over two weeks in a non-equilibrium condition.",full_text_verified,grounded_verbatim,"aterial, a nanoporous, microporous, macroporous, or mesoporous carbon, an organosilicatetete hybrid, or combinations thereof. **14**. The composition of any of the preceding claims, wherein the delivery material comprises a templated siliceous material. **15**. A composition of any of the preceding claims, wherein the silicate material is in at least one of powder, pellet, granule, nanoscale, and ",quote_repaired;token_overlap:23/24
fam:1dc7e2d00145,US20190037839A1,antimicrobial_component,"essential oils, terpenes, terpenoids, carvone, thymol, hexanal, carvacrol, oregano oil, and thyme oil",full_text_verified,grounded_verbatim,"essential oils, terpenes, terpenoids, carvone, thymol, hexanal, carvacrol, oregano oil, and thyme oil",quote_exact;substring
fam:1dc7e2d00145,US20190037839A1,manufacturing_method,"Modifying carbon material properties (hydrophobicity, hydrophilicity, etc.) and associating/loading the active ingredient.",full_text_verified,grounded_verbatim,"modifying at least one of the hydrophobicity, hydrophilicity, chemical potential, zeta-potential, acidity, basicity, surface functionalization, and surface functional group density of a carbon material to make a delivery material; and associating the at least one active ingredient with the delivery material.",quote_exact;token_overlap:11/12
fam:1dc7e2d00145,US20190037839A1,claim_limitations,,unverifiable,ungrounded_blanked,,quote_not_locatable
fam:1dc7e2d00145,US20190037839A1,overlap_with_concept,"The patent directly claims porous carbon/silicate carriers for controlled release of 1-MCP (a cyclopropene) and optionally includes essential oils as antimicrobials. However, it explicitly claims passive release 'without addition of external wetting or hydrating,' which contrasts with a humidity-responsive trigger mechanism.",full_text_verified,inference_from_quote,delivery material selected from among the group consisting of carbon materials and silicate materials,quote_exact;no_new_numbers
fam:1dc7e2d00145,US20190037839A1,design_around,"To avoid claim 1, one could engineer a carrier that explicitly requires humidity/moisture activation for release (contradicting 'without addition of external wetting'), use a non-carbon/silicate porous material (e.g., MOFs or specific polymers), or target a release profile outside the 20-50% over two weeks window.",full_text_verified,inference_from_quote,without addition of external wetting or hydrating,quote_exact;no_new_numbers
fam:1dc7e2d00145,US20190037839A1,uncertainty,"The document does not specify how ambient humidity within standard packaging might passively influence the release kinetics without 'external' wetting, nor does it detail the exact pore size distribution or surface functionalization density required to achieve the claimed 20-50% release window.",full_text_verified,inference_from_quote,without addition of external wetting or hydrating,quote_exact;no_new_numbers
fam:e7489eedf259,US20190166861A1,family_id,fam:e7489eedf259,metadata_only,grounded_verbatim,,
fam:e7489eedf259,US20190166861A1,title,Method and system for the treatment of agricultural products,metadata_only,grounded_verbatim,,
fam:e7489eedf259,US20190166861A1,priority_date,2016-12-05,metadata_only,grounded_verbatim,,
fam:e7489eedf259,US20190166861A1,publication_date,2019-06-06,metadata_only,grounded_verbatim,,
fam:e7489eedf259,US20190166861A1,assignee,Pace International LLC,metadata_only,grounded_verbatim,,
fam:e7489eedf259,US20190166861A1,inventors,"['David Felicetti', 'Scott Christie', 'Robert Fassel']",metadata_only,grounded_verbatim,,
fam:e7489eedf259,US20190166861A1,jurisdictions,"['US', 'AR', 'UY', 'WO']",metadata_only,grounded_verbatim,,
fam:e7489eedf259,US20190166861A1,family_members_seen,US20190166861A1,metadata_only,grounded_verbatim,,
fam:e7489eedf259,US20190166861A1,independent_claim_gist,"Deploys a portable treatment system with a compound generator and sampling subsystem, operating them to deliver fluid to a confined atmosphere and automatically obtain a sample at a preselected time.",full_text_verified,inference_from_quote,sing the at least one compound generator and sampling subsystem to be operated if the concentration of the treatment compound fluid within the sample falls below a pre-determined threshold concentration. **6**. The method as recited in claim 1 wherein the treatment compound fluid is 1-methylcyclopropene. **7**. The method as recited in claim 1 further comprising the step of evacuating a fluid from,quote_repaired;no_new_numbers
fam:e7489eedf259,US20190166861A1,packaging_format,,not_stated,not_stated,,
fam:e7489eedf259,US20190166861A1,mcp_carrier,,not_stated,not_stated,,
fam:e7489eedf259,US20190166861A1,release_trigger,,not_stated,not_stated,,
fam:e7489eedf259,US20190166861A1,release_control,Automated operation via timing circuits at a preselected time.,full_text_verified,grounded_verbatim,at least one timing circuit configured to operate the sampling subsystem at a preselected time,quote_exact;token_overlap:7/7
fam:e7489eedf259,US20190166861A1,antimicrobial_component,,not_stated,not_stated,,
fam:e7489eedf259,US20190166861A1,manufacturing_method,,not_stated,not_stated,,
fam:e7489eedf259,US20190166861A1,claim_limitations,"Requires a portable treatment system with an active generator and sampling subsystem, operated to deliver fluid and automatically sample at a preselected time.",full_text_verified,inference_from_quote,ound fluid within the sample. **4**. The method as recited in claim 3 wherein the step of analyzing the sample is automatically performed by the portable treatment system at the treatment location. **5**. The method as recited in claim 3 further comprising the step of repeating the step of causing the at least one compound generator and sampling subsystem to be operated if the concentration of the,quote_repaired;no_new_numbers
fam:e7489eedf259,US20190166861A1,overlap_with_concept,,unverifiable,ungrounded_blanked,,quote_not_locatable
fam:e7489eedf259,US20190166861A1,design_around,,unverifiable,ungrounded_blanked,,quote_not_locatable
fam:e7489eedf259,US20190166861A1,uncertainty,,unverifiable,ungrounded_blanked,,quote_not_locatable
fam:42f583d1f889,US20200296978A1,family_id,fam:42f583d1f889,metadata_only,grounded_verbatim,,
fam:42f583d1f889,US20200296978A1,title,Modified 1-methylcyclopropene (1-MCP) nanobubbles,metadata_only,grounded_verbatim,,
fam:42f583d1f889,US20200296978A1,priority_date,2019-03-15,metadata_only,grounded_verbatim,,
fam:42f583d1f889,US20200296978A1,publication_date,2020-09-24,metadata_only,grounded_verbatim,,
fam:42f583d1f889,US20200296978A1,assignee,NANOTEC SA,metadata_only,grounded_verbatim,,
fam:42f583d1f889,US20200296978A1,inventors,"Marlene Arismendi-Macuer, Patricio Jarpa, Danilo González, Reinaldo Campos Vargas",metadata_only,grounded_verbatim,,
fam:42f583d1f889,US20200296978A1,jurisdictions,"US, BR, CL, WO",metadata_only,grounded_verbatim,,
fam:42f583d1f889,US20200296978A1,family_members_seen,US20200296978A1,metadata_only,grounded_verbatim,,
fam:42f583d1f889,US20200296978A1,independent_claim_gist,A stable nanobubble comprising an ethylene inhibitor and at least one food grade sugar.,full_text_verified,inference_from_quote,"A stable nanobubble, comprising an ethylene inhibitor and at least one food grade sugar.",quote_exact;no_new_numbers
fam:42f583d1f889,US20200296978A1,packaging_format,,not_stated,not_stated,,
fam:42f583d1f889,US20200296978A1,mcp_carrier,food-grade sugar-stabilized nanobubbles in aqueous solution,full_text_verified,grounded_verbatim,food grade sugar modified 1-MCP nanobubbles,quote_exact;token_prefix
fam:42f583d1f889,US20200296978A1,release_trigger,,not_stated,not_stated,,
fam:42f583d1f889,US20200296978A1,release_control,Stabilization via hydrogen bridges formed by food-grade sugars coating the nanobubble surface.,full_text_verified,grounded_verbatim,generate a network of hydrogen bridges between the sugars that form a type of “decoration” or coating surrounding the nanobubble.,quote_exact;token_overlap:11/12
fam:42f583d1f889,US20200296978A1,antimicrobial_component,,not_stated,not_stated,,
fam:42f583d1f889,US20200296978A1,manufacturing_method,"In situ synthesis of 1-MCP gas, dispersion in aqueous solutions with food-grade sugars (0.01-3 ppm), and high-speed homogenization/cavitation at 25,000 rpm.",full_text_verified,grounded_verbatim,in situ preparation of the 1-MCP nanobubbles and their stabilization with different food grade sugars.,quote_exact;token_overlap:18/19
fam:42f583d1f889,US20200296978A1,claim_limitations,Nanobubble size: 50 to 600 nm; sugar concentration: 0.01-3 ppm; nanobubble concentration in aqueous solution: 0.01 ug/L-3.0 ug/L.,full_text_verified,inference_from_quote,size of the stable nanobubbles varies between 50 and 600 nanometers,quote_exact;no_new_numbers
fam:42f583d1f889,US20200296978A1,overlap_with_concept,,unverifiable,ungrounded_blanked,,quote_not_locatable
fam:42f583d1f889,US20200296978A1,design_around,,unverifiable,ungrounded_blanked,,quote_not_locatable
fam:42f583d1f889,US20200296978A1,uncertainty,,unverifiable,ungrounded_blanked,,quote_not_locatable
fam:d56fb548b2fd,US20210235692A1,family_id,fam:d56fb548b2fd,metadata_only,grounded_verbatim,,
fam:d56fb548b2fd,US20210235692A1,title,Stable 1-Methylcyclopropene Compositions and Uses Thereof,metadata_only,grounded_verbatim,,
fam:d56fb548b2fd,US20210235692A1,priority_date,2020-02-03,metadata_only,grounded_verbatim,,
fam:d56fb548b2fd,US20210235692A1,publication_date,2021-08-05,metadata_only,grounded_verbatim,,
fam:d56fb548b2fd,US20210235692A1,assignee,Fresh Inset SA,metadata_only,grounded_verbatim,,
fam:d56fb548b2fd,US20210235692A1,inventors,"Andrzej Jan Wolan, Lucyna Czajkowska, Katarzyna Anna Guranowska, Marcin Rakowiecki, Joanna Andrusiak, Mariusz Jan Bosiak",metadata_only,grounded_verbatim,,
fam:d56fb548b2fd,US20210235692A1,jurisdictions,"US, EP, CN, AU, BR, CA, CL, MX, PE, WO",metadata_only,grounded_verbatim,,
fam:d56fb548b2fd,US20210235692A1,family_members_seen,US20210235692A1,metadata_only,grounded_verbatim,,
fam:d56fb548b2fd,US20210235692A1,independent_claim_gist,"A composition comprising 1-methylcyclopropene and a stabilizer, wherein the concentration of the 1-methylcyclopropene does not change substantially after at least 4 hours, with the proviso that the 1-methylcyclopropene is not complexed to another molecule.",full_text_verified,inference_from_quote,"A composition comprising:

1-methylcyclopropene; and

a stabilizer;

wherein the concentration of the 1-methylcyclopropene does not change substantially after at least 4 hours;

with the proviso that the 1-methylcyclopropene is not complexed to another molecule.",quote_exact;no_new_numbers
fam:d56fb548b2fd,US20210235692A1,packaging_format,,not_stated,not_stated,,
fam:d56fb548b2fd,US20210235692A1,mcp_carrier,,unverifiable,ungrounded_blanked,with the proviso that the 1-methylcyclopropene is not complexed to another molecule.,quote_exact;token_overlap:7/11
fam:d56fb548b2fd,US20210235692A1,release_trigger,,not_stated,not_stated,,
fam:d56fb548b2fd,US20210235692A1,release_control,"stabilization via low-volatility compounds (e.g., cis-2-butene, lower alkanes/alkenes) to inhibit free radical oligomerization and oxidation",full_text_verified,grounded_verbatim,"The stabilizer is understood to inhibit free radical oligomerization (e.g., dimerization) and oxidation that normally occurs in 1-MCP, thus precluding the decomposition of 1-MCP.",quote_exact;token_overlap:14/16
fam:d56fb548b2fd,US20210235692A1,antimicrobial_component,,not_stated,not_stated,,
fam:d56fb548b2fd,US20210235692A1,manufacturing_method,"reacting a base with 3-chloro-2-methylpropene, condensing at < -40°C, and mixing with stabilizer/propellant/gas; or dispensing into aerosol containers",full_text_verified,grounded_verbatim,reacting a base with 3-chloro-2-methylpropene to form the 1-methylcyclopropene before condensing the 1-methylcyclopropene.,quote_exact;token_overlap:13/15
fam:d56fb548b2fd,US20210235692A1,claim_limitations,concentration of the 1-methylcyclopropene does not change substantially after at least 4 hours; with the proviso that the 1-methylcyclopropene is not complexed to another molecule. Stabilizer ranges from about 0.1% to about 10% by weight/volume. 1-MCP ranges from about 0.1% to about 50% by weight or 1-10% by volume in gas.,full_text_verified,inference_from_quote,"wherein the concentration of the 1-methylcyclopropene does not change substantially after at least 4 hours;

with the proviso that the 1-methylcyclopropene is not complexed to another molecule.",quote_exact;no_new_numbers
fam:d56fb548b2fd,US20210235692A1,overlap_with_concept,,unverifiable,ungrounded_blanked,,quote_not_locatable
fam:d56fb548b2fd,US20210235692A1,design_around,,unverifiable,ungrounded_blanked,,quote_not_locatable
fam:d56fb548b2fd,US20210235692A1,uncertainty,,unverifiable,ungrounded_blanked,,quote_not_locatable
fam:55b903ca3454,US20210331990A1,family_id,fam:55b903ca3454,metadata_only,grounded_verbatim,,
fam:55b903ca3454,US20210331990A1,title,Compositions and Methods for Differential Release of 1-Methylcyclopropene,metadata_only,grounded_verbatim,,
fam:55b903ca3454,US20210331990A1,priority_date,2020-04-27,metadata_only,grounded_verbatim,,
fam:55b903ca3454,US20210331990A1,publication_date,2021-10-28,metadata_only,grounded_verbatim,,
fam:55b903ca3454,US20210331990A1,assignee,Verdant Technologies LLC,metadata_only,grounded_verbatim,,
fam:55b903ca3454,US20210331990A1,inventors,"Willard E. Wood; Joseph Frank Sarageno, JR.; Joseph S. Keute; Amanda Lundgren",metadata_only,grounded_verbatim,,
fam:55b903ca3454,US20210331990A1,jurisdictions,"US, EP, AR, AU, BR, CA, CL, CO, CR, IL, MX, PE, TW, WO",metadata_only,grounded_verbatim,,
fam:55b903ca3454,US20210331990A1,family_members_seen,US20210331990A1,metadata_only,grounded_verbatim,,
fam:55b903ca3454,US20210331990A1,independent_claim_gist,"A coated substrate comprising a coating disposed on a substrate surface, the coating consisting essentially of a 1-methylcyclopropene clathrate of α-cyclodextrin with a mean particle size between 3 μm and 15 μm, and a polymer.",full_text_verified,inference_from_quote,"lene oxide)s, polymethacrylamides, poly(N-alkylacrylamides), poly(divinyl ether), polyvinyl acetate, polyvinyl alcohol and copolymers thereof, furan resin (poly(2-furanmethanol)), polyhydroxyalkanoates, polyindole, or polymethacrylonitrile, polyvinyl butyral, vinyl formal vinyl acetate copolymer, styrene acrylate copolymer, styrene divinyl benzene copolymer, polyester resin, styrene butadiene copo",quote_repaired;no_new_numbers
fam:55b903ca3454,US20210331990A1,packaging_format,,unverifiable,ungrounded_blanked,,quote_not_locatable
fam:55b903ca3454,US20210331990A1,mcp_carrier,,unverifiable,ungrounded_blanked,1-methylcyclopropene clathrate of α-cyclodextrin,quote_exact;token_overlap:3/4
fam:55b903ca3454,US20210331990A1,release_trigger,,unverifiable,ungrounded_blanked,,quote_not_locatable
fam:55b903ca3454,US20210331990A1,release_control,"Particle size modification (comminuting, classifying, or blending) to inversely control release rate",full_text_verified,grounded_verbatim,a smaller mean particle size is inversely related to a greater rate of 1-methylcyclopropene release.,quote_exact;token_overlap:10/10
fam:55b903ca3454,US20210331990A1,antimicrobial_component,,not_stated,not_stated,,
fam:55b903ca3454,US20210331990A1,manufacturing_method,,unverifiable,ungrounded_blanked,,quote_not_locatable
fam:55b903ca3454,US20210331990A1,claim_limitations,Mean particle size between 3 μm and 15 μm; coating consists essentially of the clathrate and a polymer; coating weight/thickness ranges specified,full_text_verified,inference_from_quote,"vinyl alcohol and copolymers thereof, furan resin (poly(2-furanmethanol)), polyhydroxyalkanoates, polyindole, or polymethacrylonitrile, polyvinyl butyral, vinyl formal vinyl acetate copolymer, styrene acrylate copolymer, styrene divinyl benzene copolymer, polyester resin, styrene butadiene copolyme",quote_repaired;no_new_numbers
fam:55b903ca3454,US20210331990A1,overlap_with_concept,"Directly overlaps with humidity-responsive, controlled-release 1-MCP packaging. The patent claims using cyclodextrin clathrate particles modified by size to control release triggered by ambient humidity (e.g., from biological respiration), matching the core mechanism but differing in the specific control method and lacking antimicrobial components.",full_text_verified,inference_from_quote,a smaller mean particle size is inversely related to a greater rate of 1-methylcyclopropene release.,quote_exact;no_new_numbers
fam:55b903ca3454,US20210331990A1,design_around,,unverifiable,ungrounded_blanked,,quote_not_locatable
fam:55b903ca3454,US20210331990A1,uncertainty,,unverifiable,ungrounded_blanked,,quote_not_locatable
fam:5cace634e2ee,US6017849A,family_id,fam:5cace634e2ee,metadata_only,grounded_verbatim,,
fam:5cace634e2ee,US6017849A,title,"Synthesis methods, complexes and delivery methods for the safe and convenient storage, transport and application of compounds for inhibiting the ethylene response in plants",metadata_only,grounded_verbatim,,
fam:5cace634e2ee,US6017849A,priority_date,1998-08-20,metadata_only,grounded_verbatim,,
fam:5cace634e2ee,US6017849A,publication_date,2000-01-25,metadata_only,grounded_verbatim,,
fam:5cace634e2ee,US6017849A,assignee,Biotechnologies for Horticulture Inc; AgroFresh Inc,metadata_only,grounded_verbatim,,
fam:5cace634e2ee,US6017849A,inventors,James Daly; Bob Kourelis,metadata_only,grounded_verbatim,,
fam:5cace634e2ee,US6017849A,jurisdictions,"US, EP, CN, JP, AU, SK, PT, DK, HK, OA, ES, DE, CA, HR, KR, BR, AT, AP, NO, ZA, BG, IL, CZ, TR, MX, NZ",metadata_only,grounded_verbatim,,
fam:5cace634e2ee,US6017849A,family_members_seen,US6017849A,metadata_only,grounded_verbatim,,
fam:5cace634e2ee,US6017849A,independent_claim_gist,A complex formed from a molecular encapsulation agent and a cyclopropene derivative compound.,full_text_verified,inference_from_quote,"1. A complex formed from a molecular encapsulation agent and a compound having the following structure ##STR8## wherein n is a number from 1 to 4 and R is selected from the group consisting of hydrogen, saturated or unsaturated C1 to C4 alkyl, hydroxy, halogen, C1 to C4 alkoxy, amino and carboxy.",quote_exact;no_new_numbers
fam:5cace634e2ee,US6017849A,packaging_format,Package (polyvinyl alcohol),full_text_verified,grounded_verbatim,"select quantities of the complex of the present invention can be sealed into a package for retail and wholesale use. In one embodiment, the preferable package is made of polyvinyl alcohol.",quote_exact;token_overlap:3/3
fam:5cace634e2ee,US6017849A,mcp_carrier,Cyclodextrin (specifically alpha-cyclodextrin),full_text_verified,grounded_verbatim,Cyclodextrin and in particular alpha-cyclodextrin are particularly preferred.,quote_exact;token_overlap:4/4
fam:5cace634e2ee,US6017849A,release_trigger,humidity_moisture,full_text_verified,grounded_controlled,Controlled release of methylcyclopropene as well as other compounds capable of inhibiting the ethylene response in plants from a molecular encapsulation agent complex such as cyclodextrin is facilitated by the addition of an excess of water.,quote_exact;enum_clamped
fam:5cace634e2ee,US6017849A,release_control,Dissolution of the molecular encapsulation agent complex in a solvent (water) liberates the gaseous compound.,full_text_verified,grounded_verbatim,"contacting a complex formed from a molecular encapsulation agent and a compound having the following structure ##STR5## wherein n is a number from 1 to 4 and R is selected from the group consisting of hydrogen, saturated or unsaturated C1 to C4 alkyl, hydroxy, halogen, C1 to C4 alkoxy, amino and carboxy, with a solvent capable of dissolving the molecular encapsulation agent, and thereby liberating the compound from the molecular encapsulation agent so that it can contact the plant.",quote_exact;token_overlap:10/12
fam:5cace634e2ee,US6017849A,antimicrobial_component,,not_stated,not_stated,,
fam:5cace634e2ee,US6017849A,manufacturing_method,,unverifiable,ungrounded_blanked,,quote_not_locatable
fam:5cace634e2ee,US6017849A,claim_limitations,"Complex of molecular encapsulation agent + cyclopropene derivative where n=1-4 and R is H, C1-C4 alkyl, hydroxy, halogen, C1-C4 alkoxy, amino, or carboxy.",full_text_verified,inference_from_quote,"wherein n is a number from 1 to 4 and R is selected from the group consisting of hydrogen, saturated or unsaturated C1 to C4 alkyl, hydroxy, halogen, C1 to C4 alkoxy, amino and carboxy.",quote_exact;no_new_numbers
fam:5cace634e2ee,US6017849A,overlap_with_concept,,unverifiable,ungrounded_blanked,,quote_not_locatable
fam:5cace634e2ee,US6017849A,design_around,,unverifiable,ungrounded_blanked,,quote_not_locatable
fam:5cace634e2ee,US6017849A,uncertainty,,unverifiable,ungrounded_blanked,,quote_not_locatable
fam:1eaef17d880e,US6426319B1,family_id,fam:1eaef17d880e,metadata_only,grounded_verbatim,,
fam:1eaef17d880e,US6426319B1,title,Delivery systems for cyclopropenes requiring less water,metadata_only,grounded_verbatim,,
fam:1eaef17d880e,US6426319B1,priority_date,2000-09-29,metadata_only,grounded_verbatim,,
fam:1eaef17d880e,US6426319B1,publication_date,2002-07-30,metadata_only,grounded_verbatim,,
fam:1eaef17d880e,US6426319B1,assignee,AgroFresh Inc (Current); Rohm and Haas Co (Original),metadata_only,grounded_verbatim,,
fam:1eaef17d880e,US6426319B1,inventors,Edward Charles Kostansek,metadata_only,grounded_verbatim,,
fam:1eaef17d880e,US6426319B1,jurisdictions,"['US', 'EP', 'CN', 'JP', 'KR', 'AR', 'AU', 'BR', 'CA', 'DE', 'ES', 'IL', 'MX', 'NZ', 'TW']",metadata_only,grounded_verbatim,,
fam:1eaef17d880e,US6426319B1,family_members_seen,US6426319B1,metadata_only,grounded_verbatim,,
fam:1eaef17d880e,US6426319B1,independent_claim_gist,,unverifiable,ungrounded_blanked,,quote_not_locatable
fam:1eaef17d880e,US6426319B1,packaging_format,,unverifiable,ungrounded_blanked,,quote_not_locatable
fam:1eaef17d880e,US6426319B1,mcp_carrier,,unverifiable,ungrounded_blanked,,quote_not_locatable
fam:1eaef17d880e,US6426319B1,release_trigger,,unverifiable,ungrounded_blanked,,quote_not_locatable
fam:1eaef17d880e,US6426319B1,release_control,,unverifiable,ungrounded_blanked,,quote_not_locatable
fam:1eaef17d880e,US6426319B1,antimicrobial_component,,not_stated,not_stated,,
fam:1eaef17d880e,US6426319B1,manufacturing_method,,unverifiable,ungrounded_blanked,,quote_not_locatable
fam:1eaef17d880e,US6426319B1,claim_limitations,"Comprising from 3 percent to 97 percent, by weight, cyclopropene/encapsulation agent complex and 3 percent to 97 percent, by weight, water absorbent material.",full_text_verified,inference_from_quote,"The compositions of this invention may comprise from 3 percent to 97 percent, by weight, cyclopropene/encapsulation agent complex and 3 percent to 97 percent, by weight, water absorbent material.",quote_exact;no_new_numbers
fam:1eaef17d880e,US6426319B1,overlap_with_concept,,unverifiable,ungrounded_blanked,,quote_not_locatable
fam:1eaef17d880e,US6426319B1,design_around,,unverifiable,ungrounded_blanked,,quote_not_locatable
fam:1eaef17d880e,US6426319B1,uncertainty,,unverifiable,ungrounded_blanked,,quote_not_locatable
fam:e5f537ade563,US6953540B2,family_id,fam:e5f537ade563,metadata_only,grounded_verbatim,,
fam:e5f537ade563,US6953540B2,title,Continuous process for the preparation of encapsulated cyclopropenes,metadata_only,grounded_verbatim,,
fam:e5f537ade563,US6953540B2,priority_date,2000-09-29,metadata_only,grounded_verbatim,,
fam:e5f537ade563,US6953540B2,publication_date,2005-10-11,metadata_only,grounded_verbatim,,
fam:e5f537ade563,US6953540B2,assignee,AgroFresh Inc,metadata_only,grounded_verbatim,,
fam:e5f537ade563,US6953540B2,inventors,"Joshua Anthony Chong, Vincent John Farozic, Richard Martin Jacobson, Bret Alan Snyder, Randall Wayne Stephens, David Wayne Mosley",metadata_only,grounded_verbatim,,
fam:e5f537ade563,US6953540B2,jurisdictions,US,metadata_only,grounded_verbatim,,
fam:e5f537ade563,US6953540B2,family_members_seen,US6953540B2,metadata_only,grounded_verbatim,,
fam:e5f537ade563,US6953540B2,independent_claim_gist,A method of purifying a cyclopropene gas prepared by reaction of an allyl compound with a non-nucleophilic strong base comprising scrubbing the cyclopropene gas in a scrubber with a reactive solvent mixture to remove residual allyl compound to give purified cyclopropene gas.,full_text_verified,inference_from_quote,A method of purifying a cyclopropene gas prepared by reaction of an allyl compound with a non-nucleophilic strong base comprising scrubbing the cyclopropene gas in a scrubber with a reactive solvent mixture to remove residual allyl compound to give purified cyclopropene gas.,quote_exact;no_new_numbers
fam:e5f537ade563,US6953540B2,packaging_format,,not_stated,not_stated,,
fam:e5f537ade563,US6953540B2,mcp_carrier,alpha-cyclodextrin,full_text_verified,grounded_verbatim,"The most preferred encapsulating agent, particularly when the cyclopropene is 1-methylcyclopropene, is alpha-cyclodextrin.",quote_exact;substring
fam:e5f537ade563,US6953540B2,release_trigger,,not_stated,not_stated,,
fam:e5f537ade563,US6953540B2,release_control,,not_stated,not_stated,,
fam:e5f537ade563,US6953540B2,antimicrobial_component,,not_stated,not_stated,,
fam:e5f537ade563,US6953540B2,manufacturing_method,,unverifiable,ungrounded_blanked,,quote_not_locatable
fam:e5f537ade563,US6953540B2,claim_limitations,Scrubbing the gas with a reactive solvent mixture to remove residual allyl compound.,full_text_verified,inference_from_quote,scrubbing the cyclopropene gas in a scrubber with a reactive solvent mixture to remove residual allyl compound,quote_exact;no_new_numbers
fam:e5f537ade563,US6953540B2,overlap_with_concept,,unverifiable,ungrounded_blanked,,quote_not_locatable
fam:e5f537ade563,US6953540B2,design_around,,unverifiable,ungrounded_blanked,,quote_not_locatable
fam:e5f537ade563,US6953540B2,uncertainty,,unverifiable,ungrounded_blanked,,quote_not_locatable
fam:122393cc61cb,US8129450B2,family_id,fam:122393cc61cb,metadata_only,grounded_verbatim,,
fam:122393cc61cb,US8129450B2,title,Articles having a polymer grafted cyclodextrin,metadata_only,grounded_verbatim,,
fam:122393cc61cb,US8129450B2,priority_date,2002-12-10,metadata_only,grounded_verbatim,,
fam:122393cc61cb,US8129450B2,publication_date,2012-03-06,metadata_only,grounded_verbatim,,
fam:122393cc61cb,US8129450B2,assignee,Verdant Technologies LLC (Current); Cellresin Technologies LLC (Original),metadata_only,grounded_verbatim,,
fam:122393cc61cb,US8129450B2,inventors,"Willard E. Wood, Timothy H. Bohrer, Stanley R. Kellenberger, Neil J. Beaverson",metadata_only,grounded_verbatim,,
fam:122393cc61cb,US8129450B2,jurisdictions,US,metadata_only,grounded_verbatim,,
fam:122393cc61cb,US8129450B2,family_members_seen,US8129450B2,metadata_only,grounded_verbatim,,
fam:122393cc61cb,US8129450B2,independent_claim_gist,"Claim 1 requires an article comprising a thermoplastic polymer fiber made from an acid anhydride modified polyolefin resin that has covalently bonded cyclodextrin substituents. The cyclodextrin must be substantially free of compounds in its central pore, and the fiber must have a diameter between 10 nm and 2000 nm.",full_text_verified,inference_from_quote,"An article comprising a thermoplastic polymer fiber comprising an acid anhydride modified polyolefin resin, the acid anhydride modified polyolefin resin comprising at least one pendant substituent derived from a cyclodextrin, wherein the cyclodextrin is bonded to the polyolefin resin by the reaction product of cyclodextrin with the acid anhydride, wherein the cyclodextrin is substantially free of a compound in its central pore, the fiber having a fiber diameter of 10 nm to 2000 nm.",quote_exact;no_new_numbers
fam:122393cc61cb,US8129450B2,packaging_format,,unverifiable,ungrounded_blanked,,quote_not_locatable
fam:122393cc61cb,US8129450B2,mcp_carrier,,not_stated,not_stated,,
fam:122393cc61cb,US8129450B2,release_trigger,,not_stated,not_stated,,
fam:122393cc61cb,US8129450B2,release_control,,not_stated,not_stated,,
fam:122393cc61cb,US8129450B2,antimicrobial_component,,not_stated,not_stated,,
fam:122393cc61cb,US8129450B2,manufacturing_method,melt grafting in an extruder; reactive extrusion; blending with unmodified polymer; coextrusion; coating; spunbond/meltblown/electrospinning,full_text_verified,grounded_verbatim,"melt grafting in a customary compounding apparatus, such as an extruder or like melt mixer",quote_exact;token_overlap:11/12
fam:122393cc61cb,US8129450B2,claim_limitations,fiber diameter of 10 nm to 2000 nm; cyclodextrin substantially free of a compound in its central pore; covalent bond via reaction product of cyclodextrin with acid anhydride,full_text_verified,inference_from_quote,"the cyclodextrin is bonded to the polyolefin resin by the reaction product of cyclodextrin with the acid anhydride, wherein the cyclodextrin is substantially free of a compound in its central pore, the fiber having a fiber diameter of 10 nm to 2000 nm.",quote_exact;no_new_numbers
fam:122393cc61cb,US8129450B2,overlap_with_concept,"Low overlap. The patent discloses cyclodextrin-grafted polymers for odor/flavor scavenging and barrier enhancement, not 1-MCP controlled release or humidity-responsive mechanisms.",full_text_verified,inference_from_quote,"Cyclodextrins can minimize the headspace accumulation of volatile chemical family compounds (i.e., aromatics, alkanes, alkenes and ketones) by entrapping such compounds in the central pore of the CD ring.",quote_exact;no_new_numbers
fam:122393cc61cb,US8129450B2,design_around,,unverifiable,ungrounded_blanked,,quote_not_locatable
fam:122393cc61cb,US8129450B2,uncertainty,,unverifiable,ungrounded_blanked,,quote_not_locatable
fam:b6b9c625b09a,US8481127B2,family_id,fam:b6b9c625b09a,metadata_only,grounded_verbatim,,
fam:b6b9c625b09a,US8481127B2,title,"Cyclodextrin compositions, articles, and methods",metadata_only,grounded_verbatim,,
fam:b6b9c625b09a,US8481127B2,priority_date,2011-03-27,metadata_only,grounded_verbatim,,
fam:b6b9c625b09a,US8481127B2,publication_date,2013-07-09,metadata_only,grounded_verbatim,,
fam:b6b9c625b09a,US8481127B2,assignee,Verdant Technologies LLC,metadata_only,grounded_verbatim,,
fam:b6b9c625b09a,US8481127B2,inventors,"['Willard E. Wood', 'William J. Kuduk', 'Joseph S. Keute']",metadata_only,grounded_verbatim,,
fam:b6b9c625b09a,US8481127B2,jurisdictions,"['US', 'EP', 'CN', 'JP', 'KR', 'AU', 'BR', 'CA', 'CL', 'CO', 'DK', 'ES', 'GB', 'HU', 'IL', 'MX', 'NZ', 'PL', 'PT', 'RU', 'SI', 'TR', 'TW', 'UA', 'WO', 'ZA']",metadata_only,grounded_verbatim,,
fam:b6b9c625b09a,US8481127B2,family_members_seen,US8481127B2,metadata_only,grounded_verbatim,,
fam:b6b9c625b09a,US8481127B2,independent_claim_gist,"A cyclodextrin composition comprising one or more radiation polymerizable monomers, a photoinitiator and a cyclodextrin inclusion complex containing an olefinic inhibitor of ethylene generation in produce.",full_text_verified,inference_from_quote,"1. A cyclodextrin composition comprising one or more radiation polymerizable monomers, a photoinitiator and a cyclodextrin inclusion complex, the cyclodextrin inclusion complex comprising a cyclodextrin compound and an olefinic inhibitor of an ethylene generation in produce",quote_exact;no_new_numbers
fam:b6b9c625b09a,US8481127B2,packaging_format,"film, sheet, bag, punnet, dish, cup, cover, label, paperboard carton, or treated package insert",full_text_verified,grounded_verbatim,"the treated packaging material comprises a film, a sheet, a foil, a bag, a punnett, a dish, a cup, a cover, a label, paperboard, a paperboard carton, or a treated package insert",quote_exact;token_overlap:13/13
fam:b6b9c625b09a,US8481127B2,mcp_carrier,cyclodextrin inclusion complex (specifically α-cyclodextrin),full_text_verified,grounded_verbatim,the cyclodextrin inclusion complex comprising a cyclodextrin compound and an olefinic inhibitor,quote_exact;token_prefix
fam:b6b9c625b09a,US8481127B2,release_trigger,,unverifiable,ungrounded_blanked,,quote_not_locatable
fam:b6b9c625b09a,US8481127B2,release_control,,unverifiable,ungrounded_blanked,,quote_not_locatable
fam:b6b9c625b09a,US8481127B2,antimicrobial_component,,not_stated,not_stated,,
fam:b6b9c625b09a,US8481127B2,manufacturing_method,,unverifiable,ungrounded_blanked,,quote_not_locatable
fam:b6b9c625b09a,US8481127B2,claim_limitations,,unverifiable,ungrounded_blanked,,quote_not_locatable
fam:b6b9c625b09a,US8481127B2,overlap_with_concept,"Directly overlaps with humidity-responsive, controlled-release 1-MCP packaging using cyclodextrin carriers.",full_text_verified,inference_from_quote,The olefinic inhibitor is also released from the treated packaging material or container by exposure to a controlled level of humidity.,quote_exact;no_new_numbers
fam:b6b9c625b09a,US8481127B2,design_around,,unverifiable,ungrounded_blanked,,quote_not_locatable
fam:b6b9c625b09a,US8481127B2,uncertainty,,unverifiable,ungrounded_blanked,,quote_not_locatable
fam:b04b3309cb45,US8603524B2,family_id,fam:b04b3309cb45,metadata_only,grounded_verbatim,,
fam:b04b3309cb45,US8603524B2,title,Delivery of ethylene blocking and/or promoting agents,metadata_only,grounded_verbatim,,
fam:b04b3309cb45,US8603524B2,priority_date,2007-01-17,metadata_only,grounded_verbatim,,
fam:b04b3309cb45,US8603524B2,publication_date,2013-12-10,metadata_only,grounded_verbatim,,
fam:b04b3309cb45,US8603524B2,assignee,AgroFresh Inc,metadata_only,grounded_verbatim,,
fam:b04b3309cb45,US8603524B2,inventors,"Gretchen Baier, Mark D. Newsham, Irina V. Graf, Robert L. Schmitt, Lamy J. Chopin, III, Jacquelyn A. deGroot, Jeffrey J. Wooster, Tarlochan S. Dhadialla",metadata_only,grounded_verbatim,,
fam:b04b3309cb45,US8603524B2,jurisdictions,"US, EP, CN, JP, AU, BR, CA, CL, CR, ES, HU, IL, MX, NI, NZ, PL, PT, SI, WO, ZA",metadata_only,grounded_verbatim,,
fam:b04b3309cb45,US8603524B2,family_members_seen,US8603524B2,metadata_only,grounded_verbatim,,
fam:b04b3309cb45,US8603524B2,independent_claim_gist,A film comprising an ethylene blocking agent complex (cyclopropene/derivatives + cyclodextrin/crown ether host) intermingled with a water-soluble polymer.,full_text_verified,inference_from_quote,"1. A film comprising:

an ethylene blocking agent complex comprising the product of an ethylene blocking agent selected from the group consisting of cyclopropene, 3,3-dimethycyclopropene, methylenecyclopropane and derivatives thereof and a host selected from the group consisting of cyclodextrins and crown ethers; and

at least one water-soluble polymer selected from the group consisting of methylcellulose, propylcellulose, ethylcellulose and hydroxyethylcellulose;

wherein the ethylene blocking agent complex and the at least one water-soluble polymer are intermingled.",quote_exact;no_new_numbers
fam:b04b3309cb45,US8603524B2,packaging_format,film,full_text_verified,grounded_verbatim,film,quote_exact;substring
fam:b04b3309cb45,US8603524B2,mcp_carrier,cyclodextrins or crown ethers,full_text_verified,grounded_verbatim,host selected from the group consisting of cyclodextrins and crown ethers,quote_exact;token_overlap:3/3
fam:b04b3309cb45,US8603524B2,release_trigger,humidity_moisture,full_text_verified,grounded_controlled,water-soluble polymer,quote_exact;enum_clamped
fam:b04b3309cb45,US8603524B2,release_control,"Dissolution or swelling of the intermingled water-soluble polymer matrix upon exposure to water or humidity, which releases the encapsulated ethylene blocking agent.",full_text_verified,grounded_verbatim,wherein the ethylene blocking agent complex and the at least one water-soluble polymer are intermingled.,quote_exact;token_overlap:17/19
fam:b04b3309cb45,US8603524B2,antimicrobial_component,,not_stated,not_stated,,
fam:b04b3309cb45,US8603524B2,manufacturing_method,,unverifiable,ungrounded_blanked,,quote_not_locatable
fam:b04b3309cb45,US8603524B2,claim_limitations,"The ethylene blocking agent is limited to cyclopropene, 3,3-dimethycyclopropene, methylenecyclopropane and derivatives; the host is limited to cyclodextrins or crown ethers; the water-soluble polymer is limited to methylcellulose, propylcellulose, ethylcellulose, or hydroxyethylcellulose.",full_text_verified,inference_from_quote,1/en) | | CN (1) | [CN101636446B (en)](/patent/CN101636446B/en) | | AR (1) | [AR064945A1 (en)](/patent/AR064945A1/en) | | AU (1) | [AU2008206350B2 (en)](/patent/AU2008206350B2/en) | | BR (1) | [BRPI0806751B1 (en)](/patent/BRPI0806751B1/en) | | CA (1) | [CA2675762C (en)](/patent/CA2675762C/en) | | CL (1) | [CL2008000123A1 (en)](/patent/CL2008000123A1/en) | | CR (1) | [CR10932A (en)](/patent/CR10932,quote_repaired;no_new_numbers
fam:b04b3309cb45,US8603524B2,overlap_with_concept,"Directly overlaps with the humidity-responsive, controlled-release 1-MCP packaging concept by claiming a film where a 1-MCP/cyclodextrin complex is intermingled with water-soluble polymers to enable moisture-triggered release. It addresses the core delivery mechanism but does not claim any antimicrobial component.",full_text_verified,inference_from_quote,forming a water-soluble film containing a 1-MCP complex may allow for the release of 1-MCP upon exposure to humidity or immersion in water.,quote_exact;no_new_numbers
fam:b04b3309cb45,US8603524B2,design_around,"To avoid infringement, one could use a water-insoluble but moisture-permeable polymer matrix, employ a different host system outside cyclodextrins and crown ethers, or incorporate an essential-oil antimicrobial component not covered by this claim.",full_text_verified,inference_from_quote,"molecular encapsulation agents such as crown ethers, polyoxyalkylenes, prophorines, polysiloxanes, phosphazenes, and zeolites may also be used.",quote_exact;no_new_numbers
fam:b04b3309cb45,US8603524B2,uncertainty,,unverifiable,ungrounded_blanked,,quote_not_locatable
fam:a12abf85d732,US9332751B2,family_id,fam:a12abf85d732,metadata_only,grounded_verbatim,,
fam:a12abf85d732,US9332751B2,title,"Food packaging material with antibacterial, ethylene scavenging and barrier properties",metadata_only,grounded_verbatim,,
fam:a12abf85d732,US9332751B2,priority_date,2014-07-09,metadata_only,grounded_verbatim,,
fam:a12abf85d732,US9332751B2,publication_date,2016-05-10,metadata_only,grounded_verbatim,,
fam:a12abf85d732,US9332751B2,assignee,Sabanci Universitesi,metadata_only,grounded_verbatim,,
fam:a12abf85d732,US9332751B2,inventors,"Hayriye Unal, Serkan Unal, Yusuf Ziya Menceloglu, Fevzi Cakmak Cebeci",metadata_only,grounded_verbatim,,
fam:a12abf85d732,US9332751B2,jurisdictions,"['US', 'EP', 'ES']",metadata_only,grounded_verbatim,,
fam:a12abf85d732,US9332751B2,family_members_seen,US9332751B2,metadata_only,grounded_verbatim,,
fam:a12abf85d732,US9332751B2,independent_claim_gist,"Claim 1 requires a method for producing a polymeric film for food packaging by incorporating halloysite nanotubes (a combination of empty and loaded with antibacterial agent), coating them over the film, arranging them in close proximity on the food product side, and specifically charging the surface, applying chitosan, and coating loaded nanotubes over the chitosan layer.",full_text_verified,inference_from_quote,"acrol, thymol, cinnamic aldehyde, neral, geranial, menthol, eugenol, cineol and linalool. 4. The method according to claim 1 wherein the polymeric film is made of polyethylene or polypropylene. 5. The method according to claim 1 wherein the method comprises melt mixing of the halloysite nanotubes with the polymeric material. 6. The method according to claim 1 wherein the method further comprises a",quote_repaired;no_new_numbers
fam:a12abf85d732,US9332751B2,packaging_format,polymeric film,full_text_verified,grounded_verbatim,polymeric film,quote_exact;substring
fam:a12abf85d732,US9332751B2,mcp_carrier,halloysite nanotubes (HNTs),full_text_verified,grounded_verbatim,"as modified forms of said polymeric materials for providing improved features in terms of the desired properties mentioned above. * HNTs per se, containing aluminum, silicon and hydrogen as the major components are well known in the art, and are commercially available in the market (",quote_derived_from_value;token_overlap:3/3
fam:a12abf85d732,US9332751B2,release_trigger,,not_stated,not_stated,,
fam:a12abf85d732,US9332751B2,release_control,controlled loading/release into/from halloysite nanotubes,full_text_verified,grounded_verbatim,results in a controlled release system for the antibacterial agents such that a more pronounced effect can thus be achieved,quote_exact;token_overlap:5/5
fam:a12abf85d732,US9332751B2,antimicrobial_component,"thyme oil, oregano oil, cinnamon oil, lemongrass oil, peppermint oil, lavender oil, rosemary oil, coriander oil, clove oil and turmeric oil",full_text_verified,grounded_verbatim,"The essential oils to be loaded into HNTs as antibacterial agents can be chosen from thyme oil, oregano oil, cinnamon oil, lemongrass oil, peppermint oil, lavender oil, rosemary oil, coriander oil, clove oil and turmeric oil.",quote_exact;substring
fam:a12abf85d732,US9332751B2,manufacturing_method,"melt mixing, solution mixing, or layer-by-layer thin film coating involving charging the polymeric film surface, applying chitosan, and coating loaded nanotubes over the chitosan layer",full_text_verified,grounded_verbatim,HNTs in the sense of the present invention can be incorporated into the polymeric packaging material by way of the conventionally known methods such as solution or melt mixing or coated on the polymeric packaging material by way of known methods such as layer-by-layer thin film coating.,quote_exact;token_overlap:24/25
fam:a12abf85d732,US9332751B2,claim_limitations,"combination of empty nanotubes in the polymeric film and nanotubes loaded with an antibacterial agent the halloysite nanotubes being coated over the polymeric film, and wherein the nanotubes coated over the polymeric film are being arranged in close proximity on the food product side of the packaging film, and wherein the coating of the nanotubes loaded with an antibacterial agent comprises the steps of charging surface of the polymeric film; applying chitosan over the charged surface; and coating loaded nanotubes over chitosan layer.",full_text_verified,inference_from_quote,"is made of polyethylene or polypropylene. 5. The method according to claim 1 wherein the method comprises melt mixing of the halloysite nanotubes with the polymeric material. 6. The method according to claim 1 wherein the method further comprises a coating step for coating said loaded nanotube layer with halloysite nanotubes provided in an empty arrangement for scavenging purposes. US14/795,301 20",quote_repaired;no_new_numbers
fam:a12abf85d732,US9332751B2,overlap_with_concept,"Uses halloysite nanotubes as a nanocontainer for 1-MCP and essential oils in a polymeric food packaging film, providing controlled release, antimicrobial activity, and ethylene scavenging properties.",full_text_verified,inference_from_quote,The inventors found that 1-MCP can be successfully incorporated into some or all of the HNTs according to the present invention.,quote_exact;no_new_numbers
fam:a12abf85d732,US9332751B2,design_around,,unverifiable,ungrounded_blanked,,quote_not_locatable
fam:a12abf85d732,US9332751B2,uncertainty,,unverifiable,ungrounded_blanked,,quote_not_locatable
