q_10: insufficient_evidence
q_11: insufficient_evidence
q_12: complete
q_13: insufficient_evidence
q_14: insufficient_evidence
q_15: insufficient_evidence
q_17: insufficient_evidence
q_18: insufficient_evidence
q_19: complete
q_20: complete
q_21: insufficient_evidence
q_22: complete
q_23: complete
q_24: complete
q_25: complete
q_26: insufficient_evidence
q_27: insufficient_evidence
q_29: insufficient_evidence
q_32: insufficient_evidence
q_33: insufficient_evidence
q_34: insufficient_evidence
q_35: insufficient_evidence
q_36: complete
q_38: complete
q_39: complete
q_40: complete
q_41: insufficient_evidence
q_42: insufficient_evidence
q_43: insufficient_evidence
q_45: complete
q_46: insufficient_evidence
q_47: complete
q_48: complete
q_49: insufficient_evidence
q_50: complete
q_51: complete
q_52: complete
q_53: complete
q_54: complete
q_55: complete
q_56: complete
q_57: complete
q_58: complete
q_59: complete
q_60: complete
q_61: complete
q_62: complete
q_63: complete
q_64: complete
q_65: complete
q_66: insufficient_evidence
q_67: complete
q_68: complete
q_69: complete
q_70: insufficient_evidence
q_71: complete
q_72: complete
q_73: complete
q_74: complete
q_75: complete
q_76: insufficient_evidence
q_77: complete
q_78: complete
q_79: complete
q_80: complete
q_85: complete
q_86: complete
q_87: complete
q_88: complete
q_89: complete
q_91: complete
q_92: complete
q_93: insufficient_evidence
q_94: insufficient_evidence
q_95: complete
q_96: complete
q_97: complete
q_98: complete
q_99: insufficient_evidence
q_100: complete
q_101: complete
q_102: complete
q_103: insufficient_evidence
q_104: insufficient_evidence
q_105: insufficient_evidence
q_106: complete
q_108: insufficient_evidence
q_109: complete
q_110: insufficient_evidence
q_112: complete
q_113: failed
q_114: complete
q_115: complete
q_116: insufficient_evidence
q_117: complete
q_118: insufficient_evidence
q_119: complete
q_121: complete
q_122: complete
q_123: complete
q_124: insufficient_evidence
q_125: insufficient_evidence
q_127: complete
q_129: complete
q_130: insufficient_evidence
q_131: complete
q_132: complete
q_133: insufficient_evidence
q_134: complete
q_135: complete
q_137: complete
q_138: complete
q_139: complete
q_140: complete
q_141: insufficient_evidence
q_142: insufficient_evidence
q_143: insufficient_evidence
q_144: complete
q_145: complete
q_146: insufficient_evidence
q_147: insufficient_evidence
q_148: complete
q_149: failed
q_150: complete
q_151: insufficient_evidence
q_153: complete
q_154: insufficient_evidence
q_155: complete
q_160: insufficient_evidence
q_161: complete
fontTools is required to fully parse the encoding of a CFF Type1 font in font dictionary {'/BaseFont': '/CMPBHL+Universal-NewswithCommPi', '/Encoding': IndirectObject(134, 0, 130658070804192), '/FirstChar': 82, '/FontDescriptor': IndirectObject(135, 0, 130658070804192), '/LastChar': 82, '/Subtype': '/Type1', '/Type': '/Font', '/Widths': [556]}, but is not installed. Consider installing fontTools if you encounter encoding problems.
fontTools is required to fully parse the encoding of a CFF Type1 font in font dictionary {'/BaseFont': '/RVJXOD+AvenirNextPForBBG-Bold', '/Encoding': IndirectObject(137, 0, 130658070804192), '/FirstChar': 39, '/FontDescriptor': IndirectObject(138, 0, 130658070804192), '/LastChar': 208, '/Subtype': '/Type1', '/Type': '/Font', '/Widths': [300, 0, 0, 0, 0, 0, 0, 300, 415, 0, 0, 0, 0, 0, 0, 0, 0, 0, 0, 332, 0, 0, 0, 0, 0, 0, 729, 665, 696, 774, 0, 576, 769, 764, 318, 0, 711, 526, 955, 790, 851, 0, 0, 663, 591, 581, 738, 0, 0, 0, 0, 0, 0, 0, 0, 0, 0, 300, 566, 659, 503, 658, 596, 364, 658, 617, 296, 0, 0, 298, 924, 616, 632, 657, 0, 396, 472, 372, 614, 0, 0, 0, 567, 0, 0, 0, 0, 0, 0, 0, 0, 0, 0, 0, 0, 0, 0, 0, 0, 0, 0, 0, 0, 0, 0, 0, 0, 0, 0, 0, 0, 0, 0, 0, 0, 0, 0, 0, 0, 0, 0, 0, 0, 0, 0, 0, 0, 0, 0, 0, 0, 0, 0, 0, 0, 0, 0, 0, 0, 0, 0, 0, 0, 0, 0, 0, 0, 0, 0, 0, 0, 0, 0, 0, 0, 0, 0, 0, 0, 0, 0, 0, 0, 0, 0, 0, 0, 0, 0, 600]}, but is not installed. Consider installing fontTools if you encounter encoding problems.
fontTools is required to fully parse the encoding of a CFF Type1 font in font dictionary {'/BaseFont': '/KOTLXR+ImperialBT-Roman', '/Encoding': IndirectObject(140, 0, 130658070804192), '/FirstChar': 36, '/FontDescriptor': IndirectObject(141, 0, 130658070804192), '/LastChar': 208, '/Subtype': '/Type1', '/Type': '/Font', '/Widths': [569, 880, 0, 285, 398, 398, 0, 0, 285, 347, 285, 278, 569, 569, 569, 569, 569, 569, 569, 569, 569, 569, 308, 308, 0, 0, 0, 481, 0, 752, 706, 741, 819, 0, 634, 815, 833, 363, 484, 764, 634, 980, 833, 810, 662, 810, 727, 662, 676, 810, 731, 1042, 0, 723, 0, 398, 0, 398, 0, 0, 285, 558, 604, 519, 610, 541, 366, 588, 625, 306, 306, 618, 306, 928, 627, 588, 610, 603, 437, 479, 350, 616, 539, 829, 604, 558, 532, 0, 0, 0, 0, 0, 0, 0, 0, 0, 0, 0, 0, 0, 0, 0, 0, 0, 0, 0, 0, 0, 0, 0, 0, 0, 0, 0, 0, 0, 0, 0, 0, 0, 0, 0, 0, 0, 0, 0, 0, 0, 0, 0, 0, 0, 0, 0, 0, 0, 0, 0, 0, 0, 0, 0, 0, 0, 0, 0, 0, 0, 0, 0, 0, 0, 0, 0, 0, 0, 0, 500, 0, 0, 0, 0, 0, 0, 0, 0, 0, 0, 0, 0, 0, 0, 1000]}, but is not installed. Consider installing fontTools if you encounter encoding problems.
fontTools is required to fully parse the encoding of a CFF Type1 font in font dictionary {'/BaseFont': '/CDORQA+ImperialBT-Italic', '/Encoding': IndirectObject(143, 0, 130658070804192), '/FirstChar': 39, '/FontDescriptor': IndirectObject(144, 0, 130658070804192), '/LastChar': 175, '/Subtype': '/Type1', '/Type': '/Font', '/Widths': [280, 391, 391, 0, 0, 280, 343, 280, 273, 560, 560, 560, 0, 560, 0, 0, 560, 0, 560, 0, 303, 0, 0, 0, 0, 986, 741, 701, 750, 796, 685, 630, 801, 815, 359, 0, 763, 646, 965, 819, 0, 657, 0, 0, 653, 641, 803, 0, 1042, 0, 681, 0, 0, 0, 0, 0, 0, 280, 606, 600, 516, 606, 528, 330, 586, 610, 296, 296, 611, 296, 931, 616, 581, 597, 0, 417, 472, 356, 617, 546, 832, 611, 549, 532, 0, 0, 0, 0, 0, 0, 0, 0, 0, 0, 0, 0, 0, 0, 0, 0, 0, 0, 0, 0, 0, 0, 0, 0, 0, 0, 0, 0, 0, 0, 0, 0, 0, 0, 0, 0, 0, 0, 0, 0, 0, 0, 0, 0, 0, 0, 0, 0, 0, 0, 0, 606, 609]}, but is not installed. Consider installing fontTools if you encounter encoding problems.
fontTools is required to fully parse the encoding of a CFF Type1 font in font dictionary {'/BaseFont': '/XLGLMJ+AvenirNextPForBBG-Regular', '/Encoding': '/WinAnsiEncoding', '/FirstChar': 44, '/FontDescriptor': IndirectObject(146, 0, 130658070804192), '/LastChar': 89, '/Subtype': '/Type1', '/Type': '/Font', '/Widths': [260, 0, 260, 0, 653, 0, 568, 581, 573, 597, 0, 0, 0, 0, 0, 0, 0, 0, 0, 0, 0, 700, 636, 720, 0, 592, 562, 779, 718, 260, 0, 0, 510, 0, 764, 850, 580, 0, 599, 564, 570, 710, 0, 0, 0, 602]}, but is not installed. Consider installing fontTools if you encounter encoding problems.
fontTools is required to fully parse the encoding of a CFF Type1 font in font dictionary {'/BaseFont': '/OHRRZM+AvenirNextPForBBG-Regular', '/Encoding': '/WinAnsiEncoding', '/FirstChar': 46, '/FontDescriptor': IndirectObject(148, 0, 130658070804192), '/LastChar': 114, '/Subtype': '/Type1', '/Type': '/Font', '/Widths': [260, 0, 0, 0, 0, 0, 0, 0, 0, 0, 0, 0, 0, 0, 0, 0, 0, 0, 0, 0, 0, 0, 0, 0, 0, 0, 0, 0, 0, 0, 0, 0, 0, 0, 0, 0, 0, 0, 0, 0, 0, 0, 0, 0, 0, 0, 0, 0, 0, 0, 0, 534, 637, 500, 0, 572, 0, 632, 0, 0, 0, 0, 252, 883, 581, 611, 0, 0, 360]}, but is not installed. Consider installing fontTools if you encounter encoding problems.
fontTools is required to fully parse the encoding of a CFF Type1 font in font dictionary {'/BaseFont': '/NZMSSU+Helvetica', '/Encoding': '/WinAnsiEncoding', '/FirstChar': 44, '/FontDescriptor': IndirectObject(150, 0, 130658070804192), '/LastChar': 121, '/Subtype': '/Type1', '/Type': '/Font', '/Widths': [278, 333, 278, 278, 556, 556, 556, 556, 556, 0, 0, 556, 556, 0, 278, 0, 0, 0, 0, 0, 0, 667, 667, 722, 0, 0, 611, 0, 0, 278, 0, 0, 0, 833, 722, 0, 667, 0, 722, 0, 611, 0, 0, 0, 0, 0, 0, 0, 0, 0, 0, 0, 0, 556, 556, 500, 556, 556, 278, 556, 556, 222, 0, 0, 222, 833, 556, 556, 556, 556, 333, 500, 278, 556, 500, 722, 0, 500]}, but is not installed. Consider installing fontTools if you encounter encoding problems.
fontTools is required to fully parse the encoding of a CFF Type1 font in font dictionary {'/BaseFont': '/CMPBHL+Universal-NewswithCommPi', '/Encoding': IndirectObject(134, 0, 130658070804192), '/FirstChar': 82, '/FontDescriptor': IndirectObject(135, 0, 130658070804192), '/LastChar': 82, '/Subtype': '/Type1', '/Type': '/Font', '/Widths': [556]}, but is not installed. Consider installing fontTools if you encounter encoding problems.
fontTools is required to fully parse the encoding of a CFF Type1 font in font dictionary {'/BaseFont': '/RVJXOD+AvenirNextPForBBG-Bold', '/Encoding': IndirectObject(137, 0, 130658070804192), '/FirstChar': 39, '/FontDescriptor': IndirectObject(138, 0, 130658070804192), '/LastChar': 208, '/Subtype': '/Type1', '/Type': '/Font', '/Widths': [300, 0, 0, 0, 0, 0, 0, 300, 415, 0, 0, 0, 0, 0, 0, 0, 0, 0, 0, 332, 0, 0, 0, 0, 0, 0, 729, 665, 696, 774, 0, 576, 769, 764, 318, 0, 711, 526, 955, 790, 851, 0, 0, 663, 591, 581, 738, 0, 0, 0, 0, 0, 0, 0, 0, 0, 0, 300, 566, 659, 503, 658, 596, 364, 658, 617, 296, 0, 0, 298, 924, 616, 632, 657, 0, 396, 472, 372, 614, 0, 0, 0, 567, 0, 0, 0, 0, 0, 0, 0, 0, 0, 0, 0, 0, 0, 0, 0, 0, 0, 0, 0, 0, 0, 0, 0, 0, 0, 0, 0, 0, 0, 0, 0, 0, 0, 0, 0, 0, 0, 0, 0, 0, 0, 0, 0, 0, 0, 0, 0, 0, 0, 0, 0, 0, 0, 0, 0, 0, 0, 0, 0, 0, 0, 0, 0, 0, 0, 0, 0, 0, 0, 0, 0, 0, 0, 0, 0, 0, 0, 0, 0, 0, 0, 0, 0, 0, 0, 0, 600]}, but is not installed. Consider installing fontTools if you encounter encoding problems.
fontTools is required to fully parse the encoding of a CFF Type1 font in font dictionary {'/BaseFont': '/KOTLXR+ImperialBT-Roman', '/Encoding': IndirectObject(140, 0, 130658070804192), '/FirstChar': 36, '/FontDescriptor': IndirectObject(141, 0, 130658070804192), '/LastChar': 208, '/Subtype': '/Type1', '/Type': '/Font', '/Widths': [569, 880, 0, 285, 398, 398, 0, 0, 285, 347, 285, 278, 569, 569, 569, 569, 569, 569, 569, 569, 569, 569, 308, 308, 0, 0, 0, 481, 0, 752, 706, 741, 819, 0, 634, 815, 833, 363, 484, 764, 634, 980, 833, 810, 662, 810, 727, 662, 676, 810, 731, 1042, 0, 723, 0, 398, 0, 398, 0, 0, 285, 558, 604, 519, 610, 541, 366, 588, 625, 306, 306, 618, 306, 928, 627, 588, 610, 603, 437, 479, 350, 616, 539, 829, 604, 558, 532, 0, 0, 0, 0, 0, 0, 0, 0, 0, 0, 0, 0, 0, 0, 0, 0, 0, 0, 0, 0, 0, 0, 0, 0, 0, 0, 0, 0, 0, 0, 0, 0, 0, 0, 0, 0, 0, 0, 0, 0, 0, 0, 0, 0, 0, 0, 0, 0, 0, 0, 0, 0, 0, 0, 0, 0, 0, 0, 0, 0, 0, 0, 0, 0, 0, 0, 0, 0, 0, 0, 500, 0, 0, 0, 0, 0, 0, 0, 0, 0, 0, 0, 0, 0, 0, 1000]}, but is not installed. Consider installing fontTools if you encounter encoding problems.
fontTools is required to fully parse the encoding of a CFF Type1 font in font dictionary {'/BaseFont': '/CDORQA+ImperialBT-Italic', '/Encoding': IndirectObject(143, 0, 130658070804192), '/FirstChar': 39, '/FontDescriptor': IndirectObject(144, 0, 130658070804192), '/LastChar': 175, '/Subtype': '/Type1', '/Type': '/Font', '/Widths': [280, 391, 391, 0, 0, 280, 343, 280, 273, 560, 560, 560, 0, 560, 0, 0, 560, 0, 560, 0, 303, 0, 0, 0, 0, 986, 741, 701, 750, 796, 685, 630, 801, 815, 359, 0, 763, 646, 965, 819, 0, 657, 0, 0, 653, 641, 803, 0, 1042, 0, 681, 0, 0, 0, 0, 0, 0, 280, 606, 600, 516, 606, 528, 330, 586, 610, 296, 296, 611, 296, 931, 616, 581, 597, 0, 417, 472, 356, 617, 546, 832, 611, 549, 532, 0, 0, 0, 0, 0, 0, 0, 0, 0, 0, 0, 0, 0, 0, 0, 0, 0, 0, 0, 0, 0, 0, 0, 0, 0, 0, 0, 0, 0, 0, 0, 0, 0, 0, 0, 0, 0, 0, 0, 0, 0, 0, 0, 0, 0, 0, 0, 0, 0, 0, 0, 606, 609]}, but is not installed. Consider installing fontTools if you encounter encoding problems.
fontTools is required to fully parse the encoding of a CFF Type1 font in font dictionary {'/BaseFont': '/XLGLMJ+AvenirNextPForBBG-Regular', '/Encoding': '/WinAnsiEncoding', '/FirstChar': 44, '/FontDescriptor': IndirectObject(146, 0, 130658070804192), '/LastChar': 89, '/Subtype': '/Type1', '/Type': '/Font', '/Widths': [260, 0, 260, 0, 653, 0, 568, 581, 573, 597, 0, 0, 0, 0, 0, 0, 0, 0, 0, 0, 0, 700, 636, 720, 0, 592, 562, 779, 718, 260, 0, 0, 510, 0, 764, 850, 580, 0, 599, 564, 570, 710, 0, 0, 0, 602]}, but is not installed. Consider installing fontTools if you encounter encoding problems.
fontTools is required to fully parse the encoding of a CFF Type1 font in font dictionary {'/BaseFont': '/CMPBHL+Universal-NewswithCommPi', '/Encoding': IndirectObject(134, 0, 130658070804192), '/FirstChar': 82, '/FontDescriptor': IndirectObject(135, 0, 130658070804192), '/LastChar': 82, '/Subtype': '/Type1', '/Type': '/Font', '/Widths': [556]}, but is not installed. Consider installing fontTools if you encounter encoding problems.
fontTools is required to fully parse the encoding of a CFF Type1 font in font dictionary {'/BaseFont': '/RVJXOD+AvenirNextPForBBG-Bold', '/Encoding': IndirectObject(137, 0, 130658070804192), '/FirstChar': 39, '/FontDescriptor': IndirectObject(138, 0, 130658070804192), '/LastChar': 208, '/Subtype': '/Type1', '/Type': '/Font', '/Widths': [300, 0, 0, 0, 0, 0, 0, 300, 415, 0, 0, 0, 0, 0, 0, 0, 0, 0, 0, 332, 0, 0, 0, 0, 0, 0, 729, 665, 696, 774, 0, 576, 769, 764, 318, 0, 711, 526, 955, 790, 851, 0, 0, 663, 591, 581, 738, 0, 0, 0, 0, 0, 0, 0, 0, 0, 0, 300, 566, 659, 503, 658, 596, 364, 658, 617, 296, 0, 0, 298, 924, 616, 632, 657, 0, 396, 472, 372, 614, 0, 0, 0, 567, 0, 0, 0, 0, 0, 0, 0, 0, 0, 0, 0, 0, 0, 0, 0, 0, 0, 0, 0, 0, 0, 0, 0, 0, 0, 0, 0, 0, 0, 0, 0, 0, 0, 0, 0, 0, 0, 0, 0, 0, 0, 0, 0, 0, 0, 0, 0, 0, 0, 0, 0, 0, 0, 0, 0, 0, 0, 0, 0, 0, 0, 0, 0, 0, 0, 0, 0, 0, 0, 0, 0, 0, 0, 0, 0, 0, 0, 0, 0, 0, 0, 0, 0, 0, 0, 0, 600]}, but is not installed. Consider installing fontTools if you encounter encoding problems.
fontTools is required to fully parse the encoding of a CFF Type1 font in font dictionary {'/BaseFont': '/KOTLXR+ImperialBT-Roman', '/Encoding': IndirectObject(140, 0, 130658070804192), '/FirstChar': 36, '/FontDescriptor': IndirectObject(141, 0, 130658070804192), '/LastChar': 208, '/Subtype': '/Type1', '/Type': '/Font', '/Widths': [569, 880, 0, 285, 398, 398, 0, 0, 285, 347, 285, 278, 569, 569, 569, 569, 569, 569, 569, 569, 569, 569, 308, 308, 0, 0, 0, 481, 0, 752, 706, 741, 819, 0, 634, 815, 833, 363, 484, 764, 634, 980, 833, 810, 662, 810, 727, 662, 676, 810, 731, 1042, 0, 723, 0, 398, 0, 398, 0, 0, 285, 558, 604, 519, 610, 541, 366, 588, 625, 306, 306, 618, 306, 928, 627, 588, 610, 603, 437, 479, 350, 616, 539, 829, 604, 558, 532, 0, 0, 0, 0, 0, 0, 0, 0, 0, 0, 0, 0, 0, 0, 0, 0, 0, 0, 0, 0, 0, 0, 0, 0, 0, 0, 0, 0, 0, 0, 0, 0, 0, 0, 0, 0, 0, 0, 0, 0, 0, 0, 0, 0, 0, 0, 0, 0, 0, 0, 0, 0, 0, 0, 0, 0, 0, 0, 0, 0, 0, 0, 0, 0, 0, 0, 0, 0, 0, 0, 500, 0, 0, 0, 0, 0, 0, 0, 0, 0, 0, 0, 0, 0, 0, 1000]}, but is not installed. Consider installing fontTools if you encounter encoding problems.
fontTools is required to fully parse the encoding of a CFF Type1 font in font dictionary {'/BaseFont': '/CDORQA+ImperialBT-Italic', '/Encoding': IndirectObject(143, 0, 130658070804192), '/FirstChar': 39, '/FontDescriptor': IndirectObject(144, 0, 130658070804192), '/LastChar': 175, '/Subtype': '/Type1', '/Type': '/Font', '/Widths': [280, 391, 391, 0, 0, 280, 343, 280, 273, 560, 560, 560, 0, 560, 0, 0, 560, 0, 560, 0, 303, 0, 0, 0, 0, 986, 741, 701, 750, 796, 685, 630, 801, 815, 359, 0, 763, 646, 965, 819, 0, 657, 0, 0, 653, 641, 803, 0, 1042, 0, 681, 0, 0, 0, 0, 0, 0, 280, 606, 600, 516, 606, 528, 330, 586, 610, 296, 296, 611, 296, 931, 616, 581, 597, 0, 417, 472, 356, 617, 546, 832, 611, 549, 532, 0, 0, 0, 0, 0, 0, 0, 0, 0, 0, 0, 0, 0, 0, 0, 0, 0, 0, 0, 0, 0, 0, 0, 0, 0, 0, 0, 0, 0, 0, 0, 0, 0, 0, 0, 0, 0, 0, 0, 0, 0, 0, 0, 0, 0, 0, 0, 0, 0, 0, 0, 606, 609]}, but is not installed. Consider installing fontTools if you encounter encoding problems.
fontTools is required to fully parse the encoding of a CFF Type1 font in font dictionary {'/BaseFont': '/XLGLMJ+AvenirNextPForBBG-Regular', '/Encoding': '/WinAnsiEncoding', '/FirstChar': 44, '/FontDescriptor': IndirectObject(146, 0, 130658070804192), '/LastChar': 89, '/Subtype': '/Type1', '/Type': '/Font', '/Widths': [260, 0, 260, 0, 653, 0, 568, 581, 573, 597, 0, 0, 0, 0, 0, 0, 0, 0, 0, 0, 0, 700, 636, 720, 0, 592, 562, 779, 718, 260, 0, 0, 510, 0, 764, 850, 580, 0, 599, 564, 570, 710, 0, 0, 0, 602]}, but is not installed. Consider installing fontTools if you encounter encoding problems.
fontTools is required to fully parse the encoding of a CFF Type1 font in font dictionary {'/BaseFont': '/CMPBHL+Universal-NewswithCommPi', '/Encoding': IndirectObject(134, 0, 130658070804192), '/FirstChar': 82, '/FontDescriptor': IndirectObject(135, 0, 130658070804192), '/LastChar': 82, '/Subtype': '/Type1', '/Type': '/Font', '/Widths': [556]}, but is not installed. Consider installing fontTools if you encounter encoding problems.
fontTools is required to fully parse the encoding of a CFF Type1 font in font dictionary {'/BaseFont': '/RVJXOD+AvenirNextPForBBG-Bold', '/Encoding': IndirectObject(137, 0, 130658070804192), '/FirstChar': 39, '/FontDescriptor': IndirectObject(138, 0, 130658070804192), '/LastChar': 208, '/Subtype': '/Type1', '/Type': '/Font', '/Widths': [300, 0, 0, 0, 0, 0, 0, 300, 415, 0, 0, 0, 0, 0, 0, 0, 0, 0, 0, 332, 0, 0, 0, 0, 0, 0, 729, 665, 696, 774, 0, 576, 769, 764, 318, 0, 711, 526, 955, 790, 851, 0, 0, 663, 591, 581, 738, 0, 0, 0, 0, 0, 0, 0, 0, 0, 0, 300, 566, 659, 503, 658, 596, 364, 658, 617, 296, 0, 0, 298, 924, 616, 632, 657, 0, 396, 472, 372, 614, 0, 0, 0, 567, 0, 0, 0, 0, 0, 0, 0, 0, 0, 0, 0, 0, 0, 0, 0, 0, 0, 0, 0, 0, 0, 0, 0, 0, 0, 0, 0, 0, 0, 0, 0, 0, 0, 0, 0, 0, 0, 0, 0, 0, 0, 0, 0, 0, 0, 0, 0, 0, 0, 0, 0, 0, 0, 0, 0, 0, 0, 0, 0, 0, 0, 0, 0, 0, 0, 0, 0, 0, 0, 0, 0, 0, 0, 0, 0, 0, 0, 0, 0, 0, 0, 0, 0, 0, 0, 0, 600]}, but is not installed. Consider installing fontTools if you encounter encoding problems.
fontTools is required to fully parse the encoding of a CFF Type1 font in font dictionary {'/BaseFont': '/KOTLXR+ImperialBT-Roman', '/Encoding': IndirectObject(140, 0, 130658070804192), '/FirstChar': 36, '/FontDescriptor': IndirectObject(141, 0, 130658070804192), '/LastChar': 208, '/Subtype': '/Type1', '/Type': '/Font', '/Widths': [569, 880, 0, 285, 398, 398, 0, 0, 285, 347, 285, 278, 569, 569, 569, 569, 569, 569, 569, 569, 569, 569, 308, 308, 0, 0, 0, 481, 0, 752, 706, 741, 819, 0, 634, 815, 833, 363, 484, 764, 634, 980, 833, 810, 662, 810, 727, 662, 676, 810, 731, 1042, 0, 723, 0, 398, 0, 398, 0, 0, 285, 558, 604, 519, 610, 541, 366, 588, 625, 306, 306, 618, 306, 928, 627, 588, 610, 603, 437, 479, 350, 616, 539, 829, 604, 558, 532, 0, 0, 0, 0, 0, 0, 0, 0, 0, 0, 0, 0, 0, 0, 0, 0, 0, 0, 0, 0, 0, 0, 0, 0, 0, 0, 0, 0, 0, 0, 0, 0, 0, 0, 0, 0, 0, 0, 0, 0, 0, 0, 0, 0, 0, 0, 0, 0, 0, 0, 0, 0, 0, 0, 0, 0, 0, 0, 0, 0, 0, 0, 0, 0, 0, 0, 0, 0, 0, 0, 500, 0, 0, 0, 0, 0, 0, 0, 0, 0, 0, 0, 0, 0, 0, 1000]}, but is not installed. Consider installing fontTools if you encounter encoding problems.
fontTools is required to fully parse the encoding of a CFF Type1 font in font dictionary {'/BaseFont': '/CDORQA+ImperialBT-Italic', '/Encoding': IndirectObject(143, 0, 130658070804192), '/FirstChar': 39, '/FontDescriptor': IndirectObject(144, 0, 130658070804192), '/LastChar': 175, '/Subtype': '/Type1', '/Type': '/Font', '/Widths': [280, 391, 391, 0, 0, 280, 343, 280, 273, 560, 560, 560, 0, 560, 0, 0, 560, 0, 560, 0, 303, 0, 0, 0, 0, 986, 741, 701, 750, 796, 685, 630, 801, 815, 359, 0, 763, 646, 965, 819, 0, 657, 0, 0, 653, 641, 803, 0, 1042, 0, 681, 0, 0, 0, 0, 0, 0, 280, 606, 600, 516, 606, 528, 330, 586, 610, 296, 296, 611, 296, 931, 616, 581, 597, 0, 417, 472, 356, 617, 546, 832, 611, 549, 532, 0, 0, 0, 0, 0, 0, 0, 0, 0, 0, 0, 0, 0, 0, 0, 0, 0, 0, 0, 0, 0, 0, 0, 0, 0, 0, 0, 0, 0, 0, 0, 0, 0, 0, 0, 0, 0, 0, 0, 0, 0, 0, 0, 0, 0, 0, 0, 0, 0, 0, 0, 606, 609]}, but is not installed. Consider installing fontTools if you encounter encoding problems.
fontTools is required to fully parse the encoding of a CFF Type1 font in font dictionary {'/BaseFont': '/XLGLMJ+AvenirNextPForBBG-Regular', '/Encoding': '/WinAnsiEncoding', '/FirstChar': 44, '/FontDescriptor': IndirectObject(146, 0, 130658070804192), '/LastChar': 89, '/Subtype': '/Type1', '/Type': '/Font', '/Widths': [260, 0, 260, 0, 653, 0, 568, 581, 573, 597, 0, 0, 0, 0, 0, 0, 0, 0, 0, 0, 0, 700, 636, 720, 0, 592, 562, 779, 718, 260, 0, 0, 510, 0, 764, 850, 580, 0, 599, 564, 570, 710, 0, 0, 0, 602]}, but is not installed. Consider installing fontTools if you encounter encoding problems.
fontTools is required to fully parse the encoding of a CFF Type1 font in font dictionary {'/BaseFont': '/CMPBHL+Universal-NewswithCommPi', '/Encoding': IndirectObject(134, 0, 130658070804192), '/FirstChar': 82, '/FontDescriptor': IndirectObject(135, 0, 130658070804192), '/LastChar': 82, '/Subtype': '/Type1', '/Type': '/Font', '/Widths': [556]}, but is not installed. Consider installing fontTools if you encounter encoding problems.
fontTools is required to fully parse the encoding of a CFF Type1 font in font dictionary {'/BaseFont': '/RVJXOD+AvenirNextPForBBG-Bold', '/Encoding': IndirectObject(137, 0, 130658070804192), '/FirstChar': 39, '/FontDescriptor': IndirectObject(138, 0, 130658070804192), '/LastChar': 208, '/Subtype': '/Type1', '/Type': '/Font', '/Widths': [300, 0, 0, 0, 0, 0, 0, 300, 415, 0, 0, 0, 0, 0, 0, 0, 0, 0, 0, 332, 0, 0, 0, 0, 0, 0, 729, 665, 696, 774, 0, 576, 769, 764, 318, 0, 711, 526, 955, 790, 851, 0, 0, 663, 591, 581, 738, 0, 0, 0, 0, 0, 0, 0, 0, 0, 0, 300, 566, 659, 503, 658, 596, 364, 658, 617, 296, 0, 0, 298, 924, 616, 632, 657, 0, 396, 472, 372, 614, 0, 0, 0, 567, 0, 0, 0, 0, 0, 0, 0, 0, 0, 0, 0, 0, 0, 0, 0, 0, 0, 0, 0, 0, 0, 0, 0, 0, 0, 0, 0, 0, 0, 0, 0, 0, 0, 0, 0, 0, 0, 0, 0, 0, 0, 0, 0, 0, 0, 0, 0, 0, 0, 0, 0, 0, 0, 0, 0, 0, 0, 0, 0, 0, 0, 0, 0, 0, 0, 0, 0, 0, 0, 0, 0, 0, 0, 0, 0, 0, 0, 0, 0, 0, 0, 0, 0, 0, 0, 0, 600]}, but is not installed. Consider installing fontTools if you encounter encoding problems.
fontTools is required to fully parse the encoding of a CFF Type1 font in font dictionary {'/BaseFont': '/KOTLXR+ImperialBT-Roman', '/Encoding': IndirectObject(140, 0, 130658070804192), '/FirstChar': 36, '/FontDescriptor': IndirectObject(141, 0, 130658070804192), '/LastChar': 208, '/Subtype': '/Type1', '/Type': '/Font', '/Widths': [569, 880, 0, 285, 398, 398, 0, 0, 285, 347, 285, 278, 569, 569, 569, 569, 569, 569, 569, 569, 569, 569, 308, 308, 0, 0, 0, 481, 0, 752, 706, 741, 819, 0, 634, 815, 833, 363, 484, 764, 634, 980, 833, 810, 662, 810, 727, 662, 676, 810, 731, 1042, 0, 723, 0, 398, 0, 398, 0, 0, 285, 558, 604, 519, 610, 541, 366, 588, 625, 306, 306, 618, 306, 928, 627, 588, 610, 603, 437, 479, 350, 616, 539, 829, 604, 558, 532, 0, 0, 0, 0, 0, 0, 0, 0, 0, 0, 0, 0, 0, 0, 0, 0, 0, 0, 0, 0, 0, 0, 0, 0, 0, 0, 0, 0, 0, 0, 0, 0, 0, 0, 0, 0, 0, 0, 0, 0, 0, 0, 0, 0, 0, 0, 0, 0, 0, 0, 0, 0, 0, 0, 0, 0, 0, 0, 0, 0, 0, 0, 0, 0, 0, 0, 0, 0, 0, 0, 500, 0, 0, 0, 0, 0, 0, 0, 0, 0, 0, 0, 0, 0, 0, 1000]}, but is not installed. Consider installing fontTools if you encounter encoding problems.
fontTools is required to fully parse the encoding of a CFF Type1 font in font dictionary {'/BaseFont': '/CDORQA+ImperialBT-Italic', '/Encoding': IndirectObject(143, 0, 130658070804192), '/FirstChar': 39, '/FontDescriptor': IndirectObject(144, 0, 130658070804192), '/LastChar': 175, '/Subtype': '/Type1', '/Type': '/Font', '/Widths': [280, 391, 391, 0, 0, 280, 343, 280, 273, 560, 560, 560, 0, 560, 0, 0, 560, 0, 560, 0, 303, 0, 0, 0, 0, 986, 741, 701, 750, 796, 685, 630, 801, 815, 359, 0, 763, 646, 965, 819, 0, 657, 0, 0, 653, 641, 803, 0, 1042, 0, 681, 0, 0, 0, 0, 0, 0, 280, 606, 600, 516, 606, 528, 330, 586, 610, 296, 296, 611, 296, 931, 616, 581, 597, 0, 417, 472, 356, 617, 546, 832, 611, 549, 532, 0, 0, 0, 0, 0, 0, 0, 0, 0, 0, 0, 0, 0, 0, 0, 0, 0, 0, 0, 0, 0, 0, 0, 0, 0, 0, 0, 0, 0, 0, 0, 0, 0, 0, 0, 0, 0, 0, 0, 0, 0, 0, 0, 0, 0, 0, 0, 0, 0, 0, 0, 606, 609]}, but is not installed. Consider installing fontTools if you encounter encoding problems.
fontTools is required to fully parse the encoding of a CFF Type1 font in font dictionary {'/BaseFont': '/XLGLMJ+AvenirNextPForBBG-Regular', '/Encoding': '/WinAnsiEncoding', '/FirstChar': 44, '/FontDescriptor': IndirectObject(146, 0, 130658070804192), '/LastChar': 89, '/Subtype': '/Type1', '/Type': '/Font', '/Widths': [260, 0, 260, 0, 653, 0, 568, 581, 573, 597, 0, 0, 0, 0, 0, 0, 0, 0, 0, 0, 0, 700, 636, 720, 0, 592, 562, 779, 718, 260, 0, 0, 510, 0, 764, 850, 580, 0, 599, 564, 570, 710, 0, 0, 0, 602]}, but is not installed. Consider installing fontTools if you encounter encoding problems.
q_162: complete
q_163: insufficient_evidence
q_164: complete
q_165: complete
q_166: complete
q_167: insufficient_evidence
q_168: complete
q_169: insufficient_evidence
q_170: complete
q_171: complete
q_172: complete
q_173: insufficient_evidence
q_174: complete
q_176: insufficient_evidence
q_177: complete
q_178: insufficient_evidence
q_179: complete
q_180: complete
q_184: complete
q_185: complete
q_186: complete
q_187: insufficient_evidence
q_188: complete
q_189: complete
q_190: insufficient_evidence
q_192: complete
q_193: complete
q_194: complete
q_195: complete
q_196: insufficient_evidence
q_197: insufficient_evidence
q_198: insufficient_evidence
q_200: insufficient_evidence
q_201: complete
q_202: complete
q_203: complete
q_204: complete
q_205: complete
q_206: complete
q_207: complete
q_208: complete
q_209: insufficient_evidence
q_210: complete
q_211: complete
q_212: complete
q_213: complete
Ignoring wrong pointing object 7 0 (offset 0)
Ignoring wrong pointing object 14 0 (offset 0)
Ignoring wrong pointing object 33 0 (offset 0)
Ignoring wrong pointing object 39 0 (offset 0)
Ignoring wrong pointing object 49 0 (offset 0)
Ignoring wrong pointing object 58 0 (offset 0)
Ignoring wrong pointing object 101 0 (offset 0)
q_214: complete
q_215: failed
q_216: failed
q_217: failed
q_218: failed
q_219: failed
q_220: complete
q_221: failed
q_222: failed
q_223: failed
q_224: failed
q_225: complete
Interrupted; saved requests and extraction checkpoints remain resumable.
Interrupted; saved requests and extraction checkpoints remain resumable.
q_113: failed
q_149: complete
q_215: complete
q_216: complete
q_217: complete
q_218: complete
q_219: complete
q_221: complete
q_222: complete
q_223: complete
q_224: complete
q_226: complete
q_227: insufficient_evidence
q_228: complete
q_229: complete
q_230: complete
q_231: insufficient_evidence
q_232: complete
q_233: insufficient_evidence
q_234: complete
q_235: complete
q_236: complete
fontTools is required to fully parse the encoding of a CFF Type1 font in font dictionary {'/BaseFont': '/QAGUMR+BerninaSans-Light', '/Encoding': IndirectObject(5, 0, 127413260428320), '/FirstChar': 10, '/FontDescriptor': IndirectObject(7, 0, 127413260428320), '/LastChar': 31, '/Subtype': '/Type1', '/Type': '/Font', '/Widths': [581, 474, 607, 543, 603, 488, 268, 619, 600, 546, 728, 719, 634, 518, 534, 584, 624, 292, 516, 598, 581, 369]}, but is not installed. Consider installing fontTools if you encounter encoding problems.
fontTools is required to fully parse the encoding of a CFF Type1 font in font dictionary {'/BaseFont': '/QAGUMR+BerninaSans-Bold', '/Encoding': IndirectObject(8, 0, 127413260428320), '/FirstChar': 1, '/FontDescriptor': IndirectObject(295, 0, 127413260428320), '/LastChar': 157, '/Subtype': '/Type1', '/Type': '/Font', '/Widths': [691, 512, 1080, 1030, 661, 642, 663, 479, 552, 504, 735, 726, 761, 619, 683, 631, 315, 804, 646, 316, 683, 809, 611, 268, 303, 632, 666, 436, 629, 991, 617, 0, 0, 0, 0, 0, 0, 0, 0, 0, 0, 0, 0, 0, 0, 0, 0, 0, 0, 0, 0, 0, 0, 0, 0, 0, 0, 0, 0, 0, 0, 0, 0, 0, 0, 0, 0, 0, 0, 0, 0, 0, 0, 0, 0, 0, 0, 0, 0, 0, 0, 0, 0, 0, 0, 0, 0, 0, 0, 0, 0, 0, 0, 0, 0, 0, 0, 0, 0, 0, 0, 0, 0, 0, 0, 0, 0, 0, 0, 0, 0, 0, 0, 0, 0, 0, 0, 0, 0, 0, 0, 0, 0, 0, 0, 0, 683, 0, 717, 0, 0, 0, 0, 0, 0, 0, 0, 0, 0, 0, 634, 0, 663, 704, 0, 0, 0, 0, 0, 0, 0, 0, 0, 0, 0, 0, 929]}, but is not installed. Consider installing fontTools if you encounter encoding problems.
fontTools is required to fully parse the encoding of a CFF Type1 font in font dictionary {'/BaseFont': '/QAGUMR+BerninaSans-Bold', '/Encoding': IndirectObject(51, 0, 127413260428320), '/FirstChar': 28, '/FontDescriptor': IndirectObject(295, 0, 127413260428320), '/LastChar': 31, '/Subtype': '/Type1', '/Type': '/Font', '/Widths': [809, 552, 611, 726]}, but is not installed. Consider installing fontTools if you encounter encoding problems.
fontTools is required to fully parse the encoding of a CFF Type1 font in font dictionary {'/BaseFont': '/QAGUMR+BerninaSans', '/Encoding': IndirectObject(52, 0, 127413260428320), '/FirstChar': 9, '/FontDescriptor': IndirectObject(54, 0, 127413260428320), '/LastChar': 31, '/Subtype': '/Type1', '/Type': '/Font', '/Widths': [546, 1012, 677, 754, 634, 754, 677, 630, 284, 764, 585, 776, 659, 788, 589, 731, 656, 523, 664, 625, 569, 293, 971]}, but is not installed. Consider installing fontTools if you encounter encoding problems.
fontTools is required to fully parse the encoding of a CFF Type1 font in font dictionary {'/BaseFont': '/QAGUMR+BerninaSans-Light', '/Encoding': '/WinAnsiEncoding', '/FirstChar': 32, '/FontDescriptor': IndirectObject(316, 0, 127413260428320), '/LastChar': 120, '/Subtype': '/Type1', '/Type': '/Font', '/Widths': [292, 0, 0, 0, 0, 0, 0, 0, 0, 0, 0, 0, 0, 0, 0, 0, 624, 369, 534, 516, 584, 518, 581, 0, 0, 0, 0, 0, 0, 680, 0, 0, 0, 0, 0, 0, 0, 0, 0, 716, 0, 268, 0, 0, 0, 0, 0, 0, 0, 0, 0, 544, 0, 740, 0, 0, 0, 0, 0, 0, 0, 0, 0, 0, 0, 0, 0, 0, 608, 536, 0, 0, 0, 0, 0, 0, 0, 0, 584, 588, 0, 0, 364, 0, 0, 0, 0, 0, 544]}, but is not installed. Consider installing fontTools if you encounter encoding problems.
fontTools is required to fully parse the encoding of a CFF Type1 font in font dictionary {'/BaseFont': '/QAGUMR+BerninaSans-Light', '/Encoding': '/WinAnsiEncoding', '/FirstChar': 48, '/FontDescriptor': IndirectObject(316, 0, 127413260428320), '/LastChar': 57, '/Subtype': '/Type1', '/Type': '/Font', '/Widths': [624, 369, 534, 516, 584, 518, 581, 474, 598, 581]}, but is not installed. Consider installing fontTools if you encounter encoding problems.
fontTools is required to fully parse the encoding of a CFF Type1 font in font dictionary {'/BaseFont': '/QAGUMR+BerninaSans-Semibold', '/Encoding': '/WinAnsiEncoding', '/FirstChar': 65, '/FontDescriptor': IndirectObject(210, 0, 127413260428320), '/LastChar': 89, '/Subtype': '/Type1', '/Type': '/Font', '/Widths': [700, 0, 636, 0, 0, 0, 746, 784, 318, 0, 0, 538, 996, 792, 808, 0, 0, 690, 594, 598, 0, 0, 1044, 0, 662]}, but is not installed. Consider installing fontTools if you encounter encoding problems.
fontTools is required to fully parse the encoding of a CFF Type1 font in font dictionary {'/BaseFont': '/QAGUMR+BerninaSans-Light', '/Encoding': '/WinAnsiEncoding', '/FirstChar': 36, '/FontDescriptor': IndirectObject(316, 0, 127413260428320), '/LastChar': 57, '/Subtype': '/Type1', '/Type': '/Font', '/Widths': [550, 836, 0, 0, 0, 0, 0, 0, 0, 0, 0, 0, 624, 369, 534, 516, 584, 518, 581, 474, 598, 581]}, but is not installed. Consider installing fontTools if you encounter encoding problems.
q_237: complete
q_238: complete
q_239: insufficient_evidence
q_240: complete
q_241: complete
q_242: complete
q_243: insufficient_evidence
q_244: complete
q_245: complete
q_253: complete
q_258: complete
q_259: complete
q_260: complete
q_261: insufficient_evidence
q_262: complete
q_263: complete
q_264: complete
q_267: complete
q_268: insufficient_evidence
q_269: complete
q_270: insufficient_evidence
q_271: complete
q_272: complete
q_273: insufficient_evidence
q_274: complete
q_275: complete
q_276: complete
q_277: insufficient_evidence
q_278: complete
q_279: insufficient_evidence
q_280: complete
q_281: complete
q_282: complete
q_283: complete
q_284: complete
q_285: complete
q_286: complete
q_287: complete
q_288: insufficient_evidence
q_289: complete
q_290: complete
q_291: complete
q_292: complete
q_293: complete
q_294: complete
q_295: complete
q_296: complete
q_297: complete
q_298: complete
q_299: complete
q_300: insufficient_evidence
q_301: insufficient_evidence
q_302: complete
q_303: complete
q_304: complete
q_305: complete
q_306: complete
q_307: complete
q_308: complete
q_309: complete
q_310: complete
q_311: complete
q_312: complete
q_313: complete
q_314: complete
q_315: insufficient_evidence
q_316: complete
q_317: complete
q_318: complete
q_319: complete
q_320: complete
q_321: complete
q_322: complete
q_323: complete
q_324: complete
q_325: complete
q_326: complete
q_327: complete
q_328: complete
q_329: insufficient_evidence
q_330: complete
q_331: complete
q_332: complete
q_333: complete
q_334: complete
q_335: complete
q_336: insufficient_evidence
q_337: complete
q_338: complete
q_339: complete
q_340: complete
q_341: complete
q_342: complete
q_343: complete
q_344: complete
q_345: complete
q_346: complete
q_347: complete
q_348: complete
q_349: insufficient_evidence
q_350: complete
q_351: failed
q_352: complete
q_353: complete
q_354: complete
q_355: complete
q_356: complete
q_357: complete
q_358: complete
q_359: complete
q_360: complete
q_361: complete
q_362: complete
q_363: complete
q_364: complete
q_365: insufficient_evidence
q_366: complete
q_367: insufficient_evidence
q_368: complete
q_369: complete
q_370: complete
q_371: complete
q_372: complete
q_373: complete
q_374: complete
q_375: complete
q_376: failed
q_377: complete
q_378: complete
q_379: complete
q_380: complete
q_381: insufficient_evidence
q_382: insufficient_evidence
q_383: complete
q_384: complete
q_385: complete
q_386: complete
q_387: complete
q_388: complete
q_389: complete
q_390: complete
q_391: complete
q_392: complete
q_393: complete
q_394: complete
q_395: insufficient_evidence
q_396: complete
q_397: insufficient_evidence
q_398: insufficient_evidence
q_399: insufficient_evidence
q_400: complete
q_401: insufficient_evidence
q_402: complete
q_403: complete
q_404: complete
q_405: insufficient_evidence
q_406: complete
q_407: complete
q_408: insufficient_evidence
q_409: complete
q_410: complete
q_411: complete
Ignoring wrong pointing object 6 0 (offset 0)
Ignoring wrong pointing object 8 0 (offset 0)
Ignoring wrong pointing object 10 0 (offset 0)
Ignoring wrong pointing object 12 0 (offset 0)
q_412: complete
q_413: complete
q_414: insufficient_evidence
q_415: complete
q_416: complete
q_417: complete
q_418: complete
q_419: complete
q_420: complete
q_421: insufficient_evidence
q_422: complete
q_423: complete
q_424: complete
q_425: insufficient_evidence
q_426: complete
q_427: complete
q_428: complete
q_429: complete
q_430: complete
q_431: insufficient_evidence
q_432: complete
q_433: insufficient_evidence
q_434: complete
q_435: insufficient_evidence
q_436: complete
q_437: complete
q_438: complete
q_439: complete
q_440: complete
q_441: complete
q_442: insufficient_evidence
q_443: complete
q_444: complete
q_445: complete
q_446: complete
q_447: complete
q_448: complete
q_449: complete
q_450: insufficient_evidence
q_451: complete
q_452: insufficient_evidence
q_453: insufficient_evidence
q_454: insufficient_evidence
q_455: complete
q_456: complete
q_457: insufficient_evidence
fontTools is required to fully parse the encoding of a CFF Type1 font in font dictionary {'/BaseFont': '/IIMBFG+NewCenturySchlbk-Italic', '/Encoding': IndirectObject(1193, 0, 127413185015840), '/FirstChar': 30, '/FontDescriptor': IndirectObject(1194, 0, 127413185015840), '/LastChar': 150, '/Subtype': '/Type1', '/Type': '/Font', '/Widths': [611, 611, 278, 0, 0, 0, 0, 0, 852, 0, 333, 333, 0, 0, 278, 333, 278, 606, 556, 556, 556, 556, 556, 556, 556, 556, 556, 556, 278, 278, 0, 0, 0, 0, 747, 704, 722, 722, 778, 722, 667, 778, 833, 407, 611, 741, 667, 944, 815, 778, 667, 0, 741, 667, 685, 815, 704, 926, 0, 685, 0, 333, 0, 333, 0, 0, 0, 574, 556, 444, 611, 444, 333, 537, 611, 333, 315, 556, 333, 889, 611, 500, 574, 556, 444, 444, 352, 611, 519, 778, 500, 500, 463, 0, 0, 0, 0, 0, 0, 0, 0, 0, 0, 0, 0, 0, 0, 0, 0, 0, 0, 0, 0, 0, 0, 0, 204, 389, 389, 0, 500]}, but is not installed. Consider installing fontTools if you encounter encoding problems.
fontTools is required to fully parse the encoding of a CFF Type1 font in font dictionary {'/BaseFont': '/IIMBFH+NewCenturySchlbk-Roman', '/Encoding': IndirectObject(1193, 0, 127413185015840), '/FirstChar': 23, '/FontDescriptor': IndirectObject(1196, 0, 127413185015840), '/LastChar': 184, '/Subtype': '/Type1', '/Type': '/Font', '/Widths': [333, 0, 0, 0, 0, 0, 0, 611, 611, 278, 0, 0, 556, 0, 833, 815, 0, 333, 333, 500, 0, 278, 333, 278, 278, 556, 556, 556, 556, 556, 556, 556, 556, 556, 556, 278, 278, 0, 0, 0, 444, 737, 722, 722, 722, 778, 722, 667, 778, 833, 407, 556, 778, 667, 944, 815, 778, 667, 778, 722, 630, 667, 815, 722, 981, 704, 704, 611, 333, 0, 333, 0, 500, 0, 556, 556, 444, 574, 500, 333, 537, 611, 315, 296, 593, 315, 889, 611, 500, 574, 556, 444, 463, 389, 611, 537, 778, 537, 537, 481, 0, 0, 0, 0, 0, 0, 0, 0, 0, 0, 0, 0, 0, 0, 0, 0, 0, 0, 0, 0, 0, 0, 204, 204, 389, 389, 0, 556, 1000, 0, 0, 0, 0, 0, 0, 0, 0, 278, 0, 0, 0, 0, 0, 0, 500, 0, 0, 0, 0, 0, 333, 0, 0, 0, 0, 0, 0, 0, 0, 606, 0, 333]}, but is not installed. Consider installing fontTools if you encounter encoding problems.
fontTools is required to fully parse the encoding of a CFF Type1 font in font dictionary {'/BaseFont': '/IIMBGK+NewCenturySchlbk-Bold', '/Encoding': '/MacRomanEncoding', '/FirstChar': 32, '/FontDescriptor': IndirectObject(1198, 0, 127413185015840), '/LastChar': 222, '/Subtype': '/Type1', '/Type': '/Font', '/Widths': [287, 0, 0, 0, 0, 0, 0, 0, 0, 0, 0, 0, 278, 0, 278, 278, 574, 574, 574, 574, 574, 574, 574, 574, 574, 574, 278, 0, 0, 0, 0, 0, 0, 759, 778, 778, 833, 759, 722, 833, 870, 444, 648, 815, 722, 981, 833, 833, 759, 0, 815, 667, 722, 833, 759, 981, 0, 722, 0, 0, 0, 0, 0, 0, 0, 611, 648, 556, 667, 574, 389, 611, 685, 370, 0, 667, 352, 963, 685, 611, 667, 648, 519, 500, 426, 685, 611, 889, 611, 611, 537, 0, 0, 0, 0, 287, 0, 0, 0, 0, 0, 0, 0, 0, 0, 0, 0, 0, 0, 0, 0, 0, 0, 0, 0, 0, 0, 0, 0, 0, 0, 0, 0, 0, 0, 0, 0, 0, 0, 0, 0, 0, 0, 0, 0, 0, 0, 0, 0, 0, 0, 287, 0, 0, 287, 0, 287, 287, 0, 0, 287, 287, 287, 287, 287, 0, 0, 287, 0, 0, 0, 0, 0, 287, 0, 287, 287, 0, 0, 0, 287, 0, 0, 0, 0, 0, 0, 0, 0, 0, 0, 241, 0, 287, 0, 0, 0, 0, 0, 0, 685]}, but is not installed. Consider installing fontTools if you encounter encoding problems.
fontTools is required to fully parse the encoding of a CFF Type1 font in font dictionary {'/BaseFont': '/IIMBFG+NewCenturySchlbk-Italic', '/Encoding': IndirectObject(1193, 0, 127413185015840), '/FirstChar': 30, '/FontDescriptor': IndirectObject(1194, 0, 127413185015840), '/LastChar': 150, '/Subtype': '/Type1', '/Type': '/Font', '/Widths': [611, 611, 278, 0, 0, 0, 0, 0, 852, 0, 333, 333, 0, 0, 278, 333, 278, 606, 556, 556, 556, 556, 556, 556, 556, 556, 556, 556, 278, 278, 0, 0, 0, 0, 747, 704, 722, 722, 778, 722, 667, 778, 833, 407, 611, 741, 667, 944, 815, 778, 667, 0, 741, 667, 685, 815, 704, 926, 0, 685, 0, 333, 0, 333, 0, 0, 0, 574, 556, 444, 611, 444, 333, 537, 611, 333, 315, 556, 333, 889, 611, 500, 574, 556, 444, 444, 352, 611, 519, 778, 500, 500, 463, 0, 0, 0, 0, 0, 0, 0, 0, 0, 0, 0, 0, 0, 0, 0, 0, 0, 0, 0, 0, 0, 0, 0, 204, 389, 389, 0, 500]}, but is not installed. Consider installing fontTools if you encounter encoding problems.
fontTools is required to fully parse the encoding of a CFF Type1 font in font dictionary {'/BaseFont': '/IIMBFH+NewCenturySchlbk-Roman', '/Encoding': IndirectObject(1193, 0, 127413185015840), '/FirstChar': 23, '/FontDescriptor': IndirectObject(1196, 0, 127413185015840), '/LastChar': 184, '/Subtype': '/Type1', '/Type': '/Font', '/Widths': [333, 0, 0, 0, 0, 0, 0, 611, 611, 278, 0, 0, 556, 0, 833, 815, 0, 333, 333, 500, 0, 278, 333, 278, 278, 556, 556, 556, 556, 556, 556, 556, 556, 556, 556, 278, 278, 0, 0, 0, 444, 737, 722, 722, 722, 778, 722, 667, 778, 833, 407, 556, 778, 667, 944, 815, 778, 667, 778, 722, 630, 667, 815, 722, 981, 704, 704, 611, 333, 0, 333, 0, 500, 0, 556, 556, 444, 574, 500, 333, 537, 611, 315, 296, 593, 315, 889, 611, 500, 574, 556, 444, 463, 389, 611, 537, 778, 537, 537, 481, 0, 0, 0, 0, 0, 0, 0, 0, 0, 0, 0, 0, 0, 0, 0, 0, 0, 0, 0, 0, 0, 0, 204, 204, 389, 389, 0, 556, 1000, 0, 0, 0, 0, 0, 0, 0, 0, 278, 0, 0, 0, 0, 0, 0, 500, 0, 0, 0, 0, 0, 333, 0, 0, 0, 0, 0, 0, 0, 0, 606, 0, 333]}, but is not installed. Consider installing fontTools if you encounter encoding problems.
fontTools is required to fully parse the encoding of a CFF Type1 font in font dictionary {'/BaseFont': '/IIMBGK+NewCenturySchlbk-Bold', '/Encoding': '/MacRomanEncoding', '/FirstChar': 32, '/FontDescriptor': IndirectObject(1198, 0, 127413185015840), '/LastChar': 222, '/Subtype': '/Type1', '/Type': '/Font', '/Widths': [287, 0, 0, 0, 0, 0, 0, 0, 0, 0, 0, 0, 278, 0, 278, 278, 574, 574, 574, 574, 574, 574, 574, 574, 574, 574, 278, 0, 0, 0, 0, 0, 0, 759, 778, 778, 833, 759, 722, 833, 870, 444, 648, 815, 722, 981, 833, 833, 759, 0, 815, 667, 722, 833, 759, 981, 0, 722, 0, 0, 0, 0, 0, 0, 0, 611, 648, 556, 667, 574, 389, 611, 685, 370, 0, 667, 352, 963, 685, 611, 667, 648, 519, 500, 426, 685, 611, 889, 611, 611, 537, 0, 0, 0, 0, 287, 0, 0, 0, 0, 0, 0, 0, 0, 0, 0, 0, 0, 0, 0, 0, 0, 0, 0, 0, 0, 0, 0, 0, 0, 0, 0, 0, 0, 0, 0, 0, 0, 0, 0, 0, 0, 0, 0, 0, 0, 0, 0, 0, 0, 0, 287, 0, 0, 287, 0, 287, 287, 0, 0, 287, 287, 287, 287, 287, 0, 0, 287, 0, 0, 0, 0, 0, 287, 0, 287, 287, 0, 0, 0, 287, 0, 0, 0, 0, 0, 0, 0, 0, 0, 0, 241, 0, 287, 0, 0, 0, 0, 0, 0, 685]}, but is not installed. Consider installing fontTools if you encounter encoding problems.
fontTools is required to fully parse the encoding of a CFF Type1 font in font dictionary {'/BaseFont': '/IIMBFH+NewCenturySchlbk-Roman', '/Encoding': IndirectObject(1193, 0, 127413185015840), '/FirstChar': 23, '/FontDescriptor': IndirectObject(1196, 0, 127413185015840), '/LastChar': 184, '/Subtype': '/Type1', '/Type': '/Font', '/Widths': [333, 0, 0, 0, 0, 0, 0, 611, 611, 278, 0, 0, 556, 0, 833, 815, 0, 333, 333, 500, 0, 278, 333, 278, 278, 556, 556, 556, 556, 556, 556, 556, 556, 556, 556, 278, 278, 0, 0, 0, 444, 737, 722, 722, 722, 778, 722, 667, 778, 833, 407, 556, 778, 667, 944, 815, 778, 667, 778, 722, 630, 667, 815, 722, 981, 704, 704, 611, 333, 0, 333, 0, 500, 0, 556, 556, 444, 574, 500, 333, 537, 611, 315, 296, 593, 315, 889, 611, 500, 574, 556, 444, 463, 389, 611, 537, 778, 537, 537, 481, 0, 0, 0, 0, 0, 0, 0, 0, 0, 0, 0, 0, 0, 0, 0, 0, 0, 0, 0, 0, 0, 0, 204, 204, 389, 389, 0, 556, 1000, 0, 0, 0, 0, 0, 0, 0, 0, 278, 0, 0, 0, 0, 0, 0, 500, 0, 0, 0, 0, 0, 333, 0, 0, 0, 0, 0, 0, 0, 0, 606, 0, 333]}, but is not installed. Consider installing fontTools if you encounter encoding problems.
fontTools is required to fully parse the encoding of a CFF Type1 font in font dictionary {'/BaseFont': '/IIMBFG+NewCenturySchlbk-Italic', '/Encoding': IndirectObject(1193, 0, 127413185015840), '/FirstChar': 30, '/FontDescriptor': IndirectObject(1194, 0, 127413185015840), '/LastChar': 150, '/Subtype': '/Type1', '/Type': '/Font', '/Widths': [611, 611, 278, 0, 0, 0, 0, 0, 852, 0, 333, 333, 0, 0, 278, 333, 278, 606, 556, 556, 556, 556, 556, 556, 556, 556, 556, 556, 278, 278, 0, 0, 0, 0, 747, 704, 722, 722, 778, 722, 667, 778, 833, 407, 611, 741, 667, 944, 815, 778, 667, 0, 741, 667, 685, 815, 704, 926, 0, 685, 0, 333, 0, 333, 0, 0, 0, 574, 556, 444, 611, 444, 333, 537, 611, 333, 315, 556, 333, 889, 611, 500, 574, 556, 444, 444, 352, 611, 519, 778, 500, 500, 463, 0, 0, 0, 0, 0, 0, 0, 0, 0, 0, 0, 0, 0, 0, 0, 0, 0, 0, 0, 0, 0, 0, 0, 204, 389, 389, 0, 500]}, but is not installed. Consider installing fontTools if you encounter encoding problems.
fontTools is required to fully parse the encoding of a CFF Type1 font in font dictionary {'/BaseFont': '/IIMBGK+NewCenturySchlbk-Bold', '/Encoding': '/MacRomanEncoding', '/FirstChar': 32, '/FontDescriptor': IndirectObject(1198, 0, 127413185015840), '/LastChar': 222, '/Subtype': '/Type1', '/Type': '/Font', '/Widths': [287, 0, 0, 0, 0, 0, 0, 0, 0, 0, 0, 0, 278, 0, 278, 278, 574, 574, 574, 574, 574, 574, 574, 574, 574, 574, 278, 0, 0, 0, 0, 0, 0, 759, 778, 778, 833, 759, 722, 833, 870, 444, 648, 815, 722, 981, 833, 833, 759, 0, 815, 667, 722, 833, 759, 981, 0, 722, 0, 0, 0, 0, 0, 0, 0, 611, 648, 556, 667, 574, 389, 611, 685, 370, 0, 667, 352, 963, 685, 611, 667, 648, 519, 500, 426, 685, 611, 889, 611, 611, 537, 0, 0, 0, 0, 287, 0, 0, 0, 0, 0, 0, 0, 0, 0, 0, 0, 0, 0, 0, 0, 0, 0, 0, 0, 0, 0, 0, 0, 0, 0, 0, 0, 0, 0, 0, 0, 0, 0, 0, 0, 0, 0, 0, 0, 0, 0, 0, 0, 0, 0, 287, 0, 0, 287, 0, 287, 287, 0, 0, 287, 287, 287, 287, 287, 0, 0, 287, 0, 0, 0, 0, 0, 287, 0, 287, 287, 0, 0, 0, 287, 0, 0, 0, 0, 0, 0, 0, 0, 0, 0, 241, 0, 287, 0, 0, 0, 0, 0, 0, 685]}, but is not installed. Consider installing fontTools if you encounter encoding problems.
fontTools is required to fully parse the encoding of a CFF Type1 font in font dictionary {'/BaseFont': '/IIMBFH+NewCenturySchlbk-Roman', '/Encoding': IndirectObject(1193, 0, 127413185015840), '/FirstChar': 23, '/FontDescriptor': IndirectObject(1196, 0, 127413185015840), '/LastChar': 184, '/Subtype': '/Type1', '/Type': '/Font', '/Widths': [333, 0, 0, 0, 0, 0, 0, 611, 611, 278, 0, 0, 556, 0, 833, 815, 0, 333, 333, 500, 0, 278, 333, 278, 278, 556, 556, 556, 556, 556, 556, 556, 556, 556, 556, 278, 278, 0, 0, 0, 444, 737, 722, 722, 722, 778, 722, 667, 778, 833, 407, 556, 778, 667, 944, 815, 778, 667, 778, 722, 630, 667, 815, 722, 981, 704, 704, 611, 333, 0, 333, 0, 500, 0, 556, 556, 444, 574, 500, 333, 537, 611, 315, 296, 593, 315, 889, 611, 500, 574, 556, 444, 463, 389, 611, 537, 778, 537, 537, 481, 0, 0, 0, 0, 0, 0, 0, 0, 0, 0, 0, 0, 0, 0, 0, 0, 0, 0, 0, 0, 0, 0, 204, 204, 389, 389, 0, 556, 1000, 0, 0, 0, 0, 0, 0, 0, 0, 278, 0, 0, 0, 0, 0, 0, 500, 0, 0, 0, 0, 0, 333, 0, 0, 0, 0, 0, 0, 0, 0, 606, 0, 333]}, but is not installed. Consider installing fontTools if you encounter encoding problems.
fontTools is required to fully parse the encoding of a CFF Type1 font in font dictionary {'/BaseFont': '/IIMBFG+NewCenturySchlbk-Italic', '/Encoding': IndirectObject(1193, 0, 127413185015840), '/FirstChar': 30, '/FontDescriptor': IndirectObject(1194, 0, 127413185015840), '/LastChar': 150, '/Subtype': '/Type1', '/Type': '/Font', '/Widths': [611, 611, 278, 0, 0, 0, 0, 0, 852, 0, 333, 333, 0, 0, 278, 333, 278, 606, 556, 556, 556, 556, 556, 556, 556, 556, 556, 556, 278, 278, 0, 0, 0, 0, 747, 704, 722, 722, 778, 722, 667, 778, 833, 407, 611, 741, 667, 944, 815, 778, 667, 0, 741, 667, 685, 815, 704, 926, 0, 685, 0, 333, 0, 333, 0, 0, 0, 574, 556, 444, 611, 444, 333, 537, 611, 333, 315, 556, 333, 889, 611, 500, 574, 556, 444, 444, 352, 611, 519, 778, 500, 500, 463, 0, 0, 0, 0, 0, 0, 0, 0, 0, 0, 0, 0, 0, 0, 0, 0, 0, 0, 0, 0, 0, 0, 0, 204, 389, 389, 0, 500]}, but is not installed. Consider installing fontTools if you encounter encoding problems.
fontTools is required to fully parse the encoding of a CFF Type1 font in font dictionary {'/BaseFont': '/IIMBFH+NewCenturySchlbk-Roman', '/Encoding': IndirectObject(1193, 0, 127413185015840), '/FirstChar': 23, '/FontDescriptor': IndirectObject(1196, 0, 127413185015840), '/LastChar': 184, '/Subtype': '/Type1', '/Type': '/Font', '/Widths': [333, 0, 0, 0, 0, 0, 0, 611, 611, 278, 0, 0, 556, 0, 833, 815, 0, 333, 333, 500, 0, 278, 333, 278, 278, 556, 556, 556, 556, 556, 556, 556, 556, 556, 556, 278, 278, 0, 0, 0, 444, 737, 722, 722, 722, 778, 722, 667, 778, 833, 407, 556, 778, 667, 944, 815, 778, 667, 778, 722, 630, 667, 815, 722, 981, 704, 704, 611, 333, 0, 333, 0, 500, 0, 556, 556, 444, 574, 500, 333, 537, 611, 315, 296, 593, 315, 889, 611, 500, 574, 556, 444, 463, 389, 611, 537, 778, 537, 537, 481, 0, 0, 0, 0, 0, 0, 0, 0, 0, 0, 0, 0, 0, 0, 0, 0, 0, 0, 0, 0, 0, 0, 204, 204, 389, 389, 0, 556, 1000, 0, 0, 0, 0, 0, 0, 0, 0, 278, 0, 0, 0, 0, 0, 0, 500, 0, 0, 0, 0, 0, 333, 0, 0, 0, 0, 0, 0, 0, 0, 606, 0, 333]}, but is not installed. Consider installing fontTools if you encounter encoding problems.
fontTools is required to fully parse the encoding of a CFF Type1 font in font dictionary {'/BaseFont': '/IIMBGK+NewCenturySchlbk-Bold', '/Encoding': '/MacRomanEncoding', '/FirstChar': 32, '/FontDescriptor': IndirectObject(1198, 0, 127413185015840), '/LastChar': 222, '/Subtype': '/Type1', '/Type': '/Font', '/Widths': [287, 0, 0, 0, 0, 0, 0, 0, 0, 0, 0, 0, 278, 0, 278, 278, 574, 574, 574, 574, 574, 574, 574, 574, 574, 574, 278, 0, 0, 0, 0, 0, 0, 759, 778, 778, 833, 759, 722, 833, 870, 444, 648, 815, 722, 981, 833, 833, 759, 0, 815, 667, 722, 833, 759, 981, 0, 722, 0, 0, 0, 0, 0, 0, 0, 611, 648, 556, 667, 574, 389, 611, 685, 370, 0, 667, 352, 963, 685, 611, 667, 648, 519, 500, 426, 685, 611, 889, 611, 611, 537, 0, 0, 0, 0, 287, 0, 0, 0, 0, 0, 0, 0, 0, 0, 0, 0, 0, 0, 0, 0, 0, 0, 0, 0, 0, 0, 0, 0, 0, 0, 0, 0, 0, 0, 0, 0, 0, 0, 0, 0, 0, 0, 0, 0, 0, 0, 0, 0, 0, 0, 287, 0, 0, 287, 0, 287, 287, 0, 0, 287, 287, 287, 287, 287, 0, 0, 287, 0, 0, 0, 0, 0, 287, 0, 287, 287, 0, 0, 0, 287, 0, 0, 0, 0, 0, 0, 0, 0, 0, 0, 241, 0, 287, 0, 0, 0, 0, 0, 0, 685]}, but is not installed. Consider installing fontTools if you encounter encoding problems.
fontTools is required to fully parse the encoding of a CFF Type1 font in font dictionary {'/BaseFont': '/IIMBFG+NewCenturySchlbk-Italic', '/Encoding': IndirectObject(1193, 0, 127413185015840), '/FirstChar': 30, '/FontDescriptor': IndirectObject(1194, 0, 127413185015840), '/LastChar': 150, '/Subtype': '/Type1', '/Type': '/Font', '/Widths': [611, 611, 278, 0, 0, 0, 0, 0, 852, 0, 333, 333, 0, 0, 278, 333, 278, 606, 556, 556, 556, 556, 556, 556, 556, 556, 556, 556, 278, 278, 0, 0, 0, 0, 747, 704, 722, 722, 778, 722, 667, 778, 833, 407, 611, 741, 667, 944, 815, 778, 667, 0, 741, 667, 685, 815, 704, 926, 0, 685, 0, 333, 0, 333, 0, 0, 0, 574, 556, 444, 611, 444, 333, 537, 611, 333, 315, 556, 333, 889, 611, 500, 574, 556, 444, 444, 352, 611, 519, 778, 500, 500, 463, 0, 0, 0, 0, 0, 0, 0, 0, 0, 0, 0, 0, 0, 0, 0, 0, 0, 0, 0, 0, 0, 0, 0, 204, 389, 389, 0, 500]}, but is not installed. Consider installing fontTools if you encounter encoding problems.
fontTools is required to fully parse the encoding of a CFF Type1 font in font dictionary {'/BaseFont': '/IIMBFG+NewCenturySchlbk-Italic', '/Encoding': IndirectObject(1193, 0, 127413185015840), '/FirstChar': 30, '/FontDescriptor': IndirectObject(1194, 0, 127413185015840), '/LastChar': 150, '/Subtype': '/Type1', '/Type': '/Font', '/Widths': [611, 611, 278, 0, 0, 0, 0, 0, 852, 0, 333, 333, 0, 0, 278, 333, 278, 606, 556, 556, 556, 556, 556, 556, 556, 556, 556, 556, 278, 278, 0, 0, 0, 0, 747, 704, 722, 722, 778, 722, 667, 778, 833, 407, 611, 741, 667, 944, 815, 778, 667, 0, 741, 667, 685, 815, 704, 926, 0, 685, 0, 333, 0, 333, 0, 0, 0, 574, 556, 444, 611, 444, 333, 537, 611, 333, 315, 556, 333, 889, 611, 500, 574, 556, 444, 444, 352, 611, 519, 778, 500, 500, 463, 0, 0, 0, 0, 0, 0, 0, 0, 0, 0, 0, 0, 0, 0, 0, 0, 0, 0, 0, 0, 0, 0, 0, 204, 389, 389, 0, 500]}, but is not installed. Consider installing fontTools if you encounter encoding problems.
fontTools is required to fully parse the encoding of a CFF Type1 font in font dictionary {'/BaseFont': '/IIMBFH+NewCenturySchlbk-Roman', '/Encoding': IndirectObject(1193, 0, 127413185015840), '/FirstChar': 23, '/FontDescriptor': IndirectObject(1196, 0, 127413185015840), '/LastChar': 184, '/Subtype': '/Type1', '/Type': '/Font', '/Widths': [333, 0, 0, 0, 0, 0, 0, 611, 611, 278, 0, 0, 556, 0, 833, 815, 0, 333, 333, 500, 0, 278, 333, 278, 278, 556, 556, 556, 556, 556, 556, 556, 556, 556, 556, 278, 278, 0, 0, 0, 444, 737, 722, 722, 722, 778, 722, 667, 778, 833, 407, 556, 778, 667, 944, 815, 778, 667, 778, 722, 630, 667, 815, 722, 981, 704, 704, 611, 333, 0, 333, 0, 500, 0, 556, 556, 444, 574, 500, 333, 537, 611, 315, 296, 593, 315, 889, 611, 500, 574, 556, 444, 463, 389, 611, 537, 778, 537, 537, 481, 0, 0, 0, 0, 0, 0, 0, 0, 0, 0, 0, 0, 0, 0, 0, 0, 0, 0, 0, 0, 0, 0, 204, 204, 389, 389, 0, 556, 1000, 0, 0, 0, 0, 0, 0, 0, 0, 278, 0, 0, 0, 0, 0, 0, 500, 0, 0, 0, 0, 0, 333, 0, 0, 0, 0, 0, 0, 0, 0, 606, 0, 333]}, but is not installed. Consider installing fontTools if you encounter encoding problems.
fontTools is required to fully parse the encoding of a CFF Type1 font in font dictionary {'/BaseFont': '/IIMBFG+NewCenturySchlbk-Italic', '/Encoding': IndirectObject(1193, 0, 127413185015840), '/FirstChar': 30, '/FontDescriptor': IndirectObject(1194, 0, 127413185015840), '/LastChar': 150, '/Subtype': '/Type1', '/Type': '/Font', '/Widths': [611, 611, 278, 0, 0, 0, 0, 0, 852, 0, 333, 333, 0, 0, 278, 333, 278, 606, 556, 556, 556, 556, 556, 556, 556, 556, 556, 556, 278, 278, 0, 0, 0, 0, 747, 704, 722, 722, 778, 722, 667, 778, 833, 407, 611, 741, 667, 944, 815, 778, 667, 0, 741, 667, 685, 815, 704, 926, 0, 685, 0, 333, 0, 333, 0, 0, 0, 574, 556, 444, 611, 444, 333, 537, 611, 333, 315, 556, 333, 889, 611, 500, 574, 556, 444, 444, 352, 611, 519, 778, 500, 500, 463, 0, 0, 0, 0, 0, 0, 0, 0, 0, 0, 0, 0, 0, 0, 0, 0, 0, 0, 0, 0, 0, 0, 0, 204, 389, 389, 0, 500]}, but is not installed. Consider installing fontTools if you encounter encoding problems.
fontTools is required to fully parse the encoding of a CFF Type1 font in font dictionary {'/BaseFont': '/IIMBFH+NewCenturySchlbk-Roman', '/Encoding': IndirectObject(1193, 0, 127413185015840), '/FirstChar': 23, '/FontDescriptor': IndirectObject(1196, 0, 127413185015840), '/LastChar': 184, '/Subtype': '/Type1', '/Type': '/Font', '/Widths': [333, 0, 0, 0, 0, 0, 0, 611, 611, 278, 0, 0, 556, 0, 833, 815, 0, 333, 333, 500, 0, 278, 333, 278, 278, 556, 556, 556, 556, 556, 556, 556, 556, 556, 556, 278, 278, 0, 0, 0, 444, 737, 722, 722, 722, 778, 722, 667, 778, 833, 407, 556, 778, 667, 944, 815, 778, 667, 778, 722, 630, 667, 815, 722, 981, 704, 704, 611, 333, 0, 333, 0, 500, 0, 556, 556, 444, 574, 500, 333, 537, 611, 315, 296, 593, 315, 889, 611, 500, 574, 556, 444, 463, 389, 611, 537, 778, 537, 537, 481, 0, 0, 0, 0, 0, 0, 0, 0, 0, 0, 0, 0, 0, 0, 0, 0, 0, 0, 0, 0, 0, 0, 204, 204, 389, 389, 0, 556, 1000, 0, 0, 0, 0, 0, 0, 0, 0, 278, 0, 0, 0, 0, 0, 0, 500, 0, 0, 0, 0, 0, 333, 0, 0, 0, 0, 0, 0, 0, 0, 606, 0, 333]}, but is not installed. Consider installing fontTools if you encounter encoding problems.
fontTools is required to fully parse the encoding of a CFF Type1 font in font dictionary {'/BaseFont': '/IIMBFG+NewCenturySchlbk-Italic', '/Encoding': IndirectObject(1193, 0, 127413185015840), '/FirstChar': 30, '/FontDescriptor': IndirectObject(1194, 0, 127413185015840), '/LastChar': 150, '/Subtype': '/Type1', '/Type': '/Font', '/Widths': [611, 611, 278, 0, 0, 0, 0, 0, 852, 0, 333, 333, 0, 0, 278, 333, 278, 606, 556, 556, 556, 556, 556, 556, 556, 556, 556, 556, 278, 278, 0, 0, 0, 0, 747, 704, 722, 722, 778, 722, 667, 778, 833, 407, 611, 741, 667, 944, 815, 778, 667, 0, 741, 667, 685, 815, 704, 926, 0, 685, 0, 333, 0, 333, 0, 0, 0, 574, 556, 444, 611, 444, 333, 537, 611, 333, 315, 556, 333, 889, 611, 500, 574, 556, 444, 444, 352, 611, 519, 778, 500, 500, 463, 0, 0, 0, 0, 0, 0, 0, 0, 0, 0, 0, 0, 0, 0, 0, 0, 0, 0, 0, 0, 0, 0, 0, 204, 389, 389, 0, 500]}, but is not installed. Consider installing fontTools if you encounter encoding problems.
fontTools is required to fully parse the encoding of a CFF Type1 font in font dictionary {'/BaseFont': '/IIMBFH+NewCenturySchlbk-Roman', '/Encoding': IndirectObject(1193, 0, 127413185015840), '/FirstChar': 23, '/FontDescriptor': IndirectObject(1196, 0, 127413185015840), '/LastChar': 184, '/Subtype': '/Type1', '/Type': '/Font', '/Widths': [333, 0, 0, 0, 0, 0, 0, 611, 611, 278, 0, 0, 556, 0, 833, 815, 0, 333, 333, 500, 0, 278, 333, 278, 278, 556, 556, 556, 556, 556, 556, 556, 556, 556, 556, 278, 278, 0, 0, 0, 444, 737, 722, 722, 722, 778, 722, 667, 778, 833, 407, 556, 778, 667, 944, 815, 778, 667, 778, 722, 630, 667, 815, 722, 981, 704, 704, 611, 333, 0, 333, 0, 500, 0, 556, 556, 444, 574, 500, 333, 537, 611, 315, 296, 593, 315, 889, 611, 500, 574, 556, 444, 463, 389, 611, 537, 778, 537, 537, 481, 0, 0, 0, 0, 0, 0, 0, 0, 0, 0, 0, 0, 0, 0, 0, 0, 0, 0, 0, 0, 0, 0, 204, 204, 389, 389, 0, 556, 1000, 0, 0, 0, 0, 0, 0, 0, 0, 278, 0, 0, 0, 0, 0, 0, 500, 0, 0, 0, 0, 0, 333, 0, 0, 0, 0, 0, 0, 0, 0, 606, 0, 333]}, but is not installed. Consider installing fontTools if you encounter encoding problems.
fontTools is required to fully parse the encoding of a CFF Type1 font in font dictionary {'/BaseFont': '/IIMBFG+NewCenturySchlbk-Italic', '/Encoding': IndirectObject(1193, 0, 127413185015840), '/FirstChar': 30, '/FontDescriptor': IndirectObject(1194, 0, 127413185015840), '/LastChar': 150, '/Subtype': '/Type1', '/Type': '/Font', '/Widths': [611, 611, 278, 0, 0, 0, 0, 0, 852, 0, 333, 333, 0, 0, 278, 333, 278, 606, 556, 556, 556, 556, 556, 556, 556, 556, 556, 556, 278, 278, 0, 0, 0, 0, 747, 704, 722, 722, 778, 722, 667, 778, 833, 407, 611, 741, 667, 944, 815, 778, 667, 0, 741, 667, 685, 815, 704, 926, 0, 685, 0, 333, 0, 333, 0, 0, 0, 574, 556, 444, 611, 444, 333, 537, 611, 333, 315, 556, 333, 889, 611, 500, 574, 556, 444, 444, 352, 611, 519, 778, 500, 500, 463, 0, 0, 0, 0, 0, 0, 0, 0, 0, 0, 0, 0, 0, 0, 0, 0, 0, 0, 0, 0, 0, 0, 0, 204, 389, 389, 0, 500]}, but is not installed. Consider installing fontTools if you encounter encoding problems.
fontTools is required to fully parse the encoding of a CFF Type1 font in font dictionary {'/BaseFont': '/IIMBFH+NewCenturySchlbk-Roman', '/Encoding': IndirectObject(1193, 0, 127413185015840), '/FirstChar': 23, '/FontDescriptor': IndirectObject(1196, 0, 127413185015840), '/LastChar': 184, '/Subtype': '/Type1', '/Type': '/Font', '/Widths': [333, 0, 0, 0, 0, 0, 0, 611, 611, 278, 0, 0, 556, 0, 833, 815, 0, 333, 333, 500, 0, 278, 333, 278, 278, 556, 556, 556, 556, 556, 556, 556, 556, 556, 556, 278, 278, 0, 0, 0, 444, 737, 722, 722, 722, 778, 722, 667, 778, 833, 407, 556, 778, 667, 944, 815, 778, 667, 778, 722, 630, 667, 815, 722, 981, 704, 704, 611, 333, 0, 333, 0, 500, 0, 556, 556, 444, 574, 500, 333, 537, 611, 315, 296, 593, 315, 889, 611, 500, 574, 556, 444, 463, 389, 611, 537, 778, 537, 537, 481, 0, 0, 0, 0, 0, 0, 0, 0, 0, 0, 0, 0, 0, 0, 0, 0, 0, 0, 0, 0, 0, 0, 204, 204, 389, 389, 0, 556, 1000, 0, 0, 0, 0, 0, 0, 0, 0, 278, 0, 0, 0, 0, 0, 0, 500, 0, 0, 0, 0, 0, 333, 0, 0, 0, 0, 0, 0, 0, 0, 606, 0, 333]}, but is not installed. Consider installing fontTools if you encounter encoding problems.
fontTools is required to fully parse the encoding of a CFF Type1 font in font dictionary {'/BaseFont': '/IIMBGK+NewCenturySchlbk-Bold', '/Encoding': '/MacRomanEncoding', '/FirstChar': 32, '/FontDescriptor': IndirectObject(1198, 0, 127413185015840), '/LastChar': 222, '/Subtype': '/Type1', '/Type': '/Font', '/Widths': [287, 0, 0, 0, 0, 0, 0, 0, 0, 0, 0, 0, 278, 0, 278, 278, 574, 574, 574, 574, 574, 574, 574, 574, 574, 574, 278, 0, 0, 0, 0, 0, 0, 759, 778, 778, 833, 759, 722, 833, 870, 444, 648, 815, 722, 981, 833, 833, 759, 0, 815, 667, 722, 833, 759, 981, 0, 722, 0, 0, 0, 0, 0, 0, 0, 611, 648, 556, 667, 574, 389, 611, 685, 370, 0, 667, 352, 963, 685, 611, 667, 648, 519, 500, 426, 685, 611, 889, 611, 611, 537, 0, 0, 0, 0, 287, 0, 0, 0, 0, 0, 0, 0, 0, 0, 0, 0, 0, 0, 0, 0, 0, 0, 0, 0, 0, 0, 0, 0, 0, 0, 0, 0, 0, 0, 0, 0, 0, 0, 0, 0, 0, 0, 0, 0, 0, 0, 0, 0, 0, 0, 287, 0, 0, 287, 0, 287, 287, 0, 0, 287, 287, 287, 287, 287, 0, 0, 287, 0, 0, 0, 0, 0, 287, 0, 287, 287, 0, 0, 0, 287, 0, 0, 0, 0, 0, 0, 0, 0, 0, 0, 241, 0, 287, 0, 0, 0, 0, 0, 0, 685]}, but is not installed. Consider installing fontTools if you encounter encoding problems.
fontTools is required to fully parse the encoding of a CFF Type1 font in font dictionary {'/BaseFont': '/IIMBFG+NewCenturySchlbk-Italic', '/Encoding': IndirectObject(1193, 0, 127413185015840), '/FirstChar': 30, '/FontDescriptor': IndirectObject(1194, 0, 127413185015840), '/LastChar': 150, '/Subtype': '/Type1', '/Type': '/Font', '/Widths': [611, 611, 278, 0, 0, 0, 0, 0, 852, 0, 333, 333, 0, 0, 278, 333, 278, 606, 556, 556, 556, 556, 556, 556, 556, 556, 556, 556, 278, 278, 0, 0, 0, 0, 747, 704, 722, 722, 778, 722, 667, 778, 833, 407, 611, 741, 667, 944, 815, 778, 667, 0, 741, 667, 685, 815, 704, 926, 0, 685, 0, 333, 0, 333, 0, 0, 0, 574, 556, 444, 611, 444, 333, 537, 611, 333, 315, 556, 333, 889, 611, 500, 574, 556, 444, 444, 352, 611, 519, 778, 500, 500, 463, 0, 0, 0, 0, 0, 0, 0, 0, 0, 0, 0, 0, 0, 0, 0, 0, 0, 0, 0, 0, 0, 0, 0, 204, 389, 389, 0, 500]}, but is not installed. Consider installing fontTools if you encounter encoding problems.
fontTools is required to fully parse the encoding of a CFF Type1 font in font dictionary {'/BaseFont': '/IIMBFH+NewCenturySchlbk-Roman', '/Encoding': IndirectObject(1193, 0, 127413185015840), '/FirstChar': 23, '/FontDescriptor': IndirectObject(1196, 0, 127413185015840), '/LastChar': 184, '/Subtype': '/Type1', '/Type': '/Font', '/Widths': [333, 0, 0, 0, 0, 0, 0, 611, 611, 278, 0, 0, 556, 0, 833, 815, 0, 333, 333, 500, 0, 278, 333, 278, 278, 556, 556, 556, 556, 556, 556, 556, 556, 556, 556, 278, 278, 0, 0, 0, 444, 737, 722, 722, 722, 778, 722, 667, 778, 833, 407, 556, 778, 667, 944, 815, 778, 667, 778, 722, 630, 667, 815, 722, 981, 704, 704, 611, 333, 0, 333, 0, 500, 0, 556, 556, 444, 574, 500, 333, 537, 611, 315, 296, 593, 315, 889, 611, 500, 574, 556, 444, 463, 389, 611, 537, 778, 537, 537, 481, 0, 0, 0, 0, 0, 0, 0, 0, 0, 0, 0, 0, 0, 0, 0, 0, 0, 0, 0, 0, 0, 0, 204, 204, 389, 389, 0, 556, 1000, 0, 0, 0, 0, 0, 0, 0, 0, 278, 0, 0, 0, 0, 0, 0, 500, 0, 0, 0, 0, 0, 333, 0, 0, 0, 0, 0, 0, 0, 0, 606, 0, 333]}, but is not installed. Consider installing fontTools if you encounter encoding problems.
fontTools is required to fully parse the encoding of a CFF Type1 font in font dictionary {'/BaseFont': '/IIMBGK+NewCenturySchlbk-Bold', '/Encoding': '/MacRomanEncoding', '/FirstChar': 32, '/FontDescriptor': IndirectObject(1198, 0, 127413185015840), '/LastChar': 222, '/Subtype': '/Type1', '/Type': '/Font', '/Widths': [287, 0, 0, 0, 0, 0, 0, 0, 0, 0, 0, 0, 278, 0, 278, 278, 574, 574, 574, 574, 574, 574, 574, 574, 574, 574, 278, 0, 0, 0, 0, 0, 0, 759, 778, 778, 833, 759, 722, 833, 870, 444, 648, 815, 722, 981, 833, 833, 759, 0, 815, 667, 722, 833, 759, 981, 0, 722, 0, 0, 0, 0, 0, 0, 0, 611, 648, 556, 667, 574, 389, 611, 685, 370, 0, 667, 352, 963, 685, 611, 667, 648, 519, 500, 426, 685, 611, 889, 611, 611, 537, 0, 0, 0, 0, 287, 0, 0, 0, 0, 0, 0, 0, 0, 0, 0, 0, 0, 0, 0, 0, 0, 0, 0, 0, 0, 0, 0, 0, 0, 0, 0, 0, 0, 0, 0, 0, 0, 0, 0, 0, 0, 0, 0, 0, 0, 0, 0, 0, 0, 0, 287, 0, 0, 287, 0, 287, 287, 0, 0, 287, 287, 287, 287, 287, 0, 0, 287, 0, 0, 0, 0, 0, 287, 0, 287, 287, 0, 0, 0, 287, 0, 0, 0, 0, 0, 0, 0, 0, 0, 0, 241, 0, 287, 0, 0, 0, 0, 0, 0, 685]}, but is not installed. Consider installing fontTools if you encounter encoding problems.
fontTools is required to fully parse the encoding of a CFF Type1 font in font dictionary {'/BaseFont': '/IIMBFG+NewCenturySchlbk-Italic', '/Encoding': IndirectObject(1193, 0, 127413185015840), '/FirstChar': 30, '/FontDescriptor': IndirectObject(1194, 0, 127413185015840), '/LastChar': 150, '/Subtype': '/Type1', '/Type': '/Font', '/Widths': [611, 611, 278, 0, 0, 0, 0, 0, 852, 0, 333, 333, 0, 0, 278, 333, 278, 606, 556, 556, 556, 556, 556, 556, 556, 556, 556, 556, 278, 278, 0, 0, 0, 0, 747, 704, 722, 722, 778, 722, 667, 778, 833, 407, 611, 741, 667, 944, 815, 778, 667, 0, 741, 667, 685, 815, 704, 926, 0, 685, 0, 333, 0, 333, 0, 0, 0, 574, 556, 444, 611, 444, 333, 537, 611, 333, 315, 556, 333, 889, 611, 500, 574, 556, 444, 444, 352, 611, 519, 778, 500, 500, 463, 0, 0, 0, 0, 0, 0, 0, 0, 0, 0, 0, 0, 0, 0, 0, 0, 0, 0, 0, 0, 0, 0, 0, 204, 389, 389, 0, 500]}, but is not installed. Consider installing fontTools if you encounter encoding problems.
fontTools is required to fully parse the encoding of a CFF Type1 font in font dictionary {'/BaseFont': '/IIMBFH+NewCenturySchlbk-Roman', '/Encoding': IndirectObject(1193, 0, 127413185015840), '/FirstChar': 23, '/FontDescriptor': IndirectObject(1196, 0, 127413185015840), '/LastChar': 184, '/Subtype': '/Type1', '/Type': '/Font', '/Widths': [333, 0, 0, 0, 0, 0, 0, 611, 611, 278, 0, 0, 556, 0, 833, 815, 0, 333, 333, 500, 0, 278, 333, 278, 278, 556, 556, 556, 556, 556, 556, 556, 556, 556, 556, 278, 278, 0, 0, 0, 444, 737, 722, 722, 722, 778, 722, 667, 778, 833, 407, 556, 778, 667, 944, 815, 778, 667, 778, 722, 630, 667, 815, 722, 981, 704, 704, 611, 333, 0, 333, 0, 500, 0, 556, 556, 444, 574, 500, 333, 537, 611, 315, 296, 593, 315, 889, 611, 500, 574, 556, 444, 463, 389, 611, 537, 778, 537, 537, 481, 0, 0, 0, 0, 0, 0, 0, 0, 0, 0, 0, 0, 0, 0, 0, 0, 0, 0, 0, 0, 0, 0, 204, 204, 389, 389, 0, 556, 1000, 0, 0, 0, 0, 0, 0, 0, 0, 278, 0, 0, 0, 0, 0, 0, 500, 0, 0, 0, 0, 0, 333, 0, 0, 0, 0, 0, 0, 0, 0, 606, 0, 333]}, but is not installed. Consider installing fontTools if you encounter encoding problems.
fontTools is required to fully parse the encoding of a CFF Type1 font in font dictionary {'/BaseFont': '/IIMBGK+NewCenturySchlbk-Bold', '/Encoding': '/MacRomanEncoding', '/FirstChar': 32, '/FontDescriptor': IndirectObject(1198, 0, 127413185015840), '/LastChar': 222, '/Subtype': '/Type1', '/Type': '/Font', '/Widths': [287, 0, 0, 0, 0, 0, 0, 0, 0, 0, 0, 0, 278, 0, 278, 278, 574, 574, 574, 574, 574, 574, 574, 574, 574, 574, 278, 0, 0, 0, 0, 0, 0, 759, 778, 778, 833, 759, 722, 833, 870, 444, 648, 815, 722, 981, 833, 833, 759, 0, 815, 667, 722, 833, 759, 981, 0, 722, 0, 0, 0, 0, 0, 0, 0, 611, 648, 556, 667, 574, 389, 611, 685, 370, 0, 667, 352, 963, 685, 611, 667, 648, 519, 500, 426, 685, 611, 889, 611, 611, 537, 0, 0, 0, 0, 287, 0, 0, 0, 0, 0, 0, 0, 0, 0, 0, 0, 0, 0, 0, 0, 0, 0, 0, 0, 0, 0, 0, 0, 0, 0, 0, 0, 0, 0, 0, 0, 0, 0, 0, 0, 0, 0, 0, 0, 0, 0, 0, 0, 0, 0, 287, 0, 0, 287, 0, 287, 287, 0, 0, 287, 287, 287, 287, 287, 0, 0, 287, 0, 0, 0, 0, 0, 287, 0, 287, 287, 0, 0, 0, 287, 0, 0, 0, 0, 0, 0, 0, 0, 0, 0, 241, 0, 287, 0, 0, 0, 0, 0, 0, 685]}, but is not installed. Consider installing fontTools if you encounter encoding problems.
fontTools is required to fully parse the encoding of a CFF Type1 font in font dictionary {'/BaseFont': '/IIMBFG+NewCenturySchlbk-Italic', '/Encoding': IndirectObject(1193, 0, 127413185015840), '/FirstChar': 30, '/FontDescriptor': IndirectObject(1194, 0, 127413185015840), '/LastChar': 150, '/Subtype': '/Type1', '/Type': '/Font', '/Widths': [611, 611, 278, 0, 0, 0, 0, 0, 852, 0, 333, 333, 0, 0, 278, 333, 278, 606, 556, 556, 556, 556, 556, 556, 556, 556, 556, 556, 278, 278, 0, 0, 0, 0, 747, 704, 722, 722, 778, 722, 667, 778, 833, 407, 611, 741, 667, 944, 815, 778, 667, 0, 741, 667, 685, 815, 704, 926, 0, 685, 0, 333, 0, 333, 0, 0, 0, 574, 556, 444, 611, 444, 333, 537, 611, 333, 315, 556, 333, 889, 611, 500, 574, 556, 444, 444, 352, 611, 519, 778, 500, 500, 463, 0, 0, 0, 0, 0, 0, 0, 0, 0, 0, 0, 0, 0, 0, 0, 0, 0, 0, 0, 0, 0, 0, 0, 204, 389, 389, 0, 500]}, but is not installed. Consider installing fontTools if you encounter encoding problems.
fontTools is required to fully parse the encoding of a CFF Type1 font in font dictionary {'/BaseFont': '/IIMBFH+NewCenturySchlbk-Roman', '/Encoding': IndirectObject(1193, 0, 127413185015840), '/FirstChar': 23, '/FontDescriptor': IndirectObject(1196, 0, 127413185015840), '/LastChar': 184, '/Subtype': '/Type1', '/Type': '/Font', '/Widths': [333, 0, 0, 0, 0, 0, 0, 611, 611, 278, 0, 0, 556, 0, 833, 815, 0, 333, 333, 500, 0, 278, 333, 278, 278, 556, 556, 556, 556, 556, 556, 556, 556, 556, 556, 278, 278, 0, 0, 0, 444, 737, 722, 722, 722, 778, 722, 667, 778, 833, 407, 556, 778, 667, 944, 815, 778, 667, 778, 722, 630, 667, 815, 722, 981, 704, 704, 611, 333, 0, 333, 0, 500, 0, 556, 556, 444, 574, 500, 333, 537, 611, 315, 296, 593, 315, 889, 611, 500, 574, 556, 444, 463, 389, 611, 537, 778, 537, 537, 481, 0, 0, 0, 0, 0, 0, 0, 0, 0, 0, 0, 0, 0, 0, 0, 0, 0, 0, 0, 0, 0, 0, 204, 204, 389, 389, 0, 556, 1000, 0, 0, 0, 0, 0, 0, 0, 0, 278, 0, 0, 0, 0, 0, 0, 500, 0, 0, 0, 0, 0, 333, 0, 0, 0, 0, 0, 0, 0, 0, 606, 0, 333]}, but is not installed. Consider installing fontTools if you encounter encoding problems.
fontTools is required to fully parse the encoding of a CFF Type1 font in font dictionary {'/BaseFont': '/IIMBFG+NewCenturySchlbk-Italic', '/Encoding': IndirectObject(1193, 0, 127413185015840), '/FirstChar': 30, '/FontDescriptor': IndirectObject(1194, 0, 127413185015840), '/LastChar': 150, '/Subtype': '/Type1', '/Type': '/Font', '/Widths': [611, 611, 278, 0, 0, 0, 0, 0, 852, 0, 333, 333, 0, 0, 278, 333, 278, 606, 556, 556, 556, 556, 556, 556, 556, 556, 556, 556, 278, 278, 0, 0, 0, 0, 747, 704, 722, 722, 778, 722, 667, 778, 833, 407, 611, 741, 667, 944, 815, 778, 667, 0, 741, 667, 685, 815, 704, 926, 0, 685, 0, 333, 0, 333, 0, 0, 0, 574, 556, 444, 611, 444, 333, 537, 611, 333, 315, 556, 333, 889, 611, 500, 574, 556, 444, 444, 352, 611, 519, 778, 500, 500, 463, 0, 0, 0, 0, 0, 0, 0, 0, 0, 0, 0, 0, 0, 0, 0, 0, 0, 0, 0, 0, 0, 0, 0, 204, 389, 389, 0, 500]}, but is not installed. Consider installing fontTools if you encounter encoding problems.
fontTools is required to fully parse the encoding of a CFF Type1 font in font dictionary {'/BaseFont': '/IIMBFH+NewCenturySchlbk-Roman', '/Encoding': IndirectObject(1193, 0, 127413185015840), '/FirstChar': 23, '/FontDescriptor': IndirectObject(1196, 0, 127413185015840), '/LastChar': 184, '/Subtype': '/Type1', '/Type': '/Font', '/Widths': [333, 0, 0, 0, 0, 0, 0, 611, 611, 278, 0, 0, 556, 0, 833, 815, 0, 333, 333, 500, 0, 278, 333, 278, 278, 556, 556, 556, 556, 556, 556, 556, 556, 556, 556, 278, 278, 0, 0, 0, 444, 737, 722, 722, 722, 778, 722, 667, 778, 833, 407, 556, 778, 667, 944, 815, 778, 667, 778, 722, 630, 667, 815, 722, 981, 704, 704, 611, 333, 0, 333, 0, 500, 0, 556, 556, 444, 574, 500, 333, 537, 611, 315, 296, 593, 315, 889, 611, 500, 574, 556, 444, 463, 389, 611, 537, 778, 537, 537, 481, 0, 0, 0, 0, 0, 0, 0, 0, 0, 0, 0, 0, 0, 0, 0, 0, 0, 0, 0, 0, 0, 0, 204, 204, 389, 389, 0, 556, 1000, 0, 0, 0, 0, 0, 0, 0, 0, 278, 0, 0, 0, 0, 0, 0, 500, 0, 0, 0, 0, 0, 333, 0, 0, 0, 0, 0, 0, 0, 0, 606, 0, 333]}, but is not installed. Consider installing fontTools if you encounter encoding problems.
fontTools is required to fully parse the encoding of a CFF Type1 font in font dictionary {'/BaseFont': '/IIMBGK+NewCenturySchlbk-Bold', '/Encoding': '/MacRomanEncoding', '/FirstChar': 32, '/FontDescriptor': IndirectObject(1198, 0, 127413185015840), '/LastChar': 222, '/Subtype': '/Type1', '/Type': '/Font', '/Widths': [287, 0, 0, 0, 0, 0, 0, 0, 0, 0, 0, 0, 278, 0, 278, 278, 574, 574, 574, 574, 574, 574, 574, 574, 574, 574, 278, 0, 0, 0, 0, 0, 0, 759, 778, 778, 833, 759, 722, 833, 870, 444, 648, 815, 722, 981, 833, 833, 759, 0, 815, 667, 722, 833, 759, 981, 0, 722, 0, 0, 0, 0, 0, 0, 0, 611, 648, 556, 667, 574, 389, 611, 685, 370, 0, 667, 352, 963, 685, 611, 667, 648, 519, 500, 426, 685, 611, 889, 611, 611, 537, 0, 0, 0, 0, 287, 0, 0, 0, 0, 0, 0, 0, 0, 0, 0, 0, 0, 0, 0, 0, 0, 0, 0, 0, 0, 0, 0, 0, 0, 0, 0, 0, 0, 0, 0, 0, 0, 0, 0, 0, 0, 0, 0, 0, 0, 0, 0, 0, 0, 0, 287, 0, 0, 287, 0, 287, 287, 0, 0, 287, 287, 287, 287, 287, 0, 0, 287, 0, 0, 0, 0, 0, 287, 0, 287, 287, 0, 0, 0, 287, 0, 0, 0, 0, 0, 0, 0, 0, 0, 0, 241, 0, 287, 0, 0, 0, 0, 0, 0, 685]}, but is not installed. Consider installing fontTools if you encounter encoding problems.
fontTools is required to fully parse the encoding of a CFF Type1 font in font dictionary {'/BaseFont': '/IIMBFG+NewCenturySchlbk-Italic', '/Encoding': IndirectObject(1193, 0, 127413185015840), '/FirstChar': 30, '/FontDescriptor': IndirectObject(1194, 0, 127413185015840), '/LastChar': 150, '/Subtype': '/Type1', '/Type': '/Font', '/Widths': [611, 611, 278, 0, 0, 0, 0, 0, 852, 0, 333, 333, 0, 0, 278, 333, 278, 606, 556, 556, 556, 556, 556, 556, 556, 556, 556, 556, 278, 278, 0, 0, 0, 0, 747, 704, 722, 722, 778, 722, 667, 778, 833, 407, 611, 741, 667, 944, 815, 778, 667, 0, 741, 667, 685, 815, 704, 926, 0, 685, 0, 333, 0, 333, 0, 0, 0, 574, 556, 444, 611, 444, 333, 537, 611, 333, 315, 556, 333, 889, 611, 500, 574, 556, 444, 444, 352, 611, 519, 778, 500, 500, 463, 0, 0, 0, 0, 0, 0, 0, 0, 0, 0, 0, 0, 0, 0, 0, 0, 0, 0, 0, 0, 0, 0, 0, 204, 389, 389, 0, 500]}, but is not installed. Consider installing fontTools if you encounter encoding problems.
fontTools is required to fully parse the encoding of a CFF Type1 font in font dictionary {'/BaseFont': '/IIMBFH+NewCenturySchlbk-Roman', '/Encoding': IndirectObject(1193, 0, 127413185015840), '/FirstChar': 23, '/FontDescriptor': IndirectObject(1196, 0, 127413185015840), '/LastChar': 184, '/Subtype': '/Type1', '/Type': '/Font', '/Widths': [333, 0, 0, 0, 0, 0, 0, 611, 611, 278, 0, 0, 556, 0, 833, 815, 0, 333, 333, 500, 0, 278, 333, 278, 278, 556, 556, 556, 556, 556, 556, 556, 556, 556, 556, 278, 278, 0, 0, 0, 444, 737, 722, 722, 722, 778, 722, 667, 778, 833, 407, 556, 778, 667, 944, 815, 778, 667, 778, 722, 630, 667, 815, 722, 981, 704, 704, 611, 333, 0, 333, 0, 500, 0, 556, 556, 444, 574, 500, 333, 537, 611, 315, 296, 593, 315, 889, 611, 500, 574, 556, 444, 463, 389, 611, 537, 778, 537, 537, 481, 0, 0, 0, 0, 0, 0, 0, 0, 0, 0, 0, 0, 0, 0, 0, 0, 0, 0, 0, 0, 0, 0, 204, 204, 389, 389, 0, 556, 1000, 0, 0, 0, 0, 0, 0, 0, 0, 278, 0, 0, 0, 0, 0, 0, 500, 0, 0, 0, 0, 0, 333, 0, 0, 0, 0, 0, 0, 0, 0, 606, 0, 333]}, but is not installed. Consider installing fontTools if you encounter encoding problems.
fontTools is required to fully parse the encoding of a CFF Type1 font in font dictionary {'/BaseFont': '/IIMBFG+NewCenturySchlbk-Italic', '/Encoding': IndirectObject(1193, 0, 127413185015840), '/FirstChar': 30, '/FontDescriptor': IndirectObject(1194, 0, 127413185015840), '/LastChar': 150, '/Subtype': '/Type1', '/Type': '/Font', '/Widths': [611, 611, 278, 0, 0, 0, 0, 0, 852, 0, 333, 333, 0, 0, 278, 333, 278, 606, 556, 556, 556, 556, 556, 556, 556, 556, 556, 556, 278, 278, 0, 0, 0, 0, 747, 704, 722, 722, 778, 722, 667, 778, 833, 407, 611, 741, 667, 944, 815, 778, 667, 0, 741, 667, 685, 815, 704, 926, 0, 685, 0, 333, 0, 333, 0, 0, 0, 574, 556, 444, 611, 444, 333, 537, 611, 333, 315, 556, 333, 889, 611, 500, 574, 556, 444, 444, 352, 611, 519, 778, 500, 500, 463, 0, 0, 0, 0, 0, 0, 0, 0, 0, 0, 0, 0, 0, 0, 0, 0, 0, 0, 0, 0, 0, 0, 0, 204, 389, 389, 0, 500]}, but is not installed. Consider installing fontTools if you encounter encoding problems.
fontTools is required to fully parse the encoding of a CFF Type1 font in font dictionary {'/BaseFont': '/IIMBFH+NewCenturySchlbk-Roman', '/Encoding': IndirectObject(1193, 0, 127413185015840), '/FirstChar': 23, '/FontDescriptor': IndirectObject(1196, 0, 127413185015840), '/LastChar': 184, '/Subtype': '/Type1', '/Type': '/Font', '/Widths': [333, 0, 0, 0, 0, 0, 0, 611, 611, 278, 0, 0, 556, 0, 833, 815, 0, 333, 333, 500, 0, 278, 333, 278, 278, 556, 556, 556, 556, 556, 556, 556, 556, 556, 556, 278, 278, 0, 0, 0, 444, 737, 722, 722, 722, 778, 722, 667, 778, 833, 407, 556, 778, 667, 944, 815, 778, 667, 778, 722, 630, 667, 815, 722, 981, 704, 704, 611, 333, 0, 333, 0, 500, 0, 556, 556, 444, 574, 500, 333, 537, 611, 315, 296, 593, 315, 889, 611, 500, 574, 556, 444, 463, 389, 611, 537, 778, 537, 537, 481, 0, 0, 0, 0, 0, 0, 0, 0, 0, 0, 0, 0, 0, 0, 0, 0, 0, 0, 0, 0, 0, 0, 204, 204, 389, 389, 0, 556, 1000, 0, 0, 0, 0, 0, 0, 0, 0, 278, 0, 0, 0, 0, 0, 0, 500, 0, 0, 0, 0, 0, 333, 0, 0, 0, 0, 0, 0, 0, 0, 606, 0, 333]}, but is not installed. Consider installing fontTools if you encounter encoding problems.
fontTools is required to fully parse the encoding of a CFF Type1 font in font dictionary {'/BaseFont': '/IIMBFG+NewCenturySchlbk-Italic', '/Encoding': IndirectObject(1193, 0, 127413185015840), '/FirstChar': 30, '/FontDescriptor': IndirectObject(1194, 0, 127413185015840), '/LastChar': 150, '/Subtype': '/Type1', '/Type': '/Font', '/Widths': [611, 611, 278, 0, 0, 0, 0, 0, 852, 0, 333, 333, 0, 0, 278, 333, 278, 606, 556, 556, 556, 556, 556, 556, 556, 556, 556, 556, 278, 278, 0, 0, 0, 0, 747, 704, 722, 722, 778, 722, 667, 778, 833, 407, 611, 741, 667, 944, 815, 778, 667, 0, 741, 667, 685, 815, 704, 926, 0, 685, 0, 333, 0, 333, 0, 0, 0, 574, 556, 444, 611, 444, 333, 537, 611, 333, 315, 556, 333, 889, 611, 500, 574, 556, 444, 444, 352, 611, 519, 778, 500, 500, 463, 0, 0, 0, 0, 0, 0, 0, 0, 0, 0, 0, 0, 0, 0, 0, 0, 0, 0, 0, 0, 0, 0, 0, 204, 389, 389, 0, 500]}, but is not installed. Consider installing fontTools if you encounter encoding problems.
fontTools is required to fully parse the encoding of a CFF Type1 font in font dictionary {'/BaseFont': '/IIMBFH+NewCenturySchlbk-Roman', '/Encoding': IndirectObject(1193, 0, 127413185015840), '/FirstChar': 23, '/FontDescriptor': IndirectObject(1196, 0, 127413185015840), '/LastChar': 184, '/Subtype': '/Type1', '/Type': '/Font', '/Widths': [333, 0, 0, 0, 0, 0, 0, 611, 611, 278, 0, 0, 556, 0, 833, 815, 0, 333, 333, 500, 0, 278, 333, 278, 278, 556, 556, 556, 556, 556, 556, 556, 556, 556, 556, 278, 278, 0, 0, 0, 444, 737, 722, 722, 722, 778, 722, 667, 778, 833, 407, 556, 778, 667, 944, 815, 778, 667, 778, 722, 630, 667, 815, 722, 981, 704, 704, 611, 333, 0, 333, 0, 500, 0, 556, 556, 444, 574, 500, 333, 537, 611, 315, 296, 593, 315, 889, 611, 500, 574, 556, 444, 463, 389, 611, 537, 778, 537, 537, 481, 0, 0, 0, 0, 0, 0, 0, 0, 0, 0, 0, 0, 0, 0, 0, 0, 0, 0, 0, 0, 0, 0, 204, 204, 389, 389, 0, 556, 1000, 0, 0, 0, 0, 0, 0, 0, 0, 278, 0, 0, 0, 0, 0, 0, 500, 0, 0, 0, 0, 0, 333, 0, 0, 0, 0, 0, 0, 0, 0, 606, 0, 333]}, but is not installed. Consider installing fontTools if you encounter encoding problems.
fontTools is required to fully parse the encoding of a CFF Type1 font in font dictionary {'/BaseFont': '/IIMBFH+NewCenturySchlbk-Roman', '/Encoding': IndirectObject(1193, 0, 127413185015840), '/FirstChar': 23, '/FontDescriptor': IndirectObject(1196, 0, 127413185015840), '/LastChar': 184, '/Subtype': '/Type1', '/Type': '/Font', '/Widths': [333, 0, 0, 0, 0, 0, 0, 611, 611, 278, 0, 0, 556, 0, 833, 815, 0, 333, 333, 500, 0, 278, 333, 278, 278, 556, 556, 556, 556, 556, 556, 556, 556, 556, 556, 278, 278, 0, 0, 0, 444, 737, 722, 722, 722, 778, 722, 667, 778, 833, 407, 556, 778, 667, 944, 815, 778, 667, 778, 722, 630, 667, 815, 722, 981, 704, 704, 611, 333, 0, 333, 0, 500, 0, 556, 556, 444, 574, 500, 333, 537, 611, 315, 296, 593, 315, 889, 611, 500, 574, 556, 444, 463, 389, 611, 537, 778, 537, 537, 481, 0, 0, 0, 0, 0, 0, 0, 0, 0, 0, 0, 0, 0, 0, 0, 0, 0, 0, 0, 0, 0, 0, 204, 204, 389, 389, 0, 556, 1000, 0, 0, 0, 0, 0, 0, 0, 0, 278, 0, 0, 0, 0, 0, 0, 500, 0, 0, 0, 0, 0, 333, 0, 0, 0, 0, 0, 0, 0, 0, 606, 0, 333]}, but is not installed. Consider installing fontTools if you encounter encoding problems.
fontTools is required to fully parse the encoding of a CFF Type1 font in font dictionary {'/BaseFont': '/IIMBFG+NewCenturySchlbk-Italic', '/Encoding': IndirectObject(1193, 0, 127413185015840), '/FirstChar': 30, '/FontDescriptor': IndirectObject(1194, 0, 127413185015840), '/LastChar': 150, '/Subtype': '/Type1', '/Type': '/Font', '/Widths': [611, 611, 278, 0, 0, 0, 0, 0, 852, 0, 333, 333, 0, 0, 278, 333, 278, 606, 556, 556, 556, 556, 556, 556, 556, 556, 556, 556, 278, 278, 0, 0, 0, 0, 747, 704, 722, 722, 778, 722, 667, 778, 833, 407, 611, 741, 667, 944, 815, 778, 667, 0, 741, 667, 685, 815, 704, 926, 0, 685, 0, 333, 0, 333, 0, 0, 0, 574, 556, 444, 611, 444, 333, 537, 611, 333, 315, 556, 333, 889, 611, 500, 574, 556, 444, 444, 352, 611, 519, 778, 500, 500, 463, 0, 0, 0, 0, 0, 0, 0, 0, 0, 0, 0, 0, 0, 0, 0, 0, 0, 0, 0, 0, 0, 0, 0, 204, 389, 389, 0, 500]}, but is not installed. Consider installing fontTools if you encounter encoding problems.
fontTools is required to fully parse the encoding of a CFF Type1 font in font dictionary {'/BaseFont': '/IIMBFH+NewCenturySchlbk-Roman', '/Encoding': IndirectObject(1193, 0, 127413185015840), '/FirstChar': 23, '/FontDescriptor': IndirectObject(1196, 0, 127413185015840), '/LastChar': 184, '/Subtype': '/Type1', '/Type': '/Font', '/Widths': [333, 0, 0, 0, 0, 0, 0, 611, 611, 278, 0, 0, 556, 0, 833, 815, 0, 333, 333, 500, 0, 278, 333, 278, 278, 556, 556, 556, 556, 556, 556, 556, 556, 556, 556, 278, 278, 0, 0, 0, 444, 737, 722, 722, 722, 778, 722, 667, 778, 833, 407, 556, 778, 667, 944, 815, 778, 667, 778, 722, 630, 667, 815, 722, 981, 704, 704, 611, 333, 0, 333, 0, 500, 0, 556, 556, 444, 574, 500, 333, 537, 611, 315, 296, 593, 315, 889, 611, 500, 574, 556, 444, 463, 389, 611, 537, 778, 537, 537, 481, 0, 0, 0, 0, 0, 0, 0, 0, 0, 0, 0, 0, 0, 0, 0, 0, 0, 0, 0, 0, 0, 0, 204, 204, 389, 389, 0, 556, 1000, 0, 0, 0, 0, 0, 0, 0, 0, 278, 0, 0, 0, 0, 0, 0, 500, 0, 0, 0, 0, 0, 333, 0, 0, 0, 0, 0, 0, 0, 0, 606, 0, 333]}, but is not installed. Consider installing fontTools if you encounter encoding problems.
fontTools is required to fully parse the encoding of a CFF Type1 font in font dictionary {'/BaseFont': '/IIMBFG+NewCenturySchlbk-Italic', '/Encoding': IndirectObject(1193, 0, 127413185015840), '/FirstChar': 30, '/FontDescriptor': IndirectObject(1194, 0, 127413185015840), '/LastChar': 150, '/Subtype': '/Type1', '/Type': '/Font', '/Widths': [611, 611, 278, 0, 0, 0, 0, 0, 852, 0, 333, 333, 0, 0, 278, 333, 278, 606, 556, 556, 556, 556, 556, 556, 556, 556, 556, 556, 278, 278, 0, 0, 0, 0, 747, 704, 722, 722, 778, 722, 667, 778, 833, 407, 611, 741, 667, 944, 815, 778, 667, 0, 741, 667, 685, 815, 704, 926, 0, 685, 0, 333, 0, 333, 0, 0, 0, 574, 556, 444, 611, 444, 333, 537, 611, 333, 315, 556, 333, 889, 611, 500, 574, 556, 444, 444, 352, 611, 519, 778, 500, 500, 463, 0, 0, 0, 0, 0, 0, 0, 0, 0, 0, 0, 0, 0, 0, 0, 0, 0, 0, 0, 0, 0, 0, 0, 204, 389, 389, 0, 500]}, but is not installed. Consider installing fontTools if you encounter encoding problems.
fontTools is required to fully parse the encoding of a CFF Type1 font in font dictionary {'/BaseFont': '/IIMBFH+NewCenturySchlbk-Roman', '/Encoding': IndirectObject(1193, 0, 127413185015840), '/FirstChar': 23, '/FontDescriptor': IndirectObject(1196, 0, 127413185015840), '/LastChar': 184, '/Subtype': '/Type1', '/Type': '/Font', '/Widths': [333, 0, 0, 0, 0, 0, 0, 611, 611, 278, 0, 0, 556, 0, 833, 815, 0, 333, 333, 500, 0, 278, 333, 278, 278, 556, 556, 556, 556, 556, 556, 556, 556, 556, 556, 278, 278, 0, 0, 0, 444, 737, 722, 722, 722, 778, 722, 667, 778, 833, 407, 556, 778, 667, 944, 815, 778, 667, 778, 722, 630, 667, 815, 722, 981, 704, 704, 611, 333, 0, 333, 0, 500, 0, 556, 556, 444, 574, 500, 333, 537, 611, 315, 296, 593, 315, 889, 611, 500, 574, 556, 444, 463, 389, 611, 537, 778, 537, 537, 481, 0, 0, 0, 0, 0, 0, 0, 0, 0, 0, 0, 0, 0, 0, 0, 0, 0, 0, 0, 0, 0, 0, 204, 204, 389, 389, 0, 556, 1000, 0, 0, 0, 0, 0, 0, 0, 0, 278, 0, 0, 0, 0, 0, 0, 500, 0, 0, 0, 0, 0, 333, 0, 0, 0, 0, 0, 0, 0, 0, 606, 0, 333]}, but is not installed. Consider installing fontTools if you encounter encoding problems.
fontTools is required to fully parse the encoding of a CFF Type1 font in font dictionary {'/BaseFont': '/IIMBGK+NewCenturySchlbk-Bold', '/Encoding': '/MacRomanEncoding', '/FirstChar': 32, '/FontDescriptor': IndirectObject(1198, 0, 127413185015840), '/LastChar': 222, '/Subtype': '/Type1', '/Type': '/Font', '/Widths': [287, 0, 0, 0, 0, 0, 0, 0, 0, 0, 0, 0, 278, 0, 278, 278, 574, 574, 574, 574, 574, 574, 574, 574, 574, 574, 278, 0, 0, 0, 0, 0, 0, 759, 778, 778, 833, 759, 722, 833, 870, 444, 648, 815, 722, 981, 833, 833, 759, 0, 815, 667, 722, 833, 759, 981, 0, 722, 0, 0, 0, 0, 0, 0, 0, 611, 648, 556, 667, 574, 389, 611, 685, 370, 0, 667, 352, 963, 685, 611, 667, 648, 519, 500, 426, 685, 611, 889, 611, 611, 537, 0, 0, 0, 0, 287, 0, 0, 0, 0, 0, 0, 0, 0, 0, 0, 0, 0, 0, 0, 0, 0, 0, 0, 0, 0, 0, 0, 0, 0, 0, 0, 0, 0, 0, 0, 0, 0, 0, 0, 0, 0, 0, 0, 0, 0, 0, 0, 0, 0, 0, 287, 0, 0, 287, 0, 287, 287, 0, 0, 287, 287, 287, 287, 287, 0, 0, 287, 0, 0, 0, 0, 0, 287, 0, 287, 287, 0, 0, 0, 287, 0, 0, 0, 0, 0, 0, 0, 0, 0, 0, 241, 0, 287, 0, 0, 0, 0, 0, 0, 685]}, but is not installed. Consider installing fontTools if you encounter encoding problems.
fontTools is required to fully parse the encoding of a CFF Type1 font in font dictionary {'/BaseFont': '/IIMBFG+NewCenturySchlbk-Italic', '/Encoding': IndirectObject(1193, 0, 127413185015840), '/FirstChar': 30, '/FontDescriptor': IndirectObject(1194, 0, 127413185015840), '/LastChar': 150, '/Subtype': '/Type1', '/Type': '/Font', '/Widths': [611, 611, 278, 0, 0, 0, 0, 0, 852, 0, 333, 333, 0, 0, 278, 333, 278, 606, 556, 556, 556, 556, 556, 556, 556, 556, 556, 556, 278, 278, 0, 0, 0, 0, 747, 704, 722, 722, 778, 722, 667, 778, 833, 407, 611, 741, 667, 944, 815, 778, 667, 0, 741, 667, 685, 815, 704, 926, 0, 685, 0, 333, 0, 333, 0, 0, 0, 574, 556, 444, 611, 444, 333, 537, 611, 333, 315, 556, 333, 889, 611, 500, 574, 556, 444, 444, 352, 611, 519, 778, 500, 500, 463, 0, 0, 0, 0, 0, 0, 0, 0, 0, 0, 0, 0, 0, 0, 0, 0, 0, 0, 0, 0, 0, 0, 0, 204, 389, 389, 0, 500]}, but is not installed. Consider installing fontTools if you encounter encoding problems.
fontTools is required to fully parse the encoding of a CFF Type1 font in font dictionary {'/BaseFont': '/IIMBFH+NewCenturySchlbk-Roman', '/Encoding': IndirectObject(1193, 0, 127413185015840), '/FirstChar': 23, '/FontDescriptor': IndirectObject(1196, 0, 127413185015840), '/LastChar': 184, '/Subtype': '/Type1', '/Type': '/Font', '/Widths': [333, 0, 0, 0, 0, 0, 0, 611, 611, 278, 0, 0, 556, 0, 833, 815, 0, 333, 333, 500, 0, 278, 333, 278, 278, 556, 556, 556, 556, 556, 556, 556, 556, 556, 556, 278, 278, 0, 0, 0, 444, 737, 722, 722, 722, 778, 722, 667, 778, 833, 407, 556, 778, 667, 944, 815, 778, 667, 778, 722, 630, 667, 815, 722, 981, 704, 704, 611, 333, 0, 333, 0, 500, 0, 556, 556, 444, 574, 500, 333, 537, 611, 315, 296, 593, 315, 889, 611, 500, 574, 556, 444, 463, 389, 611, 537, 778, 537, 537, 481, 0, 0, 0, 0, 0, 0, 0, 0, 0, 0, 0, 0, 0, 0, 0, 0, 0, 0, 0, 0, 0, 0, 204, 204, 389, 389, 0, 556, 1000, 0, 0, 0, 0, 0, 0, 0, 0, 278, 0, 0, 0, 0, 0, 0, 500, 0, 0, 0, 0, 0, 333, 0, 0, 0, 0, 0, 0, 0, 0, 606, 0, 333]}, but is not installed. Consider installing fontTools if you encounter encoding problems.
fontTools is required to fully parse the encoding of a CFF Type1 font in font dictionary {'/BaseFont': '/IIMBGK+NewCenturySchlbk-Bold', '/Encoding': '/MacRomanEncoding', '/FirstChar': 32, '/FontDescriptor': IndirectObject(1198, 0, 127413185015840), '/LastChar': 222, '/Subtype': '/Type1', '/Type': '/Font', '/Widths': [287, 0, 0, 0, 0, 0, 0, 0, 0, 0, 0, 0, 278, 0, 278, 278, 574, 574, 574, 574, 574, 574, 574, 574, 574, 574, 278, 0, 0, 0, 0, 0, 0, 759, 778, 778, 833, 759, 722, 833, 870, 444, 648, 815, 722, 981, 833, 833, 759, 0, 815, 667, 722, 833, 759, 981, 0, 722, 0, 0, 0, 0, 0, 0, 0, 611, 648, 556, 667, 574, 389, 611, 685, 370, 0, 667, 352, 963, 685, 611, 667, 648, 519, 500, 426, 685, 611, 889, 611, 611, 537, 0, 0, 0, 0, 287, 0, 0, 0, 0, 0, 0, 0, 0, 0, 0, 0, 0, 0, 0, 0, 0, 0, 0, 0, 0, 0, 0, 0, 0, 0, 0, 0, 0, 0, 0, 0, 0, 0, 0, 0, 0, 0, 0, 0, 0, 0, 0, 0, 0, 0, 287, 0, 0, 287, 0, 287, 287, 0, 0, 287, 287, 287, 287, 287, 0, 0, 287, 0, 0, 0, 0, 0, 287, 0, 287, 287, 0, 0, 0, 287, 0, 0, 0, 0, 0, 0, 0, 0, 0, 0, 241, 0, 287, 0, 0, 0, 0, 0, 0, 685]}, but is not installed. Consider installing fontTools if you encounter encoding problems.
fontTools is required to fully parse the encoding of a CFF Type1 font in font dictionary {'/BaseFont': '/IIMBFH+NewCenturySchlbk-Roman', '/Encoding': IndirectObject(1193, 0, 127413185015840), '/FirstChar': 23, '/FontDescriptor': IndirectObject(1196, 0, 127413185015840), '/LastChar': 184, '/Subtype': '/Type1', '/Type': '/Font', '/Widths': [333, 0, 0, 0, 0, 0, 0, 611, 611, 278, 0, 0, 556, 0, 833, 815, 0, 333, 333, 500, 0, 278, 333, 278, 278, 556, 556, 556, 556, 556, 556, 556, 556, 556, 556, 278, 278, 0, 0, 0, 444, 737, 722, 722, 722, 778, 722, 667, 778, 833, 407, 556, 778, 667, 944, 815, 778, 667, 778, 722, 630, 667, 815, 722, 981, 704, 704, 611, 333, 0, 333, 0, 500, 0, 556, 556, 444, 574, 500, 333, 537, 611, 315, 296, 593, 315, 889, 611, 500, 574, 556, 444, 463, 389, 611, 537, 778, 537, 537, 481, 0, 0, 0, 0, 0, 0, 0, 0, 0, 0, 0, 0, 0, 0, 0, 0, 0, 0, 0, 0, 0, 0, 204, 204, 389, 389, 0, 556, 1000, 0, 0, 0, 0, 0, 0, 0, 0, 278, 0, 0, 0, 0, 0, 0, 500, 0, 0, 0, 0, 0, 333, 0, 0, 0, 0, 0, 0, 0, 0, 606, 0, 333]}, but is not installed. Consider installing fontTools if you encounter encoding problems.
fontTools is required to fully parse the encoding of a CFF Type1 font in font dictionary {'/BaseFont': '/IIMBGK+NewCenturySchlbk-Bold', '/Encoding': '/MacRomanEncoding', '/FirstChar': 32, '/FontDescriptor': IndirectObject(1198, 0, 127413185015840), '/LastChar': 222, '/Subtype': '/Type1', '/Type': '/Font', '/Widths': [287, 0, 0, 0, 0, 0, 0, 0, 0, 0, 0, 0, 278, 0, 278, 278, 574, 574, 574, 574, 574, 574, 574, 574, 574, 574, 278, 0, 0, 0, 0, 0, 0, 759, 778, 778, 833, 759, 722, 833, 870, 444, 648, 815, 722, 981, 833, 833, 759, 0, 815, 667, 722, 833, 759, 981, 0, 722, 0, 0, 0, 0, 0, 0, 0, 611, 648, 556, 667, 574, 389, 611, 685, 370, 0, 667, 352, 963, 685, 611, 667, 648, 519, 500, 426, 685, 611, 889, 611, 611, 537, 0, 0, 0, 0, 287, 0, 0, 0, 0, 0, 0, 0, 0, 0, 0, 0, 0, 0, 0, 0, 0, 0, 0, 0, 0, 0, 0, 0, 0, 0, 0, 0, 0, 0, 0, 0, 0, 0, 0, 0, 0, 0, 0, 0, 0, 0, 0, 0, 0, 0, 287, 0, 0, 287, 0, 287, 287, 0, 0, 287, 287, 287, 287, 287, 0, 0, 287, 0, 0, 0, 0, 0, 287, 0, 287, 287, 0, 0, 0, 287, 0, 0, 0, 0, 0, 0, 0, 0, 0, 0, 241, 0, 287, 0, 0, 0, 0, 0, 0, 685]}, but is not installed. Consider installing fontTools if you encounter encoding problems.
fontTools is required to fully parse the encoding of a CFF Type1 font in font dictionary {'/BaseFont': '/IIMBFG+NewCenturySchlbk-Italic', '/Encoding': IndirectObject(1193, 0, 127413185015840), '/FirstChar': 30, '/FontDescriptor': IndirectObject(1194, 0, 127413185015840), '/LastChar': 150, '/Subtype': '/Type1', '/Type': '/Font', '/Widths': [611, 611, 278, 0, 0, 0, 0, 0, 852, 0, 333, 333, 0, 0, 278, 333, 278, 606, 556, 556, 556, 556, 556, 556, 556, 556, 556, 556, 278, 278, 0, 0, 0, 0, 747, 704, 722, 722, 778, 722, 667, 778, 833, 407, 611, 741, 667, 944, 815, 778, 667, 0, 741, 667, 685, 815, 704, 926, 0, 685, 0, 333, 0, 333, 0, 0, 0, 574, 556, 444, 611, 444, 333, 537, 611, 333, 315, 556, 333, 889, 611, 500, 574, 556, 444, 444, 352, 611, 519, 778, 500, 500, 463, 0, 0, 0, 0, 0, 0, 0, 0, 0, 0, 0, 0, 0, 0, 0, 0, 0, 0, 0, 0, 0, 0, 0, 204, 389, 389, 0, 500]}, but is not installed. Consider installing fontTools if you encounter encoding problems.
fontTools is required to fully parse the encoding of a CFF Type1 font in font dictionary {'/BaseFont': '/IIMBFH+NewCenturySchlbk-Roman', '/Encoding': IndirectObject(1193, 0, 127413185015840), '/FirstChar': 23, '/FontDescriptor': IndirectObject(1196, 0, 127413185015840), '/LastChar': 184, '/Subtype': '/Type1', '/Type': '/Font', '/Widths': [333, 0, 0, 0, 0, 0, 0, 611, 611, 278, 0, 0, 556, 0, 833, 815, 0, 333, 333, 500, 0, 278, 333, 278, 278, 556, 556, 556, 556, 556, 556, 556, 556, 556, 556, 278, 278, 0, 0, 0, 444, 737, 722, 722, 722, 778, 722, 667, 778, 833, 407, 556, 778, 667, 944, 815, 778, 667, 778, 722, 630, 667, 815, 722, 981, 704, 704, 611, 333, 0, 333, 0, 500, 0, 556, 556, 444, 574, 500, 333, 537, 611, 315, 296, 593, 315, 889, 611, 500, 574, 556, 444, 463, 389, 611, 537, 778, 537, 537, 481, 0, 0, 0, 0, 0, 0, 0, 0, 0, 0, 0, 0, 0, 0, 0, 0, 0, 0, 0, 0, 0, 0, 204, 204, 389, 389, 0, 556, 1000, 0, 0, 0, 0, 0, 0, 0, 0, 278, 0, 0, 0, 0, 0, 0, 500, 0, 0, 0, 0, 0, 333, 0, 0, 0, 0, 0, 0, 0, 0, 606, 0, 333]}, but is not installed. Consider installing fontTools if you encounter encoding problems.
fontTools is required to fully parse the encoding of a CFF Type1 font in font dictionary {'/BaseFont': '/IIMBFG+NewCenturySchlbk-Italic', '/Encoding': IndirectObject(1193, 0, 127413185015840), '/FirstChar': 30, '/FontDescriptor': IndirectObject(1194, 0, 127413185015840), '/LastChar': 150, '/Subtype': '/Type1', '/Type': '/Font', '/Widths': [611, 611, 278, 0, 0, 0, 0, 0, 852, 0, 333, 333, 0, 0, 278, 333, 278, 606, 556, 556, 556, 556, 556, 556, 556, 556, 556, 556, 278, 278, 0, 0, 0, 0, 747, 704, 722, 722, 778, 722, 667, 778, 833, 407, 611, 741, 667, 944, 815, 778, 667, 0, 741, 667, 685, 815, 704, 926, 0, 685, 0, 333, 0, 333, 0, 0, 0, 574, 556, 444, 611, 444, 333, 537, 611, 333, 315, 556, 333, 889, 611, 500, 574, 556, 444, 444, 352, 611, 519, 778, 500, 500, 463, 0, 0, 0, 0, 0, 0, 0, 0, 0, 0, 0, 0, 0, 0, 0, 0, 0, 0, 0, 0, 0, 0, 0, 204, 389, 389, 0, 500]}, but is not installed. Consider installing fontTools if you encounter encoding problems.
fontTools is required to fully parse the encoding of a CFF Type1 font in font dictionary {'/BaseFont': '/IIMBFH+NewCenturySchlbk-Roman', '/Encoding': IndirectObject(1193, 0, 127413185015840), '/FirstChar': 23, '/FontDescriptor': IndirectObject(1196, 0, 127413185015840), '/LastChar': 184, '/Subtype': '/Type1', '/Type': '/Font', '/Widths': [333, 0, 0, 0, 0, 0, 0, 611, 611, 278, 0, 0, 556, 0, 833, 815, 0, 333, 333, 500, 0, 278, 333, 278, 278, 556, 556, 556, 556, 556, 556, 556, 556, 556, 556, 278, 278, 0, 0, 0, 444, 737, 722, 722, 722, 778, 722, 667, 778, 833, 407, 556, 778, 667, 944, 815, 778, 667, 778, 722, 630, 667, 815, 722, 981, 704, 704, 611, 333, 0, 333, 0, 500, 0, 556, 556, 444, 574, 500, 333, 537, 611, 315, 296, 593, 315, 889, 611, 500, 574, 556, 444, 463, 389, 611, 537, 778, 537, 537, 481, 0, 0, 0, 0, 0, 0, 0, 0, 0, 0, 0, 0, 0, 0, 0, 0, 0, 0, 0, 0, 0, 0, 204, 204, 389, 389, 0, 556, 1000, 0, 0, 0, 0, 0, 0, 0, 0, 278, 0, 0, 0, 0, 0, 0, 500, 0, 0, 0, 0, 0, 333, 0, 0, 0, 0, 0, 0, 0, 0, 606, 0, 333]}, but is not installed. Consider installing fontTools if you encounter encoding problems.
fontTools is required to fully parse the encoding of a CFF Type1 font in font dictionary {'/BaseFont': '/IIMBFG+NewCenturySchlbk-Italic', '/Encoding': IndirectObject(1193, 0, 127413185015840), '/FirstChar': 30, '/FontDescriptor': IndirectObject(1194, 0, 127413185015840), '/LastChar': 150, '/Subtype': '/Type1', '/Type': '/Font', '/Widths': [611, 611, 278, 0, 0, 0, 0, 0, 852, 0, 333, 333, 0, 0, 278, 333, 278, 606, 556, 556, 556, 556, 556, 556, 556, 556, 556, 556, 278, 278, 0, 0, 0, 0, 747, 704, 722, 722, 778, 722, 667, 778, 833, 407, 611, 741, 667, 944, 815, 778, 667, 0, 741, 667, 685, 815, 704, 926, 0, 685, 0, 333, 0, 333, 0, 0, 0, 574, 556, 444, 611, 444, 333, 537, 611, 333, 315, 556, 333, 889, 611, 500, 574, 556, 444, 444, 352, 611, 519, 778, 500, 500, 463, 0, 0, 0, 0, 0, 0, 0, 0, 0, 0, 0, 0, 0, 0, 0, 0, 0, 0, 0, 0, 0, 0, 0, 204, 389, 389, 0, 500]}, but is not installed. Consider installing fontTools if you encounter encoding problems.
fontTools is required to fully parse the encoding of a CFF Type1 font in font dictionary {'/BaseFont': '/IIMBFH+NewCenturySchlbk-Roman', '/Encoding': IndirectObject(1193, 0, 127413185015840), '/FirstChar': 23, '/FontDescriptor': IndirectObject(1196, 0, 127413185015840), '/LastChar': 184, '/Subtype': '/Type1', '/Type': '/Font', '/Widths': [333, 0, 0, 0, 0, 0, 0, 611, 611, 278, 0, 0, 556, 0, 833, 815, 0, 333, 333, 500, 0, 278, 333, 278, 278, 556, 556, 556, 556, 556, 556, 556, 556, 556, 556, 278, 278, 0, 0, 0, 444, 737, 722, 722, 722, 778, 722, 667, 778, 833, 407, 556, 778, 667, 944, 815, 778, 667, 778, 722, 630, 667, 815, 722, 981, 704, 704, 611, 333, 0, 333, 0, 500, 0, 556, 556, 444, 574, 500, 333, 537, 611, 315, 296, 593, 315, 889, 611, 500, 574, 556, 444, 463, 389, 611, 537, 778, 537, 537, 481, 0, 0, 0, 0, 0, 0, 0, 0, 0, 0, 0, 0, 0, 0, 0, 0, 0, 0, 0, 0, 0, 0, 204, 204, 389, 389, 0, 556, 1000, 0, 0, 0, 0, 0, 0, 0, 0, 278, 0, 0, 0, 0, 0, 0, 500, 0, 0, 0, 0, 0, 333, 0, 0, 0, 0, 0, 0, 0, 0, 606, 0, 333]}, but is not installed. Consider installing fontTools if you encounter encoding problems.
fontTools is required to fully parse the encoding of a CFF Type1 font in font dictionary {'/BaseFont': '/IIMBFG+NewCenturySchlbk-Italic', '/Encoding': IndirectObject(1193, 0, 127413185015840), '/FirstChar': 30, '/FontDescriptor': IndirectObject(1194, 0, 127413185015840), '/LastChar': 150, '/Subtype': '/Type1', '/Type': '/Font', '/Widths': [611, 611, 278, 0, 0, 0, 0, 0, 852, 0, 333, 333, 0, 0, 278, 333, 278, 606, 556, 556, 556, 556, 556, 556, 556, 556, 556, 556, 278, 278, 0, 0, 0, 0, 747, 704, 722, 722, 778, 722, 667, 778, 833, 407, 611, 741, 667, 944, 815, 778, 667, 0, 741, 667, 685, 815, 704, 926, 0, 685, 0, 333, 0, 333, 0, 0, 0, 574, 556, 444, 611, 444, 333, 537, 611, 333, 315, 556, 333, 889, 611, 500, 574, 556, 444, 444, 352, 611, 519, 778, 500, 500, 463, 0, 0, 0, 0, 0, 0, 0, 0, 0, 0, 0, 0, 0, 0, 0, 0, 0, 0, 0, 0, 0, 0, 0, 204, 389, 389, 0, 500]}, but is not installed. Consider installing fontTools if you encounter encoding problems.
fontTools is required to fully parse the encoding of a CFF Type1 font in font dictionary {'/BaseFont': '/IIMBFH+NewCenturySchlbk-Roman', '/Encoding': IndirectObject(1193, 0, 127413185015840), '/FirstChar': 23, '/FontDescriptor': IndirectObject(1196, 0, 127413185015840), '/LastChar': 184, '/Subtype': '/Type1', '/Type': '/Font', '/Widths': [333, 0, 0, 0, 0, 0, 0, 611, 611, 278, 0, 0, 556, 0, 833, 815, 0, 333, 333, 500, 0, 278, 333, 278, 278, 556, 556, 556, 556, 556, 556, 556, 556, 556, 556, 278, 278, 0, 0, 0, 444, 737, 722, 722, 722, 778, 722, 667, 778, 833, 407, 556, 778, 667, 944, 815, 778, 667, 778, 722, 630, 667, 815, 722, 981, 704, 704, 611, 333, 0, 333, 0, 500, 0, 556, 556, 444, 574, 500, 333, 537, 611, 315, 296, 593, 315, 889, 611, 500, 574, 556, 444, 463, 389, 611, 537, 778, 537, 537, 481, 0, 0, 0, 0, 0, 0, 0, 0, 0, 0, 0, 0, 0, 0, 0, 0, 0, 0, 0, 0, 0, 0, 204, 204, 389, 389, 0, 556, 1000, 0, 0, 0, 0, 0, 0, 0, 0, 278, 0, 0, 0, 0, 0, 0, 500, 0, 0, 0, 0, 0, 333, 0, 0, 0, 0, 0, 0, 0, 0, 606, 0, 333]}, but is not installed. Consider installing fontTools if you encounter encoding problems.
fontTools is required to fully parse the encoding of a CFF Type1 font in font dictionary {'/BaseFont': '/IIMBFG+NewCenturySchlbk-Italic', '/Encoding': IndirectObject(1193, 0, 127413185015840), '/FirstChar': 30, '/FontDescriptor': IndirectObject(1194, 0, 127413185015840), '/LastChar': 150, '/Subtype': '/Type1', '/Type': '/Font', '/Widths': [611, 611, 278, 0, 0, 0, 0, 0, 852, 0, 333, 333, 0, 0, 278, 333, 278, 606, 556, 556, 556, 556, 556, 556, 556, 556, 556, 556, 278, 278, 0, 0, 0, 0, 747, 704, 722, 722, 778, 722, 667, 778, 833, 407, 611, 741, 667, 944, 815, 778, 667, 0, 741, 667, 685, 815, 704, 926, 0, 685, 0, 333, 0, 333, 0, 0, 0, 574, 556, 444, 611, 444, 333, 537, 611, 333, 315, 556, 333, 889, 611, 500, 574, 556, 444, 444, 352, 611, 519, 778, 500, 500, 463, 0, 0, 0, 0, 0, 0, 0, 0, 0, 0, 0, 0, 0, 0, 0, 0, 0, 0, 0, 0, 0, 0, 0, 204, 389, 389, 0, 500]}, but is not installed. Consider installing fontTools if you encounter encoding problems.
fontTools is required to fully parse the encoding of a CFF Type1 font in font dictionary {'/BaseFont': '/IIMBFH+NewCenturySchlbk-Roman', '/Encoding': IndirectObject(1193, 0, 127413185015840), '/FirstChar': 23, '/FontDescriptor': IndirectObject(1196, 0, 127413185015840), '/LastChar': 184, '/Subtype': '/Type1', '/Type': '/Font', '/Widths': [333, 0, 0, 0, 0, 0, 0, 611, 611, 278, 0, 0, 556, 0, 833, 815, 0, 333, 333, 500, 0, 278, 333, 278, 278, 556, 556, 556, 556, 556, 556, 556, 556, 556, 556, 278, 278, 0, 0, 0, 444, 737, 722, 722, 722, 778, 722, 667, 778, 833, 407, 556, 778, 667, 944, 815, 778, 667, 778, 722, 630, 667, 815, 722, 981, 704, 704, 611, 333, 0, 333, 0, 500, 0, 556, 556, 444, 574, 500, 333, 537, 611, 315, 296, 593, 315, 889, 611, 500, 574, 556, 444, 463, 389, 611, 537, 778, 537, 537, 481, 0, 0, 0, 0, 0, 0, 0, 0, 0, 0, 0, 0, 0, 0, 0, 0, 0, 0, 0, 0, 0, 0, 204, 204, 389, 389, 0, 556, 1000, 0, 0, 0, 0, 0, 0, 0, 0, 278, 0, 0, 0, 0, 0, 0, 500, 0, 0, 0, 0, 0, 333, 0, 0, 0, 0, 0, 0, 0, 0, 606, 0, 333]}, but is not installed. Consider installing fontTools if you encounter encoding problems.
fontTools is required to fully parse the encoding of a CFF Type1 font in font dictionary {'/BaseFont': '/IIMBFG+NewCenturySchlbk-Italic', '/Encoding': IndirectObject(1193, 0, 127413185015840), '/FirstChar': 30, '/FontDescriptor': IndirectObject(1194, 0, 127413185015840), '/LastChar': 150, '/Subtype': '/Type1', '/Type': '/Font', '/Widths': [611, 611, 278, 0, 0, 0, 0, 0, 852, 0, 333, 333, 0, 0, 278, 333, 278, 606, 556, 556, 556, 556, 556, 556, 556, 556, 556, 556, 278, 278, 0, 0, 0, 0, 747, 704, 722, 722, 778, 722, 667, 778, 833, 407, 611, 741, 667, 944, 815, 778, 667, 0, 741, 667, 685, 815, 704, 926, 0, 685, 0, 333, 0, 333, 0, 0, 0, 574, 556, 444, 611, 444, 333, 537, 611, 333, 315, 556, 333, 889, 611, 500, 574, 556, 444, 444, 352, 611, 519, 778, 500, 500, 463, 0, 0, 0, 0, 0, 0, 0, 0, 0, 0, 0, 0, 0, 0, 0, 0, 0, 0, 0, 0, 0, 0, 0, 204, 389, 389, 0, 500]}, but is not installed. Consider installing fontTools if you encounter encoding problems.
fontTools is required to fully parse the encoding of a CFF Type1 font in font dictionary {'/BaseFont': '/IIMBFH+NewCenturySchlbk-Roman', '/Encoding': IndirectObject(1193, 0, 127413185015840), '/FirstChar': 23, '/FontDescriptor': IndirectObject(1196, 0, 127413185015840), '/LastChar': 184, '/Subtype': '/Type1', '/Type': '/Font', '/Widths': [333, 0, 0, 0, 0, 0, 0, 611, 611, 278, 0, 0, 556, 0, 833, 815, 0, 333, 333, 500, 0, 278, 333, 278, 278, 556, 556, 556, 556, 556, 556, 556, 556, 556, 556, 278, 278, 0, 0, 0, 444, 737, 722, 722, 722, 778, 722, 667, 778, 833, 407, 556, 778, 667, 944, 815, 778, 667, 778, 722, 630, 667, 815, 722, 981, 704, 704, 611, 333, 0, 333, 0, 500, 0, 556, 556, 444, 574, 500, 333, 537, 611, 315, 296, 593, 315, 889, 611, 500, 574, 556, 444, 463, 389, 611, 537, 778, 537, 537, 481, 0, 0, 0, 0, 0, 0, 0, 0, 0, 0, 0, 0, 0, 0, 0, 0, 0, 0, 0, 0, 0, 0, 204, 204, 389, 389, 0, 556, 1000, 0, 0, 0, 0, 0, 0, 0, 0, 278, 0, 0, 0, 0, 0, 0, 500, 0, 0, 0, 0, 0, 333, 0, 0, 0, 0, 0, 0, 0, 0, 606, 0, 333]}, but is not installed. Consider installing fontTools if you encounter encoding problems.
fontTools is required to fully parse the encoding of a CFF Type1 font in font dictionary {'/BaseFont': '/IIMBFH+NewCenturySchlbk-Roman', '/Encoding': IndirectObject(1193, 0, 127413185015840), '/FirstChar': 23, '/FontDescriptor': IndirectObject(1196, 0, 127413185015840), '/LastChar': 184, '/Subtype': '/Type1', '/Type': '/Font', '/Widths': [333, 0, 0, 0, 0, 0, 0, 611, 611, 278, 0, 0, 556, 0, 833, 815, 0, 333, 333, 500, 0, 278, 333, 278, 278, 556, 556, 556, 556, 556, 556, 556, 556, 556, 556, 278, 278, 0, 0, 0, 444, 737, 722, 722, 722, 778, 722, 667, 778, 833, 407, 556, 778, 667, 944, 815, 778, 667, 778, 722, 630, 667, 815, 722, 981, 704, 704, 611, 333, 0, 333, 0, 500, 0, 556, 556, 444, 574, 500, 333, 537, 611, 315, 296, 593, 315, 889, 611, 500, 574, 556, 444, 463, 389, 611, 537, 778, 537, 537, 481, 0, 0, 0, 0, 0, 0, 0, 0, 0, 0, 0, 0, 0, 0, 0, 0, 0, 0, 0, 0, 0, 0, 204, 204, 389, 389, 0, 556, 1000, 0, 0, 0, 0, 0, 0, 0, 0, 278, 0, 0, 0, 0, 0, 0, 500, 0, 0, 0, 0, 0, 333, 0, 0, 0, 0, 0, 0, 0, 0, 606, 0, 333]}, but is not installed. Consider installing fontTools if you encounter encoding problems.
fontTools is required to fully parse the encoding of a CFF Type1 font in font dictionary {'/BaseFont': '/IIMBFG+NewCenturySchlbk-Italic', '/Encoding': IndirectObject(1193, 0, 127413185015840), '/FirstChar': 30, '/FontDescriptor': IndirectObject(1194, 0, 127413185015840), '/LastChar': 150, '/Subtype': '/Type1', '/Type': '/Font', '/Widths': [611, 611, 278, 0, 0, 0, 0, 0, 852, 0, 333, 333, 0, 0, 278, 333, 278, 606, 556, 556, 556, 556, 556, 556, 556, 556, 556, 556, 278, 278, 0, 0, 0, 0, 747, 704, 722, 722, 778, 722, 667, 778, 833, 407, 611, 741, 667, 944, 815, 778, 667, 0, 741, 667, 685, 815, 704, 926, 0, 685, 0, 333, 0, 333, 0, 0, 0, 574, 556, 444, 611, 444, 333, 537, 611, 333, 315, 556, 333, 889, 611, 500, 574, 556, 444, 444, 352, 611, 519, 778, 500, 500, 463, 0, 0, 0, 0, 0, 0, 0, 0, 0, 0, 0, 0, 0, 0, 0, 0, 0, 0, 0, 0, 0, 0, 0, 204, 389, 389, 0, 500]}, but is not installed. Consider installing fontTools if you encounter encoding problems.
fontTools is required to fully parse the encoding of a CFF Type1 font in font dictionary {'/BaseFont': '/IIMBFH+NewCenturySchlbk-Roman', '/Encoding': IndirectObject(1193, 0, 127413185015840), '/FirstChar': 23, '/FontDescriptor': IndirectObject(1196, 0, 127413185015840), '/LastChar': 184, '/Subtype': '/Type1', '/Type': '/Font', '/Widths': [333, 0, 0, 0, 0, 0, 0, 611, 611, 278, 0, 0, 556, 0, 833, 815, 0, 333, 333, 500, 0, 278, 333, 278, 278, 556, 556, 556, 556, 556, 556, 556, 556, 556, 556, 278, 278, 0, 0, 0, 444, 737, 722, 722, 722, 778, 722, 667, 778, 833, 407, 556, 778, 667, 944, 815, 778, 667, 778, 722, 630, 667, 815, 722, 981, 704, 704, 611, 333, 0, 333, 0, 500, 0, 556, 556, 444, 574, 500, 333, 537, 611, 315, 296, 593, 315, 889, 611, 500, 574, 556, 444, 463, 389, 611, 537, 778, 537, 537, 481, 0, 0, 0, 0, 0, 0, 0, 0, 0, 0, 0, 0, 0, 0, 0, 0, 0, 0, 0, 0, 0, 0, 204, 204, 389, 389, 0, 556, 1000, 0, 0, 0, 0, 0, 0, 0, 0, 278, 0, 0, 0, 0, 0, 0, 500, 0, 0, 0, 0, 0, 333, 0, 0, 0, 0, 0, 0, 0, 0, 606, 0, 333]}, but is not installed. Consider installing fontTools if you encounter encoding problems.
fontTools is required to fully parse the encoding of a CFF Type1 font in font dictionary {'/BaseFont': '/IIMBFG+NewCenturySchlbk-Italic', '/Encoding': IndirectObject(1193, 0, 127413185015840), '/FirstChar': 30, '/FontDescriptor': IndirectObject(1194, 0, 127413185015840), '/LastChar': 150, '/Subtype': '/Type1', '/Type': '/Font', '/Widths': [611, 611, 278, 0, 0, 0, 0, 0, 852, 0, 333, 333, 0, 0, 278, 333, 278, 606, 556, 556, 556, 556, 556, 556, 556, 556, 556, 556, 278, 278, 0, 0, 0, 0, 747, 704, 722, 722, 778, 722, 667, 778, 833, 407, 611, 741, 667, 944, 815, 778, 667, 0, 741, 667, 685, 815, 704, 926, 0, 685, 0, 333, 0, 333, 0, 0, 0, 574, 556, 444, 611, 444, 333, 537, 611, 333, 315, 556, 333, 889, 611, 500, 574, 556, 444, 444, 352, 611, 519, 778, 500, 500, 463, 0, 0, 0, 0, 0, 0, 0, 0, 0, 0, 0, 0, 0, 0, 0, 0, 0, 0, 0, 0, 0, 0, 0, 204, 389, 389, 0, 500]}, but is not installed. Consider installing fontTools if you encounter encoding problems.
fontTools is required to fully parse the encoding of a CFF Type1 font in font dictionary {'/BaseFont': '/IIMBFH+NewCenturySchlbk-Roman', '/Encoding': IndirectObject(1193, 0, 127413185015840), '/FirstChar': 23, '/FontDescriptor': IndirectObject(1196, 0, 127413185015840), '/LastChar': 184, '/Subtype': '/Type1', '/Type': '/Font', '/Widths': [333, 0, 0, 0, 0, 0, 0, 611, 611, 278, 0, 0, 556, 0, 833, 815, 0, 333, 333, 500, 0, 278, 333, 278, 278, 556, 556, 556, 556, 556, 556, 556, 556, 556, 556, 278, 278, 0, 0, 0, 444, 737, 722, 722, 722, 778, 722, 667, 778, 833, 407, 556, 778, 667, 944, 815, 778, 667, 778, 722, 630, 667, 815, 722, 981, 704, 704, 611, 333, 0, 333, 0, 500, 0, 556, 556, 444, 574, 500, 333, 537, 611, 315, 296, 593, 315, 889, 611, 500, 574, 556, 444, 463, 389, 611, 537, 778, 537, 537, 481, 0, 0, 0, 0, 0, 0, 0, 0, 0, 0, 0, 0, 0, 0, 0, 0, 0, 0, 0, 0, 0, 0, 204, 204, 389, 389, 0, 556, 1000, 0, 0, 0, 0, 0, 0, 0, 0, 278, 0, 0, 0, 0, 0, 0, 500, 0, 0, 0, 0, 0, 333, 0, 0, 0, 0, 0, 0, 0, 0, 606, 0, 333]}, but is not installed. Consider installing fontTools if you encounter encoding problems.
fontTools is required to fully parse the encoding of a CFF Type1 font in font dictionary {'/BaseFont': '/IIMBFG+NewCenturySchlbk-Italic', '/Encoding': IndirectObject(1193, 0, 127413185015840), '/FirstChar': 30, '/FontDescriptor': IndirectObject(1194, 0, 127413185015840), '/LastChar': 150, '/Subtype': '/Type1', '/Type': '/Font', '/Widths': [611, 611, 278, 0, 0, 0, 0, 0, 852, 0, 333, 333, 0, 0, 278, 333, 278, 606, 556, 556, 556, 556, 556, 556, 556, 556, 556, 556, 278, 278, 0, 0, 0, 0, 747, 704, 722, 722, 778, 722, 667, 778, 833, 407, 611, 741, 667, 944, 815, 778, 667, 0, 741, 667, 685, 815, 704, 926, 0, 685, 0, 333, 0, 333, 0, 0, 0, 574, 556, 444, 611, 444, 333, 537, 611, 333, 315, 556, 333, 889, 611, 500, 574, 556, 444, 444, 352, 611, 519, 778, 500, 500, 463, 0, 0, 0, 0, 0, 0, 0, 0, 0, 0, 0, 0, 0, 0, 0, 0, 0, 0, 0, 0, 0, 0, 0, 204, 389, 389, 0, 500]}, but is not installed. Consider installing fontTools if you encounter encoding problems.
fontTools is required to fully parse the encoding of a CFF Type1 font in font dictionary {'/BaseFont': '/IIMBFH+NewCenturySchlbk-Roman', '/Encoding': IndirectObject(1193, 0, 127413185015840), '/FirstChar': 23, '/FontDescriptor': IndirectObject(1196, 0, 127413185015840), '/LastChar': 184, '/Subtype': '/Type1', '/Type': '/Font', '/Widths': [333, 0, 0, 0, 0, 0, 0, 611, 611, 278, 0, 0, 556, 0, 833, 815, 0, 333, 333, 500, 0, 278, 333, 278, 278, 556, 556, 556, 556, 556, 556, 556, 556, 556, 556, 278, 278, 0, 0, 0, 444, 737, 722, 722, 722, 778, 722, 667, 778, 833, 407, 556, 778, 667, 944, 815, 778, 667, 778, 722, 630, 667, 815, 722, 981, 704, 704, 611, 333, 0, 333, 0, 500, 0, 556, 556, 444, 574, 500, 333, 537, 611, 315, 296, 593, 315, 889, 611, 500, 574, 556, 444, 463, 389, 611, 537, 778, 537, 537, 481, 0, 0, 0, 0, 0, 0, 0, 0, 0, 0, 0, 0, 0, 0, 0, 0, 0, 0, 0, 0, 0, 0, 204, 204, 389, 389, 0, 556, 1000, 0, 0, 0, 0, 0, 0, 0, 0, 278, 0, 0, 0, 0, 0, 0, 500, 0, 0, 0, 0, 0, 333, 0, 0, 0, 0, 0, 0, 0, 0, 606, 0, 333]}, but is not installed. Consider installing fontTools if you encounter encoding problems.
fontTools is required to fully parse the encoding of a CFF Type1 font in font dictionary {'/BaseFont': '/IIMBFG+NewCenturySchlbk-Italic', '/Encoding': IndirectObject(1193, 0, 127413185015840), '/FirstChar': 30, '/FontDescriptor': IndirectObject(1194, 0, 127413185015840), '/LastChar': 150, '/Subtype': '/Type1', '/Type': '/Font', '/Widths': [611, 611, 278, 0, 0, 0, 0, 0, 852, 0, 333, 333, 0, 0, 278, 333, 278, 606, 556, 556, 556, 556, 556, 556, 556, 556, 556, 556, 278, 278, 0, 0, 0, 0, 747, 704, 722, 722, 778, 722, 667, 778, 833, 407, 611, 741, 667, 944, 815, 778, 667, 0, 741, 667, 685, 815, 704, 926, 0, 685, 0, 333, 0, 333, 0, 0, 0, 574, 556, 444, 611, 444, 333, 537, 611, 333, 315, 556, 333, 889, 611, 500, 574, 556, 444, 444, 352, 611, 519, 778, 500, 500, 463, 0, 0, 0, 0, 0, 0, 0, 0, 0, 0, 0, 0, 0, 0, 0, 0, 0, 0, 0, 0, 0, 0, 0, 204, 389, 389, 0, 500]}, but is not installed. Consider installing fontTools if you encounter encoding problems.
fontTools is required to fully parse the encoding of a CFF Type1 font in font dictionary {'/BaseFont': '/IIMBFH+NewCenturySchlbk-Roman', '/Encoding': IndirectObject(1193, 0, 127413185015840), '/FirstChar': 23, '/FontDescriptor': IndirectObject(1196, 0, 127413185015840), '/LastChar': 184, '/Subtype': '/Type1', '/Type': '/Font', '/Widths': [333, 0, 0, 0, 0, 0, 0, 611, 611, 278, 0, 0, 556, 0, 833, 815, 0, 333, 333, 500, 0, 278, 333, 278, 278, 556, 556, 556, 556, 556, 556, 556, 556, 556, 556, 278, 278, 0, 0, 0, 444, 737, 722, 722, 722, 778, 722, 667, 778, 833, 407, 556, 778, 667, 944, 815, 778, 667, 778, 722, 630, 667, 815, 722, 981, 704, 704, 611, 333, 0, 333, 0, 500, 0, 556, 556, 444, 574, 500, 333, 537, 611, 315, 296, 593, 315, 889, 611, 500, 574, 556, 444, 463, 389, 611, 537, 778, 537, 537, 481, 0, 0, 0, 0, 0, 0, 0, 0, 0, 0, 0, 0, 0, 0, 0, 0, 0, 0, 0, 0, 0, 0, 204, 204, 389, 389, 0, 556, 1000, 0, 0, 0, 0, 0, 0, 0, 0, 278, 0, 0, 0, 0, 0, 0, 500, 0, 0, 0, 0, 0, 333, 0, 0, 0, 0, 0, 0, 0, 0, 606, 0, 333]}, but is not installed. Consider installing fontTools if you encounter encoding problems.
fontTools is required to fully parse the encoding of a CFF Type1 font in font dictionary {'/BaseFont': '/IIMBFG+NewCenturySchlbk-Italic', '/Encoding': IndirectObject(1193, 0, 127413185015840), '/FirstChar': 30, '/FontDescriptor': IndirectObject(1194, 0, 127413185015840), '/LastChar': 150, '/Subtype': '/Type1', '/Type': '/Font', '/Widths': [611, 611, 278, 0, 0, 0, 0, 0, 852, 0, 333, 333, 0, 0, 278, 333, 278, 606, 556, 556, 556, 556, 556, 556, 556, 556, 556, 556, 278, 278, 0, 0, 0, 0, 747, 704, 722, 722, 778, 722, 667, 778, 833, 407, 611, 741, 667, 944, 815, 778, 667, 0, 741, 667, 685, 815, 704, 926, 0, 685, 0, 333, 0, 333, 0, 0, 0, 574, 556, 444, 611, 444, 333, 537, 611, 333, 315, 556, 333, 889, 611, 500, 574, 556, 444, 444, 352, 611, 519, 778, 500, 500, 463, 0, 0, 0, 0, 0, 0, 0, 0, 0, 0, 0, 0, 0, 0, 0, 0, 0, 0, 0, 0, 0, 0, 0, 204, 389, 389, 0, 500]}, but is not installed. Consider installing fontTools if you encounter encoding problems.
fontTools is required to fully parse the encoding of a CFF Type1 font in font dictionary {'/BaseFont': '/IIMBFH+NewCenturySchlbk-Roman', '/Encoding': IndirectObject(1193, 0, 127413185015840), '/FirstChar': 23, '/FontDescriptor': IndirectObject(1196, 0, 127413185015840), '/LastChar': 184, '/Subtype': '/Type1', '/Type': '/Font', '/Widths': [333, 0, 0, 0, 0, 0, 0, 611, 611, 278, 0, 0, 556, 0, 833, 815, 0, 333, 333, 500, 0, 278, 333, 278, 278, 556, 556, 556, 556, 556, 556, 556, 556, 556, 556, 278, 278, 0, 0, 0, 444, 737, 722, 722, 722, 778, 722, 667, 778, 833, 407, 556, 778, 667, 944, 815, 778, 667, 778, 722, 630, 667, 815, 722, 981, 704, 704, 611, 333, 0, 333, 0, 500, 0, 556, 556, 444, 574, 500, 333, 537, 611, 315, 296, 593, 315, 889, 611, 500, 574, 556, 444, 463, 389, 611, 537, 778, 537, 537, 481, 0, 0, 0, 0, 0, 0, 0, 0, 0, 0, 0, 0, 0, 0, 0, 0, 0, 0, 0, 0, 0, 0, 204, 204, 389, 389, 0, 556, 1000, 0, 0, 0, 0, 0, 0, 0, 0, 278, 0, 0, 0, 0, 0, 0, 500, 0, 0, 0, 0, 0, 333, 0, 0, 0, 0, 0, 0, 0, 0, 606, 0, 333]}, but is not installed. Consider installing fontTools if you encounter encoding problems.
fontTools is required to fully parse the encoding of a CFF Type1 font in font dictionary {'/BaseFont': '/IIMBFG+NewCenturySchlbk-Italic', '/Encoding': IndirectObject(1193, 0, 127413185015840), '/FirstChar': 30, '/FontDescriptor': IndirectObject(1194, 0, 127413185015840), '/LastChar': 150, '/Subtype': '/Type1', '/Type': '/Font', '/Widths': [611, 611, 278, 0, 0, 0, 0, 0, 852, 0, 333, 333, 0, 0, 278, 333, 278, 606, 556, 556, 556, 556, 556, 556, 556, 556, 556, 556, 278, 278, 0, 0, 0, 0, 747, 704, 722, 722, 778, 722, 667, 778, 833, 407, 611, 741, 667, 944, 815, 778, 667, 0, 741, 667, 685, 815, 704, 926, 0, 685, 0, 333, 0, 333, 0, 0, 0, 574, 556, 444, 611, 444, 333, 537, 611, 333, 315, 556, 333, 889, 611, 500, 574, 556, 444, 444, 352, 611, 519, 778, 500, 500, 463, 0, 0, 0, 0, 0, 0, 0, 0, 0, 0, 0, 0, 0, 0, 0, 0, 0, 0, 0, 0, 0, 0, 0, 204, 389, 389, 0, 500]}, but is not installed. Consider installing fontTools if you encounter encoding problems.
fontTools is required to fully parse the encoding of a CFF Type1 font in font dictionary {'/BaseFont': '/IIMBFH+NewCenturySchlbk-Roman', '/Encoding': IndirectObject(1193, 0, 127413185015840), '/FirstChar': 23, '/FontDescriptor': IndirectObject(1196, 0, 127413185015840), '/LastChar': 184, '/Subtype': '/Type1', '/Type': '/Font', '/Widths': [333, 0, 0, 0, 0, 0, 0, 611, 611, 278, 0, 0, 556, 0, 833, 815, 0, 333, 333, 500, 0, 278, 333, 278, 278, 556, 556, 556, 556, 556, 556, 556, 556, 556, 556, 278, 278, 0, 0, 0, 444, 737, 722, 722, 722, 778, 722, 667, 778, 833, 407, 556, 778, 667, 944, 815, 778, 667, 778, 722, 630, 667, 815, 722, 981, 704, 704, 611, 333, 0, 333, 0, 500, 0, 556, 556, 444, 574, 500, 333, 537, 611, 315, 296, 593, 315, 889, 611, 500, 574, 556, 444, 463, 389, 611, 537, 778, 537, 537, 481, 0, 0, 0, 0, 0, 0, 0, 0, 0, 0, 0, 0, 0, 0, 0, 0, 0, 0, 0, 0, 0, 0, 204, 204, 389, 389, 0, 556, 1000, 0, 0, 0, 0, 0, 0, 0, 0, 278, 0, 0, 0, 0, 0, 0, 500, 0, 0, 0, 0, 0, 333, 0, 0, 0, 0, 0, 0, 0, 0, 606, 0, 333]}, but is not installed. Consider installing fontTools if you encounter encoding problems.
fontTools is required to fully parse the encoding of a CFF Type1 font in font dictionary {'/BaseFont': '/IIMBFG+NewCenturySchlbk-Italic', '/Encoding': IndirectObject(1193, 0, 127413185015840), '/FirstChar': 30, '/FontDescriptor': IndirectObject(1194, 0, 127413185015840), '/LastChar': 150, '/Subtype': '/Type1', '/Type': '/Font', '/Widths': [611, 611, 278, 0, 0, 0, 0, 0, 852, 0, 333, 333, 0, 0, 278, 333, 278, 606, 556, 556, 556, 556, 556, 556, 556, 556, 556, 556, 278, 278, 0, 0, 0, 0, 747, 704, 722, 722, 778, 722, 667, 778, 833, 407, 611, 741, 667, 944, 815, 778, 667, 0, 741, 667, 685, 815, 704, 926, 0, 685, 0, 333, 0, 333, 0, 0, 0, 574, 556, 444, 611, 444, 333, 537, 611, 333, 315, 556, 333, 889, 611, 500, 574, 556, 444, 444, 352, 611, 519, 778, 500, 500, 463, 0, 0, 0, 0, 0, 0, 0, 0, 0, 0, 0, 0, 0, 0, 0, 0, 0, 0, 0, 0, 0, 0, 0, 204, 389, 389, 0, 500]}, but is not installed. Consider installing fontTools if you encounter encoding problems.
fontTools is required to fully parse the encoding of a CFF Type1 font in font dictionary {'/BaseFont': '/IIMBFH+NewCenturySchlbk-Roman', '/Encoding': IndirectObject(1193, 0, 127413185015840), '/FirstChar': 23, '/FontDescriptor': IndirectObject(1196, 0, 127413185015840), '/LastChar': 184, '/Subtype': '/Type1', '/Type': '/Font', '/Widths': [333, 0, 0, 0, 0, 0, 0, 611, 611, 278, 0, 0, 556, 0, 833, 815, 0, 333, 333, 500, 0, 278, 333, 278, 278, 556, 556, 556, 556, 556, 556, 556, 556, 556, 556, 278, 278, 0, 0, 0, 444, 737, 722, 722, 722, 778, 722, 667, 778, 833, 407, 556, 778, 667, 944, 815, 778, 667, 778, 722, 630, 667, 815, 722, 981, 704, 704, 611, 333, 0, 333, 0, 500, 0, 556, 556, 444, 574, 500, 333, 537, 611, 315, 296, 593, 315, 889, 611, 500, 574, 556, 444, 463, 389, 611, 537, 778, 537, 537, 481, 0, 0, 0, 0, 0, 0, 0, 0, 0, 0, 0, 0, 0, 0, 0, 0, 0, 0, 0, 0, 0, 0, 204, 204, 389, 389, 0, 556, 1000, 0, 0, 0, 0, 0, 0, 0, 0, 278, 0, 0, 0, 0, 0, 0, 500, 0, 0, 0, 0, 0, 333, 0, 0, 0, 0, 0, 0, 0, 0, 606, 0, 333]}, but is not installed. Consider installing fontTools if you encounter encoding problems.
fontTools is required to fully parse the encoding of a CFF Type1 font in font dictionary {'/BaseFont': '/IIMBFG+NewCenturySchlbk-Italic', '/Encoding': IndirectObject(1193, 0, 127413185015840), '/FirstChar': 30, '/FontDescriptor': IndirectObject(1194, 0, 127413185015840), '/LastChar': 150, '/Subtype': '/Type1', '/Type': '/Font', '/Widths': [611, 611, 278, 0, 0, 0, 0, 0, 852, 0, 333, 333, 0, 0, 278, 333, 278, 606, 556, 556, 556, 556, 556, 556, 556, 556, 556, 556, 278, 278, 0, 0, 0, 0, 747, 704, 722, 722, 778, 722, 667, 778, 833, 407, 611, 741, 667, 944, 815, 778, 667, 0, 741, 667, 685, 815, 704, 926, 0, 685, 0, 333, 0, 333, 0, 0, 0, 574, 556, 444, 611, 444, 333, 537, 611, 333, 315, 556, 333, 889, 611, 500, 574, 556, 444, 444, 352, 611, 519, 778, 500, 500, 463, 0, 0, 0, 0, 0, 0, 0, 0, 0, 0, 0, 0, 0, 0, 0, 0, 0, 0, 0, 0, 0, 0, 0, 204, 389, 389, 0, 500]}, but is not installed. Consider installing fontTools if you encounter encoding problems.
fontTools is required to fully parse the encoding of a CFF Type1 font in font dictionary {'/BaseFont': '/IIMBFH+NewCenturySchlbk-Roman', '/Encoding': IndirectObject(1193, 0, 127413185015840), '/FirstChar': 23, '/FontDescriptor': IndirectObject(1196, 0, 127413185015840), '/LastChar': 184, '/Subtype': '/Type1', '/Type': '/Font', '/Widths': [333, 0, 0, 0, 0, 0, 0, 611, 611, 278, 0, 0, 556, 0, 833, 815, 0, 333, 333, 500, 0, 278, 333, 278, 278, 556, 556, 556, 556, 556, 556, 556, 556, 556, 556, 278, 278, 0, 0, 0, 444, 737, 722, 722, 722, 778, 722, 667, 778, 833, 407, 556, 778, 667, 944, 815, 778, 667, 778, 722, 630, 667, 815, 722, 981, 704, 704, 611, 333, 0, 333, 0, 500, 0, 556, 556, 444, 574, 500, 333, 537, 611, 315, 296, 593, 315, 889, 611, 500, 574, 556, 444, 463, 389, 611, 537, 778, 537, 537, 481, 0, 0, 0, 0, 0, 0, 0, 0, 0, 0, 0, 0, 0, 0, 0, 0, 0, 0, 0, 0, 0, 0, 204, 204, 389, 389, 0, 556, 1000, 0, 0, 0, 0, 0, 0, 0, 0, 278, 0, 0, 0, 0, 0, 0, 500, 0, 0, 0, 0, 0, 333, 0, 0, 0, 0, 0, 0, 0, 0, 606, 0, 333]}, but is not installed. Consider installing fontTools if you encounter encoding problems.
fontTools is required to fully parse the encoding of a CFF Type1 font in font dictionary {'/BaseFont': '/IIMBFG+NewCenturySchlbk-Italic', '/Encoding': IndirectObject(1193, 0, 127413185015840), '/FirstChar': 30, '/FontDescriptor': IndirectObject(1194, 0, 127413185015840), '/LastChar': 150, '/Subtype': '/Type1', '/Type': '/Font', '/Widths': [611, 611, 278, 0, 0, 0, 0, 0, 852, 0, 333, 333, 0, 0, 278, 333, 278, 606, 556, 556, 556, 556, 556, 556, 556, 556, 556, 556, 278, 278, 0, 0, 0, 0, 747, 704, 722, 722, 778, 722, 667, 778, 833, 407, 611, 741, 667, 944, 815, 778, 667, 0, 741, 667, 685, 815, 704, 926, 0, 685, 0, 333, 0, 333, 0, 0, 0, 574, 556, 444, 611, 444, 333, 537, 611, 333, 315, 556, 333, 889, 611, 500, 574, 556, 444, 444, 352, 611, 519, 778, 500, 500, 463, 0, 0, 0, 0, 0, 0, 0, 0, 0, 0, 0, 0, 0, 0, 0, 0, 0, 0, 0, 0, 0, 0, 0, 204, 389, 389, 0, 500]}, but is not installed. Consider installing fontTools if you encounter encoding problems.
fontTools is required to fully parse the encoding of a CFF Type1 font in font dictionary {'/BaseFont': '/IIMBFH+NewCenturySchlbk-Roman', '/Encoding': IndirectObject(1193, 0, 127413185015840), '/FirstChar': 23, '/FontDescriptor': IndirectObject(1196, 0, 127413185015840), '/LastChar': 184, '/Subtype': '/Type1', '/Type': '/Font', '/Widths': [333, 0, 0, 0, 0, 0, 0, 611, 611, 278, 0, 0, 556, 0, 833, 815, 0, 333, 333, 500, 0, 278, 333, 278, 278, 556, 556, 556, 556, 556, 556, 556, 556, 556, 556, 278, 278, 0, 0, 0, 444, 737, 722, 722, 722, 778, 722, 667, 778, 833, 407, 556, 778, 667, 944, 815, 778, 667, 778, 722, 630, 667, 815, 722, 981, 704, 704, 611, 333, 0, 333, 0, 500, 0, 556, 556, 444, 574, 500, 333, 537, 611, 315, 296, 593, 315, 889, 611, 500, 574, 556, 444, 463, 389, 611, 537, 778, 537, 537, 481, 0, 0, 0, 0, 0, 0, 0, 0, 0, 0, 0, 0, 0, 0, 0, 0, 0, 0, 0, 0, 0, 0, 204, 204, 389, 389, 0, 556, 1000, 0, 0, 0, 0, 0, 0, 0, 0, 278, 0, 0, 0, 0, 0, 0, 500, 0, 0, 0, 0, 0, 333, 0, 0, 0, 0, 0, 0, 0, 0, 606, 0, 333]}, but is not installed. Consider installing fontTools if you encounter encoding problems.
fontTools is required to fully parse the encoding of a CFF Type1 font in font dictionary {'/BaseFont': '/IIMBGK+NewCenturySchlbk-Bold', '/Encoding': '/MacRomanEncoding', '/FirstChar': 32, '/FontDescriptor': IndirectObject(1198, 0, 127413185015840), '/LastChar': 222, '/Subtype': '/Type1', '/Type': '/Font', '/Widths': [287, 0, 0, 0, 0, 0, 0, 0, 0, 0, 0, 0, 278, 0, 278, 278, 574, 574, 574, 574, 574, 574, 574, 574, 574, 574, 278, 0, 0, 0, 0, 0, 0, 759, 778, 778, 833, 759, 722, 833, 870, 444, 648, 815, 722, 981, 833, 833, 759, 0, 815, 667, 722, 833, 759, 981, 0, 722, 0, 0, 0, 0, 0, 0, 0, 611, 648, 556, 667, 574, 389, 611, 685, 370, 0, 667, 352, 963, 685, 611, 667, 648, 519, 500, 426, 685, 611, 889, 611, 611, 537, 0, 0, 0, 0, 287, 0, 0, 0, 0, 0, 0, 0, 0, 0, 0, 0, 0, 0, 0, 0, 0, 0, 0, 0, 0, 0, 0, 0, 0, 0, 0, 0, 0, 0, 0, 0, 0, 0, 0, 0, 0, 0, 0, 0, 0, 0, 0, 0, 0, 0, 287, 0, 0, 287, 0, 287, 287, 0, 0, 287, 287, 287, 287, 287, 0, 0, 287, 0, 0, 0, 0, 0, 287, 0, 287, 287, 0, 0, 0, 287, 0, 0, 0, 0, 0, 0, 0, 0, 0, 0, 241, 0, 287, 0, 0, 0, 0, 0, 0, 685]}, but is not installed. Consider installing fontTools if you encounter encoding problems.
fontTools is required to fully parse the encoding of a CFF Type1 font in font dictionary {'/BaseFont': '/IIMBFG+NewCenturySchlbk-Italic', '/Encoding': IndirectObject(1193, 0, 127413185015840), '/FirstChar': 30, '/FontDescriptor': IndirectObject(1194, 0, 127413185015840), '/LastChar': 150, '/Subtype': '/Type1', '/Type': '/Font', '/Widths': [611, 611, 278, 0, 0, 0, 0, 0, 852, 0, 333, 333, 0, 0, 278, 333, 278, 606, 556, 556, 556, 556, 556, 556, 556, 556, 556, 556, 278, 278, 0, 0, 0, 0, 747, 704, 722, 722, 778, 722, 667, 778, 833, 407, 611, 741, 667, 944, 815, 778, 667, 0, 741, 667, 685, 815, 704, 926, 0, 685, 0, 333, 0, 333, 0, 0, 0, 574, 556, 444, 611, 444, 333, 537, 611, 333, 315, 556, 333, 889, 611, 500, 574, 556, 444, 444, 352, 611, 519, 778, 500, 500, 463, 0, 0, 0, 0, 0, 0, 0, 0, 0, 0, 0, 0, 0, 0, 0, 0, 0, 0, 0, 0, 0, 0, 0, 204, 389, 389, 0, 500]}, but is not installed. Consider installing fontTools if you encounter encoding problems.
fontTools is required to fully parse the encoding of a CFF Type1 font in font dictionary {'/BaseFont': '/IIMBFH+NewCenturySchlbk-Roman', '/Encoding': IndirectObject(1193, 0, 127413185015840), '/FirstChar': 23, '/FontDescriptor': IndirectObject(1196, 0, 127413185015840), '/LastChar': 184, '/Subtype': '/Type1', '/Type': '/Font', '/Widths': [333, 0, 0, 0, 0, 0, 0, 611, 611, 278, 0, 0, 556, 0, 833, 815, 0, 333, 333, 500, 0, 278, 333, 278, 278, 556, 556, 556, 556, 556, 556, 556, 556, 556, 556, 278, 278, 0, 0, 0, 444, 737, 722, 722, 722, 778, 722, 667, 778, 833, 407, 556, 778, 667, 944, 815, 778, 667, 778, 722, 630, 667, 815, 722, 981, 704, 704, 611, 333, 0, 333, 0, 500, 0, 556, 556, 444, 574, 500, 333, 537, 611, 315, 296, 593, 315, 889, 611, 500, 574, 556, 444, 463, 389, 611, 537, 778, 537, 537, 481, 0, 0, 0, 0, 0, 0, 0, 0, 0, 0, 0, 0, 0, 0, 0, 0, 0, 0, 0, 0, 0, 0, 204, 204, 389, 389, 0, 556, 1000, 0, 0, 0, 0, 0, 0, 0, 0, 278, 0, 0, 0, 0, 0, 0, 500, 0, 0, 0, 0, 0, 333, 0, 0, 0, 0, 0, 0, 0, 0, 606, 0, 333]}, but is not installed. Consider installing fontTools if you encounter encoding problems.
fontTools is required to fully parse the encoding of a CFF Type1 font in font dictionary {'/BaseFont': '/IIMBFG+NewCenturySchlbk-Italic', '/Encoding': IndirectObject(1193, 0, 127413185015840), '/FirstChar': 30, '/FontDescriptor': IndirectObject(1194, 0, 127413185015840), '/LastChar': 150, '/Subtype': '/Type1', '/Type': '/Font', '/Widths': [611, 611, 278, 0, 0, 0, 0, 0, 852, 0, 333, 333, 0, 0, 278, 333, 278, 606, 556, 556, 556, 556, 556, 556, 556, 556, 556, 556, 278, 278, 0, 0, 0, 0, 747, 704, 722, 722, 778, 722, 667, 778, 833, 407, 611, 741, 667, 944, 815, 778, 667, 0, 741, 667, 685, 815, 704, 926, 0, 685, 0, 333, 0, 333, 0, 0, 0, 574, 556, 444, 611, 444, 333, 537, 611, 333, 315, 556, 333, 889, 611, 500, 574, 556, 444, 444, 352, 611, 519, 778, 500, 500, 463, 0, 0, 0, 0, 0, 0, 0, 0, 0, 0, 0, 0, 0, 0, 0, 0, 0, 0, 0, 0, 0, 0, 0, 204, 389, 389, 0, 500]}, but is not installed. Consider installing fontTools if you encounter encoding problems.
fontTools is required to fully parse the encoding of a CFF Type1 font in font dictionary {'/BaseFont': '/IIMBFH+NewCenturySchlbk-Roman', '/Encoding': IndirectObject(1193, 0, 127413185015840), '/FirstChar': 23, '/FontDescriptor': IndirectObject(1196, 0, 127413185015840), '/LastChar': 184, '/Subtype': '/Type1', '/Type': '/Font', '/Widths': [333, 0, 0, 0, 0, 0, 0, 611, 611, 278, 0, 0, 556, 0, 833, 815, 0, 333, 333, 500, 0, 278, 333, 278, 278, 556, 556, 556, 556, 556, 556, 556, 556, 556, 556, 278, 278, 0, 0, 0, 444, 737, 722, 722, 722, 778, 722, 667, 778, 833, 407, 556, 778, 667, 944, 815, 778, 667, 778, 722, 630, 667, 815, 722, 981, 704, 704, 611, 333, 0, 333, 0, 500, 0, 556, 556, 444, 574, 500, 333, 537, 611, 315, 296, 593, 315, 889, 611, 500, 574, 556, 444, 463, 389, 611, 537, 778, 537, 537, 481, 0, 0, 0, 0, 0, 0, 0, 0, 0, 0, 0, 0, 0, 0, 0, 0, 0, 0, 0, 0, 0, 0, 204, 204, 389, 389, 0, 556, 1000, 0, 0, 0, 0, 0, 0, 0, 0, 278, 0, 0, 0, 0, 0, 0, 500, 0, 0, 0, 0, 0, 333, 0, 0, 0, 0, 0, 0, 0, 0, 606, 0, 333]}, but is not installed. Consider installing fontTools if you encounter encoding problems.
fontTools is required to fully parse the encoding of a CFF Type1 font in font dictionary {'/BaseFont': '/IIMBFG+NewCenturySchlbk-Italic', '/Encoding': IndirectObject(1193, 0, 127413185015840), '/FirstChar': 30, '/FontDescriptor': IndirectObject(1194, 0, 127413185015840), '/LastChar': 150, '/Subtype': '/Type1', '/Type': '/Font', '/Widths': [611, 611, 278, 0, 0, 0, 0, 0, 852, 0, 333, 333, 0, 0, 278, 333, 278, 606, 556, 556, 556, 556, 556, 556, 556, 556, 556, 556, 278, 278, 0, 0, 0, 0, 747, 704, 722, 722, 778, 722, 667, 778, 833, 407, 611, 741, 667, 944, 815, 778, 667, 0, 741, 667, 685, 815, 704, 926, 0, 685, 0, 333, 0, 333, 0, 0, 0, 574, 556, 444, 611, 444, 333, 537, 611, 333, 315, 556, 333, 889, 611, 500, 574, 556, 444, 444, 352, 611, 519, 778, 500, 500, 463, 0, 0, 0, 0, 0, 0, 0, 0, 0, 0, 0, 0, 0, 0, 0, 0, 0, 0, 0, 0, 0, 0, 0, 204, 389, 389, 0, 500]}, but is not installed. Consider installing fontTools if you encounter encoding problems.
fontTools is required to fully parse the encoding of a CFF Type1 font in font dictionary {'/BaseFont': '/IIMBFH+NewCenturySchlbk-Roman', '/Encoding': IndirectObject(1193, 0, 127413185015840), '/FirstChar': 23, '/FontDescriptor': IndirectObject(1196, 0, 127413185015840), '/LastChar': 184, '/Subtype': '/Type1', '/Type': '/Font', '/Widths': [333, 0, 0, 0, 0, 0, 0, 611, 611, 278, 0, 0, 556, 0, 833, 815, 0, 333, 333, 500, 0, 278, 333, 278, 278, 556, 556, 556, 556, 556, 556, 556, 556, 556, 556, 278, 278, 0, 0, 0, 444, 737, 722, 722, 722, 778, 722, 667, 778, 833, 407, 556, 778, 667, 944, 815, 778, 667, 778, 722, 630, 667, 815, 722, 981, 704, 704, 611, 333, 0, 333, 0, 500, 0, 556, 556, 444, 574, 500, 333, 537, 611, 315, 296, 593, 315, 889, 611, 500, 574, 556, 444, 463, 389, 611, 537, 778, 537, 537, 481, 0, 0, 0, 0, 0, 0, 0, 0, 0, 0, 0, 0, 0, 0, 0, 0, 0, 0, 0, 0, 0, 0, 204, 204, 389, 389, 0, 556, 1000, 0, 0, 0, 0, 0, 0, 0, 0, 278, 0, 0, 0, 0, 0, 0, 500, 0, 0, 0, 0, 0, 333, 0, 0, 0, 0, 0, 0, 0, 0, 606, 0, 333]}, but is not installed. Consider installing fontTools if you encounter encoding problems.
fontTools is required to fully parse the encoding of a CFF Type1 font in font dictionary {'/BaseFont': '/IIMBGK+NewCenturySchlbk-Bold', '/Encoding': '/MacRomanEncoding', '/FirstChar': 32, '/FontDescriptor': IndirectObject(1198, 0, 127413185015840), '/LastChar': 222, '/Subtype': '/Type1', '/Type': '/Font', '/Widths': [287, 0, 0, 0, 0, 0, 0, 0, 0, 0, 0, 0, 278, 0, 278, 278, 574, 574, 574, 574, 574, 574, 574, 574, 574, 574, 278, 0, 0, 0, 0, 0, 0, 759, 778, 778, 833, 759, 722, 833, 870, 444, 648, 815, 722, 981, 833, 833, 759, 0, 815, 667, 722, 833, 759, 981, 0, 722, 0, 0, 0, 0, 0, 0, 0, 611, 648, 556, 667, 574, 389, 611, 685, 370, 0, 667, 352, 963, 685, 611, 667, 648, 519, 500, 426, 685, 611, 889, 611, 611, 537, 0, 0, 0, 0, 287, 0, 0, 0, 0, 0, 0, 0, 0, 0, 0, 0, 0, 0, 0, 0, 0, 0, 0, 0, 0, 0, 0, 0, 0, 0, 0, 0, 0, 0, 0, 0, 0, 0, 0, 0, 0, 0, 0, 0, 0, 0, 0, 0, 0, 0, 287, 0, 0, 287, 0, 287, 287, 0, 0, 287, 287, 287, 287, 287, 0, 0, 287, 0, 0, 0, 0, 0, 287, 0, 287, 287, 0, 0, 0, 287, 0, 0, 0, 0, 0, 0, 0, 0, 0, 0, 241, 0, 287, 0, 0, 0, 0, 0, 0, 685]}, but is not installed. Consider installing fontTools if you encounter encoding problems.
fontTools is required to fully parse the encoding of a CFF Type1 font in font dictionary {'/BaseFont': '/IIMBFH+NewCenturySchlbk-Roman', '/Encoding': IndirectObject(1193, 0, 127413185015840), '/FirstChar': 23, '/FontDescriptor': IndirectObject(1196, 0, 127413185015840), '/LastChar': 184, '/Subtype': '/Type1', '/Type': '/Font', '/Widths': [333, 0, 0, 0, 0, 0, 0, 611, 611, 278, 0, 0, 556, 0, 833, 815, 0, 333, 333, 500, 0, 278, 333, 278, 278, 556, 556, 556, 556, 556, 556, 556, 556, 556, 556, 278, 278, 0, 0, 0, 444, 737, 722, 722, 722, 778, 722, 667, 778, 833, 407, 556, 778, 667, 944, 815, 778, 667, 778, 722, 630, 667, 815, 722, 981, 704, 704, 611, 333, 0, 333, 0, 500, 0, 556, 556, 444, 574, 500, 333, 537, 611, 315, 296, 593, 315, 889, 611, 500, 574, 556, 444, 463, 389, 611, 537, 778, 537, 537, 481, 0, 0, 0, 0, 0, 0, 0, 0, 0, 0, 0, 0, 0, 0, 0, 0, 0, 0, 0, 0, 0, 0, 204, 204, 389, 389, 0, 556, 1000, 0, 0, 0, 0, 0, 0, 0, 0, 278, 0, 0, 0, 0, 0, 0, 500, 0, 0, 0, 0, 0, 333, 0, 0, 0, 0, 0, 0, 0, 0, 606, 0, 333]}, but is not installed. Consider installing fontTools if you encounter encoding problems.
fontTools is required to fully parse the encoding of a CFF Type1 font in font dictionary {'/BaseFont': '/IIMBFG+NewCenturySchlbk-Italic', '/Encoding': IndirectObject(1193, 0, 127413185015840), '/FirstChar': 30, '/FontDescriptor': IndirectObject(1194, 0, 127413185015840), '/LastChar': 150, '/Subtype': '/Type1', '/Type': '/Font', '/Widths': [611, 611, 278, 0, 0, 0, 0, 0, 852, 0, 333, 333, 0, 0, 278, 333, 278, 606, 556, 556, 556, 556, 556, 556, 556, 556, 556, 556, 278, 278, 0, 0, 0, 0, 747, 704, 722, 722, 778, 722, 667, 778, 833, 407, 611, 741, 667, 944, 815, 778, 667, 0, 741, 667, 685, 815, 704, 926, 0, 685, 0, 333, 0, 333, 0, 0, 0, 574, 556, 444, 611, 444, 333, 537, 611, 333, 315, 556, 333, 889, 611, 500, 574, 556, 444, 444, 352, 611, 519, 778, 500, 500, 463, 0, 0, 0, 0, 0, 0, 0, 0, 0, 0, 0, 0, 0, 0, 0, 0, 0, 0, 0, 0, 0, 0, 0, 204, 389, 389, 0, 500]}, but is not installed. Consider installing fontTools if you encounter encoding problems.
fontTools is required to fully parse the encoding of a CFF Type1 font in font dictionary {'/BaseFont': '/IIMBFH+NewCenturySchlbk-Roman', '/Encoding': IndirectObject(1193, 0, 127413185015840), '/FirstChar': 23, '/FontDescriptor': IndirectObject(1196, 0, 127413185015840), '/LastChar': 184, '/Subtype': '/Type1', '/Type': '/Font', '/Widths': [333, 0, 0, 0, 0, 0, 0, 611, 611, 278, 0, 0, 556, 0, 833, 815, 0, 333, 333, 500, 0, 278, 333, 278, 278, 556, 556, 556, 556, 556, 556, 556, 556, 556, 556, 278, 278, 0, 0, 0, 444, 737, 722, 722, 722, 778, 722, 667, 778, 833, 407, 556, 778, 667, 944, 815, 778, 667, 778, 722, 630, 667, 815, 722, 981, 704, 704, 611, 333, 0, 333, 0, 500, 0, 556, 556, 444, 574, 500, 333, 537, 611, 315, 296, 593, 315, 889, 611, 500, 574, 556, 444, 463, 389, 611, 537, 778, 537, 537, 481, 0, 0, 0, 0, 0, 0, 0, 0, 0, 0, 0, 0, 0, 0, 0, 0, 0, 0, 0, 0, 0, 0, 204, 204, 389, 389, 0, 556, 1000, 0, 0, 0, 0, 0, 0, 0, 0, 278, 0, 0, 0, 0, 0, 0, 500, 0, 0, 0, 0, 0, 333, 0, 0, 0, 0, 0, 0, 0, 0, 606, 0, 333]}, but is not installed. Consider installing fontTools if you encounter encoding problems.
fontTools is required to fully parse the encoding of a CFF Type1 font in font dictionary {'/BaseFont': '/IIMBFG+NewCenturySchlbk-Italic', '/Encoding': IndirectObject(1193, 0, 127413185015840), '/FirstChar': 30, '/FontDescriptor': IndirectObject(1194, 0, 127413185015840), '/LastChar': 150, '/Subtype': '/Type1', '/Type': '/Font', '/Widths': [611, 611, 278, 0, 0, 0, 0, 0, 852, 0, 333, 333, 0, 0, 278, 333, 278, 606, 556, 556, 556, 556, 556, 556, 556, 556, 556, 556, 278, 278, 0, 0, 0, 0, 747, 704, 722, 722, 778, 722, 667, 778, 833, 407, 611, 741, 667, 944, 815, 778, 667, 0, 741, 667, 685, 815, 704, 926, 0, 685, 0, 333, 0, 333, 0, 0, 0, 574, 556, 444, 611, 444, 333, 537, 611, 333, 315, 556, 333, 889, 611, 500, 574, 556, 444, 444, 352, 611, 519, 778, 500, 500, 463, 0, 0, 0, 0, 0, 0, 0, 0, 0, 0, 0, 0, 0, 0, 0, 0, 0, 0, 0, 0, 0, 0, 0, 204, 389, 389, 0, 500]}, but is not installed. Consider installing fontTools if you encounter encoding problems.
fontTools is required to fully parse the encoding of a CFF Type1 font in font dictionary {'/BaseFont': '/IIMBFH+NewCenturySchlbk-Roman', '/Encoding': IndirectObject(1193, 0, 127413185015840), '/FirstChar': 23, '/FontDescriptor': IndirectObject(1196, 0, 127413185015840), '/LastChar': 184, '/Subtype': '/Type1', '/Type': '/Font', '/Widths': [333, 0, 0, 0, 0, 0, 0, 611, 611, 278, 0, 0, 556, 0, 833, 815, 0, 333, 333, 500, 0, 278, 333, 278, 278, 556, 556, 556, 556, 556, 556, 556, 556, 556, 556, 278, 278, 0, 0, 0, 444, 737, 722, 722, 722, 778, 722, 667, 778, 833, 407, 556, 778, 667, 944, 815, 778, 667, 778, 722, 630, 667, 815, 722, 981, 704, 704, 611, 333, 0, 333, 0, 500, 0, 556, 556, 444, 574, 500, 333, 537, 611, 315, 296, 593, 315, 889, 611, 500, 574, 556, 444, 463, 389, 611, 537, 778, 537, 537, 481, 0, 0, 0, 0, 0, 0, 0, 0, 0, 0, 0, 0, 0, 0, 0, 0, 0, 0, 0, 0, 0, 0, 204, 204, 389, 389, 0, 556, 1000, 0, 0, 0, 0, 0, 0, 0, 0, 278, 0, 0, 0, 0, 0, 0, 500, 0, 0, 0, 0, 0, 333, 0, 0, 0, 0, 0, 0, 0, 0, 606, 0, 333]}, but is not installed. Consider installing fontTools if you encounter encoding problems.
fontTools is required to fully parse the encoding of a CFF Type1 font in font dictionary {'/BaseFont': '/IIMBFG+NewCenturySchlbk-Italic', '/Encoding': IndirectObject(1193, 0, 127413185015840), '/FirstChar': 30, '/FontDescriptor': IndirectObject(1194, 0, 127413185015840), '/LastChar': 150, '/Subtype': '/Type1', '/Type': '/Font', '/Widths': [611, 611, 278, 0, 0, 0, 0, 0, 852, 0, 333, 333, 0, 0, 278, 333, 278, 606, 556, 556, 556, 556, 556, 556, 556, 556, 556, 556, 278, 278, 0, 0, 0, 0, 747, 704, 722, 722, 778, 722, 667, 778, 833, 407, 611, 741, 667, 944, 815, 778, 667, 0, 741, 667, 685, 815, 704, 926, 0, 685, 0, 333, 0, 333, 0, 0, 0, 574, 556, 444, 611, 444, 333, 537, 611, 333, 315, 556, 333, 889, 611, 500, 574, 556, 444, 444, 352, 611, 519, 778, 500, 500, 463, 0, 0, 0, 0, 0, 0, 0, 0, 0, 0, 0, 0, 0, 0, 0, 0, 0, 0, 0, 0, 0, 0, 0, 204, 389, 389, 0, 500]}, but is not installed. Consider installing fontTools if you encounter encoding problems.
fontTools is required to fully parse the encoding of a CFF Type1 font in font dictionary {'/BaseFont': '/IIMBGK+NewCenturySchlbk-Bold', '/Encoding': '/MacRomanEncoding', '/FirstChar': 32, '/FontDescriptor': IndirectObject(1198, 0, 127413185015840), '/LastChar': 222, '/Subtype': '/Type1', '/Type': '/Font', '/Widths': [287, 0, 0, 0, 0, 0, 0, 0, 0, 0, 0, 0, 278, 0, 278, 278, 574, 574, 574, 574, 574, 574, 574, 574, 574, 574, 278, 0, 0, 0, 0, 0, 0, 759, 778, 778, 833, 759, 722, 833, 870, 444, 648, 815, 722, 981, 833, 833, 759, 0, 815, 667, 722, 833, 759, 981, 0, 722, 0, 0, 0, 0, 0, 0, 0, 611, 648, 556, 667, 574, 389, 611, 685, 370, 0, 667, 352, 963, 685, 611, 667, 648, 519, 500, 426, 685, 611, 889, 611, 611, 537, 0, 0, 0, 0, 287, 0, 0, 0, 0, 0, 0, 0, 0, 0, 0, 0, 0, 0, 0, 0, 0, 0, 0, 0, 0, 0, 0, 0, 0, 0, 0, 0, 0, 0, 0, 0, 0, 0, 0, 0, 0, 0, 0, 0, 0, 0, 0, 0, 0, 0, 287, 0, 0, 287, 0, 287, 287, 0, 0, 287, 287, 287, 287, 287, 0, 0, 287, 0, 0, 0, 0, 0, 287, 0, 287, 287, 0, 0, 0, 287, 0, 0, 0, 0, 0, 0, 0, 0, 0, 0, 241, 0, 287, 0, 0, 0, 0, 0, 0, 685]}, but is not installed. Consider installing fontTools if you encounter encoding problems.
fontTools is required to fully parse the encoding of a CFF Type1 font in font dictionary {'/BaseFont': '/IIMBFG+NewCenturySchlbk-Italic', '/Encoding': IndirectObject(1193, 0, 127413185015840), '/FirstChar': 30, '/FontDescriptor': IndirectObject(1194, 0, 127413185015840), '/LastChar': 150, '/Subtype': '/Type1', '/Type': '/Font', '/Widths': [611, 611, 278, 0, 0, 0, 0, 0, 852, 0, 333, 333, 0, 0, 278, 333, 278, 606, 556, 556, 556, 556, 556, 556, 556, 556, 556, 556, 278, 278, 0, 0, 0, 0, 747, 704, 722, 722, 778, 722, 667, 778, 833, 407, 611, 741, 667, 944, 815, 778, 667, 0, 741, 667, 685, 815, 704, 926, 0, 685, 0, 333, 0, 333, 0, 0, 0, 574, 556, 444, 611, 444, 333, 537, 611, 333, 315, 556, 333, 889, 611, 500, 574, 556, 444, 444, 352, 611, 519, 778, 500, 500, 463, 0, 0, 0, 0, 0, 0, 0, 0, 0, 0, 0, 0, 0, 0, 0, 0, 0, 0, 0, 0, 0, 0, 0, 204, 389, 389, 0, 500]}, but is not installed. Consider installing fontTools if you encounter encoding problems.
fontTools is required to fully parse the encoding of a CFF Type1 font in font dictionary {'/BaseFont': '/IIMBFH+NewCenturySchlbk-Roman', '/Encoding': IndirectObject(1193, 0, 127413185015840), '/FirstChar': 23, '/FontDescriptor': IndirectObject(1196, 0, 127413185015840), '/LastChar': 184, '/Subtype': '/Type1', '/Type': '/Font', '/Widths': [333, 0, 0, 0, 0, 0, 0, 611, 611, 278, 0, 0, 556, 0, 833, 815, 0, 333, 333, 500, 0, 278, 333, 278, 278, 556, 556, 556, 556, 556, 556, 556, 556, 556, 556, 278, 278, 0, 0, 0, 444, 737, 722, 722, 722, 778, 722, 667, 778, 833, 407, 556, 778, 667, 944, 815, 778, 667, 778, 722, 630, 667, 815, 722, 981, 704, 704, 611, 333, 0, 333, 0, 500, 0, 556, 556, 444, 574, 500, 333, 537, 611, 315, 296, 593, 315, 889, 611, 500, 574, 556, 444, 463, 389, 611, 537, 778, 537, 537, 481, 0, 0, 0, 0, 0, 0, 0, 0, 0, 0, 0, 0, 0, 0, 0, 0, 0, 0, 0, 0, 0, 0, 204, 204, 389, 389, 0, 556, 1000, 0, 0, 0, 0, 0, 0, 0, 0, 278, 0, 0, 0, 0, 0, 0, 500, 0, 0, 0, 0, 0, 333, 0, 0, 0, 0, 0, 0, 0, 0, 606, 0, 333]}, but is not installed. Consider installing fontTools if you encounter encoding problems.
fontTools is required to fully parse the encoding of a CFF Type1 font in font dictionary {'/BaseFont': '/IIMBGK+NewCenturySchlbk-Bold', '/Encoding': '/MacRomanEncoding', '/FirstChar': 32, '/FontDescriptor': IndirectObject(1198, 0, 127413185015840), '/LastChar': 222, '/Subtype': '/Type1', '/Type': '/Font', '/Widths': [287, 0, 0, 0, 0, 0, 0, 0, 0, 0, 0, 0, 278, 0, 278, 278, 574, 574, 574, 574, 574, 574, 574, 574, 574, 574, 278, 0, 0, 0, 0, 0, 0, 759, 778, 778, 833, 759, 722, 833, 870, 444, 648, 815, 722, 981, 833, 833, 759, 0, 815, 667, 722, 833, 759, 981, 0, 722, 0, 0, 0, 0, 0, 0, 0, 611, 648, 556, 667, 574, 389, 611, 685, 370, 0, 667, 352, 963, 685, 611, 667, 648, 519, 500, 426, 685, 611, 889, 611, 611, 537, 0, 0, 0, 0, 287, 0, 0, 0, 0, 0, 0, 0, 0, 0, 0, 0, 0, 0, 0, 0, 0, 0, 0, 0, 0, 0, 0, 0, 0, 0, 0, 0, 0, 0, 0, 0, 0, 0, 0, 0, 0, 0, 0, 0, 0, 0, 0, 0, 0, 0, 287, 0, 0, 287, 0, 287, 287, 0, 0, 287, 287, 287, 287, 287, 0, 0, 287, 0, 0, 0, 0, 0, 287, 0, 287, 287, 0, 0, 0, 287, 0, 0, 0, 0, 0, 0, 0, 0, 0, 0, 241, 0, 287, 0, 0, 0, 0, 0, 0, 685]}, but is not installed. Consider installing fontTools if you encounter encoding problems.
fontTools is required to fully parse the encoding of a CFF Type1 font in font dictionary {'/BaseFont': '/IIMBFG+NewCenturySchlbk-Italic', '/Encoding': IndirectObject(1193, 0, 127413185015840), '/FirstChar': 30, '/FontDescriptor': IndirectObject(1194, 0, 127413185015840), '/LastChar': 150, '/Subtype': '/Type1', '/Type': '/Font', '/Widths': [611, 611, 278, 0, 0, 0, 0, 0, 852, 0, 333, 333, 0, 0, 278, 333, 278, 606, 556, 556, 556, 556, 556, 556, 556, 556, 556, 556, 278, 278, 0, 0, 0, 0, 747, 704, 722, 722, 778, 722, 667, 778, 833, 407, 611, 741, 667, 944, 815, 778, 667, 0, 741, 667, 685, 815, 704, 926, 0, 685, 0, 333, 0, 333, 0, 0, 0, 574, 556, 444, 611, 444, 333, 537, 611, 333, 315, 556, 333, 889, 611, 500, 574, 556, 444, 444, 352, 611, 519, 778, 500, 500, 463, 0, 0, 0, 0, 0, 0, 0, 0, 0, 0, 0, 0, 0, 0, 0, 0, 0, 0, 0, 0, 0, 0, 0, 204, 389, 389, 0, 500]}, but is not installed. Consider installing fontTools if you encounter encoding problems.
fontTools is required to fully parse the encoding of a CFF Type1 font in font dictionary {'/BaseFont': '/IIMBFH+NewCenturySchlbk-Roman', '/Encoding': IndirectObject(1193, 0, 127413185015840), '/FirstChar': 23, '/FontDescriptor': IndirectObject(1196, 0, 127413185015840), '/LastChar': 184, '/Subtype': '/Type1', '/Type': '/Font', '/Widths': [333, 0, 0, 0, 0, 0, 0, 611, 611, 278, 0, 0, 556, 0, 833, 815, 0, 333, 333, 500, 0, 278, 333, 278, 278, 556, 556, 556, 556, 556, 556, 556, 556, 556, 556, 278, 278, 0, 0, 0, 444, 737, 722, 722, 722, 778, 722, 667, 778, 833, 407, 556, 778, 667, 944, 815, 778, 667, 778, 722, 630, 667, 815, 722, 981, 704, 704, 611, 333, 0, 333, 0, 500, 0, 556, 556, 444, 574, 500, 333, 537, 611, 315, 296, 593, 315, 889, 611, 500, 574, 556, 444, 463, 389, 611, 537, 778, 537, 537, 481, 0, 0, 0, 0, 0, 0, 0, 0, 0, 0, 0, 0, 0, 0, 0, 0, 0, 0, 0, 0, 0, 0, 204, 204, 389, 389, 0, 556, 1000, 0, 0, 0, 0, 0, 0, 0, 0, 278, 0, 0, 0, 0, 0, 0, 500, 0, 0, 0, 0, 0, 333, 0, 0, 0, 0, 0, 0, 0, 0, 606, 0, 333]}, but is not installed. Consider installing fontTools if you encounter encoding problems.
fontTools is required to fully parse the encoding of a CFF Type1 font in font dictionary {'/BaseFont': '/IIMBGK+NewCenturySchlbk-Bold', '/Encoding': '/MacRomanEncoding', '/FirstChar': 32, '/FontDescriptor': IndirectObject(1198, 0, 127413185015840), '/LastChar': 222, '/Subtype': '/Type1', '/Type': '/Font', '/Widths': [287, 0, 0, 0, 0, 0, 0, 0, 0, 0, 0, 0, 278, 0, 278, 278, 574, 574, 574, 574, 574, 574, 574, 574, 574, 574, 278, 0, 0, 0, 0, 0, 0, 759, 778, 778, 833, 759, 722, 833, 870, 444, 648, 815, 722, 981, 833, 833, 759, 0, 815, 667, 722, 833, 759, 981, 0, 722, 0, 0, 0, 0, 0, 0, 0, 611, 648, 556, 667, 574, 389, 611, 685, 370, 0, 667, 352, 963, 685, 611, 667, 648, 519, 500, 426, 685, 611, 889, 611, 611, 537, 0, 0, 0, 0, 287, 0, 0, 0, 0, 0, 0, 0, 0, 0, 0, 0, 0, 0, 0, 0, 0, 0, 0, 0, 0, 0, 0, 0, 0, 0, 0, 0, 0, 0, 0, 0, 0, 0, 0, 0, 0, 0, 0, 0, 0, 0, 0, 0, 0, 0, 287, 0, 0, 287, 0, 287, 287, 0, 0, 287, 287, 287, 287, 287, 0, 0, 287, 0, 0, 0, 0, 0, 287, 0, 287, 287, 0, 0, 0, 287, 0, 0, 0, 0, 0, 0, 0, 0, 0, 0, 241, 0, 287, 0, 0, 0, 0, 0, 0, 685]}, but is not installed. Consider installing fontTools if you encounter encoding problems.
fontTools is required to fully parse the encoding of a CFF Type1 font in font dictionary {'/BaseFont': '/IIMBFG+NewCenturySchlbk-Italic', '/Encoding': IndirectObject(1193, 0, 127413185015840), '/FirstChar': 30, '/FontDescriptor': IndirectObject(1194, 0, 127413185015840), '/LastChar': 150, '/Subtype': '/Type1', '/Type': '/Font', '/Widths': [611, 611, 278, 0, 0, 0, 0, 0, 852, 0, 333, 333, 0, 0, 278, 333, 278, 606, 556, 556, 556, 556, 556, 556, 556, 556, 556, 556, 278, 278, 0, 0, 0, 0, 747, 704, 722, 722, 778, 722, 667, 778, 833, 407, 611, 741, 667, 944, 815, 778, 667, 0, 741, 667, 685, 815, 704, 926, 0, 685, 0, 333, 0, 333, 0, 0, 0, 574, 556, 444, 611, 444, 333, 537, 611, 333, 315, 556, 333, 889, 611, 500, 574, 556, 444, 444, 352, 611, 519, 778, 500, 500, 463, 0, 0, 0, 0, 0, 0, 0, 0, 0, 0, 0, 0, 0, 0, 0, 0, 0, 0, 0, 0, 0, 0, 0, 204, 389, 389, 0, 500]}, but is not installed. Consider installing fontTools if you encounter encoding problems.
fontTools is required to fully parse the encoding of a CFF Type1 font in font dictionary {'/BaseFont': '/IIMBFH+NewCenturySchlbk-Roman', '/Encoding': IndirectObject(1193, 0, 127413185015840), '/FirstChar': 23, '/FontDescriptor': IndirectObject(1196, 0, 127413185015840), '/LastChar': 184, '/Subtype': '/Type1', '/Type': '/Font', '/Widths': [333, 0, 0, 0, 0, 0, 0, 611, 611, 278, 0, 0, 556, 0, 833, 815, 0, 333, 333, 500, 0, 278, 333, 278, 278, 556, 556, 556, 556, 556, 556, 556, 556, 556, 556, 278, 278, 0, 0, 0, 444, 737, 722, 722, 722, 778, 722, 667, 778, 833, 407, 556, 778, 667, 944, 815, 778, 667, 778, 722, 630, 667, 815, 722, 981, 704, 704, 611, 333, 0, 333, 0, 500, 0, 556, 556, 444, 574, 500, 333, 537, 611, 315, 296, 593, 315, 889, 611, 500, 574, 556, 444, 463, 389, 611, 537, 778, 537, 537, 481, 0, 0, 0, 0, 0, 0, 0, 0, 0, 0, 0, 0, 0, 0, 0, 0, 0, 0, 0, 0, 0, 0, 204, 204, 389, 389, 0, 556, 1000, 0, 0, 0, 0, 0, 0, 0, 0, 278, 0, 0, 0, 0, 0, 0, 500, 0, 0, 0, 0, 0, 333, 0, 0, 0, 0, 0, 0, 0, 0, 606, 0, 333]}, but is not installed. Consider installing fontTools if you encounter encoding problems.
fontTools is required to fully parse the encoding of a CFF Type1 font in font dictionary {'/BaseFont': '/IIMBGK+NewCenturySchlbk-Bold', '/Encoding': '/MacRomanEncoding', '/FirstChar': 32, '/FontDescriptor': IndirectObject(1198, 0, 127413185015840), '/LastChar': 222, '/Subtype': '/Type1', '/Type': '/Font', '/Widths': [287, 0, 0, 0, 0, 0, 0, 0, 0, 0, 0, 0, 278, 0, 278, 278, 574, 574, 574, 574, 574, 574, 574, 574, 574, 574, 278, 0, 0, 0, 0, 0, 0, 759, 778, 778, 833, 759, 722, 833, 870, 444, 648, 815, 722, 981, 833, 833, 759, 0, 815, 667, 722, 833, 759, 981, 0, 722, 0, 0, 0, 0, 0, 0, 0, 611, 648, 556, 667, 574, 389, 611, 685, 370, 0, 667, 352, 963, 685, 611, 667, 648, 519, 500, 426, 685, 611, 889, 611, 611, 537, 0, 0, 0, 0, 287, 0, 0, 0, 0, 0, 0, 0, 0, 0, 0, 0, 0, 0, 0, 0, 0, 0, 0, 0, 0, 0, 0, 0, 0, 0, 0, 0, 0, 0, 0, 0, 0, 0, 0, 0, 0, 0, 0, 0, 0, 0, 0, 0, 0, 0, 287, 0, 0, 287, 0, 287, 287, 0, 0, 287, 287, 287, 287, 287, 0, 0, 287, 0, 0, 0, 0, 0, 287, 0, 287, 287, 0, 0, 0, 287, 0, 0, 0, 0, 0, 0, 0, 0, 0, 0, 241, 0, 287, 0, 0, 0, 0, 0, 0, 685]}, but is not installed. Consider installing fontTools if you encounter encoding problems.
fontTools is required to fully parse the encoding of a CFF Type1 font in font dictionary {'/BaseFont': '/IIMCKE+NewCenturySchlbk-BoldItalic', '/Encoding': '/WinAnsiEncoding', '/FirstChar': 32, '/FontDescriptor': IndirectObject(310, 0, 127413185015840), '/LastChar': 146, '/Subtype': '/Type1', '/Type': '/Font', '/Widths': [287, 0, 0, 0, 0, 0, 0, 0, 0, 0, 0, 0, 0, 333, 287, 0, 0, 0, 0, 0, 0, 0, 0, 0, 0, 0, 0, 0, 0, 0, 0, 0, 0, 741, 759, 759, 833, 741, 704, 0, 870, 444, 0, 0, 704, 944, 852, 833, 741, 0, 796, 685, 722, 0, 0, 944, 0, 704, 0, 0, 0, 0, 0, 0, 0, 667, 611, 537, 667, 519, 389, 611, 685, 389, 0, 648, 389, 944, 685, 574, 648, 0, 519, 481, 407, 685, 556, 833, 574, 519, 519, 0, 0, 0, 0, 0, 0, 0, 0, 0, 0, 0, 0, 0, 0, 0, 0, 0, 0, 0, 0, 0, 0, 0, 259]}, but is not installed. Consider installing fontTools if you encounter encoding problems.
fontTools is required to fully parse the encoding of a CFF Type1 font in font dictionary {'/BaseFont': '/IIMBFG+NewCenturySchlbk-Italic', '/Encoding': IndirectObject(1193, 0, 127413185015840), '/FirstChar': 30, '/FontDescriptor': IndirectObject(1194, 0, 127413185015840), '/LastChar': 150, '/Subtype': '/Type1', '/Type': '/Font', '/Widths': [611, 611, 278, 0, 0, 0, 0, 0, 852, 0, 333, 333, 0, 0, 278, 333, 278, 606, 556, 556, 556, 556, 556, 556, 556, 556, 556, 556, 278, 278, 0, 0, 0, 0, 747, 704, 722, 722, 778, 722, 667, 778, 833, 407, 611, 741, 667, 944, 815, 778, 667, 0, 741, 667, 685, 815, 704, 926, 0, 685, 0, 333, 0, 333, 0, 0, 0, 574, 556, 444, 611, 444, 333, 537, 611, 333, 315, 556, 333, 889, 611, 500, 574, 556, 444, 444, 352, 611, 519, 778, 500, 500, 463, 0, 0, 0, 0, 0, 0, 0, 0, 0, 0, 0, 0, 0, 0, 0, 0, 0, 0, 0, 0, 0, 0, 0, 204, 389, 389, 0, 500]}, but is not installed. Consider installing fontTools if you encounter encoding problems.
fontTools is required to fully parse the encoding of a CFF Type1 font in font dictionary {'/BaseFont': '/IIMBFH+NewCenturySchlbk-Roman', '/Encoding': IndirectObject(1193, 0, 127413185015840), '/FirstChar': 23, '/FontDescriptor': IndirectObject(1196, 0, 127413185015840), '/LastChar': 184, '/Subtype': '/Type1', '/Type': '/Font', '/Widths': [333, 0, 0, 0, 0, 0, 0, 611, 611, 278, 0, 0, 556, 0, 833, 815, 0, 333, 333, 500, 0, 278, 333, 278, 278, 556, 556, 556, 556, 556, 556, 556, 556, 556, 556, 278, 278, 0, 0, 0, 444, 737, 722, 722, 722, 778, 722, 667, 778, 833, 407, 556, 778, 667, 944, 815, 778, 667, 778, 722, 630, 667, 815, 722, 981, 704, 704, 611, 333, 0, 333, 0, 500, 0, 556, 556, 444, 574, 500, 333, 537, 611, 315, 296, 593, 315, 889, 611, 500, 574, 556, 444, 463, 389, 611, 537, 778, 537, 537, 481, 0, 0, 0, 0, 0, 0, 0, 0, 0, 0, 0, 0, 0, 0, 0, 0, 0, 0, 0, 0, 0, 0, 204, 204, 389, 389, 0, 556, 1000, 0, 0, 0, 0, 0, 0, 0, 0, 278, 0, 0, 0, 0, 0, 0, 500, 0, 0, 0, 0, 0, 333, 0, 0, 0, 0, 0, 0, 0, 0, 606, 0, 333]}, but is not installed. Consider installing fontTools if you encounter encoding problems.
fontTools is required to fully parse the encoding of a CFF Type1 font in font dictionary {'/BaseFont': '/IIMBGK+NewCenturySchlbk-Bold', '/Encoding': '/MacRomanEncoding', '/FirstChar': 32, '/FontDescriptor': IndirectObject(1198, 0, 127413185015840), '/LastChar': 222, '/Subtype': '/Type1', '/Type': '/Font', '/Widths': [287, 0, 0, 0, 0, 0, 0, 0, 0, 0, 0, 0, 278, 0, 278, 278, 574, 574, 574, 574, 574, 574, 574, 574, 574, 574, 278, 0, 0, 0, 0, 0, 0, 759, 778, 778, 833, 759, 722, 833, 870, 444, 648, 815, 722, 981, 833, 833, 759, 0, 815, 667, 722, 833, 759, 981, 0, 722, 0, 0, 0, 0, 0, 0, 0, 611, 648, 556, 667, 574, 389, 611, 685, 370, 0, 667, 352, 963, 685, 611, 667, 648, 519, 500, 426, 685, 611, 889, 611, 611, 537, 0, 0, 0, 0, 287, 0, 0, 0, 0, 0, 0, 0, 0, 0, 0, 0, 0, 0, 0, 0, 0, 0, 0, 0, 0, 0, 0, 0, 0, 0, 0, 0, 0, 0, 0, 0, 0, 0, 0, 0, 0, 0, 0, 0, 0, 0, 0, 0, 0, 0, 287, 0, 0, 287, 0, 287, 287, 0, 0, 287, 287, 287, 287, 287, 0, 0, 287, 0, 0, 0, 0, 0, 287, 0, 287, 287, 0, 0, 0, 287, 0, 0, 0, 0, 0, 0, 0, 0, 0, 0, 241, 0, 287, 0, 0, 0, 0, 0, 0, 685]}, but is not installed. Consider installing fontTools if you encounter encoding problems.
fontTools is required to fully parse the encoding of a CFF Type1 font in font dictionary {'/BaseFont': '/IIMBFH+NewCenturySchlbk-Roman', '/Encoding': IndirectObject(1193, 0, 127413185015840), '/FirstChar': 23, '/FontDescriptor': IndirectObject(1196, 0, 127413185015840), '/LastChar': 184, '/Subtype': '/Type1', '/Type': '/Font', '/Widths': [333, 0, 0, 0, 0, 0, 0, 611, 611, 278, 0, 0, 556, 0, 833, 815, 0, 333, 333, 500, 0, 278, 333, 278, 278, 556, 556, 556, 556, 556, 556, 556, 556, 556, 556, 278, 278, 0, 0, 0, 444, 737, 722, 722, 722, 778, 722, 667, 778, 833, 407, 556, 778, 667, 944, 815, 778, 667, 778, 722, 630, 667, 815, 722, 981, 704, 704, 611, 333, 0, 333, 0, 500, 0, 556, 556, 444, 574, 500, 333, 537, 611, 315, 296, 593, 315, 889, 611, 500, 574, 556, 444, 463, 389, 611, 537, 778, 537, 537, 481, 0, 0, 0, 0, 0, 0, 0, 0, 0, 0, 0, 0, 0, 0, 0, 0, 0, 0, 0, 0, 0, 0, 204, 204, 389, 389, 0, 556, 1000, 0, 0, 0, 0, 0, 0, 0, 0, 278, 0, 0, 0, 0, 0, 0, 500, 0, 0, 0, 0, 0, 333, 0, 0, 0, 0, 0, 0, 0, 0, 606, 0, 333]}, but is not installed. Consider installing fontTools if you encounter encoding problems.
fontTools is required to fully parse the encoding of a CFF Type1 font in font dictionary {'/BaseFont': '/IIMBFG+NewCenturySchlbk-Italic', '/Encoding': IndirectObject(1193, 0, 127413185015840), '/FirstChar': 30, '/FontDescriptor': IndirectObject(1194, 0, 127413185015840), '/LastChar': 150, '/Subtype': '/Type1', '/Type': '/Font', '/Widths': [611, 611, 278, 0, 0, 0, 0, 0, 852, 0, 333, 333, 0, 0, 278, 333, 278, 606, 556, 556, 556, 556, 556, 556, 556, 556, 556, 556, 278, 278, 0, 0, 0, 0, 747, 704, 722, 722, 778, 722, 667, 778, 833, 407, 611, 741, 667, 944, 815, 778, 667, 0, 741, 667, 685, 815, 704, 926, 0, 685, 0, 333, 0, 333, 0, 0, 0, 574, 556, 444, 611, 444, 333, 537, 611, 333, 315, 556, 333, 889, 611, 500, 574, 556, 444, 444, 352, 611, 519, 778, 500, 500, 463, 0, 0, 0, 0, 0, 0, 0, 0, 0, 0, 0, 0, 0, 0, 0, 0, 0, 0, 0, 0, 0, 0, 0, 204, 389, 389, 0, 500]}, but is not installed. Consider installing fontTools if you encounter encoding problems.
fontTools is required to fully parse the encoding of a CFF Type1 font in font dictionary {'/BaseFont': '/IIMBFH+NewCenturySchlbk-Roman', '/Encoding': IndirectObject(1193, 0, 127413185015840), '/FirstChar': 23, '/FontDescriptor': IndirectObject(1196, 0, 127413185015840), '/LastChar': 184, '/Subtype': '/Type1', '/Type': '/Font', '/Widths': [333, 0, 0, 0, 0, 0, 0, 611, 611, 278, 0, 0, 556, 0, 833, 815, 0, 333, 333, 500, 0, 278, 333, 278, 278, 556, 556, 556, 556, 556, 556, 556, 556, 556, 556, 278, 278, 0, 0, 0, 444, 737, 722, 722, 722, 778, 722, 667, 778, 833, 407, 556, 778, 667, 944, 815, 778, 667, 778, 722, 630, 667, 815, 722, 981, 704, 704, 611, 333, 0, 333, 0, 500, 0, 556, 556, 444, 574, 500, 333, 537, 611, 315, 296, 593, 315, 889, 611, 500, 574, 556, 444, 463, 389, 611, 537, 778, 537, 537, 481, 0, 0, 0, 0, 0, 0, 0, 0, 0, 0, 0, 0, 0, 0, 0, 0, 0, 0, 0, 0, 0, 0, 204, 204, 389, 389, 0, 556, 1000, 0, 0, 0, 0, 0, 0, 0, 0, 278, 0, 0, 0, 0, 0, 0, 500, 0, 0, 0, 0, 0, 333, 0, 0, 0, 0, 0, 0, 0, 0, 606, 0, 333]}, but is not installed. Consider installing fontTools if you encounter encoding problems.
fontTools is required to fully parse the encoding of a CFF Type1 font in font dictionary {'/BaseFont': '/IIMBFG+NewCenturySchlbk-Italic', '/Encoding': IndirectObject(1193, 0, 127413185015840), '/FirstChar': 30, '/FontDescriptor': IndirectObject(1194, 0, 127413185015840), '/LastChar': 150, '/Subtype': '/Type1', '/Type': '/Font', '/Widths': [611, 611, 278, 0, 0, 0, 0, 0, 852, 0, 333, 333, 0, 0, 278, 333, 278, 606, 556, 556, 556, 556, 556, 556, 556, 556, 556, 556, 278, 278, 0, 0, 0, 0, 747, 704, 722, 722, 778, 722, 667, 778, 833, 407, 611, 741, 667, 944, 815, 778, 667, 0, 741, 667, 685, 815, 704, 926, 0, 685, 0, 333, 0, 333, 0, 0, 0, 574, 556, 444, 611, 444, 333, 537, 611, 333, 315, 556, 333, 889, 611, 500, 574, 556, 444, 444, 352, 611, 519, 778, 500, 500, 463, 0, 0, 0, 0, 0, 0, 0, 0, 0, 0, 0, 0, 0, 0, 0, 0, 0, 0, 0, 0, 0, 0, 0, 204, 389, 389, 0, 500]}, but is not installed. Consider installing fontTools if you encounter encoding problems.
fontTools is required to fully parse the encoding of a CFF Type1 font in font dictionary {'/BaseFont': '/IIMBFH+NewCenturySchlbk-Roman', '/Encoding': IndirectObject(1193, 0, 127413185015840), '/FirstChar': 23, '/FontDescriptor': IndirectObject(1196, 0, 127413185015840), '/LastChar': 184, '/Subtype': '/Type1', '/Type': '/Font', '/Widths': [333, 0, 0, 0, 0, 0, 0, 611, 611, 278, 0, 0, 556, 0, 833, 815, 0, 333, 333, 500, 0, 278, 333, 278, 278, 556, 556, 556, 556, 556, 556, 556, 556, 556, 556, 278, 278, 0, 0, 0, 444, 737, 722, 722, 722, 778, 722, 667, 778, 833, 407, 556, 778, 667, 944, 815, 778, 667, 778, 722, 630, 667, 815, 722, 981, 704, 704, 611, 333, 0, 333, 0, 500, 0, 556, 556, 444, 574, 500, 333, 537, 611, 315, 296, 593, 315, 889, 611, 500, 574, 556, 444, 463, 389, 611, 537, 778, 537, 537, 481, 0, 0, 0, 0, 0, 0, 0, 0, 0, 0, 0, 0, 0, 0, 0, 0, 0, 0, 0, 0, 0, 0, 204, 204, 389, 389, 0, 556, 1000, 0, 0, 0, 0, 0, 0, 0, 0, 278, 0, 0, 0, 0, 0, 0, 500, 0, 0, 0, 0, 0, 333, 0, 0, 0, 0, 0, 0, 0, 0, 606, 0, 333]}, but is not installed. Consider installing fontTools if you encounter encoding problems.
fontTools is required to fully parse the encoding of a CFF Type1 font in font dictionary {'/BaseFont': '/IIMBFG+NewCenturySchlbk-Italic', '/Encoding': IndirectObject(1193, 0, 127413185015840), '/FirstChar': 30, '/FontDescriptor': IndirectObject(1194, 0, 127413185015840), '/LastChar': 150, '/Subtype': '/Type1', '/Type': '/Font', '/Widths': [611, 611, 278, 0, 0, 0, 0, 0, 852, 0, 333, 333, 0, 0, 278, 333, 278, 606, 556, 556, 556, 556, 556, 556, 556, 556, 556, 556, 278, 278, 0, 0, 0, 0, 747, 704, 722, 722, 778, 722, 667, 778, 833, 407, 611, 741, 667, 944, 815, 778, 667, 0, 741, 667, 685, 815, 704, 926, 0, 685, 0, 333, 0, 333, 0, 0, 0, 574, 556, 444, 611, 444, 333, 537, 611, 333, 315, 556, 333, 889, 611, 500, 574, 556, 444, 444, 352, 611, 519, 778, 500, 500, 463, 0, 0, 0, 0, 0, 0, 0, 0, 0, 0, 0, 0, 0, 0, 0, 0, 0, 0, 0, 0, 0, 0, 0, 204, 389, 389, 0, 500]}, but is not installed. Consider installing fontTools if you encounter encoding problems.
fontTools is required to fully parse the encoding of a CFF Type1 font in font dictionary {'/BaseFont': '/IIMBGK+NewCenturySchlbk-Bold', '/Encoding': '/MacRomanEncoding', '/FirstChar': 32, '/FontDescriptor': IndirectObject(1198, 0, 127413185015840), '/LastChar': 222, '/Subtype': '/Type1', '/Type': '/Font', '/Widths': [287, 0, 0, 0, 0, 0, 0, 0, 0, 0, 0, 0, 278, 0, 278, 278, 574, 574, 574, 574, 574, 574, 574, 574, 574, 574, 278, 0, 0, 0, 0, 0, 0, 759, 778, 778, 833, 759, 722, 833, 870, 444, 648, 815, 722, 981, 833, 833, 759, 0, 815, 667, 722, 833, 759, 981, 0, 722, 0, 0, 0, 0, 0, 0, 0, 611, 648, 556, 667, 574, 389, 611, 685, 370, 0, 667, 352, 963, 685, 611, 667, 648, 519, 500, 426, 685, 611, 889, 611, 611, 537, 0, 0, 0, 0, 287, 0, 0, 0, 0, 0, 0, 0, 0, 0, 0, 0, 0, 0, 0, 0, 0, 0, 0, 0, 0, 0, 0, 0, 0, 0, 0, 0, 0, 0, 0, 0, 0, 0, 0, 0, 0, 0, 0, 0, 0, 0, 0, 0, 0, 0, 287, 0, 0, 287, 0, 287, 287, 0, 0, 287, 287, 287, 287, 287, 0, 0, 287, 0, 0, 0, 0, 0, 287, 0, 287, 287, 0, 0, 0, 287, 0, 0, 0, 0, 0, 0, 0, 0, 0, 0, 241, 0, 287, 0, 0, 0, 0, 0, 0, 685]}, but is not installed. Consider installing fontTools if you encounter encoding problems.
fontTools is required to fully parse the encoding of a CFF Type1 font in font dictionary {'/BaseFont': '/IIMBFH+NewCenturySchlbk-Roman', '/Encoding': IndirectObject(1193, 0, 127413185015840), '/FirstChar': 23, '/FontDescriptor': IndirectObject(1196, 0, 127413185015840), '/LastChar': 184, '/Subtype': '/Type1', '/Type': '/Font', '/Widths': [333, 0, 0, 0, 0, 0, 0, 611, 611, 278, 0, 0, 556, 0, 833, 815, 0, 333, 333, 500, 0, 278, 333, 278, 278, 556, 556, 556, 556, 556, 556, 556, 556, 556, 556, 278, 278, 0, 0, 0, 444, 737, 722, 722, 722, 778, 722, 667, 778, 833, 407, 556, 778, 667, 944, 815, 778, 667, 778, 722, 630, 667, 815, 722, 981, 704, 704, 611, 333, 0, 333, 0, 500, 0, 556, 556, 444, 574, 500, 333, 537, 611, 315, 296, 593, 315, 889, 611, 500, 574, 556, 444, 463, 389, 611, 537, 778, 537, 537, 481, 0, 0, 0, 0, 0, 0, 0, 0, 0, 0, 0, 0, 0, 0, 0, 0, 0, 0, 0, 0, 0, 0, 204, 204, 389, 389, 0, 556, 1000, 0, 0, 0, 0, 0, 0, 0, 0, 278, 0, 0, 0, 0, 0, 0, 500, 0, 0, 0, 0, 0, 333, 0, 0, 0, 0, 0, 0, 0, 0, 606, 0, 333]}, but is not installed. Consider installing fontTools if you encounter encoding problems.
fontTools is required to fully parse the encoding of a CFF Type1 font in font dictionary {'/BaseFont': '/IIMBFG+NewCenturySchlbk-Italic', '/Encoding': IndirectObject(1193, 0, 127413185015840), '/FirstChar': 30, '/FontDescriptor': IndirectObject(1194, 0, 127413185015840), '/LastChar': 150, '/Subtype': '/Type1', '/Type': '/Font', '/Widths': [611, 611, 278, 0, 0, 0, 0, 0, 852, 0, 333, 333, 0, 0, 278, 333, 278, 606, 556, 556, 556, 556, 556, 556, 556, 556, 556, 556, 278, 278, 0, 0, 0, 0, 747, 704, 722, 722, 778, 722, 667, 778, 833, 407, 611, 741, 667, 944, 815, 778, 667, 0, 741, 667, 685, 815, 704, 926, 0, 685, 0, 333, 0, 333, 0, 0, 0, 574, 556, 444, 611, 444, 333, 537, 611, 333, 315, 556, 333, 889, 611, 500, 574, 556, 444, 444, 352, 611, 519, 778, 500, 500, 463, 0, 0, 0, 0, 0, 0, 0, 0, 0, 0, 0, 0, 0, 0, 0, 0, 0, 0, 0, 0, 0, 0, 0, 204, 389, 389, 0, 500]}, but is not installed. Consider installing fontTools if you encounter encoding problems.
fontTools is required to fully parse the encoding of a CFF Type1 font in font dictionary {'/BaseFont': '/IIMBFH+NewCenturySchlbk-Roman', '/Encoding': IndirectObject(1193, 0, 127413185015840), '/FirstChar': 23, '/FontDescriptor': IndirectObject(1196, 0, 127413185015840), '/LastChar': 184, '/Subtype': '/Type1', '/Type': '/Font', '/Widths': [333, 0, 0, 0, 0, 0, 0, 611, 611, 278, 0, 0, 556, 0, 833, 815, 0, 333, 333, 500, 0, 278, 333, 278, 278, 556, 556, 556, 556, 556, 556, 556, 556, 556, 556, 278, 278, 0, 0, 0, 444, 737, 722, 722, 722, 778, 722, 667, 778, 833, 407, 556, 778, 667, 944, 815, 778, 667, 778, 722, 630, 667, 815, 722, 981, 704, 704, 611, 333, 0, 333, 0, 500, 0, 556, 556, 444, 574, 500, 333, 537, 611, 315, 296, 593, 315, 889, 611, 500, 574, 556, 444, 463, 389, 611, 537, 778, 537, 537, 481, 0, 0, 0, 0, 0, 0, 0, 0, 0, 0, 0, 0, 0, 0, 0, 0, 0, 0, 0, 0, 0, 0, 204, 204, 389, 389, 0, 556, 1000, 0, 0, 0, 0, 0, 0, 0, 0, 278, 0, 0, 0, 0, 0, 0, 500, 0, 0, 0, 0, 0, 333, 0, 0, 0, 0, 0, 0, 0, 0, 606, 0, 333]}, but is not installed. Consider installing fontTools if you encounter encoding problems.
fontTools is required to fully parse the encoding of a CFF Type1 font in font dictionary {'/BaseFont': '/IIMBFG+NewCenturySchlbk-Italic', '/Encoding': IndirectObject(1193, 0, 127413185015840), '/FirstChar': 30, '/FontDescriptor': IndirectObject(1194, 0, 127413185015840), '/LastChar': 150, '/Subtype': '/Type1', '/Type': '/Font', '/Widths': [611, 611, 278, 0, 0, 0, 0, 0, 852, 0, 333, 333, 0, 0, 278, 333, 278, 606, 556, 556, 556, 556, 556, 556, 556, 556, 556, 556, 278, 278, 0, 0, 0, 0, 747, 704, 722, 722, 778, 722, 667, 778, 833, 407, 611, 741, 667, 944, 815, 778, 667, 0, 741, 667, 685, 815, 704, 926, 0, 685, 0, 333, 0, 333, 0, 0, 0, 574, 556, 444, 611, 444, 333, 537, 611, 333, 315, 556, 333, 889, 611, 500, 574, 556, 444, 444, 352, 611, 519, 778, 500, 500, 463, 0, 0, 0, 0, 0, 0, 0, 0, 0, 0, 0, 0, 0, 0, 0, 0, 0, 0, 0, 0, 0, 0, 0, 204, 389, 389, 0, 500]}, but is not installed. Consider installing fontTools if you encounter encoding problems.
fontTools is required to fully parse the encoding of a CFF Type1 font in font dictionary {'/BaseFont': '/IIMBGK+NewCenturySchlbk-Bold', '/Encoding': '/MacRomanEncoding', '/FirstChar': 32, '/FontDescriptor': IndirectObject(1198, 0, 127413185015840), '/LastChar': 222, '/Subtype': '/Type1', '/Type': '/Font', '/Widths': [287, 0, 0, 0, 0, 0, 0, 0, 0, 0, 0, 0, 278, 0, 278, 278, 574, 574, 574, 574, 574, 574, 574, 574, 574, 574, 278, 0, 0, 0, 0, 0, 0, 759, 778, 778, 833, 759, 722, 833, 870, 444, 648, 815, 722, 981, 833, 833, 759, 0, 815, 667, 722, 833, 759, 981, 0, 722, 0, 0, 0, 0, 0, 0, 0, 611, 648, 556, 667, 574, 389, 611, 685, 370, 0, 667, 352, 963, 685, 611, 667, 648, 519, 500, 426, 685, 611, 889, 611, 611, 537, 0, 0, 0, 0, 287, 0, 0, 0, 0, 0, 0, 0, 0, 0, 0, 0, 0, 0, 0, 0, 0, 0, 0, 0, 0, 0, 0, 0, 0, 0, 0, 0, 0, 0, 0, 0, 0, 0, 0, 0, 0, 0, 0, 0, 0, 0, 0, 0, 0, 0, 287, 0, 0, 287, 0, 287, 287, 0, 0, 287, 287, 287, 287, 287, 0, 0, 287, 0, 0, 0, 0, 0, 287, 0, 287, 287, 0, 0, 0, 287, 0, 0, 0, 0, 0, 0, 0, 0, 0, 0, 241, 0, 287, 0, 0, 0, 0, 0, 0, 685]}, but is not installed. Consider installing fontTools if you encounter encoding problems.
fontTools is required to fully parse the encoding of a CFF Type1 font in font dictionary {'/BaseFont': '/IIMBFH+NewCenturySchlbk-Roman', '/Encoding': IndirectObject(1193, 0, 127413185015840), '/FirstChar': 23, '/FontDescriptor': IndirectObject(1196, 0, 127413185015840), '/LastChar': 184, '/Subtype': '/Type1', '/Type': '/Font', '/Widths': [333, 0, 0, 0, 0, 0, 0, 611, 611, 278, 0, 0, 556, 0, 833, 815, 0, 333, 333, 500, 0, 278, 333, 278, 278, 556, 556, 556, 556, 556, 556, 556, 556, 556, 556, 278, 278, 0, 0, 0, 444, 737, 722, 722, 722, 778, 722, 667, 778, 833, 407, 556, 778, 667, 944, 815, 778, 667, 778, 722, 630, 667, 815, 722, 981, 704, 704, 611, 333, 0, 333, 0, 500, 0, 556, 556, 444, 574, 500, 333, 537, 611, 315, 296, 593, 315, 889, 611, 500, 574, 556, 444, 463, 389, 611, 537, 778, 537, 537, 481, 0, 0, 0, 0, 0, 0, 0, 0, 0, 0, 0, 0, 0, 0, 0, 0, 0, 0, 0, 0, 0, 0, 204, 204, 389, 389, 0, 556, 1000, 0, 0, 0, 0, 0, 0, 0, 0, 278, 0, 0, 0, 0, 0, 0, 500, 0, 0, 0, 0, 0, 333, 0, 0, 0, 0, 0, 0, 0, 0, 606, 0, 333]}, but is not installed. Consider installing fontTools if you encounter encoding problems.
fontTools is required to fully parse the encoding of a CFF Type1 font in font dictionary {'/BaseFont': '/IIMBFG+NewCenturySchlbk-Italic', '/Encoding': IndirectObject(1193, 0, 127413185015840), '/FirstChar': 30, '/FontDescriptor': IndirectObject(1194, 0, 127413185015840), '/LastChar': 150, '/Subtype': '/Type1', '/Type': '/Font', '/Widths': [611, 611, 278, 0, 0, 0, 0, 0, 852, 0, 333, 333, 0, 0, 278, 333, 278, 606, 556, 556, 556, 556, 556, 556, 556, 556, 556, 556, 278, 278, 0, 0, 0, 0, 747, 704, 722, 722, 778, 722, 667, 778, 833, 407, 611, 741, 667, 944, 815, 778, 667, 0, 741, 667, 685, 815, 704, 926, 0, 685, 0, 333, 0, 333, 0, 0, 0, 574, 556, 444, 611, 444, 333, 537, 611, 333, 315, 556, 333, 889, 611, 500, 574, 556, 444, 444, 352, 611, 519, 778, 500, 500, 463, 0, 0, 0, 0, 0, 0, 0, 0, 0, 0, 0, 0, 0, 0, 0, 0, 0, 0, 0, 0, 0, 0, 0, 204, 389, 389, 0, 500]}, but is not installed. Consider installing fontTools if you encounter encoding problems.
fontTools is required to fully parse the encoding of a CFF Type1 font in font dictionary {'/BaseFont': '/IIMBFG+NewCenturySchlbk-Italic', '/Encoding': IndirectObject(1193, 0, 127413185015840), '/FirstChar': 30, '/FontDescriptor': IndirectObject(1194, 0, 127413185015840), '/LastChar': 150, '/Subtype': '/Type1', '/Type': '/Font', '/Widths': [611, 611, 278, 0, 0, 0, 0, 0, 852, 0, 333, 333, 0, 0, 278, 333, 278, 606, 556, 556, 556, 556, 556, 556, 556, 556, 556, 556, 278, 278, 0, 0, 0, 0, 747, 704, 722, 722, 778, 722, 667, 778, 833, 407, 611, 741, 667, 944, 815, 778, 667, 0, 741, 667, 685, 815, 704, 926, 0, 685, 0, 333, 0, 333, 0, 0, 0, 574, 556, 444, 611, 444, 333, 537, 611, 333, 315, 556, 333, 889, 611, 500, 574, 556, 444, 444, 352, 611, 519, 778, 500, 500, 463, 0, 0, 0, 0, 0, 0, 0, 0, 0, 0, 0, 0, 0, 0, 0, 0, 0, 0, 0, 0, 0, 0, 0, 204, 389, 389, 0, 500]}, but is not installed. Consider installing fontTools if you encounter encoding problems.
fontTools is required to fully parse the encoding of a CFF Type1 font in font dictionary {'/BaseFont': '/IIMBFH+NewCenturySchlbk-Roman', '/Encoding': IndirectObject(1193, 0, 127413185015840), '/FirstChar': 23, '/FontDescriptor': IndirectObject(1196, 0, 127413185015840), '/LastChar': 184, '/Subtype': '/Type1', '/Type': '/Font', '/Widths': [333, 0, 0, 0, 0, 0, 0, 611, 611, 278, 0, 0, 556, 0, 833, 815, 0, 333, 333, 500, 0, 278, 333, 278, 278, 556, 556, 556, 556, 556, 556, 556, 556, 556, 556, 278, 278, 0, 0, 0, 444, 737, 722, 722, 722, 778, 722, 667, 778, 833, 407, 556, 778, 667, 944, 815, 778, 667, 778, 722, 630, 667, 815, 722, 981, 704, 704, 611, 333, 0, 333, 0, 500, 0, 556, 556, 444, 574, 500, 333, 537, 611, 315, 296, 593, 315, 889, 611, 500, 574, 556, 444, 463, 389, 611, 537, 778, 537, 537, 481, 0, 0, 0, 0, 0, 0, 0, 0, 0, 0, 0, 0, 0, 0, 0, 0, 0, 0, 0, 0, 0, 0, 204, 204, 389, 389, 0, 556, 1000, 0, 0, 0, 0, 0, 0, 0, 0, 278, 0, 0, 0, 0, 0, 0, 500, 0, 0, 0, 0, 0, 333, 0, 0, 0, 0, 0, 0, 0, 0, 606, 0, 333]}, but is not installed. Consider installing fontTools if you encounter encoding problems.
fontTools is required to fully parse the encoding of a CFF Type1 font in font dictionary {'/BaseFont': '/IIMBGK+NewCenturySchlbk-Bold', '/Encoding': '/MacRomanEncoding', '/FirstChar': 32, '/FontDescriptor': IndirectObject(1198, 0, 127413185015840), '/LastChar': 222, '/Subtype': '/Type1', '/Type': '/Font', '/Widths': [287, 0, 0, 0, 0, 0, 0, 0, 0, 0, 0, 0, 278, 0, 278, 278, 574, 574, 574, 574, 574, 574, 574, 574, 574, 574, 278, 0, 0, 0, 0, 0, 0, 759, 778, 778, 833, 759, 722, 833, 870, 444, 648, 815, 722, 981, 833, 833, 759, 0, 815, 667, 722, 833, 759, 981, 0, 722, 0, 0, 0, 0, 0, 0, 0, 611, 648, 556, 667, 574, 389, 611, 685, 370, 0, 667, 352, 963, 685, 611, 667, 648, 519, 500, 426, 685, 611, 889, 611, 611, 537, 0, 0, 0, 0, 287, 0, 0, 0, 0, 0, 0, 0, 0, 0, 0, 0, 0, 0, 0, 0, 0, 0, 0, 0, 0, 0, 0, 0, 0, 0, 0, 0, 0, 0, 0, 0, 0, 0, 0, 0, 0, 0, 0, 0, 0, 0, 0, 0, 0, 0, 287, 0, 0, 287, 0, 287, 287, 0, 0, 287, 287, 287, 287, 287, 0, 0, 287, 0, 0, 0, 0, 0, 287, 0, 287, 287, 0, 0, 0, 287, 0, 0, 0, 0, 0, 0, 0, 0, 0, 0, 241, 0, 287, 0, 0, 0, 0, 0, 0, 685]}, but is not installed. Consider installing fontTools if you encounter encoding problems.
fontTools is required to fully parse the encoding of a CFF Type1 font in font dictionary {'/BaseFont': '/IIMBFG+NewCenturySchlbk-Italic', '/Encoding': IndirectObject(1193, 0, 127413185015840), '/FirstChar': 30, '/FontDescriptor': IndirectObject(1194, 0, 127413185015840), '/LastChar': 150, '/Subtype': '/Type1', '/Type': '/Font', '/Widths': [611, 611, 278, 0, 0, 0, 0, 0, 852, 0, 333, 333, 0, 0, 278, 333, 278, 606, 556, 556, 556, 556, 556, 556, 556, 556, 556, 556, 278, 278, 0, 0, 0, 0, 747, 704, 722, 722, 778, 722, 667, 778, 833, 407, 611, 741, 667, 944, 815, 778, 667, 0, 741, 667, 685, 815, 704, 926, 0, 685, 0, 333, 0, 333, 0, 0, 0, 574, 556, 444, 611, 444, 333, 537, 611, 333, 315, 556, 333, 889, 611, 500, 574, 556, 444, 444, 352, 611, 519, 778, 500, 500, 463, 0, 0, 0, 0, 0, 0, 0, 0, 0, 0, 0, 0, 0, 0, 0, 0, 0, 0, 0, 0, 0, 0, 0, 204, 389, 389, 0, 500]}, but is not installed. Consider installing fontTools if you encounter encoding problems.
fontTools is required to fully parse the encoding of a CFF Type1 font in font dictionary {'/BaseFont': '/IIMBFH+NewCenturySchlbk-Roman', '/Encoding': IndirectObject(1193, 0, 127413185015840), '/FirstChar': 23, '/FontDescriptor': IndirectObject(1196, 0, 127413185015840), '/LastChar': 184, '/Subtype': '/Type1', '/Type': '/Font', '/Widths': [333, 0, 0, 0, 0, 0, 0, 611, 611, 278, 0, 0, 556, 0, 833, 815, 0, 333, 333, 500, 0, 278, 333, 278, 278, 556, 556, 556, 556, 556, 556, 556, 556, 556, 556, 278, 278, 0, 0, 0, 444, 737, 722, 722, 722, 778, 722, 667, 778, 833, 407, 556, 778, 667, 944, 815, 778, 667, 778, 722, 630, 667, 815, 722, 981, 704, 704, 611, 333, 0, 333, 0, 500, 0, 556, 556, 444, 574, 500, 333, 537, 611, 315, 296, 593, 315, 889, 611, 500, 574, 556, 444, 463, 389, 611, 537, 778, 537, 537, 481, 0, 0, 0, 0, 0, 0, 0, 0, 0, 0, 0, 0, 0, 0, 0, 0, 0, 0, 0, 0, 0, 0, 204, 204, 389, 389, 0, 556, 1000, 0, 0, 0, 0, 0, 0, 0, 0, 278, 0, 0, 0, 0, 0, 0, 500, 0, 0, 0, 0, 0, 333, 0, 0, 0, 0, 0, 0, 0, 0, 606, 0, 333]}, but is not installed. Consider installing fontTools if you encounter encoding problems.
fontTools is required to fully parse the encoding of a CFF Type1 font in font dictionary {'/BaseFont': '/IIMBGK+NewCenturySchlbk-Bold', '/Encoding': '/MacRomanEncoding', '/FirstChar': 32, '/FontDescriptor': IndirectObject(1198, 0, 127413185015840), '/LastChar': 222, '/Subtype': '/Type1', '/Type': '/Font', '/Widths': [287, 0, 0, 0, 0, 0, 0, 0, 0, 0, 0, 0, 278, 0, 278, 278, 574, 574, 574, 574, 574, 574, 574, 574, 574, 574, 278, 0, 0, 0, 0, 0, 0, 759, 778, 778, 833, 759, 722, 833, 870, 444, 648, 815, 722, 981, 833, 833, 759, 0, 815, 667, 722, 833, 759, 981, 0, 722, 0, 0, 0, 0, 0, 0, 0, 611, 648, 556, 667, 574, 389, 611, 685, 370, 0, 667, 352, 963, 685, 611, 667, 648, 519, 500, 426, 685, 611, 889, 611, 611, 537, 0, 0, 0, 0, 287, 0, 0, 0, 0, 0, 0, 0, 0, 0, 0, 0, 0, 0, 0, 0, 0, 0, 0, 0, 0, 0, 0, 0, 0, 0, 0, 0, 0, 0, 0, 0, 0, 0, 0, 0, 0, 0, 0, 0, 0, 0, 0, 0, 0, 0, 287, 0, 0, 287, 0, 287, 287, 0, 0, 287, 287, 287, 287, 287, 0, 0, 287, 0, 0, 0, 0, 0, 287, 0, 287, 287, 0, 0, 0, 287, 0, 0, 0, 0, 0, 0, 0, 0, 0, 0, 241, 0, 287, 0, 0, 0, 0, 0, 0, 685]}, but is not installed. Consider installing fontTools if you encounter encoding problems.
fontTools is required to fully parse the encoding of a CFF Type1 font in font dictionary {'/BaseFont': '/IIMBFH+NewCenturySchlbk-Roman', '/Encoding': IndirectObject(1193, 0, 127413185015840), '/FirstChar': 23, '/FontDescriptor': IndirectObject(1196, 0, 127413185015840), '/LastChar': 184, '/Subtype': '/Type1', '/Type': '/Font', '/Widths': [333, 0, 0, 0, 0, 0, 0, 611, 611, 278, 0, 0, 556, 0, 833, 815, 0, 333, 333, 500, 0, 278, 333, 278, 278, 556, 556, 556, 556, 556, 556, 556, 556, 556, 556, 278, 278, 0, 0, 0, 444, 737, 722, 722, 722, 778, 722, 667, 778, 833, 407, 556, 778, 667, 944, 815, 778, 667, 778, 722, 630, 667, 815, 722, 981, 704, 704, 611, 333, 0, 333, 0, 500, 0, 556, 556, 444, 574, 500, 333, 537, 611, 315, 296, 593, 315, 889, 611, 500, 574, 556, 444, 463, 389, 611, 537, 778, 537, 537, 481, 0, 0, 0, 0, 0, 0, 0, 0, 0, 0, 0, 0, 0, 0, 0, 0, 0, 0, 0, 0, 0, 0, 204, 204, 389, 389, 0, 556, 1000, 0, 0, 0, 0, 0, 0, 0, 0, 278, 0, 0, 0, 0, 0, 0, 500, 0, 0, 0, 0, 0, 333, 0, 0, 0, 0, 0, 0, 0, 0, 606, 0, 333]}, but is not installed. Consider installing fontTools if you encounter encoding problems.
fontTools is required to fully parse the encoding of a CFF Type1 font in font dictionary {'/BaseFont': '/IIMBFG+NewCenturySchlbk-Italic', '/Encoding': IndirectObject(1193, 0, 127413185015840), '/FirstChar': 30, '/FontDescriptor': IndirectObject(1194, 0, 127413185015840), '/LastChar': 150, '/Subtype': '/Type1', '/Type': '/Font', '/Widths': [611, 611, 278, 0, 0, 0, 0, 0, 852, 0, 333, 333, 0, 0, 278, 333, 278, 606, 556, 556, 556, 556, 556, 556, 556, 556, 556, 556, 278, 278, 0, 0, 0, 0, 747, 704, 722, 722, 778, 722, 667, 778, 833, 407, 611, 741, 667, 944, 815, 778, 667, 0, 741, 667, 685, 815, 704, 926, 0, 685, 0, 333, 0, 333, 0, 0, 0, 574, 556, 444, 611, 444, 333, 537, 611, 333, 315, 556, 333, 889, 611, 500, 574, 556, 444, 444, 352, 611, 519, 778, 500, 500, 463, 0, 0, 0, 0, 0, 0, 0, 0, 0, 0, 0, 0, 0, 0, 0, 0, 0, 0, 0, 0, 0, 0, 0, 204, 389, 389, 0, 500]}, but is not installed. Consider installing fontTools if you encounter encoding problems.
fontTools is required to fully parse the encoding of a CFF Type1 font in font dictionary {'/BaseFont': '/IIMBGK+NewCenturySchlbk-Bold', '/Encoding': '/MacRomanEncoding', '/FirstChar': 32, '/FontDescriptor': IndirectObject(1198, 0, 127413185015840), '/LastChar': 222, '/Subtype': '/Type1', '/Type': '/Font', '/Widths': [287, 0, 0, 0, 0, 0, 0, 0, 0, 0, 0, 0, 278, 0, 278, 278, 574, 574, 574, 574, 574, 574, 574, 574, 574, 574, 278, 0, 0, 0, 0, 0, 0, 759, 778, 778, 833, 759, 722, 833, 870, 444, 648, 815, 722, 981, 833, 833, 759, 0, 815, 667, 722, 833, 759, 981, 0, 722, 0, 0, 0, 0, 0, 0, 0, 611, 648, 556, 667, 574, 389, 611, 685, 370, 0, 667, 352, 963, 685, 611, 667, 648, 519, 500, 426, 685, 611, 889, 611, 611, 537, 0, 0, 0, 0, 287, 0, 0, 0, 0, 0, 0, 0, 0, 0, 0, 0, 0, 0, 0, 0, 0, 0, 0, 0, 0, 0, 0, 0, 0, 0, 0, 0, 0, 0, 0, 0, 0, 0, 0, 0, 0, 0, 0, 0, 0, 0, 0, 0, 0, 0, 287, 0, 0, 287, 0, 287, 287, 0, 0, 287, 287, 287, 287, 287, 0, 0, 287, 0, 0, 0, 0, 0, 287, 0, 287, 287, 0, 0, 0, 287, 0, 0, 0, 0, 0, 0, 0, 0, 0, 0, 241, 0, 287, 0, 0, 0, 0, 0, 0, 685]}, but is not installed. Consider installing fontTools if you encounter encoding problems.
fontTools is required to fully parse the encoding of a CFF Type1 font in font dictionary {'/BaseFont': '/IIMBFH+NewCenturySchlbk-Roman', '/Encoding': IndirectObject(1193, 0, 127413185015840), '/FirstChar': 23, '/FontDescriptor': IndirectObject(1196, 0, 127413185015840), '/LastChar': 184, '/Subtype': '/Type1', '/Type': '/Font', '/Widths': [333, 0, 0, 0, 0, 0, 0, 611, 611, 278, 0, 0, 556, 0, 833, 815, 0, 333, 333, 500, 0, 278, 333, 278, 278, 556, 556, 556, 556, 556, 556, 556, 556, 556, 556, 278, 278, 0, 0, 0, 444, 737, 722, 722, 722, 778, 722, 667, 778, 833, 407, 556, 778, 667, 944, 815, 778, 667, 778, 722, 630, 667, 815, 722, 981, 704, 704, 611, 333, 0, 333, 0, 500, 0, 556, 556, 444, 574, 500, 333, 537, 611, 315, 296, 593, 315, 889, 611, 500, 574, 556, 444, 463, 389, 611, 537, 778, 537, 537, 481, 0, 0, 0, 0, 0, 0, 0, 0, 0, 0, 0, 0, 0, 0, 0, 0, 0, 0, 0, 0, 0, 0, 204, 204, 389, 389, 0, 556, 1000, 0, 0, 0, 0, 0, 0, 0, 0, 278, 0, 0, 0, 0, 0, 0, 500, 0, 0, 0, 0, 0, 333, 0, 0, 0, 0, 0, 0, 0, 0, 606, 0, 333]}, but is not installed. Consider installing fontTools if you encounter encoding problems.
fontTools is required to fully parse the encoding of a CFF Type1 font in font dictionary {'/BaseFont': '/IIMBFG+NewCenturySchlbk-Italic', '/Encoding': IndirectObject(1193, 0, 127413185015840), '/FirstChar': 30, '/FontDescriptor': IndirectObject(1194, 0, 127413185015840), '/LastChar': 150, '/Subtype': '/Type1', '/Type': '/Font', '/Widths': [611, 611, 278, 0, 0, 0, 0, 0, 852, 0, 333, 333, 0, 0, 278, 333, 278, 606, 556, 556, 556, 556, 556, 556, 556, 556, 556, 556, 278, 278, 0, 0, 0, 0, 747, 704, 722, 722, 778, 722, 667, 778, 833, 407, 611, 741, 667, 944, 815, 778, 667, 0, 741, 667, 685, 815, 704, 926, 0, 685, 0, 333, 0, 333, 0, 0, 0, 574, 556, 444, 611, 444, 333, 537, 611, 333, 315, 556, 333, 889, 611, 500, 574, 556, 444, 444, 352, 611, 519, 778, 500, 500, 463, 0, 0, 0, 0, 0, 0, 0, 0, 0, 0, 0, 0, 0, 0, 0, 0, 0, 0, 0, 0, 0, 0, 0, 204, 389, 389, 0, 500]}, but is not installed. Consider installing fontTools if you encounter encoding problems.
fontTools is required to fully parse the encoding of a CFF Type1 font in font dictionary {'/BaseFont': '/IIMBGK+NewCenturySchlbk-Bold', '/Encoding': '/MacRomanEncoding', '/FirstChar': 32, '/FontDescriptor': IndirectObject(1198, 0, 127413185015840), '/LastChar': 222, '/Subtype': '/Type1', '/Type': '/Font', '/Widths': [287, 0, 0, 0, 0, 0, 0, 0, 0, 0, 0, 0, 278, 0, 278, 278, 574, 574, 574, 574, 574, 574, 574, 574, 574, 574, 278, 0, 0, 0, 0, 0, 0, 759, 778, 778, 833, 759, 722, 833, 870, 444, 648, 815, 722, 981, 833, 833, 759, 0, 815, 667, 722, 833, 759, 981, 0, 722, 0, 0, 0, 0, 0, 0, 0, 611, 648, 556, 667, 574, 389, 611, 685, 370, 0, 667, 352, 963, 685, 611, 667, 648, 519, 500, 426, 685, 611, 889, 611, 611, 537, 0, 0, 0, 0, 287, 0, 0, 0, 0, 0, 0, 0, 0, 0, 0, 0, 0, 0, 0, 0, 0, 0, 0, 0, 0, 0, 0, 0, 0, 0, 0, 0, 0, 0, 0, 0, 0, 0, 0, 0, 0, 0, 0, 0, 0, 0, 0, 0, 0, 0, 287, 0, 0, 287, 0, 287, 287, 0, 0, 287, 287, 287, 287, 287, 0, 0, 287, 0, 0, 0, 0, 0, 287, 0, 287, 287, 0, 0, 0, 287, 0, 0, 0, 0, 0, 0, 0, 0, 0, 0, 241, 0, 287, 0, 0, 0, 0, 0, 0, 685]}, but is not installed. Consider installing fontTools if you encounter encoding problems.
fontTools is required to fully parse the encoding of a CFF Type1 font in font dictionary {'/BaseFont': '/IIMBFH+NewCenturySchlbk-Roman', '/Encoding': IndirectObject(1193, 0, 127413185015840), '/FirstChar': 23, '/FontDescriptor': IndirectObject(1196, 0, 127413185015840), '/LastChar': 184, '/Subtype': '/Type1', '/Type': '/Font', '/Widths': [333, 0, 0, 0, 0, 0, 0, 611, 611, 278, 0, 0, 556, 0, 833, 815, 0, 333, 333, 500, 0, 278, 333, 278, 278, 556, 556, 556, 556, 556, 556, 556, 556, 556, 556, 278, 278, 0, 0, 0, 444, 737, 722, 722, 722, 778, 722, 667, 778, 833, 407, 556, 778, 667, 944, 815, 778, 667, 778, 722, 630, 667, 815, 722, 981, 704, 704, 611, 333, 0, 333, 0, 500, 0, 556, 556, 444, 574, 500, 333, 537, 611, 315, 296, 593, 315, 889, 611, 500, 574, 556, 444, 463, 389, 611, 537, 778, 537, 537, 481, 0, 0, 0, 0, 0, 0, 0, 0, 0, 0, 0, 0, 0, 0, 0, 0, 0, 0, 0, 0, 0, 0, 204, 204, 389, 389, 0, 556, 1000, 0, 0, 0, 0, 0, 0, 0, 0, 278, 0, 0, 0, 0, 0, 0, 500, 0, 0, 0, 0, 0, 333, 0, 0, 0, 0, 0, 0, 0, 0, 606, 0, 333]}, but is not installed. Consider installing fontTools if you encounter encoding problems.
fontTools is required to fully parse the encoding of a CFF Type1 font in font dictionary {'/BaseFont': '/IIMBFG+NewCenturySchlbk-Italic', '/Encoding': IndirectObject(1193, 0, 127413185015840), '/FirstChar': 30, '/FontDescriptor': IndirectObject(1194, 0, 127413185015840), '/LastChar': 150, '/Subtype': '/Type1', '/Type': '/Font', '/Widths': [611, 611, 278, 0, 0, 0, 0, 0, 852, 0, 333, 333, 0, 0, 278, 333, 278, 606, 556, 556, 556, 556, 556, 556, 556, 556, 556, 556, 278, 278, 0, 0, 0, 0, 747, 704, 722, 722, 778, 722, 667, 778, 833, 407, 611, 741, 667, 944, 815, 778, 667, 0, 741, 667, 685, 815, 704, 926, 0, 685, 0, 333, 0, 333, 0, 0, 0, 574, 556, 444, 611, 444, 333, 537, 611, 333, 315, 556, 333, 889, 611, 500, 574, 556, 444, 444, 352, 611, 519, 778, 500, 500, 463, 0, 0, 0, 0, 0, 0, 0, 0, 0, 0, 0, 0, 0, 0, 0, 0, 0, 0, 0, 0, 0, 0, 0, 204, 389, 389, 0, 500]}, but is not installed. Consider installing fontTools if you encounter encoding problems.
fontTools is required to fully parse the encoding of a CFF Type1 font in font dictionary {'/BaseFont': '/IIMBFH+NewCenturySchlbk-Roman', '/Encoding': IndirectObject(1193, 0, 127413185015840), '/FirstChar': 23, '/FontDescriptor': IndirectObject(1196, 0, 127413185015840), '/LastChar': 184, '/Subtype': '/Type1', '/Type': '/Font', '/Widths': [333, 0, 0, 0, 0, 0, 0, 611, 611, 278, 0, 0, 556, 0, 833, 815, 0, 333, 333, 500, 0, 278, 333, 278, 278, 556, 556, 556, 556, 556, 556, 556, 556, 556, 556, 278, 278, 0, 0, 0, 444, 737, 722, 722, 722, 778, 722, 667, 778, 833, 407, 556, 778, 667, 944, 815, 778, 667, 778, 722, 630, 667, 815, 722, 981, 704, 704, 611, 333, 0, 333, 0, 500, 0, 556, 556, 444, 574, 500, 333, 537, 611, 315, 296, 593, 315, 889, 611, 500, 574, 556, 444, 463, 389, 611, 537, 778, 537, 537, 481, 0, 0, 0, 0, 0, 0, 0, 0, 0, 0, 0, 0, 0, 0, 0, 0, 0, 0, 0, 0, 0, 0, 204, 204, 389, 389, 0, 556, 1000, 0, 0, 0, 0, 0, 0, 0, 0, 278, 0, 0, 0, 0, 0, 0, 500, 0, 0, 0, 0, 0, 333, 0, 0, 0, 0, 0, 0, 0, 0, 606, 0, 333]}, but is not installed. Consider installing fontTools if you encounter encoding problems.
fontTools is required to fully parse the encoding of a CFF Type1 font in font dictionary {'/BaseFont': '/IIMBFG+NewCenturySchlbk-Italic', '/Encoding': IndirectObject(1193, 0, 127413185015840), '/FirstChar': 30, '/FontDescriptor': IndirectObject(1194, 0, 127413185015840), '/LastChar': 150, '/Subtype': '/Type1', '/Type': '/Font', '/Widths': [611, 611, 278, 0, 0, 0, 0, 0, 852, 0, 333, 333, 0, 0, 278, 333, 278, 606, 556, 556, 556, 556, 556, 556, 556, 556, 556, 556, 278, 278, 0, 0, 0, 0, 747, 704, 722, 722, 778, 722, 667, 778, 833, 407, 611, 741, 667, 944, 815, 778, 667, 0, 741, 667, 685, 815, 704, 926, 0, 685, 0, 333, 0, 333, 0, 0, 0, 574, 556, 444, 611, 444, 333, 537, 611, 333, 315, 556, 333, 889, 611, 500, 574, 556, 444, 444, 352, 611, 519, 778, 500, 500, 463, 0, 0, 0, 0, 0, 0, 0, 0, 0, 0, 0, 0, 0, 0, 0, 0, 0, 0, 0, 0, 0, 0, 0, 204, 389, 389, 0, 500]}, but is not installed. Consider installing fontTools if you encounter encoding problems.
fontTools is required to fully parse the encoding of a CFF Type1 font in font dictionary {'/BaseFont': '/IIMBFH+NewCenturySchlbk-Roman', '/Encoding': IndirectObject(1193, 0, 127413185015840), '/FirstChar': 23, '/FontDescriptor': IndirectObject(1196, 0, 127413185015840), '/LastChar': 184, '/Subtype': '/Type1', '/Type': '/Font', '/Widths': [333, 0, 0, 0, 0, 0, 0, 611, 611, 278, 0, 0, 556, 0, 833, 815, 0, 333, 333, 500, 0, 278, 333, 278, 278, 556, 556, 556, 556, 556, 556, 556, 556, 556, 556, 278, 278, 0, 0, 0, 444, 737, 722, 722, 722, 778, 722, 667, 778, 833, 407, 556, 778, 667, 944, 815, 778, 667, 778, 722, 630, 667, 815, 722, 981, 704, 704, 611, 333, 0, 333, 0, 500, 0, 556, 556, 444, 574, 500, 333, 537, 611, 315, 296, 593, 315, 889, 611, 500, 574, 556, 444, 463, 389, 611, 537, 778, 537, 537, 481, 0, 0, 0, 0, 0, 0, 0, 0, 0, 0, 0, 0, 0, 0, 0, 0, 0, 0, 0, 0, 0, 0, 204, 204, 389, 389, 0, 556, 1000, 0, 0, 0, 0, 0, 0, 0, 0, 278, 0, 0, 0, 0, 0, 0, 500, 0, 0, 0, 0, 0, 333, 0, 0, 0, 0, 0, 0, 0, 0, 606, 0, 333]}, but is not installed. Consider installing fontTools if you encounter encoding problems.
fontTools is required to fully parse the encoding of a CFF Type1 font in font dictionary {'/BaseFont': '/IIMBFG+NewCenturySchlbk-Italic', '/Encoding': IndirectObject(1193, 0, 127413185015840), '/FirstChar': 30, '/FontDescriptor': IndirectObject(1194, 0, 127413185015840), '/LastChar': 150, '/Subtype': '/Type1', '/Type': '/Font', '/Widths': [611, 611, 278, 0, 0, 0, 0, 0, 852, 0, 333, 333, 0, 0, 278, 333, 278, 606, 556, 556, 556, 556, 556, 556, 556, 556, 556, 556, 278, 278, 0, 0, 0, 0, 747, 704, 722, 722, 778, 722, 667, 778, 833, 407, 611, 741, 667, 944, 815, 778, 667, 0, 741, 667, 685, 815, 704, 926, 0, 685, 0, 333, 0, 333, 0, 0, 0, 574, 556, 444, 611, 444, 333, 537, 611, 333, 315, 556, 333, 889, 611, 500, 574, 556, 444, 444, 352, 611, 519, 778, 500, 500, 463, 0, 0, 0, 0, 0, 0, 0, 0, 0, 0, 0, 0, 0, 0, 0, 0, 0, 0, 0, 0, 0, 0, 0, 204, 389, 389, 0, 500]}, but is not installed. Consider installing fontTools if you encounter encoding problems.
fontTools is required to fully parse the encoding of a CFF Type1 font in font dictionary {'/BaseFont': '/IIMBFH+NewCenturySchlbk-Roman', '/Encoding': IndirectObject(1193, 0, 127413185015840), '/FirstChar': 23, '/FontDescriptor': IndirectObject(1196, 0, 127413185015840), '/LastChar': 184, '/Subtype': '/Type1', '/Type': '/Font', '/Widths': [333, 0, 0, 0, 0, 0, 0, 611, 611, 278, 0, 0, 556, 0, 833, 815, 0, 333, 333, 500, 0, 278, 333, 278, 278, 556, 556, 556, 556, 556, 556, 556, 556, 556, 556, 278, 278, 0, 0, 0, 444, 737, 722, 722, 722, 778, 722, 667, 778, 833, 407, 556, 778, 667, 944, 815, 778, 667, 778, 722, 630, 667, 815, 722, 981, 704, 704, 611, 333, 0, 333, 0, 500, 0, 556, 556, 444, 574, 500, 333, 537, 611, 315, 296, 593, 315, 889, 611, 500, 574, 556, 444, 463, 389, 611, 537, 778, 537, 537, 481, 0, 0, 0, 0, 0, 0, 0, 0, 0, 0, 0, 0, 0, 0, 0, 0, 0, 0, 0, 0, 0, 0, 204, 204, 389, 389, 0, 556, 1000, 0, 0, 0, 0, 0, 0, 0, 0, 278, 0, 0, 0, 0, 0, 0, 500, 0, 0, 0, 0, 0, 333, 0, 0, 0, 0, 0, 0, 0, 0, 606, 0, 333]}, but is not installed. Consider installing fontTools if you encounter encoding problems.
fontTools is required to fully parse the encoding of a CFF Type1 font in font dictionary {'/BaseFont': '/IIMBFG+NewCenturySchlbk-Italic', '/Encoding': IndirectObject(1193, 0, 127413185015840), '/FirstChar': 30, '/FontDescriptor': IndirectObject(1194, 0, 127413185015840), '/LastChar': 150, '/Subtype': '/Type1', '/Type': '/Font', '/Widths': [611, 611, 278, 0, 0, 0, 0, 0, 852, 0, 333, 333, 0, 0, 278, 333, 278, 606, 556, 556, 556, 556, 556, 556, 556, 556, 556, 556, 278, 278, 0, 0, 0, 0, 747, 704, 722, 722, 778, 722, 667, 778, 833, 407, 611, 741, 667, 944, 815, 778, 667, 0, 741, 667, 685, 815, 704, 926, 0, 685, 0, 333, 0, 333, 0, 0, 0, 574, 556, 444, 611, 444, 333, 537, 611, 333, 315, 556, 333, 889, 611, 500, 574, 556, 444, 444, 352, 611, 519, 778, 500, 500, 463, 0, 0, 0, 0, 0, 0, 0, 0, 0, 0, 0, 0, 0, 0, 0, 0, 0, 0, 0, 0, 0, 0, 0, 204, 389, 389, 0, 500]}, but is not installed. Consider installing fontTools if you encounter encoding problems.
fontTools is required to fully parse the encoding of a CFF Type1 font in font dictionary {'/BaseFont': '/IIMBFH+NewCenturySchlbk-Roman', '/Encoding': IndirectObject(1193, 0, 127413185015840), '/FirstChar': 23, '/FontDescriptor': IndirectObject(1196, 0, 127413185015840), '/LastChar': 184, '/Subtype': '/Type1', '/Type': '/Font', '/Widths': [333, 0, 0, 0, 0, 0, 0, 611, 611, 278, 0, 0, 556, 0, 833, 815, 0, 333, 333, 500, 0, 278, 333, 278, 278, 556, 556, 556, 556, 556, 556, 556, 556, 556, 556, 278, 278, 0, 0, 0, 444, 737, 722, 722, 722, 778, 722, 667, 778, 833, 407, 556, 778, 667, 944, 815, 778, 667, 778, 722, 630, 667, 815, 722, 981, 704, 704, 611, 333, 0, 333, 0, 500, 0, 556, 556, 444, 574, 500, 333, 537, 611, 315, 296, 593, 315, 889, 611, 500, 574, 556, 444, 463, 389, 611, 537, 778, 537, 537, 481, 0, 0, 0, 0, 0, 0, 0, 0, 0, 0, 0, 0, 0, 0, 0, 0, 0, 0, 0, 0, 0, 0, 204, 204, 389, 389, 0, 556, 1000, 0, 0, 0, 0, 0, 0, 0, 0, 278, 0, 0, 0, 0, 0, 0, 500, 0, 0, 0, 0, 0, 333, 0, 0, 0, 0, 0, 0, 0, 0, 606, 0, 333]}, but is not installed. Consider installing fontTools if you encounter encoding problems.
fontTools is required to fully parse the encoding of a CFF Type1 font in font dictionary {'/BaseFont': '/IIMBFG+NewCenturySchlbk-Italic', '/Encoding': IndirectObject(1193, 0, 127413185015840), '/FirstChar': 30, '/FontDescriptor': IndirectObject(1194, 0, 127413185015840), '/LastChar': 150, '/Subtype': '/Type1', '/Type': '/Font', '/Widths': [611, 611, 278, 0, 0, 0, 0, 0, 852, 0, 333, 333, 0, 0, 278, 333, 278, 606, 556, 556, 556, 556, 556, 556, 556, 556, 556, 556, 278, 278, 0, 0, 0, 0, 747, 704, 722, 722, 778, 722, 667, 778, 833, 407, 611, 741, 667, 944, 815, 778, 667, 0, 741, 667, 685, 815, 704, 926, 0, 685, 0, 333, 0, 333, 0, 0, 0, 574, 556, 444, 611, 444, 333, 537, 611, 333, 315, 556, 333, 889, 611, 500, 574, 556, 444, 444, 352, 611, 519, 778, 500, 500, 463, 0, 0, 0, 0, 0, 0, 0, 0, 0, 0, 0, 0, 0, 0, 0, 0, 0, 0, 0, 0, 0, 0, 0, 204, 389, 389, 0, 500]}, but is not installed. Consider installing fontTools if you encounter encoding problems.
fontTools is required to fully parse the encoding of a CFF Type1 font in font dictionary {'/BaseFont': '/IIMBFH+NewCenturySchlbk-Roman', '/Encoding': IndirectObject(1193, 0, 127413185015840), '/FirstChar': 23, '/FontDescriptor': IndirectObject(1196, 0, 127413185015840), '/LastChar': 184, '/Subtype': '/Type1', '/Type': '/Font', '/Widths': [333, 0, 0, 0, 0, 0, 0, 611, 611, 278, 0, 0, 556, 0, 833, 815, 0, 333, 333, 500, 0, 278, 333, 278, 278, 556, 556, 556, 556, 556, 556, 556, 556, 556, 556, 278, 278, 0, 0, 0, 444, 737, 722, 722, 722, 778, 722, 667, 778, 833, 407, 556, 778, 667, 944, 815, 778, 667, 778, 722, 630, 667, 815, 722, 981, 704, 704, 611, 333, 0, 333, 0, 500, 0, 556, 556, 444, 574, 500, 333, 537, 611, 315, 296, 593, 315, 889, 611, 500, 574, 556, 444, 463, 389, 611, 537, 778, 537, 537, 481, 0, 0, 0, 0, 0, 0, 0, 0, 0, 0, 0, 0, 0, 0, 0, 0, 0, 0, 0, 0, 0, 0, 204, 204, 389, 389, 0, 556, 1000, 0, 0, 0, 0, 0, 0, 0, 0, 278, 0, 0, 0, 0, 0, 0, 500, 0, 0, 0, 0, 0, 333, 0, 0, 0, 0, 0, 0, 0, 0, 606, 0, 333]}, but is not installed. Consider installing fontTools if you encounter encoding problems.
fontTools is required to fully parse the encoding of a CFF Type1 font in font dictionary {'/BaseFont': '/IIMBFG+NewCenturySchlbk-Italic', '/Encoding': IndirectObject(1193, 0, 127413185015840), '/FirstChar': 30, '/FontDescriptor': IndirectObject(1194, 0, 127413185015840), '/LastChar': 150, '/Subtype': '/Type1', '/Type': '/Font', '/Widths': [611, 611, 278, 0, 0, 0, 0, 0, 852, 0, 333, 333, 0, 0, 278, 333, 278, 606, 556, 556, 556, 556, 556, 556, 556, 556, 556, 556, 278, 278, 0, 0, 0, 0, 747, 704, 722, 722, 778, 722, 667, 778, 833, 407, 611, 741, 667, 944, 815, 778, 667, 0, 741, 667, 685, 815, 704, 926, 0, 685, 0, 333, 0, 333, 0, 0, 0, 574, 556, 444, 611, 444, 333, 537, 611, 333, 315, 556, 333, 889, 611, 500, 574, 556, 444, 444, 352, 611, 519, 778, 500, 500, 463, 0, 0, 0, 0, 0, 0, 0, 0, 0, 0, 0, 0, 0, 0, 0, 0, 0, 0, 0, 0, 0, 0, 0, 204, 389, 389, 0, 500]}, but is not installed. Consider installing fontTools if you encounter encoding problems.
fontTools is required to fully parse the encoding of a CFF Type1 font in font dictionary {'/BaseFont': '/IIMBFH+NewCenturySchlbk-Roman', '/Encoding': IndirectObject(1193, 0, 127413185015840), '/FirstChar': 23, '/FontDescriptor': IndirectObject(1196, 0, 127413185015840), '/LastChar': 184, '/Subtype': '/Type1', '/Type': '/Font', '/Widths': [333, 0, 0, 0, 0, 0, 0, 611, 611, 278, 0, 0, 556, 0, 833, 815, 0, 333, 333, 500, 0, 278, 333, 278, 278, 556, 556, 556, 556, 556, 556, 556, 556, 556, 556, 278, 278, 0, 0, 0, 444, 737, 722, 722, 722, 778, 722, 667, 778, 833, 407, 556, 778, 667, 944, 815, 778, 667, 778, 722, 630, 667, 815, 722, 981, 704, 704, 611, 333, 0, 333, 0, 500, 0, 556, 556, 444, 574, 500, 333, 537, 611, 315, 296, 593, 315, 889, 611, 500, 574, 556, 444, 463, 389, 611, 537, 778, 537, 537, 481, 0, 0, 0, 0, 0, 0, 0, 0, 0, 0, 0, 0, 0, 0, 0, 0, 0, 0, 0, 0, 0, 0, 204, 204, 389, 389, 0, 556, 1000, 0, 0, 0, 0, 0, 0, 0, 0, 278, 0, 0, 0, 0, 0, 0, 500, 0, 0, 0, 0, 0, 333, 0, 0, 0, 0, 0, 0, 0, 0, 606, 0, 333]}, but is not installed. Consider installing fontTools if you encounter encoding problems.
fontTools is required to fully parse the encoding of a CFF Type1 font in font dictionary {'/BaseFont': '/IIMBFG+NewCenturySchlbk-Italic', '/Encoding': IndirectObject(1193, 0, 127413185015840), '/FirstChar': 30, '/FontDescriptor': IndirectObject(1194, 0, 127413185015840), '/LastChar': 150, '/Subtype': '/Type1', '/Type': '/Font', '/Widths': [611, 611, 278, 0, 0, 0, 0, 0, 852, 0, 333, 333, 0, 0, 278, 333, 278, 606, 556, 556, 556, 556, 556, 556, 556, 556, 556, 556, 278, 278, 0, 0, 0, 0, 747, 704, 722, 722, 778, 722, 667, 778, 833, 407, 611, 741, 667, 944, 815, 778, 667, 0, 741, 667, 685, 815, 704, 926, 0, 685, 0, 333, 0, 333, 0, 0, 0, 574, 556, 444, 611, 444, 333, 537, 611, 333, 315, 556, 333, 889, 611, 500, 574, 556, 444, 444, 352, 611, 519, 778, 500, 500, 463, 0, 0, 0, 0, 0, 0, 0, 0, 0, 0, 0, 0, 0, 0, 0, 0, 0, 0, 0, 0, 0, 0, 0, 204, 389, 389, 0, 500]}, but is not installed. Consider installing fontTools if you encounter encoding problems.
fontTools is required to fully parse the encoding of a CFF Type1 font in font dictionary {'/BaseFont': '/IIMBFG+NewCenturySchlbk-Italic', '/Encoding': IndirectObject(1193, 0, 127413185015840), '/FirstChar': 30, '/FontDescriptor': IndirectObject(1194, 0, 127413185015840), '/LastChar': 150, '/Subtype': '/Type1', '/Type': '/Font', '/Widths': [611, 611, 278, 0, 0, 0, 0, 0, 852, 0, 333, 333, 0, 0, 278, 333, 278, 606, 556, 556, 556, 556, 556, 556, 556, 556, 556, 556, 278, 278, 0, 0, 0, 0, 747, 704, 722, 722, 778, 722, 667, 778, 833, 407, 611, 741, 667, 944, 815, 778, 667, 0, 741, 667, 685, 815, 704, 926, 0, 685, 0, 333, 0, 333, 0, 0, 0, 574, 556, 444, 611, 444, 333, 537, 611, 333, 315, 556, 333, 889, 611, 500, 574, 556, 444, 444, 352, 611, 519, 778, 500, 500, 463, 0, 0, 0, 0, 0, 0, 0, 0, 0, 0, 0, 0, 0, 0, 0, 0, 0, 0, 0, 0, 0, 0, 0, 204, 389, 389, 0, 500]}, but is not installed. Consider installing fontTools if you encounter encoding problems.
fontTools is required to fully parse the encoding of a CFF Type1 font in font dictionary {'/BaseFont': '/IIMBFH+NewCenturySchlbk-Roman', '/Encoding': IndirectObject(1193, 0, 127413185015840), '/FirstChar': 23, '/FontDescriptor': IndirectObject(1196, 0, 127413185015840), '/LastChar': 184, '/Subtype': '/Type1', '/Type': '/Font', '/Widths': [333, 0, 0, 0, 0, 0, 0, 611, 611, 278, 0, 0, 556, 0, 833, 815, 0, 333, 333, 500, 0, 278, 333, 278, 278, 556, 556, 556, 556, 556, 556, 556, 556, 556, 556, 278, 278, 0, 0, 0, 444, 737, 722, 722, 722, 778, 722, 667, 778, 833, 407, 556, 778, 667, 944, 815, 778, 667, 778, 722, 630, 667, 815, 722, 981, 704, 704, 611, 333, 0, 333, 0, 500, 0, 556, 556, 444, 574, 500, 333, 537, 611, 315, 296, 593, 315, 889, 611, 500, 574, 556, 444, 463, 389, 611, 537, 778, 537, 537, 481, 0, 0, 0, 0, 0, 0, 0, 0, 0, 0, 0, 0, 0, 0, 0, 0, 0, 0, 0, 0, 0, 0, 204, 204, 389, 389, 0, 556, 1000, 0, 0, 0, 0, 0, 0, 0, 0, 278, 0, 0, 0, 0, 0, 0, 500, 0, 0, 0, 0, 0, 333, 0, 0, 0, 0, 0, 0, 0, 0, 606, 0, 333]}, but is not installed. Consider installing fontTools if you encounter encoding problems.
fontTools is required to fully parse the encoding of a CFF Type1 font in font dictionary {'/BaseFont': '/IIMBGK+NewCenturySchlbk-Bold', '/Encoding': '/MacRomanEncoding', '/FirstChar': 32, '/FontDescriptor': IndirectObject(1198, 0, 127413185015840), '/LastChar': 222, '/Subtype': '/Type1', '/Type': '/Font', '/Widths': [287, 0, 0, 0, 0, 0, 0, 0, 0, 0, 0, 0, 278, 0, 278, 278, 574, 574, 574, 574, 574, 574, 574, 574, 574, 574, 278, 0, 0, 0, 0, 0, 0, 759, 778, 778, 833, 759, 722, 833, 870, 444, 648, 815, 722, 981, 833, 833, 759, 0, 815, 667, 722, 833, 759, 981, 0, 722, 0, 0, 0, 0, 0, 0, 0, 611, 648, 556, 667, 574, 389, 611, 685, 370, 0, 667, 352, 963, 685, 611, 667, 648, 519, 500, 426, 685, 611, 889, 611, 611, 537, 0, 0, 0, 0, 287, 0, 0, 0, 0, 0, 0, 0, 0, 0, 0, 0, 0, 0, 0, 0, 0, 0, 0, 0, 0, 0, 0, 0, 0, 0, 0, 0, 0, 0, 0, 0, 0, 0, 0, 0, 0, 0, 0, 0, 0, 0, 0, 0, 0, 0, 287, 0, 0, 287, 0, 287, 287, 0, 0, 287, 287, 287, 287, 287, 0, 0, 287, 0, 0, 0, 0, 0, 287, 0, 287, 287, 0, 0, 0, 287, 0, 0, 0, 0, 0, 0, 0, 0, 0, 0, 241, 0, 287, 0, 0, 0, 0, 0, 0, 685]}, but is not installed. Consider installing fontTools if you encounter encoding problems.
fontTools is required to fully parse the encoding of a CFF Type1 font in font dictionary {'/BaseFont': '/IIMBFG+NewCenturySchlbk-Italic', '/Encoding': IndirectObject(1193, 0, 127413185015840), '/FirstChar': 30, '/FontDescriptor': IndirectObject(1194, 0, 127413185015840), '/LastChar': 150, '/Subtype': '/Type1', '/Type': '/Font', '/Widths': [611, 611, 278, 0, 0, 0, 0, 0, 852, 0, 333, 333, 0, 0, 278, 333, 278, 606, 556, 556, 556, 556, 556, 556, 556, 556, 556, 556, 278, 278, 0, 0, 0, 0, 747, 704, 722, 722, 778, 722, 667, 778, 833, 407, 611, 741, 667, 944, 815, 778, 667, 0, 741, 667, 685, 815, 704, 926, 0, 685, 0, 333, 0, 333, 0, 0, 0, 574, 556, 444, 611, 444, 333, 537, 611, 333, 315, 556, 333, 889, 611, 500, 574, 556, 444, 444, 352, 611, 519, 778, 500, 500, 463, 0, 0, 0, 0, 0, 0, 0, 0, 0, 0, 0, 0, 0, 0, 0, 0, 0, 0, 0, 0, 0, 0, 0, 204, 389, 389, 0, 500]}, but is not installed. Consider installing fontTools if you encounter encoding problems.
fontTools is required to fully parse the encoding of a CFF Type1 font in font dictionary {'/BaseFont': '/IIMBFH+NewCenturySchlbk-Roman', '/Encoding': IndirectObject(1193, 0, 127413185015840), '/FirstChar': 23, '/FontDescriptor': IndirectObject(1196, 0, 127413185015840), '/LastChar': 184, '/Subtype': '/Type1', '/Type': '/Font', '/Widths': [333, 0, 0, 0, 0, 0, 0, 611, 611, 278, 0, 0, 556, 0, 833, 815, 0, 333, 333, 500, 0, 278, 333, 278, 278, 556, 556, 556, 556, 556, 556, 556, 556, 556, 556, 278, 278, 0, 0, 0, 444, 737, 722, 722, 722, 778, 722, 667, 778, 833, 407, 556, 778, 667, 944, 815, 778, 667, 778, 722, 630, 667, 815, 722, 981, 704, 704, 611, 333, 0, 333, 0, 500, 0, 556, 556, 444, 574, 500, 333, 537, 611, 315, 296, 593, 315, 889, 611, 500, 574, 556, 444, 463, 389, 611, 537, 778, 537, 537, 481, 0, 0, 0, 0, 0, 0, 0, 0, 0, 0, 0, 0, 0, 0, 0, 0, 0, 0, 0, 0, 0, 0, 204, 204, 389, 389, 0, 556, 1000, 0, 0, 0, 0, 0, 0, 0, 0, 278, 0, 0, 0, 0, 0, 0, 500, 0, 0, 0, 0, 0, 333, 0, 0, 0, 0, 0, 0, 0, 0, 606, 0, 333]}, but is not installed. Consider installing fontTools if you encounter encoding problems.
fontTools is required to fully parse the encoding of a CFF Type1 font in font dictionary {'/BaseFont': '/IIMBGK+NewCenturySchlbk-Bold', '/Encoding': '/MacRomanEncoding', '/FirstChar': 32, '/FontDescriptor': IndirectObject(1198, 0, 127413185015840), '/LastChar': 222, '/Subtype': '/Type1', '/Type': '/Font', '/Widths': [287, 0, 0, 0, 0, 0, 0, 0, 0, 0, 0, 0, 278, 0, 278, 278, 574, 574, 574, 574, 574, 574, 574, 574, 574, 574, 278, 0, 0, 0, 0, 0, 0, 759, 778, 778, 833, 759, 722, 833, 870, 444, 648, 815, 722, 981, 833, 833, 759, 0, 815, 667, 722, 833, 759, 981, 0, 722, 0, 0, 0, 0, 0, 0, 0, 611, 648, 556, 667, 574, 389, 611, 685, 370, 0, 667, 352, 963, 685, 611, 667, 648, 519, 500, 426, 685, 611, 889, 611, 611, 537, 0, 0, 0, 0, 287, 0, 0, 0, 0, 0, 0, 0, 0, 0, 0, 0, 0, 0, 0, 0, 0, 0, 0, 0, 0, 0, 0, 0, 0, 0, 0, 0, 0, 0, 0, 0, 0, 0, 0, 0, 0, 0, 0, 0, 0, 0, 0, 0, 0, 0, 287, 0, 0, 287, 0, 287, 287, 0, 0, 287, 287, 287, 287, 287, 0, 0, 287, 0, 0, 0, 0, 0, 287, 0, 287, 287, 0, 0, 0, 287, 0, 0, 0, 0, 0, 0, 0, 0, 0, 0, 241, 0, 287, 0, 0, 0, 0, 0, 0, 685]}, but is not installed. Consider installing fontTools if you encounter encoding problems.
fontTools is required to fully parse the encoding of a CFF Type1 font in font dictionary {'/BaseFont': '/IIMCKE+NewCenturySchlbk-BoldItalic', '/Encoding': '/WinAnsiEncoding', '/FirstChar': 32, '/FontDescriptor': IndirectObject(310, 0, 127413185015840), '/LastChar': 146, '/Subtype': '/Type1', '/Type': '/Font', '/Widths': [287, 0, 0, 0, 0, 0, 0, 0, 0, 0, 0, 0, 0, 333, 287, 0, 0, 0, 0, 0, 0, 0, 0, 0, 0, 0, 0, 0, 0, 0, 0, 0, 0, 741, 759, 759, 833, 741, 704, 0, 870, 444, 0, 0, 704, 944, 852, 833, 741, 0, 796, 685, 722, 0, 0, 944, 0, 704, 0, 0, 0, 0, 0, 0, 0, 667, 611, 537, 667, 519, 389, 611, 685, 389, 0, 648, 389, 944, 685, 574, 648, 0, 519, 481, 407, 685, 556, 833, 574, 519, 519, 0, 0, 0, 0, 0, 0, 0, 0, 0, 0, 0, 0, 0, 0, 0, 0, 0, 0, 0, 0, 0, 0, 0, 259]}, but is not installed. Consider installing fontTools if you encounter encoding problems.
fontTools is required to fully parse the encoding of a CFF Type1 font in font dictionary {'/BaseFont': '/IIMBFG+NewCenturySchlbk-Italic', '/Encoding': IndirectObject(1193, 0, 127413185015840), '/FirstChar': 30, '/FontDescriptor': IndirectObject(1194, 0, 127413185015840), '/LastChar': 150, '/Subtype': '/Type1', '/Type': '/Font', '/Widths': [611, 611, 278, 0, 0, 0, 0, 0, 852, 0, 333, 333, 0, 0, 278, 333, 278, 606, 556, 556, 556, 556, 556, 556, 556, 556, 556, 556, 278, 278, 0, 0, 0, 0, 747, 704, 722, 722, 778, 722, 667, 778, 833, 407, 611, 741, 667, 944, 815, 778, 667, 0, 741, 667, 685, 815, 704, 926, 0, 685, 0, 333, 0, 333, 0, 0, 0, 574, 556, 444, 611, 444, 333, 537, 611, 333, 315, 556, 333, 889, 611, 500, 574, 556, 444, 444, 352, 611, 519, 778, 500, 500, 463, 0, 0, 0, 0, 0, 0, 0, 0, 0, 0, 0, 0, 0, 0, 0, 0, 0, 0, 0, 0, 0, 0, 0, 204, 389, 389, 0, 500]}, but is not installed. Consider installing fontTools if you encounter encoding problems.
fontTools is required to fully parse the encoding of a CFF Type1 font in font dictionary {'/BaseFont': '/IIMBFH+NewCenturySchlbk-Roman', '/Encoding': IndirectObject(1193, 0, 127413185015840), '/FirstChar': 23, '/FontDescriptor': IndirectObject(1196, 0, 127413185015840), '/LastChar': 184, '/Subtype': '/Type1', '/Type': '/Font', '/Widths': [333, 0, 0, 0, 0, 0, 0, 611, 611, 278, 0, 0, 556, 0, 833, 815, 0, 333, 333, 500, 0, 278, 333, 278, 278, 556, 556, 556, 556, 556, 556, 556, 556, 556, 556, 278, 278, 0, 0, 0, 444, 737, 722, 722, 722, 778, 722, 667, 778, 833, 407, 556, 778, 667, 944, 815, 778, 667, 778, 722, 630, 667, 815, 722, 981, 704, 704, 611, 333, 0, 333, 0, 500, 0, 556, 556, 444, 574, 500, 333, 537, 611, 315, 296, 593, 315, 889, 611, 500, 574, 556, 444, 463, 389, 611, 537, 778, 537, 537, 481, 0, 0, 0, 0, 0, 0, 0, 0, 0, 0, 0, 0, 0, 0, 0, 0, 0, 0, 0, 0, 0, 0, 204, 204, 389, 389, 0, 556, 1000, 0, 0, 0, 0, 0, 0, 0, 0, 278, 0, 0, 0, 0, 0, 0, 500, 0, 0, 0, 0, 0, 333, 0, 0, 0, 0, 0, 0, 0, 0, 606, 0, 333]}, but is not installed. Consider installing fontTools if you encounter encoding problems.
fontTools is required to fully parse the encoding of a CFF Type1 font in font dictionary {'/BaseFont': '/IIMBFG+NewCenturySchlbk-Italic', '/Encoding': IndirectObject(1193, 0, 127413185015840), '/FirstChar': 30, '/FontDescriptor': IndirectObject(1194, 0, 127413185015840), '/LastChar': 150, '/Subtype': '/Type1', '/Type': '/Font', '/Widths': [611, 611, 278, 0, 0, 0, 0, 0, 852, 0, 333, 333, 0, 0, 278, 333, 278, 606, 556, 556, 556, 556, 556, 556, 556, 556, 556, 556, 278, 278, 0, 0, 0, 0, 747, 704, 722, 722, 778, 722, 667, 778, 833, 407, 611, 741, 667, 944, 815, 778, 667, 0, 741, 667, 685, 815, 704, 926, 0, 685, 0, 333, 0, 333, 0, 0, 0, 574, 556, 444, 611, 444, 333, 537, 611, 333, 315, 556, 333, 889, 611, 500, 574, 556, 444, 444, 352, 611, 519, 778, 500, 500, 463, 0, 0, 0, 0, 0, 0, 0, 0, 0, 0, 0, 0, 0, 0, 0, 0, 0, 0, 0, 0, 0, 0, 0, 204, 389, 389, 0, 500]}, but is not installed. Consider installing fontTools if you encounter encoding problems.
fontTools is required to fully parse the encoding of a CFF Type1 font in font dictionary {'/BaseFont': '/IIMBFH+NewCenturySchlbk-Roman', '/Encoding': IndirectObject(1193, 0, 127413185015840), '/FirstChar': 23, '/FontDescriptor': IndirectObject(1196, 0, 127413185015840), '/LastChar': 184, '/Subtype': '/Type1', '/Type': '/Font', '/Widths': [333, 0, 0, 0, 0, 0, 0, 611, 611, 278, 0, 0, 556, 0, 833, 815, 0, 333, 333, 500, 0, 278, 333, 278, 278, 556, 556, 556, 556, 556, 556, 556, 556, 556, 556, 278, 278, 0, 0, 0, 444, 737, 722, 722, 722, 778, 722, 667, 778, 833, 407, 556, 778, 667, 944, 815, 778, 667, 778, 722, 630, 667, 815, 722, 981, 704, 704, 611, 333, 0, 333, 0, 500, 0, 556, 556, 444, 574, 500, 333, 537, 611, 315, 296, 593, 315, 889, 611, 500, 574, 556, 444, 463, 389, 611, 537, 778, 537, 537, 481, 0, 0, 0, 0, 0, 0, 0, 0, 0, 0, 0, 0, 0, 0, 0, 0, 0, 0, 0, 0, 0, 0, 204, 204, 389, 389, 0, 556, 1000, 0, 0, 0, 0, 0, 0, 0, 0, 278, 0, 0, 0, 0, 0, 0, 500, 0, 0, 0, 0, 0, 333, 0, 0, 0, 0, 0, 0, 0, 0, 606, 0, 333]}, but is not installed. Consider installing fontTools if you encounter encoding problems.
fontTools is required to fully parse the encoding of a CFF Type1 font in font dictionary {'/BaseFont': '/IIMBGK+NewCenturySchlbk-Bold', '/Encoding': '/MacRomanEncoding', '/FirstChar': 32, '/FontDescriptor': IndirectObject(1198, 0, 127413185015840), '/LastChar': 222, '/Subtype': '/Type1', '/Type': '/Font', '/Widths': [287, 0, 0, 0, 0, 0, 0, 0, 0, 0, 0, 0, 278, 0, 278, 278, 574, 574, 574, 574, 574, 574, 574, 574, 574, 574, 278, 0, 0, 0, 0, 0, 0, 759, 778, 778, 833, 759, 722, 833, 870, 444, 648, 815, 722, 981, 833, 833, 759, 0, 815, 667, 722, 833, 759, 981, 0, 722, 0, 0, 0, 0, 0, 0, 0, 611, 648, 556, 667, 574, 389, 611, 685, 370, 0, 667, 352, 963, 685, 611, 667, 648, 519, 500, 426, 685, 611, 889, 611, 611, 537, 0, 0, 0, 0, 287, 0, 0, 0, 0, 0, 0, 0, 0, 0, 0, 0, 0, 0, 0, 0, 0, 0, 0, 0, 0, 0, 0, 0, 0, 0, 0, 0, 0, 0, 0, 0, 0, 0, 0, 0, 0, 0, 0, 0, 0, 0, 0, 0, 0, 0, 287, 0, 0, 287, 0, 287, 287, 0, 0, 287, 287, 287, 287, 287, 0, 0, 287, 0, 0, 0, 0, 0, 287, 0, 287, 287, 0, 0, 0, 287, 0, 0, 0, 0, 0, 0, 0, 0, 0, 0, 241, 0, 287, 0, 0, 0, 0, 0, 0, 685]}, but is not installed. Consider installing fontTools if you encounter encoding problems.
fontTools is required to fully parse the encoding of a CFF Type1 font in font dictionary {'/BaseFont': '/IIMCKE+NewCenturySchlbk-BoldItalic', '/Encoding': '/WinAnsiEncoding', '/FirstChar': 32, '/FontDescriptor': IndirectObject(310, 0, 127413185015840), '/LastChar': 146, '/Subtype': '/Type1', '/Type': '/Font', '/Widths': [287, 0, 0, 0, 0, 0, 0, 0, 0, 0, 0, 0, 0, 333, 287, 0, 0, 0, 0, 0, 0, 0, 0, 0, 0, 0, 0, 0, 0, 0, 0, 0, 0, 741, 759, 759, 833, 741, 704, 0, 870, 444, 0, 0, 704, 944, 852, 833, 741, 0, 796, 685, 722, 0, 0, 944, 0, 704, 0, 0, 0, 0, 0, 0, 0, 667, 611, 537, 667, 519, 389, 611, 685, 389, 0, 648, 389, 944, 685, 574, 648, 0, 519, 481, 407, 685, 556, 833, 574, 519, 519, 0, 0, 0, 0, 0, 0, 0, 0, 0, 0, 0, 0, 0, 0, 0, 0, 0, 0, 0, 0, 0, 0, 0, 259]}, but is not installed. Consider installing fontTools if you encounter encoding problems.
fontTools is required to fully parse the encoding of a CFF Type1 font in font dictionary {'/BaseFont': '/IIMBFG+NewCenturySchlbk-Italic', '/Encoding': IndirectObject(1193, 0, 127413185015840), '/FirstChar': 30, '/FontDescriptor': IndirectObject(1194, 0, 127413185015840), '/LastChar': 150, '/Subtype': '/Type1', '/Type': '/Font', '/Widths': [611, 611, 278, 0, 0, 0, 0, 0, 852, 0, 333, 333, 0, 0, 278, 333, 278, 606, 556, 556, 556, 556, 556, 556, 556, 556, 556, 556, 278, 278, 0, 0, 0, 0, 747, 704, 722, 722, 778, 722, 667, 778, 833, 407, 611, 741, 667, 944, 815, 778, 667, 0, 741, 667, 685, 815, 704, 926, 0, 685, 0, 333, 0, 333, 0, 0, 0, 574, 556, 444, 611, 444, 333, 537, 611, 333, 315, 556, 333, 889, 611, 500, 574, 556, 444, 444, 352, 611, 519, 778, 500, 500, 463, 0, 0, 0, 0, 0, 0, 0, 0, 0, 0, 0, 0, 0, 0, 0, 0, 0, 0, 0, 0, 0, 0, 0, 204, 389, 389, 0, 500]}, but is not installed. Consider installing fontTools if you encounter encoding problems.
fontTools is required to fully parse the encoding of a CFF Type1 font in font dictionary {'/BaseFont': '/IIMBFH+NewCenturySchlbk-Roman', '/Encoding': IndirectObject(1193, 0, 127413185015840), '/FirstChar': 23, '/FontDescriptor': IndirectObject(1196, 0, 127413185015840), '/LastChar': 184, '/Subtype': '/Type1', '/Type': '/Font', '/Widths': [333, 0, 0, 0, 0, 0, 0, 611, 611, 278, 0, 0, 556, 0, 833, 815, 0, 333, 333, 500, 0, 278, 333, 278, 278, 556, 556, 556, 556, 556, 556, 556, 556, 556, 556, 278, 278, 0, 0, 0, 444, 737, 722, 722, 722, 778, 722, 667, 778, 833, 407, 556, 778, 667, 944, 815, 778, 667, 778, 722, 630, 667, 815, 722, 981, 704, 704, 611, 333, 0, 333, 0, 500, 0, 556, 556, 444, 574, 500, 333, 537, 611, 315, 296, 593, 315, 889, 611, 500, 574, 556, 444, 463, 389, 611, 537, 778, 537, 537, 481, 0, 0, 0, 0, 0, 0, 0, 0, 0, 0, 0, 0, 0, 0, 0, 0, 0, 0, 0, 0, 0, 0, 204, 204, 389, 389, 0, 556, 1000, 0, 0, 0, 0, 0, 0, 0, 0, 278, 0, 0, 0, 0, 0, 0, 500, 0, 0, 0, 0, 0, 333, 0, 0, 0, 0, 0, 0, 0, 0, 606, 0, 333]}, but is not installed. Consider installing fontTools if you encounter encoding problems.
fontTools is required to fully parse the encoding of a CFF Type1 font in font dictionary {'/BaseFont': '/IIMCKE+NewCenturySchlbk-BoldItalic', '/Encoding': '/WinAnsiEncoding', '/FirstChar': 32, '/FontDescriptor': IndirectObject(310, 0, 127413185015840), '/LastChar': 146, '/Subtype': '/Type1', '/Type': '/Font', '/Widths': [287, 0, 0, 0, 0, 0, 0, 0, 0, 0, 0, 0, 0, 333, 287, 0, 0, 0, 0, 0, 0, 0, 0, 0, 0, 0, 0, 0, 0, 0, 0, 0, 0, 741, 759, 759, 833, 741, 704, 0, 870, 444, 0, 0, 704, 944, 852, 833, 741, 0, 796, 685, 722, 0, 0, 944, 0, 704, 0, 0, 0, 0, 0, 0, 0, 667, 611, 537, 667, 519, 389, 611, 685, 389, 0, 648, 389, 944, 685, 574, 648, 0, 519, 481, 407, 685, 556, 833, 574, 519, 519, 0, 0, 0, 0, 0, 0, 0, 0, 0, 0, 0, 0, 0, 0, 0, 0, 0, 0, 0, 0, 0, 0, 0, 259]}, but is not installed. Consider installing fontTools if you encounter encoding problems.
fontTools is required to fully parse the encoding of a CFF Type1 font in font dictionary {'/BaseFont': '/IIMBFG+NewCenturySchlbk-Italic', '/Encoding': IndirectObject(1193, 0, 127413185015840), '/FirstChar': 30, '/FontDescriptor': IndirectObject(1194, 0, 127413185015840), '/LastChar': 150, '/Subtype': '/Type1', '/Type': '/Font', '/Widths': [611, 611, 278, 0, 0, 0, 0, 0, 852, 0, 333, 333, 0, 0, 278, 333, 278, 606, 556, 556, 556, 556, 556, 556, 556, 556, 556, 556, 278, 278, 0, 0, 0, 0, 747, 704, 722, 722, 778, 722, 667, 778, 833, 407, 611, 741, 667, 944, 815, 778, 667, 0, 741, 667, 685, 815, 704, 926, 0, 685, 0, 333, 0, 333, 0, 0, 0, 574, 556, 444, 611, 444, 333, 537, 611, 333, 315, 556, 333, 889, 611, 500, 574, 556, 444, 444, 352, 611, 519, 778, 500, 500, 463, 0, 0, 0, 0, 0, 0, 0, 0, 0, 0, 0, 0, 0, 0, 0, 0, 0, 0, 0, 0, 0, 0, 0, 204, 389, 389, 0, 500]}, but is not installed. Consider installing fontTools if you encounter encoding problems.
fontTools is required to fully parse the encoding of a CFF Type1 font in font dictionary {'/BaseFont': '/IIMBFH+NewCenturySchlbk-Roman', '/Encoding': IndirectObject(1193, 0, 127413185015840), '/FirstChar': 23, '/FontDescriptor': IndirectObject(1196, 0, 127413185015840), '/LastChar': 184, '/Subtype': '/Type1', '/Type': '/Font', '/Widths': [333, 0, 0, 0, 0, 0, 0, 611, 611, 278, 0, 0, 556, 0, 833, 815, 0, 333, 333, 500, 0, 278, 333, 278, 278, 556, 556, 556, 556, 556, 556, 556, 556, 556, 556, 278, 278, 0, 0, 0, 444, 737, 722, 722, 722, 778, 722, 667, 778, 833, 407, 556, 778, 667, 944, 815, 778, 667, 778, 722, 630, 667, 815, 722, 981, 704, 704, 611, 333, 0, 333, 0, 500, 0, 556, 556, 444, 574, 500, 333, 537, 611, 315, 296, 593, 315, 889, 611, 500, 574, 556, 444, 463, 389, 611, 537, 778, 537, 537, 481, 0, 0, 0, 0, 0, 0, 0, 0, 0, 0, 0, 0, 0, 0, 0, 0, 0, 0, 0, 0, 0, 0, 204, 204, 389, 389, 0, 556, 1000, 0, 0, 0, 0, 0, 0, 0, 0, 278, 0, 0, 0, 0, 0, 0, 500, 0, 0, 0, 0, 0, 333, 0, 0, 0, 0, 0, 0, 0, 0, 606, 0, 333]}, but is not installed. Consider installing fontTools if you encounter encoding problems.
fontTools is required to fully parse the encoding of a CFF Type1 font in font dictionary {'/BaseFont': '/IIMCKE+NewCenturySchlbk-BoldItalic', '/Encoding': '/WinAnsiEncoding', '/FirstChar': 32, '/FontDescriptor': IndirectObject(310, 0, 127413185015840), '/LastChar': 146, '/Subtype': '/Type1', '/Type': '/Font', '/Widths': [287, 0, 0, 0, 0, 0, 0, 0, 0, 0, 0, 0, 0, 333, 287, 0, 0, 0, 0, 0, 0, 0, 0, 0, 0, 0, 0, 0, 0, 0, 0, 0, 0, 741, 759, 759, 833, 741, 704, 0, 870, 444, 0, 0, 704, 944, 852, 833, 741, 0, 796, 685, 722, 0, 0, 944, 0, 704, 0, 0, 0, 0, 0, 0, 0, 667, 611, 537, 667, 519, 389, 611, 685, 389, 0, 648, 389, 944, 685, 574, 648, 0, 519, 481, 407, 685, 556, 833, 574, 519, 519, 0, 0, 0, 0, 0, 0, 0, 0, 0, 0, 0, 0, 0, 0, 0, 0, 0, 0, 0, 0, 0, 0, 0, 259]}, but is not installed. Consider installing fontTools if you encounter encoding problems.
fontTools is required to fully parse the encoding of a CFF Type1 font in font dictionary {'/BaseFont': '/IIMBFG+NewCenturySchlbk-Italic', '/Encoding': IndirectObject(1193, 0, 127413185015840), '/FirstChar': 30, '/FontDescriptor': IndirectObject(1194, 0, 127413185015840), '/LastChar': 150, '/Subtype': '/Type1', '/Type': '/Font', '/Widths': [611, 611, 278, 0, 0, 0, 0, 0, 852, 0, 333, 333, 0, 0, 278, 333, 278, 606, 556, 556, 556, 556, 556, 556, 556, 556, 556, 556, 278, 278, 0, 0, 0, 0, 747, 704, 722, 722, 778, 722, 667, 778, 833, 407, 611, 741, 667, 944, 815, 778, 667, 0, 741, 667, 685, 815, 704, 926, 0, 685, 0, 333, 0, 333, 0, 0, 0, 574, 556, 444, 611, 444, 333, 537, 611, 333, 315, 556, 333, 889, 611, 500, 574, 556, 444, 444, 352, 611, 519, 778, 500, 500, 463, 0, 0, 0, 0, 0, 0, 0, 0, 0, 0, 0, 0, 0, 0, 0, 0, 0, 0, 0, 0, 0, 0, 0, 204, 389, 389, 0, 500]}, but is not installed. Consider installing fontTools if you encounter encoding problems.
fontTools is required to fully parse the encoding of a CFF Type1 font in font dictionary {'/BaseFont': '/IIMBFH+NewCenturySchlbk-Roman', '/Encoding': IndirectObject(1193, 0, 127413185015840), '/FirstChar': 23, '/FontDescriptor': IndirectObject(1196, 0, 127413185015840), '/LastChar': 184, '/Subtype': '/Type1', '/Type': '/Font', '/Widths': [333, 0, 0, 0, 0, 0, 0, 611, 611, 278, 0, 0, 556, 0, 833, 815, 0, 333, 333, 500, 0, 278, 333, 278, 278, 556, 556, 556, 556, 556, 556, 556, 556, 556, 556, 278, 278, 0, 0, 0, 444, 737, 722, 722, 722, 778, 722, 667, 778, 833, 407, 556, 778, 667, 944, 815, 778, 667, 778, 722, 630, 667, 815, 722, 981, 704, 704, 611, 333, 0, 333, 0, 500, 0, 556, 556, 444, 574, 500, 333, 537, 611, 315, 296, 593, 315, 889, 611, 500, 574, 556, 444, 463, 389, 611, 537, 778, 537, 537, 481, 0, 0, 0, 0, 0, 0, 0, 0, 0, 0, 0, 0, 0, 0, 0, 0, 0, 0, 0, 0, 0, 0, 204, 204, 389, 389, 0, 556, 1000, 0, 0, 0, 0, 0, 0, 0, 0, 278, 0, 0, 0, 0, 0, 0, 500, 0, 0, 0, 0, 0, 333, 0, 0, 0, 0, 0, 0, 0, 0, 606, 0, 333]}, but is not installed. Consider installing fontTools if you encounter encoding problems.
fontTools is required to fully parse the encoding of a CFF Type1 font in font dictionary {'/BaseFont': '/IIMBFG+NewCenturySchlbk-Italic', '/Encoding': IndirectObject(1193, 0, 127413185015840), '/FirstChar': 30, '/FontDescriptor': IndirectObject(1194, 0, 127413185015840), '/LastChar': 150, '/Subtype': '/Type1', '/Type': '/Font', '/Widths': [611, 611, 278, 0, 0, 0, 0, 0, 852, 0, 333, 333, 0, 0, 278, 333, 278, 606, 556, 556, 556, 556, 556, 556, 556, 556, 556, 556, 278, 278, 0, 0, 0, 0, 747, 704, 722, 722, 778, 722, 667, 778, 833, 407, 611, 741, 667, 944, 815, 778, 667, 0, 741, 667, 685, 815, 704, 926, 0, 685, 0, 333, 0, 333, 0, 0, 0, 574, 556, 444, 611, 444, 333, 537, 611, 333, 315, 556, 333, 889, 611, 500, 574, 556, 444, 444, 352, 611, 519, 778, 500, 500, 463, 0, 0, 0, 0, 0, 0, 0, 0, 0, 0, 0, 0, 0, 0, 0, 0, 0, 0, 0, 0, 0, 0, 0, 204, 389, 389, 0, 500]}, but is not installed. Consider installing fontTools if you encounter encoding problems.
fontTools is required to fully parse the encoding of a CFF Type1 font in font dictionary {'/BaseFont': '/IIMBFH+NewCenturySchlbk-Roman', '/Encoding': IndirectObject(1193, 0, 127413185015840), '/FirstChar': 23, '/FontDescriptor': IndirectObject(1196, 0, 127413185015840), '/LastChar': 184, '/Subtype': '/Type1', '/Type': '/Font', '/Widths': [333, 0, 0, 0, 0, 0, 0, 611, 611, 278, 0, 0, 556, 0, 833, 815, 0, 333, 333, 500, 0, 278, 333, 278, 278, 556, 556, 556, 556, 556, 556, 556, 556, 556, 556, 278, 278, 0, 0, 0, 444, 737, 722, 722, 722, 778, 722, 667, 778, 833, 407, 556, 778, 667, 944, 815, 778, 667, 778, 722, 630, 667, 815, 722, 981, 704, 704, 611, 333, 0, 333, 0, 500, 0, 556, 556, 444, 574, 500, 333, 537, 611, 315, 296, 593, 315, 889, 611, 500, 574, 556, 444, 463, 389, 611, 537, 778, 537, 537, 481, 0, 0, 0, 0, 0, 0, 0, 0, 0, 0, 0, 0, 0, 0, 0, 0, 0, 0, 0, 0, 0, 0, 204, 204, 389, 389, 0, 556, 1000, 0, 0, 0, 0, 0, 0, 0, 0, 278, 0, 0, 0, 0, 0, 0, 500, 0, 0, 0, 0, 0, 333, 0, 0, 0, 0, 0, 0, 0, 0, 606, 0, 333]}, but is not installed. Consider installing fontTools if you encounter encoding problems.
fontTools is required to fully parse the encoding of a CFF Type1 font in font dictionary {'/BaseFont': '/IIMBFH+NewCenturySchlbk-Roman', '/Encoding': IndirectObject(1193, 0, 127413185015840), '/FirstChar': 23, '/FontDescriptor': IndirectObject(1196, 0, 127413185015840), '/LastChar': 184, '/Subtype': '/Type1', '/Type': '/Font', '/Widths': [333, 0, 0, 0, 0, 0, 0, 611, 611, 278, 0, 0, 556, 0, 833, 815, 0, 333, 333, 500, 0, 278, 333, 278, 278, 556, 556, 556, 556, 556, 556, 556, 556, 556, 556, 278, 278, 0, 0, 0, 444, 737, 722, 722, 722, 778, 722, 667, 778, 833, 407, 556, 778, 667, 944, 815, 778, 667, 778, 722, 630, 667, 815, 722, 981, 704, 704, 611, 333, 0, 333, 0, 500, 0, 556, 556, 444, 574, 500, 333, 537, 611, 315, 296, 593, 315, 889, 611, 500, 574, 556, 444, 463, 389, 611, 537, 778, 537, 537, 481, 0, 0, 0, 0, 0, 0, 0, 0, 0, 0, 0, 0, 0, 0, 0, 0, 0, 0, 0, 0, 0, 0, 204, 204, 389, 389, 0, 556, 1000, 0, 0, 0, 0, 0, 0, 0, 0, 278, 0, 0, 0, 0, 0, 0, 500, 0, 0, 0, 0, 0, 333, 0, 0, 0, 0, 0, 0, 0, 0, 606, 0, 333]}, but is not installed. Consider installing fontTools if you encounter encoding problems.
fontTools is required to fully parse the encoding of a CFF Type1 font in font dictionary {'/BaseFont': '/IIMBFG+NewCenturySchlbk-Italic', '/Encoding': IndirectObject(1193, 0, 127413185015840), '/FirstChar': 30, '/FontDescriptor': IndirectObject(1194, 0, 127413185015840), '/LastChar': 150, '/Subtype': '/Type1', '/Type': '/Font', '/Widths': [611, 611, 278, 0, 0, 0, 0, 0, 852, 0, 333, 333, 0, 0, 278, 333, 278, 606, 556, 556, 556, 556, 556, 556, 556, 556, 556, 556, 278, 278, 0, 0, 0, 0, 747, 704, 722, 722, 778, 722, 667, 778, 833, 407, 611, 741, 667, 944, 815, 778, 667, 0, 741, 667, 685, 815, 704, 926, 0, 685, 0, 333, 0, 333, 0, 0, 0, 574, 556, 444, 611, 444, 333, 537, 611, 333, 315, 556, 333, 889, 611, 500, 574, 556, 444, 444, 352, 611, 519, 778, 500, 500, 463, 0, 0, 0, 0, 0, 0, 0, 0, 0, 0, 0, 0, 0, 0, 0, 0, 0, 0, 0, 0, 0, 0, 0, 204, 389, 389, 0, 500]}, but is not installed. Consider installing fontTools if you encounter encoding problems.
fontTools is required to fully parse the encoding of a CFF Type1 font in font dictionary {'/BaseFont': '/IIMCKE+NewCenturySchlbk-BoldItalic', '/Encoding': '/WinAnsiEncoding', '/FirstChar': 32, '/FontDescriptor': IndirectObject(310, 0, 127413185015840), '/LastChar': 146, '/Subtype': '/Type1', '/Type': '/Font', '/Widths': [287, 0, 0, 0, 0, 0, 0, 0, 0, 0, 0, 0, 0, 333, 287, 0, 0, 0, 0, 0, 0, 0, 0, 0, 0, 0, 0, 0, 0, 0, 0, 0, 0, 741, 759, 759, 833, 741, 704, 0, 870, 444, 0, 0, 704, 944, 852, 833, 741, 0, 796, 685, 722, 0, 0, 944, 0, 704, 0, 0, 0, 0, 0, 0, 0, 667, 611, 537, 667, 519, 389, 611, 685, 389, 0, 648, 389, 944, 685, 574, 648, 0, 519, 481, 407, 685, 556, 833, 574, 519, 519, 0, 0, 0, 0, 0, 0, 0, 0, 0, 0, 0, 0, 0, 0, 0, 0, 0, 0, 0, 0, 0, 0, 0, 259]}, but is not installed. Consider installing fontTools if you encounter encoding problems.
fontTools is required to fully parse the encoding of a CFF Type1 font in font dictionary {'/BaseFont': '/IIMBFG+NewCenturySchlbk-Italic', '/Encoding': IndirectObject(1193, 0, 127413185015840), '/FirstChar': 30, '/FontDescriptor': IndirectObject(1194, 0, 127413185015840), '/LastChar': 150, '/Subtype': '/Type1', '/Type': '/Font', '/Widths': [611, 611, 278, 0, 0, 0, 0, 0, 852, 0, 333, 333, 0, 0, 278, 333, 278, 606, 556, 556, 556, 556, 556, 556, 556, 556, 556, 556, 278, 278, 0, 0, 0, 0, 747, 704, 722, 722, 778, 722, 667, 778, 833, 407, 611, 741, 667, 944, 815, 778, 667, 0, 741, 667, 685, 815, 704, 926, 0, 685, 0, 333, 0, 333, 0, 0, 0, 574, 556, 444, 611, 444, 333, 537, 611, 333, 315, 556, 333, 889, 611, 500, 574, 556, 444, 444, 352, 611, 519, 778, 500, 500, 463, 0, 0, 0, 0, 0, 0, 0, 0, 0, 0, 0, 0, 0, 0, 0, 0, 0, 0, 0, 0, 0, 0, 0, 204, 389, 389, 0, 500]}, but is not installed. Consider installing fontTools if you encounter encoding problems.
fontTools is required to fully parse the encoding of a CFF Type1 font in font dictionary {'/BaseFont': '/IIMBFH+NewCenturySchlbk-Roman', '/Encoding': IndirectObject(1193, 0, 127413185015840), '/FirstChar': 23, '/FontDescriptor': IndirectObject(1196, 0, 127413185015840), '/LastChar': 184, '/Subtype': '/Type1', '/Type': '/Font', '/Widths': [333, 0, 0, 0, 0, 0, 0, 611, 611, 278, 0, 0, 556, 0, 833, 815, 0, 333, 333, 500, 0, 278, 333, 278, 278, 556, 556, 556, 556, 556, 556, 556, 556, 556, 556, 278, 278, 0, 0, 0, 444, 737, 722, 722, 722, 778, 722, 667, 778, 833, 407, 556, 778, 667, 944, 815, 778, 667, 778, 722, 630, 667, 815, 722, 981, 704, 704, 611, 333, 0, 333, 0, 500, 0, 556, 556, 444, 574, 500, 333, 537, 611, 315, 296, 593, 315, 889, 611, 500, 574, 556, 444, 463, 389, 611, 537, 778, 537, 537, 481, 0, 0, 0, 0, 0, 0, 0, 0, 0, 0, 0, 0, 0, 0, 0, 0, 0, 0, 0, 0, 0, 0, 204, 204, 389, 389, 0, 556, 1000, 0, 0, 0, 0, 0, 0, 0, 0, 278, 0, 0, 0, 0, 0, 0, 500, 0, 0, 0, 0, 0, 333, 0, 0, 0, 0, 0, 0, 0, 0, 606, 0, 333]}, but is not installed. Consider installing fontTools if you encounter encoding problems.
fontTools is required to fully parse the encoding of a CFF Type1 font in font dictionary {'/BaseFont': '/IIMBGK+NewCenturySchlbk-Bold', '/Encoding': '/MacRomanEncoding', '/FirstChar': 32, '/FontDescriptor': IndirectObject(1198, 0, 127413185015840), '/LastChar': 222, '/Subtype': '/Type1', '/Type': '/Font', '/Widths': [287, 0, 0, 0, 0, 0, 0, 0, 0, 0, 0, 0, 278, 0, 278, 278, 574, 574, 574, 574, 574, 574, 574, 574, 574, 574, 278, 0, 0, 0, 0, 0, 0, 759, 778, 778, 833, 759, 722, 833, 870, 444, 648, 815, 722, 981, 833, 833, 759, 0, 815, 667, 722, 833, 759, 981, 0, 722, 0, 0, 0, 0, 0, 0, 0, 611, 648, 556, 667, 574, 389, 611, 685, 370, 0, 667, 352, 963, 685, 611, 667, 648, 519, 500, 426, 685, 611, 889, 611, 611, 537, 0, 0, 0, 0, 287, 0, 0, 0, 0, 0, 0, 0, 0, 0, 0, 0, 0, 0, 0, 0, 0, 0, 0, 0, 0, 0, 0, 0, 0, 0, 0, 0, 0, 0, 0, 0, 0, 0, 0, 0, 0, 0, 0, 0, 0, 0, 0, 0, 0, 0, 287, 0, 0, 287, 0, 287, 287, 0, 0, 287, 287, 287, 287, 287, 0, 0, 287, 0, 0, 0, 0, 0, 287, 0, 287, 287, 0, 0, 0, 287, 0, 0, 0, 0, 0, 0, 0, 0, 0, 0, 241, 0, 287, 0, 0, 0, 0, 0, 0, 685]}, but is not installed. Consider installing fontTools if you encounter encoding problems.
fontTools is required to fully parse the encoding of a CFF Type1 font in font dictionary {'/BaseFont': '/IIMCKE+NewCenturySchlbk-BoldItalic', '/Encoding': '/WinAnsiEncoding', '/FirstChar': 32, '/FontDescriptor': IndirectObject(310, 0, 127413185015840), '/LastChar': 146, '/Subtype': '/Type1', '/Type': '/Font', '/Widths': [287, 0, 0, 0, 0, 0, 0, 0, 0, 0, 0, 0, 0, 333, 287, 0, 0, 0, 0, 0, 0, 0, 0, 0, 0, 0, 0, 0, 0, 0, 0, 0, 0, 741, 759, 759, 833, 741, 704, 0, 870, 444, 0, 0, 704, 944, 852, 833, 741, 0, 796, 685, 722, 0, 0, 944, 0, 704, 0, 0, 0, 0, 0, 0, 0, 667, 611, 537, 667, 519, 389, 611, 685, 389, 0, 648, 389, 944, 685, 574, 648, 0, 519, 481, 407, 685, 556, 833, 574, 519, 519, 0, 0, 0, 0, 0, 0, 0, 0, 0, 0, 0, 0, 0, 0, 0, 0, 0, 0, 0, 0, 0, 0, 0, 259]}, but is not installed. Consider installing fontTools if you encounter encoding problems.
fontTools is required to fully parse the encoding of a CFF Type1 font in font dictionary {'/BaseFont': '/IIMBFH+NewCenturySchlbk-Roman', '/Encoding': IndirectObject(1193, 0, 127413185015840), '/FirstChar': 23, '/FontDescriptor': IndirectObject(1196, 0, 127413185015840), '/LastChar': 184, '/Subtype': '/Type1', '/Type': '/Font', '/Widths': [333, 0, 0, 0, 0, 0, 0, 611, 611, 278, 0, 0, 556, 0, 833, 815, 0, 333, 333, 500, 0, 278, 333, 278, 278, 556, 556, 556, 556, 556, 556, 556, 556, 556, 556, 278, 278, 0, 0, 0, 444, 737, 722, 722, 722, 778, 722, 667, 778, 833, 407, 556, 778, 667, 944, 815, 778, 667, 778, 722, 630, 667, 815, 722, 981, 704, 704, 611, 333, 0, 333, 0, 500, 0, 556, 556, 444, 574, 500, 333, 537, 611, 315, 296, 593, 315, 889, 611, 500, 574, 556, 444, 463, 389, 611, 537, 778, 537, 537, 481, 0, 0, 0, 0, 0, 0, 0, 0, 0, 0, 0, 0, 0, 0, 0, 0, 0, 0, 0, 0, 0, 0, 204, 204, 389, 389, 0, 556, 1000, 0, 0, 0, 0, 0, 0, 0, 0, 278, 0, 0, 0, 0, 0, 0, 500, 0, 0, 0, 0, 0, 333, 0, 0, 0, 0, 0, 0, 0, 0, 606, 0, 333]}, but is not installed. Consider installing fontTools if you encounter encoding problems.
fontTools is required to fully parse the encoding of a CFF Type1 font in font dictionary {'/BaseFont': '/IIMBFG+NewCenturySchlbk-Italic', '/Encoding': IndirectObject(1193, 0, 127413185015840), '/FirstChar': 30, '/FontDescriptor': IndirectObject(1194, 0, 127413185015840), '/LastChar': 150, '/Subtype': '/Type1', '/Type': '/Font', '/Widths': [611, 611, 278, 0, 0, 0, 0, 0, 852, 0, 333, 333, 0, 0, 278, 333, 278, 606, 556, 556, 556, 556, 556, 556, 556, 556, 556, 556, 278, 278, 0, 0, 0, 0, 747, 704, 722, 722, 778, 722, 667, 778, 833, 407, 611, 741, 667, 944, 815, 778, 667, 0, 741, 667, 685, 815, 704, 926, 0, 685, 0, 333, 0, 333, 0, 0, 0, 574, 556, 444, 611, 444, 333, 537, 611, 333, 315, 556, 333, 889, 611, 500, 574, 556, 444, 444, 352, 611, 519, 778, 500, 500, 463, 0, 0, 0, 0, 0, 0, 0, 0, 0, 0, 0, 0, 0, 0, 0, 0, 0, 0, 0, 0, 0, 0, 0, 204, 389, 389, 0, 500]}, but is not installed. Consider installing fontTools if you encounter encoding problems.
fontTools is required to fully parse the encoding of a CFF Type1 font in font dictionary {'/BaseFont': '/IIMBFG+NewCenturySchlbk-Italic', '/Encoding': IndirectObject(1193, 0, 127413185015840), '/FirstChar': 30, '/FontDescriptor': IndirectObject(1194, 0, 127413185015840), '/LastChar': 150, '/Subtype': '/Type1', '/Type': '/Font', '/Widths': [611, 611, 278, 0, 0, 0, 0, 0, 852, 0, 333, 333, 0, 0, 278, 333, 278, 606, 556, 556, 556, 556, 556, 556, 556, 556, 556, 556, 278, 278, 0, 0, 0, 0, 747, 704, 722, 722, 778, 722, 667, 778, 833, 407, 611, 741, 667, 944, 815, 778, 667, 0, 741, 667, 685, 815, 704, 926, 0, 685, 0, 333, 0, 333, 0, 0, 0, 574, 556, 444, 611, 444, 333, 537, 611, 333, 315, 556, 333, 889, 611, 500, 574, 556, 444, 444, 352, 611, 519, 778, 500, 500, 463, 0, 0, 0, 0, 0, 0, 0, 0, 0, 0, 0, 0, 0, 0, 0, 0, 0, 0, 0, 0, 0, 0, 0, 204, 389, 389, 0, 500]}, but is not installed. Consider installing fontTools if you encounter encoding problems.
fontTools is required to fully parse the encoding of a CFF Type1 font in font dictionary {'/BaseFont': '/IIMBFH+NewCenturySchlbk-Roman', '/Encoding': IndirectObject(1193, 0, 127413185015840), '/FirstChar': 23, '/FontDescriptor': IndirectObject(1196, 0, 127413185015840), '/LastChar': 184, '/Subtype': '/Type1', '/Type': '/Font', '/Widths': [333, 0, 0, 0, 0, 0, 0, 611, 611, 278, 0, 0, 556, 0, 833, 815, 0, 333, 333, 500, 0, 278, 333, 278, 278, 556, 556, 556, 556, 556, 556, 556, 556, 556, 556, 278, 278, 0, 0, 0, 444, 737, 722, 722, 722, 778, 722, 667, 778, 833, 407, 556, 778, 667, 944, 815, 778, 667, 778, 722, 630, 667, 815, 722, 981, 704, 704, 611, 333, 0, 333, 0, 500, 0, 556, 556, 444, 574, 500, 333, 537, 611, 315, 296, 593, 315, 889, 611, 500, 574, 556, 444, 463, 389, 611, 537, 778, 537, 537, 481, 0, 0, 0, 0, 0, 0, 0, 0, 0, 0, 0, 0, 0, 0, 0, 0, 0, 0, 0, 0, 0, 0, 204, 204, 389, 389, 0, 556, 1000, 0, 0, 0, 0, 0, 0, 0, 0, 278, 0, 0, 0, 0, 0, 0, 500, 0, 0, 0, 0, 0, 333, 0, 0, 0, 0, 0, 0, 0, 0, 606, 0, 333]}, but is not installed. Consider installing fontTools if you encounter encoding problems.
fontTools is required to fully parse the encoding of a CFF Type1 font in font dictionary {'/BaseFont': '/IIMBFG+NewCenturySchlbk-Italic', '/Encoding': IndirectObject(1193, 0, 127413185015840), '/FirstChar': 30, '/FontDescriptor': IndirectObject(1194, 0, 127413185015840), '/LastChar': 150, '/Subtype': '/Type1', '/Type': '/Font', '/Widths': [611, 611, 278, 0, 0, 0, 0, 0, 852, 0, 333, 333, 0, 0, 278, 333, 278, 606, 556, 556, 556, 556, 556, 556, 556, 556, 556, 556, 278, 278, 0, 0, 0, 0, 747, 704, 722, 722, 778, 722, 667, 778, 833, 407, 611, 741, 667, 944, 815, 778, 667, 0, 741, 667, 685, 815, 704, 926, 0, 685, 0, 333, 0, 333, 0, 0, 0, 574, 556, 444, 611, 444, 333, 537, 611, 333, 315, 556, 333, 889, 611, 500, 574, 556, 444, 444, 352, 611, 519, 778, 500, 500, 463, 0, 0, 0, 0, 0, 0, 0, 0, 0, 0, 0, 0, 0, 0, 0, 0, 0, 0, 0, 0, 0, 0, 0, 204, 389, 389, 0, 500]}, but is not installed. Consider installing fontTools if you encounter encoding problems.
fontTools is required to fully parse the encoding of a CFF Type1 font in font dictionary {'/BaseFont': '/IIMBFH+NewCenturySchlbk-Roman', '/Encoding': IndirectObject(1193, 0, 127413185015840), '/FirstChar': 23, '/FontDescriptor': IndirectObject(1196, 0, 127413185015840), '/LastChar': 184, '/Subtype': '/Type1', '/Type': '/Font', '/Widths': [333, 0, 0, 0, 0, 0, 0, 611, 611, 278, 0, 0, 556, 0, 833, 815, 0, 333, 333, 500, 0, 278, 333, 278, 278, 556, 556, 556, 556, 556, 556, 556, 556, 556, 556, 278, 278, 0, 0, 0, 444, 737, 722, 722, 722, 778, 722, 667, 778, 833, 407, 556, 778, 667, 944, 815, 778, 667, 778, 722, 630, 667, 815, 722, 981, 704, 704, 611, 333, 0, 333, 0, 500, 0, 556, 556, 444, 574, 500, 333, 537, 611, 315, 296, 593, 315, 889, 611, 500, 574, 556, 444, 463, 389, 611, 537, 778, 537, 537, 481, 0, 0, 0, 0, 0, 0, 0, 0, 0, 0, 0, 0, 0, 0, 0, 0, 0, 0, 0, 0, 0, 0, 204, 204, 389, 389, 0, 556, 1000, 0, 0, 0, 0, 0, 0, 0, 0, 278, 0, 0, 0, 0, 0, 0, 500, 0, 0, 0, 0, 0, 333, 0, 0, 0, 0, 0, 0, 0, 0, 606, 0, 333]}, but is not installed. Consider installing fontTools if you encounter encoding problems.
fontTools is required to fully parse the encoding of a CFF Type1 font in font dictionary {'/BaseFont': '/IIMBFG+NewCenturySchlbk-Italic', '/Encoding': IndirectObject(1193, 0, 127413185015840), '/FirstChar': 30, '/FontDescriptor': IndirectObject(1194, 0, 127413185015840), '/LastChar': 150, '/Subtype': '/Type1', '/Type': '/Font', '/Widths': [611, 611, 278, 0, 0, 0, 0, 0, 852, 0, 333, 333, 0, 0, 278, 333, 278, 606, 556, 556, 556, 556, 556, 556, 556, 556, 556, 556, 278, 278, 0, 0, 0, 0, 747, 704, 722, 722, 778, 722, 667, 778, 833, 407, 611, 741, 667, 944, 815, 778, 667, 0, 741, 667, 685, 815, 704, 926, 0, 685, 0, 333, 0, 333, 0, 0, 0, 574, 556, 444, 611, 444, 333, 537, 611, 333, 315, 556, 333, 889, 611, 500, 574, 556, 444, 444, 352, 611, 519, 778, 500, 500, 463, 0, 0, 0, 0, 0, 0, 0, 0, 0, 0, 0, 0, 0, 0, 0, 0, 0, 0, 0, 0, 0, 0, 0, 204, 389, 389, 0, 500]}, but is not installed. Consider installing fontTools if you encounter encoding problems.
fontTools is required to fully parse the encoding of a CFF Type1 font in font dictionary {'/BaseFont': '/IIMBFH+NewCenturySchlbk-Roman', '/Encoding': IndirectObject(1193, 0, 127413185015840), '/FirstChar': 23, '/FontDescriptor': IndirectObject(1196, 0, 127413185015840), '/LastChar': 184, '/Subtype': '/Type1', '/Type': '/Font', '/Widths': [333, 0, 0, 0, 0, 0, 0, 611, 611, 278, 0, 0, 556, 0, 833, 815, 0, 333, 333, 500, 0, 278, 333, 278, 278, 556, 556, 556, 556, 556, 556, 556, 556, 556, 556, 278, 278, 0, 0, 0, 444, 737, 722, 722, 722, 778, 722, 667, 778, 833, 407, 556, 778, 667, 944, 815, 778, 667, 778, 722, 630, 667, 815, 722, 981, 704, 704, 611, 333, 0, 333, 0, 500, 0, 556, 556, 444, 574, 500, 333, 537, 611, 315, 296, 593, 315, 889, 611, 500, 574, 556, 444, 463, 389, 611, 537, 778, 537, 537, 481, 0, 0, 0, 0, 0, 0, 0, 0, 0, 0, 0, 0, 0, 0, 0, 0, 0, 0, 0, 0, 0, 0, 204, 204, 389, 389, 0, 556, 1000, 0, 0, 0, 0, 0, 0, 0, 0, 278, 0, 0, 0, 0, 0, 0, 500, 0, 0, 0, 0, 0, 333, 0, 0, 0, 0, 0, 0, 0, 0, 606, 0, 333]}, but is not installed. Consider installing fontTools if you encounter encoding problems.
fontTools is required to fully parse the encoding of a CFF Type1 font in font dictionary {'/BaseFont': '/IIMCKE+NewCenturySchlbk-BoldItalic', '/Encoding': '/WinAnsiEncoding', '/FirstChar': 32, '/FontDescriptor': IndirectObject(310, 0, 127413185015840), '/LastChar': 146, '/Subtype': '/Type1', '/Type': '/Font', '/Widths': [287, 0, 0, 0, 0, 0, 0, 0, 0, 0, 0, 0, 0, 333, 287, 0, 0, 0, 0, 0, 0, 0, 0, 0, 0, 0, 0, 0, 0, 0, 0, 0, 0, 741, 759, 759, 833, 741, 704, 0, 870, 444, 0, 0, 704, 944, 852, 833, 741, 0, 796, 685, 722, 0, 0, 944, 0, 704, 0, 0, 0, 0, 0, 0, 0, 667, 611, 537, 667, 519, 389, 611, 685, 389, 0, 648, 389, 944, 685, 574, 648, 0, 519, 481, 407, 685, 556, 833, 574, 519, 519, 0, 0, 0, 0, 0, 0, 0, 0, 0, 0, 0, 0, 0, 0, 0, 0, 0, 0, 0, 0, 0, 0, 0, 259]}, but is not installed. Consider installing fontTools if you encounter encoding problems.
fontTools is required to fully parse the encoding of a CFF Type1 font in font dictionary {'/BaseFont': '/IIMBFH+NewCenturySchlbk-Roman', '/Encoding': IndirectObject(1193, 0, 127413185015840), '/FirstChar': 23, '/FontDescriptor': IndirectObject(1196, 0, 127413185015840), '/LastChar': 184, '/Subtype': '/Type1', '/Type': '/Font', '/Widths': [333, 0, 0, 0, 0, 0, 0, 611, 611, 278, 0, 0, 556, 0, 833, 815, 0, 333, 333, 500, 0, 278, 333, 278, 278, 556, 556, 556, 556, 556, 556, 556, 556, 556, 556, 278, 278, 0, 0, 0, 444, 737, 722, 722, 722, 778, 722, 667, 778, 833, 407, 556, 778, 667, 944, 815, 778, 667, 778, 722, 630, 667, 815, 722, 981, 704, 704, 611, 333, 0, 333, 0, 500, 0, 556, 556, 444, 574, 500, 333, 537, 611, 315, 296, 593, 315, 889, 611, 500, 574, 556, 444, 463, 389, 611, 537, 778, 537, 537, 481, 0, 0, 0, 0, 0, 0, 0, 0, 0, 0, 0, 0, 0, 0, 0, 0, 0, 0, 0, 0, 0, 0, 204, 204, 389, 389, 0, 556, 1000, 0, 0, 0, 0, 0, 0, 0, 0, 278, 0, 0, 0, 0, 0, 0, 500, 0, 0, 0, 0, 0, 333, 0, 0, 0, 0, 0, 0, 0, 0, 606, 0, 333]}, but is not installed. Consider installing fontTools if you encounter encoding problems.
fontTools is required to fully parse the encoding of a CFF Type1 font in font dictionary {'/BaseFont': '/IIMBFG+NewCenturySchlbk-Italic', '/Encoding': IndirectObject(1193, 0, 127413185015840), '/FirstChar': 30, '/FontDescriptor': IndirectObject(1194, 0, 127413185015840), '/LastChar': 150, '/Subtype': '/Type1', '/Type': '/Font', '/Widths': [611, 611, 278, 0, 0, 0, 0, 0, 852, 0, 333, 333, 0, 0, 278, 333, 278, 606, 556, 556, 556, 556, 556, 556, 556, 556, 556, 556, 278, 278, 0, 0, 0, 0, 747, 704, 722, 722, 778, 722, 667, 778, 833, 407, 611, 741, 667, 944, 815, 778, 667, 0, 741, 667, 685, 815, 704, 926, 0, 685, 0, 333, 0, 333, 0, 0, 0, 574, 556, 444, 611, 444, 333, 537, 611, 333, 315, 556, 333, 889, 611, 500, 574, 556, 444, 444, 352, 611, 519, 778, 500, 500, 463, 0, 0, 0, 0, 0, 0, 0, 0, 0, 0, 0, 0, 0, 0, 0, 0, 0, 0, 0, 0, 0, 0, 0, 204, 389, 389, 0, 500]}, but is not installed. Consider installing fontTools if you encounter encoding problems.
fontTools is required to fully parse the encoding of a CFF Type1 font in font dictionary {'/BaseFont': '/IIMBFH+NewCenturySchlbk-Roman', '/Encoding': IndirectObject(1193, 0, 127413185015840), '/FirstChar': 23, '/FontDescriptor': IndirectObject(1196, 0, 127413185015840), '/LastChar': 184, '/Subtype': '/Type1', '/Type': '/Font', '/Widths': [333, 0, 0, 0, 0, 0, 0, 611, 611, 278, 0, 0, 556, 0, 833, 815, 0, 333, 333, 500, 0, 278, 333, 278, 278, 556, 556, 556, 556, 556, 556, 556, 556, 556, 556, 278, 278, 0, 0, 0, 444, 737, 722, 722, 722, 778, 722, 667, 778, 833, 407, 556, 778, 667, 944, 815, 778, 667, 778, 722, 630, 667, 815, 722, 981, 704, 704, 611, 333, 0, 333, 0, 500, 0, 556, 556, 444, 574, 500, 333, 537, 611, 315, 296, 593, 315, 889, 611, 500, 574, 556, 444, 463, 389, 611, 537, 778, 537, 537, 481, 0, 0, 0, 0, 0, 0, 0, 0, 0, 0, 0, 0, 0, 0, 0, 0, 0, 0, 0, 0, 0, 0, 204, 204, 389, 389, 0, 556, 1000, 0, 0, 0, 0, 0, 0, 0, 0, 278, 0, 0, 0, 0, 0, 0, 500, 0, 0, 0, 0, 0, 333, 0, 0, 0, 0, 0, 0, 0, 0, 606, 0, 333]}, but is not installed. Consider installing fontTools if you encounter encoding problems.
fontTools is required to fully parse the encoding of a CFF Type1 font in font dictionary {'/BaseFont': '/IIMBFG+NewCenturySchlbk-Italic', '/Encoding': IndirectObject(1193, 0, 127413185015840), '/FirstChar': 30, '/FontDescriptor': IndirectObject(1194, 0, 127413185015840), '/LastChar': 150, '/Subtype': '/Type1', '/Type': '/Font', '/Widths': [611, 611, 278, 0, 0, 0, 0, 0, 852, 0, 333, 333, 0, 0, 278, 333, 278, 606, 556, 556, 556, 556, 556, 556, 556, 556, 556, 556, 278, 278, 0, 0, 0, 0, 747, 704, 722, 722, 778, 722, 667, 778, 833, 407, 611, 741, 667, 944, 815, 778, 667, 0, 741, 667, 685, 815, 704, 926, 0, 685, 0, 333, 0, 333, 0, 0, 0, 574, 556, 444, 611, 444, 333, 537, 611, 333, 315, 556, 333, 889, 611, 500, 574, 556, 444, 444, 352, 611, 519, 778, 500, 500, 463, 0, 0, 0, 0, 0, 0, 0, 0, 0, 0, 0, 0, 0, 0, 0, 0, 0, 0, 0, 0, 0, 0, 0, 204, 389, 389, 0, 500]}, but is not installed. Consider installing fontTools if you encounter encoding problems.
fontTools is required to fully parse the encoding of a CFF Type1 font in font dictionary {'/BaseFont': '/IIMBFH+NewCenturySchlbk-Roman', '/Encoding': IndirectObject(1193, 0, 127413185015840), '/FirstChar': 23, '/FontDescriptor': IndirectObject(1196, 0, 127413185015840), '/LastChar': 184, '/Subtype': '/Type1', '/Type': '/Font', '/Widths': [333, 0, 0, 0, 0, 0, 0, 611, 611, 278, 0, 0, 556, 0, 833, 815, 0, 333, 333, 500, 0, 278, 333, 278, 278, 556, 556, 556, 556, 556, 556, 556, 556, 556, 556, 278, 278, 0, 0, 0, 444, 737, 722, 722, 722, 778, 722, 667, 778, 833, 407, 556, 778, 667, 944, 815, 778, 667, 778, 722, 630, 667, 815, 722, 981, 704, 704, 611, 333, 0, 333, 0, 500, 0, 556, 556, 444, 574, 500, 333, 537, 611, 315, 296, 593, 315, 889, 611, 500, 574, 556, 444, 463, 389, 611, 537, 778, 537, 537, 481, 0, 0, 0, 0, 0, 0, 0, 0, 0, 0, 0, 0, 0, 0, 0, 0, 0, 0, 0, 0, 0, 0, 204, 204, 389, 389, 0, 556, 1000, 0, 0, 0, 0, 0, 0, 0, 0, 278, 0, 0, 0, 0, 0, 0, 500, 0, 0, 0, 0, 0, 333, 0, 0, 0, 0, 0, 0, 0, 0, 606, 0, 333]}, but is not installed. Consider installing fontTools if you encounter encoding problems.
fontTools is required to fully parse the encoding of a CFF Type1 font in font dictionary {'/BaseFont': '/IIMBFG+NewCenturySchlbk-Italic', '/Encoding': IndirectObject(1193, 0, 127413185015840), '/FirstChar': 30, '/FontDescriptor': IndirectObject(1194, 0, 127413185015840), '/LastChar': 150, '/Subtype': '/Type1', '/Type': '/Font', '/Widths': [611, 611, 278, 0, 0, 0, 0, 0, 852, 0, 333, 333, 0, 0, 278, 333, 278, 606, 556, 556, 556, 556, 556, 556, 556, 556, 556, 556, 278, 278, 0, 0, 0, 0, 747, 704, 722, 722, 778, 722, 667, 778, 833, 407, 611, 741, 667, 944, 815, 778, 667, 0, 741, 667, 685, 815, 704, 926, 0, 685, 0, 333, 0, 333, 0, 0, 0, 574, 556, 444, 611, 444, 333, 537, 611, 333, 315, 556, 333, 889, 611, 500, 574, 556, 444, 444, 352, 611, 519, 778, 500, 500, 463, 0, 0, 0, 0, 0, 0, 0, 0, 0, 0, 0, 0, 0, 0, 0, 0, 0, 0, 0, 0, 0, 0, 0, 204, 389, 389, 0, 500]}, but is not installed. Consider installing fontTools if you encounter encoding problems.
fontTools is required to fully parse the encoding of a CFF Type1 font in font dictionary {'/BaseFont': '/IIMCKE+NewCenturySchlbk-BoldItalic', '/Encoding': '/WinAnsiEncoding', '/FirstChar': 32, '/FontDescriptor': IndirectObject(310, 0, 127413185015840), '/LastChar': 146, '/Subtype': '/Type1', '/Type': '/Font', '/Widths': [287, 0, 0, 0, 0, 0, 0, 0, 0, 0, 0, 0, 0, 333, 287, 0, 0, 0, 0, 0, 0, 0, 0, 0, 0, 0, 0, 0, 0, 0, 0, 0, 0, 741, 759, 759, 833, 741, 704, 0, 870, 444, 0, 0, 704, 944, 852, 833, 741, 0, 796, 685, 722, 0, 0, 944, 0, 704, 0, 0, 0, 0, 0, 0, 0, 667, 611, 537, 667, 519, 389, 611, 685, 389, 0, 648, 389, 944, 685, 574, 648, 0, 519, 481, 407, 685, 556, 833, 574, 519, 519, 0, 0, 0, 0, 0, 0, 0, 0, 0, 0, 0, 0, 0, 0, 0, 0, 0, 0, 0, 0, 0, 0, 0, 259]}, but is not installed. Consider installing fontTools if you encounter encoding problems.
fontTools is required to fully parse the encoding of a CFF Type1 font in font dictionary {'/BaseFont': '/IIMBFH+NewCenturySchlbk-Roman', '/Encoding': IndirectObject(1193, 0, 127413185015840), '/FirstChar': 23, '/FontDescriptor': IndirectObject(1196, 0, 127413185015840), '/LastChar': 184, '/Subtype': '/Type1', '/Type': '/Font', '/Widths': [333, 0, 0, 0, 0, 0, 0, 611, 611, 278, 0, 0, 556, 0, 833, 815, 0, 333, 333, 500, 0, 278, 333, 278, 278, 556, 556, 556, 556, 556, 556, 556, 556, 556, 556, 278, 278, 0, 0, 0, 444, 737, 722, 722, 722, 778, 722, 667, 778, 833, 407, 556, 778, 667, 944, 815, 778, 667, 778, 722, 630, 667, 815, 722, 981, 704, 704, 611, 333, 0, 333, 0, 500, 0, 556, 556, 444, 574, 500, 333, 537, 611, 315, 296, 593, 315, 889, 611, 500, 574, 556, 444, 463, 389, 611, 537, 778, 537, 537, 481, 0, 0, 0, 0, 0, 0, 0, 0, 0, 0, 0, 0, 0, 0, 0, 0, 0, 0, 0, 0, 0, 0, 204, 204, 389, 389, 0, 556, 1000, 0, 0, 0, 0, 0, 0, 0, 0, 278, 0, 0, 0, 0, 0, 0, 500, 0, 0, 0, 0, 0, 333, 0, 0, 0, 0, 0, 0, 0, 0, 606, 0, 333]}, but is not installed. Consider installing fontTools if you encounter encoding problems.
fontTools is required to fully parse the encoding of a CFF Type1 font in font dictionary {'/BaseFont': '/IIMBFG+NewCenturySchlbk-Italic', '/Encoding': IndirectObject(1193, 0, 127413185015840), '/FirstChar': 30, '/FontDescriptor': IndirectObject(1194, 0, 127413185015840), '/LastChar': 150, '/Subtype': '/Type1', '/Type': '/Font', '/Widths': [611, 611, 278, 0, 0, 0, 0, 0, 852, 0, 333, 333, 0, 0, 278, 333, 278, 606, 556, 556, 556, 556, 556, 556, 556, 556, 556, 556, 278, 278, 0, 0, 0, 0, 747, 704, 722, 722, 778, 722, 667, 778, 833, 407, 611, 741, 667, 944, 815, 778, 667, 0, 741, 667, 685, 815, 704, 926, 0, 685, 0, 333, 0, 333, 0, 0, 0, 574, 556, 444, 611, 444, 333, 537, 611, 333, 315, 556, 333, 889, 611, 500, 574, 556, 444, 444, 352, 611, 519, 778, 500, 500, 463, 0, 0, 0, 0, 0, 0, 0, 0, 0, 0, 0, 0, 0, 0, 0, 0, 0, 0, 0, 0, 0, 0, 0, 204, 389, 389, 0, 500]}, but is not installed. Consider installing fontTools if you encounter encoding problems.
fontTools is required to fully parse the encoding of a CFF Type1 font in font dictionary {'/BaseFont': '/IIMCKE+NewCenturySchlbk-BoldItalic', '/Encoding': '/WinAnsiEncoding', '/FirstChar': 32, '/FontDescriptor': IndirectObject(310, 0, 127413185015840), '/LastChar': 146, '/Subtype': '/Type1', '/Type': '/Font', '/Widths': [287, 0, 0, 0, 0, 0, 0, 0, 0, 0, 0, 0, 0, 333, 287, 0, 0, 0, 0, 0, 0, 0, 0, 0, 0, 0, 0, 0, 0, 0, 0, 0, 0, 741, 759, 759, 833, 741, 704, 0, 870, 444, 0, 0, 704, 944, 852, 833, 741, 0, 796, 685, 722, 0, 0, 944, 0, 704, 0, 0, 0, 0, 0, 0, 0, 667, 611, 537, 667, 519, 389, 611, 685, 389, 0, 648, 389, 944, 685, 574, 648, 0, 519, 481, 407, 685, 556, 833, 574, 519, 519, 0, 0, 0, 0, 0, 0, 0, 0, 0, 0, 0, 0, 0, 0, 0, 0, 0, 0, 0, 0, 0, 0, 0, 259]}, but is not installed. Consider installing fontTools if you encounter encoding problems.
fontTools is required to fully parse the encoding of a CFF Type1 font in font dictionary {'/BaseFont': '/IIMBFG+NewCenturySchlbk-Italic', '/Encoding': IndirectObject(1193, 0, 127413185015840), '/FirstChar': 30, '/FontDescriptor': IndirectObject(1194, 0, 127413185015840), '/LastChar': 150, '/Subtype': '/Type1', '/Type': '/Font', '/Widths': [611, 611, 278, 0, 0, 0, 0, 0, 852, 0, 333, 333, 0, 0, 278, 333, 278, 606, 556, 556, 556, 556, 556, 556, 556, 556, 556, 556, 278, 278, 0, 0, 0, 0, 747, 704, 722, 722, 778, 722, 667, 778, 833, 407, 611, 741, 667, 944, 815, 778, 667, 0, 741, 667, 685, 815, 704, 926, 0, 685, 0, 333, 0, 333, 0, 0, 0, 574, 556, 444, 611, 444, 333, 537, 611, 333, 315, 556, 333, 889, 611, 500, 574, 556, 444, 444, 352, 611, 519, 778, 500, 500, 463, 0, 0, 0, 0, 0, 0, 0, 0, 0, 0, 0, 0, 0, 0, 0, 0, 0, 0, 0, 0, 0, 0, 0, 204, 389, 389, 0, 500]}, but is not installed. Consider installing fontTools if you encounter encoding problems.
fontTools is required to fully parse the encoding of a CFF Type1 font in font dictionary {'/BaseFont': '/IIMBFH+NewCenturySchlbk-Roman', '/Encoding': IndirectObject(1193, 0, 127413185015840), '/FirstChar': 23, '/FontDescriptor': IndirectObject(1196, 0, 127413185015840), '/LastChar': 184, '/Subtype': '/Type1', '/Type': '/Font', '/Widths': [333, 0, 0, 0, 0, 0, 0, 611, 611, 278, 0, 0, 556, 0, 833, 815, 0, 333, 333, 500, 0, 278, 333, 278, 278, 556, 556, 556, 556, 556, 556, 556, 556, 556, 556, 278, 278, 0, 0, 0, 444, 737, 722, 722, 722, 778, 722, 667, 778, 833, 407, 556, 778, 667, 944, 815, 778, 667, 778, 722, 630, 667, 815, 722, 981, 704, 704, 611, 333, 0, 333, 0, 500, 0, 556, 556, 444, 574, 500, 333, 537, 611, 315, 296, 593, 315, 889, 611, 500, 574, 556, 444, 463, 389, 611, 537, 778, 537, 537, 481, 0, 0, 0, 0, 0, 0, 0, 0, 0, 0, 0, 0, 0, 0, 0, 0, 0, 0, 0, 0, 0, 0, 204, 204, 389, 389, 0, 556, 1000, 0, 0, 0, 0, 0, 0, 0, 0, 278, 0, 0, 0, 0, 0, 0, 500, 0, 0, 0, 0, 0, 333, 0, 0, 0, 0, 0, 0, 0, 0, 606, 0, 333]}, but is not installed. Consider installing fontTools if you encounter encoding problems.
fontTools is required to fully parse the encoding of a CFF Type1 font in font dictionary {'/BaseFont': '/IIMBGK+NewCenturySchlbk-Bold', '/Encoding': '/MacRomanEncoding', '/FirstChar': 32, '/FontDescriptor': IndirectObject(1198, 0, 127413185015840), '/LastChar': 222, '/Subtype': '/Type1', '/Type': '/Font', '/Widths': [287, 0, 0, 0, 0, 0, 0, 0, 0, 0, 0, 0, 278, 0, 278, 278, 574, 574, 574, 574, 574, 574, 574, 574, 574, 574, 278, 0, 0, 0, 0, 0, 0, 759, 778, 778, 833, 759, 722, 833, 870, 444, 648, 815, 722, 981, 833, 833, 759, 0, 815, 667, 722, 833, 759, 981, 0, 722, 0, 0, 0, 0, 0, 0, 0, 611, 648, 556, 667, 574, 389, 611, 685, 370, 0, 667, 352, 963, 685, 611, 667, 648, 519, 500, 426, 685, 611, 889, 611, 611, 537, 0, 0, 0, 0, 287, 0, 0, 0, 0, 0, 0, 0, 0, 0, 0, 0, 0, 0, 0, 0, 0, 0, 0, 0, 0, 0, 0, 0, 0, 0, 0, 0, 0, 0, 0, 0, 0, 0, 0, 0, 0, 0, 0, 0, 0, 0, 0, 0, 0, 0, 287, 0, 0, 287, 0, 287, 287, 0, 0, 287, 287, 287, 287, 287, 0, 0, 287, 0, 0, 0, 0, 0, 287, 0, 287, 287, 0, 0, 0, 287, 0, 0, 0, 0, 0, 0, 0, 0, 0, 0, 241, 0, 287, 0, 0, 0, 0, 0, 0, 685]}, but is not installed. Consider installing fontTools if you encounter encoding problems.
fontTools is required to fully parse the encoding of a CFF Type1 font in font dictionary {'/BaseFont': '/IIMBFG+NewCenturySchlbk-Italic', '/Encoding': IndirectObject(1193, 0, 127413185015840), '/FirstChar': 30, '/FontDescriptor': IndirectObject(1194, 0, 127413185015840), '/LastChar': 150, '/Subtype': '/Type1', '/Type': '/Font', '/Widths': [611, 611, 278, 0, 0, 0, 0, 0, 852, 0, 333, 333, 0, 0, 278, 333, 278, 606, 556, 556, 556, 556, 556, 556, 556, 556, 556, 556, 278, 278, 0, 0, 0, 0, 747, 704, 722, 722, 778, 722, 667, 778, 833, 407, 611, 741, 667, 944, 815, 778, 667, 0, 741, 667, 685, 815, 704, 926, 0, 685, 0, 333, 0, 333, 0, 0, 0, 574, 556, 444, 611, 444, 333, 537, 611, 333, 315, 556, 333, 889, 611, 500, 574, 556, 444, 444, 352, 611, 519, 778, 500, 500, 463, 0, 0, 0, 0, 0, 0, 0, 0, 0, 0, 0, 0, 0, 0, 0, 0, 0, 0, 0, 0, 0, 0, 0, 204, 389, 389, 0, 500]}, but is not installed. Consider installing fontTools if you encounter encoding problems.
fontTools is required to fully parse the encoding of a CFF Type1 font in font dictionary {'/BaseFont': '/IIMBFH+NewCenturySchlbk-Roman', '/Encoding': IndirectObject(1193, 0, 127413185015840), '/FirstChar': 23, '/FontDescriptor': IndirectObject(1196, 0, 127413185015840), '/LastChar': 184, '/Subtype': '/Type1', '/Type': '/Font', '/Widths': [333, 0, 0, 0, 0, 0, 0, 611, 611, 278, 0, 0, 556, 0, 833, 815, 0, 333, 333, 500, 0, 278, 333, 278, 278, 556, 556, 556, 556, 556, 556, 556, 556, 556, 556, 278, 278, 0, 0, 0, 444, 737, 722, 722, 722, 778, 722, 667, 778, 833, 407, 556, 778, 667, 944, 815, 778, 667, 778, 722, 630, 667, 815, 722, 981, 704, 704, 611, 333, 0, 333, 0, 500, 0, 556, 556, 444, 574, 500, 333, 537, 611, 315, 296, 593, 315, 889, 611, 500, 574, 556, 444, 463, 389, 611, 537, 778, 537, 537, 481, 0, 0, 0, 0, 0, 0, 0, 0, 0, 0, 0, 0, 0, 0, 0, 0, 0, 0, 0, 0, 0, 0, 204, 204, 389, 389, 0, 556, 1000, 0, 0, 0, 0, 0, 0, 0, 0, 278, 0, 0, 0, 0, 0, 0, 500, 0, 0, 0, 0, 0, 333, 0, 0, 0, 0, 0, 0, 0, 0, 606, 0, 333]}, but is not installed. Consider installing fontTools if you encounter encoding problems.
fontTools is required to fully parse the encoding of a CFF Type1 font in font dictionary {'/BaseFont': '/IIMBGK+NewCenturySchlbk-Bold', '/Encoding': '/MacRomanEncoding', '/FirstChar': 32, '/FontDescriptor': IndirectObject(1198, 0, 127413185015840), '/LastChar': 222, '/Subtype': '/Type1', '/Type': '/Font', '/Widths': [287, 0, 0, 0, 0, 0, 0, 0, 0, 0, 0, 0, 278, 0, 278, 278, 574, 574, 574, 574, 574, 574, 574, 574, 574, 574, 278, 0, 0, 0, 0, 0, 0, 759, 778, 778, 833, 759, 722, 833, 870, 444, 648, 815, 722, 981, 833, 833, 759, 0, 815, 667, 722, 833, 759, 981, 0, 722, 0, 0, 0, 0, 0, 0, 0, 611, 648, 556, 667, 574, 389, 611, 685, 370, 0, 667, 352, 963, 685, 611, 667, 648, 519, 500, 426, 685, 611, 889, 611, 611, 537, 0, 0, 0, 0, 287, 0, 0, 0, 0, 0, 0, 0, 0, 0, 0, 0, 0, 0, 0, 0, 0, 0, 0, 0, 0, 0, 0, 0, 0, 0, 0, 0, 0, 0, 0, 0, 0, 0, 0, 0, 0, 0, 0, 0, 0, 0, 0, 0, 0, 0, 287, 0, 0, 287, 0, 287, 287, 0, 0, 287, 287, 287, 287, 287, 0, 0, 287, 0, 0, 0, 0, 0, 287, 0, 287, 287, 0, 0, 0, 287, 0, 0, 0, 0, 0, 0, 0, 0, 0, 0, 241, 0, 287, 0, 0, 0, 0, 0, 0, 685]}, but is not installed. Consider installing fontTools if you encounter encoding problems.
fontTools is required to fully parse the encoding of a CFF Type1 font in font dictionary {'/BaseFont': '/IIMBFG+NewCenturySchlbk-Italic', '/Encoding': IndirectObject(1193, 0, 127413185015840), '/FirstChar': 30, '/FontDescriptor': IndirectObject(1194, 0, 127413185015840), '/LastChar': 150, '/Subtype': '/Type1', '/Type': '/Font', '/Widths': [611, 611, 278, 0, 0, 0, 0, 0, 852, 0, 333, 333, 0, 0, 278, 333, 278, 606, 556, 556, 556, 556, 556, 556, 556, 556, 556, 556, 278, 278, 0, 0, 0, 0, 747, 704, 722, 722, 778, 722, 667, 778, 833, 407, 611, 741, 667, 944, 815, 778, 667, 0, 741, 667, 685, 815, 704, 926, 0, 685, 0, 333, 0, 333, 0, 0, 0, 574, 556, 444, 611, 444, 333, 537, 611, 333, 315, 556, 333, 889, 611, 500, 574, 556, 444, 444, 352, 611, 519, 778, 500, 500, 463, 0, 0, 0, 0, 0, 0, 0, 0, 0, 0, 0, 0, 0, 0, 0, 0, 0, 0, 0, 0, 0, 0, 0, 204, 389, 389, 0, 500]}, but is not installed. Consider installing fontTools if you encounter encoding problems.
fontTools is required to fully parse the encoding of a CFF Type1 font in font dictionary {'/BaseFont': '/IIMBFH+NewCenturySchlbk-Roman', '/Encoding': IndirectObject(1193, 0, 127413185015840), '/FirstChar': 23, '/FontDescriptor': IndirectObject(1196, 0, 127413185015840), '/LastChar': 184, '/Subtype': '/Type1', '/Type': '/Font', '/Widths': [333, 0, 0, 0, 0, 0, 0, 611, 611, 278, 0, 0, 556, 0, 833, 815, 0, 333, 333, 500, 0, 278, 333, 278, 278, 556, 556, 556, 556, 556, 556, 556, 556, 556, 556, 278, 278, 0, 0, 0, 444, 737, 722, 722, 722, 778, 722, 667, 778, 833, 407, 556, 778, 667, 944, 815, 778, 667, 778, 722, 630, 667, 815, 722, 981, 704, 704, 611, 333, 0, 333, 0, 500, 0, 556, 556, 444, 574, 500, 333, 537, 611, 315, 296, 593, 315, 889, 611, 500, 574, 556, 444, 463, 389, 611, 537, 778, 537, 537, 481, 0, 0, 0, 0, 0, 0, 0, 0, 0, 0, 0, 0, 0, 0, 0, 0, 0, 0, 0, 0, 0, 0, 204, 204, 389, 389, 0, 556, 1000, 0, 0, 0, 0, 0, 0, 0, 0, 278, 0, 0, 0, 0, 0, 0, 500, 0, 0, 0, 0, 0, 333, 0, 0, 0, 0, 0, 0, 0, 0, 606, 0, 333]}, but is not installed. Consider installing fontTools if you encounter encoding problems.
fontTools is required to fully parse the encoding of a CFF Type1 font in font dictionary {'/BaseFont': '/IIMBGK+NewCenturySchlbk-Bold', '/Encoding': '/MacRomanEncoding', '/FirstChar': 32, '/FontDescriptor': IndirectObject(1198, 0, 127413185015840), '/LastChar': 222, '/Subtype': '/Type1', '/Type': '/Font', '/Widths': [287, 0, 0, 0, 0, 0, 0, 0, 0, 0, 0, 0, 278, 0, 278, 278, 574, 574, 574, 574, 574, 574, 574, 574, 574, 574, 278, 0, 0, 0, 0, 0, 0, 759, 778, 778, 833, 759, 722, 833, 870, 444, 648, 815, 722, 981, 833, 833, 759, 0, 815, 667, 722, 833, 759, 981, 0, 722, 0, 0, 0, 0, 0, 0, 0, 611, 648, 556, 667, 574, 389, 611, 685, 370, 0, 667, 352, 963, 685, 611, 667, 648, 519, 500, 426, 685, 611, 889, 611, 611, 537, 0, 0, 0, 0, 287, 0, 0, 0, 0, 0, 0, 0, 0, 0, 0, 0, 0, 0, 0, 0, 0, 0, 0, 0, 0, 0, 0, 0, 0, 0, 0, 0, 0, 0, 0, 0, 0, 0, 0, 0, 0, 0, 0, 0, 0, 0, 0, 0, 0, 0, 287, 0, 0, 287, 0, 287, 287, 0, 0, 287, 287, 287, 287, 287, 0, 0, 287, 0, 0, 0, 0, 0, 287, 0, 287, 287, 0, 0, 0, 287, 0, 0, 0, 0, 0, 0, 0, 0, 0, 0, 241, 0, 287, 0, 0, 0, 0, 0, 0, 685]}, but is not installed. Consider installing fontTools if you encounter encoding problems.
fontTools is required to fully parse the encoding of a CFF Type1 font in font dictionary {'/BaseFont': '/IIMDJP+Helvetica', '/Encoding': '/WinAnsiEncoding', '/FirstChar': 32, '/FontDescriptor': IndirectObject(308, 0, 127413185015840), '/LastChar': 151, '/Subtype': '/Type1', '/Type': '/Font', '/Widths': [278, 0, 0, 0, 0, 0, 0, 0, 0, 0, 0, 0, 0, 333, 278, 278, 556, 0, 556, 556, 556, 0, 0, 556, 556, 0, 278, 0, 0, 0, 0, 0, 0, 0, 0, 0, 0, 0, 0, 778, 0, 0, 0, 0, 0, 0, 0, 778, 667, 0, 0, 667, 0, 722, 0, 0, 0, 0, 0, 0, 0, 0, 0, 0, 0, 0, 0, 0, 0, 0, 0, 0, 0, 0, 0, 0, 0, 0, 0, 0, 0, 0, 0, 0, 0, 0, 0, 0, 0, 0, 0, 0, 0, 0, 0, 0, 0, 0, 0, 0, 0, 0, 0, 0, 0, 0, 0, 0, 0, 0, 0, 0, 0, 0, 0, 0, 0, 0, 0, 1000]}, but is not installed. Consider installing fontTools if you encounter encoding problems.
q_458: complete
q_459: complete
q_460: insufficient_evidence
q_461: complete
q_462: complete
q_463: insufficient_evidence
q_464: insufficient_evidence
q_465: insufficient_evidence
q_466: complete
q_467: complete
q_468: complete
q_469: complete
q_470: complete
q_471: complete
q_472: complete
q_473: complete
q_474: complete
q_475: complete
q_476: complete
q_477: complete
q_478: complete
q_479: complete
fontTools is required to fully parse the encoding of a CFF Type1 font in font dictionary {'/BaseFont': '/KCDHLO+NewCenturySchlbk-Italic', '/Encoding': '/WinAnsiEncoding', '/FirstChar': 32, '/FontDescriptor': IndirectObject(651, 0, 127413366970880), '/LastChar': 146, '/Subtype': '/Type1', '/Type': '/Font', '/Widths': [278, 0, 0, 0, 0, 0, 0, 0, 0, 0, 0, 0, 278, 333, 278, 606, 556, 556, 556, 556, 556, 556, 556, 556, 556, 556, 278, 0, 0, 0, 0, 0, 747, 704, 722, 722, 778, 722, 667, 778, 833, 407, 611, 741, 667, 944, 815, 778, 667, 0, 741, 667, 685, 815, 704, 926, 0, 685, 0, 0, 0, 0, 0, 0, 0, 574, 556, 444, 611, 444, 333, 537, 611, 333, 0, 556, 333, 889, 611, 500, 574, 556, 444, 444, 352, 611, 519, 778, 0, 500, 0, 0, 0, 0, 0, 0, 0, 0, 0, 0, 0, 0, 0, 0, 0, 0, 0, 0, 0, 0, 0, 0, 0, 0, 204]}, but is not installed. Consider installing fontTools if you encounter encoding problems.
fontTools is required to fully parse the encoding of a CFF Type1 font in font dictionary {'/BaseFont': '/KCDHLP+NewCenturySchlbk-Roman', '/Encoding': IndirectObject(653, 0, 127413366970880), '/FirstChar': 30, '/FontDescriptor': IndirectObject(654, 0, 127413366970880), '/LastChar': 176, '/Subtype': '/Type1', '/Type': '/Font', '/Widths': [611, 611, 278, 0, 0, 0, 556, 833, 0, 0, 333, 333, 500, 606, 278, 333, 278, 278, 556, 556, 556, 556, 556, 556, 556, 556, 556, 556, 278, 278, 0, 0, 0, 0, 0, 722, 722, 722, 778, 722, 667, 778, 833, 407, 556, 778, 667, 944, 815, 778, 667, 778, 722, 630, 667, 815, 722, 981, 704, 704, 611, 333, 0, 333, 0, 0, 0, 556, 556, 444, 574, 500, 333, 537, 611, 315, 296, 593, 315, 889, 611, 500, 574, 556, 444, 463, 389, 611, 537, 778, 537, 537, 481, 0, 0, 0, 0, 606, 0, 606, 0, 0, 0, 0, 0, 0, 0, 0, 0, 0, 0, 606, 0, 606, 606, 204, 204, 389, 389, 606, 556, 1000, 0, 0, 0, 0, 0, 606, 0, 0, 278, 0, 0, 0, 0, 0, 0, 500, 0, 0, 0, 0, 0, 333, 0, 0, 400]}, but is not installed. Consider installing fontTools if you encounter encoding problems.
fontTools is required to fully parse the encoding of a CFF Type1 font in font dictionary {'/BaseFont': '/KCDHNC+NewCenturySchlbk-Bold', '/Encoding': '/WinAnsiEncoding', '/FirstChar': 32, '/FontDescriptor': IndirectObject(656, 0, 127413366970880), '/LastChar': 146, '/Subtype': '/Type1', '/Type': '/Font', '/Widths': [287, 0, 0, 0, 0, 0, 0, 0, 0, 0, 0, 0, 278, 333, 278, 278, 574, 574, 0, 574, 574, 0, 0, 574, 0, 574, 278, 0, 0, 0, 0, 0, 0, 759, 778, 778, 833, 759, 722, 833, 870, 444, 0, 815, 722, 981, 833, 833, 759, 0, 815, 667, 722, 833, 759, 981, 722, 722, 667, 0, 0, 0, 0, 0, 0, 611, 648, 556, 667, 574, 389, 611, 685, 370, 352, 0, 352, 963, 685, 611, 667, 0, 519, 500, 426, 685, 611, 889, 611, 611, 537, 0, 0, 0, 0, 0, 0, 0, 0, 0, 0, 0, 0, 0, 0, 0, 0, 0, 0, 0, 0, 0, 0, 0, 241]}, but is not installed. Consider installing fontTools if you encounter encoding problems.
fontTools is required to fully parse the encoding of a CFF Type1 font in font dictionary {'/BaseFont': '/KCDHLO+NewCenturySchlbk-Italic', '/Encoding': '/WinAnsiEncoding', '/FirstChar': 32, '/FontDescriptor': IndirectObject(651, 0, 127413366970880), '/LastChar': 146, '/Subtype': '/Type1', '/Type': '/Font', '/Widths': [278, 0, 0, 0, 0, 0, 0, 0, 0, 0, 0, 0, 278, 333, 278, 606, 556, 556, 556, 556, 556, 556, 556, 556, 556, 556, 278, 0, 0, 0, 0, 0, 747, 704, 722, 722, 778, 722, 667, 778, 833, 407, 611, 741, 667, 944, 815, 778, 667, 0, 741, 667, 685, 815, 704, 926, 0, 685, 0, 0, 0, 0, 0, 0, 0, 574, 556, 444, 611, 444, 333, 537, 611, 333, 0, 556, 333, 889, 611, 500, 574, 556, 444, 444, 352, 611, 519, 778, 0, 500, 0, 0, 0, 0, 0, 0, 0, 0, 0, 0, 0, 0, 0, 0, 0, 0, 0, 0, 0, 0, 0, 0, 0, 0, 204]}, but is not installed. Consider installing fontTools if you encounter encoding problems.
fontTools is required to fully parse the encoding of a CFF Type1 font in font dictionary {'/BaseFont': '/KCDHLP+NewCenturySchlbk-Roman', '/Encoding': IndirectObject(653, 0, 127413366970880), '/FirstChar': 30, '/FontDescriptor': IndirectObject(654, 0, 127413366970880), '/LastChar': 176, '/Subtype': '/Type1', '/Type': '/Font', '/Widths': [611, 611, 278, 0, 0, 0, 556, 833, 0, 0, 333, 333, 500, 606, 278, 333, 278, 278, 556, 556, 556, 556, 556, 556, 556, 556, 556, 556, 278, 278, 0, 0, 0, 0, 0, 722, 722, 722, 778, 722, 667, 778, 833, 407, 556, 778, 667, 944, 815, 778, 667, 778, 722, 630, 667, 815, 722, 981, 704, 704, 611, 333, 0, 333, 0, 0, 0, 556, 556, 444, 574, 500, 333, 537, 611, 315, 296, 593, 315, 889, 611, 500, 574, 556, 444, 463, 389, 611, 537, 778, 537, 537, 481, 0, 0, 0, 0, 606, 0, 606, 0, 0, 0, 0, 0, 0, 0, 0, 0, 0, 0, 606, 0, 606, 606, 204, 204, 389, 389, 606, 556, 1000, 0, 0, 0, 0, 0, 606, 0, 0, 278, 0, 0, 0, 0, 0, 0, 500, 0, 0, 0, 0, 0, 333, 0, 0, 400]}, but is not installed. Consider installing fontTools if you encounter encoding problems.
fontTools is required to fully parse the encoding of a CFF Type1 font in font dictionary {'/BaseFont': '/KCDHLO+NewCenturySchlbk-Italic', '/Encoding': '/WinAnsiEncoding', '/FirstChar': 32, '/FontDescriptor': IndirectObject(651, 0, 127413366970880), '/LastChar': 146, '/Subtype': '/Type1', '/Type': '/Font', '/Widths': [278, 0, 0, 0, 0, 0, 0, 0, 0, 0, 0, 0, 278, 333, 278, 606, 556, 556, 556, 556, 556, 556, 556, 556, 556, 556, 278, 0, 0, 0, 0, 0, 747, 704, 722, 722, 778, 722, 667, 778, 833, 407, 611, 741, 667, 944, 815, 778, 667, 0, 741, 667, 685, 815, 704, 926, 0, 685, 0, 0, 0, 0, 0, 0, 0, 574, 556, 444, 611, 444, 333, 537, 611, 333, 0, 556, 333, 889, 611, 500, 574, 556, 444, 444, 352, 611, 519, 778, 0, 500, 0, 0, 0, 0, 0, 0, 0, 0, 0, 0, 0, 0, 0, 0, 0, 0, 0, 0, 0, 0, 0, 0, 0, 0, 204]}, but is not installed. Consider installing fontTools if you encounter encoding problems.
fontTools is required to fully parse the encoding of a CFF Type1 font in font dictionary {'/BaseFont': '/KCDHLP+NewCenturySchlbk-Roman', '/Encoding': IndirectObject(653, 0, 127413366970880), '/FirstChar': 30, '/FontDescriptor': IndirectObject(654, 0, 127413366970880), '/LastChar': 176, '/Subtype': '/Type1', '/Type': '/Font', '/Widths': [611, 611, 278, 0, 0, 0, 556, 833, 0, 0, 333, 333, 500, 606, 278, 333, 278, 278, 556, 556, 556, 556, 556, 556, 556, 556, 556, 556, 278, 278, 0, 0, 0, 0, 0, 722, 722, 722, 778, 722, 667, 778, 833, 407, 556, 778, 667, 944, 815, 778, 667, 778, 722, 630, 667, 815, 722, 981, 704, 704, 611, 333, 0, 333, 0, 0, 0, 556, 556, 444, 574, 500, 333, 537, 611, 315, 296, 593, 315, 889, 611, 500, 574, 556, 444, 463, 389, 611, 537, 778, 537, 537, 481, 0, 0, 0, 0, 606, 0, 606, 0, 0, 0, 0, 0, 0, 0, 0, 0, 0, 0, 606, 0, 606, 606, 204, 204, 389, 389, 606, 556, 1000, 0, 0, 0, 0, 0, 606, 0, 0, 278, 0, 0, 0, 0, 0, 0, 500, 0, 0, 0, 0, 0, 333, 0, 0, 400]}, but is not installed. Consider installing fontTools if you encounter encoding problems.
fontTools is required to fully parse the encoding of a CFF Type1 font in font dictionary {'/BaseFont': '/KCDHNC+NewCenturySchlbk-Bold', '/Encoding': '/WinAnsiEncoding', '/FirstChar': 32, '/FontDescriptor': IndirectObject(656, 0, 127413366970880), '/LastChar': 146, '/Subtype': '/Type1', '/Type': '/Font', '/Widths': [287, 0, 0, 0, 0, 0, 0, 0, 0, 0, 0, 0, 278, 333, 278, 278, 574, 574, 0, 574, 574, 0, 0, 574, 0, 574, 278, 0, 0, 0, 0, 0, 0, 759, 778, 778, 833, 759, 722, 833, 870, 444, 0, 815, 722, 981, 833, 833, 759, 0, 815, 667, 722, 833, 759, 981, 722, 722, 667, 0, 0, 0, 0, 0, 0, 611, 648, 556, 667, 574, 389, 611, 685, 370, 352, 0, 352, 963, 685, 611, 667, 0, 519, 500, 426, 685, 611, 889, 611, 611, 537, 0, 0, 0, 0, 0, 0, 0, 0, 0, 0, 0, 0, 0, 0, 0, 0, 0, 0, 0, 0, 0, 0, 0, 241]}, but is not installed. Consider installing fontTools if you encounter encoding problems.
fontTools is required to fully parse the encoding of a CFF Type1 font in font dictionary {'/BaseFont': '/KCDHLP+NewCenturySchlbk-Roman', '/Encoding': IndirectObject(653, 0, 127413366970880), '/FirstChar': 30, '/FontDescriptor': IndirectObject(654, 0, 127413366970880), '/LastChar': 176, '/Subtype': '/Type1', '/Type': '/Font', '/Widths': [611, 611, 278, 0, 0, 0, 556, 833, 0, 0, 333, 333, 500, 606, 278, 333, 278, 278, 556, 556, 556, 556, 556, 556, 556, 556, 556, 556, 278, 278, 0, 0, 0, 0, 0, 722, 722, 722, 778, 722, 667, 778, 833, 407, 556, 778, 667, 944, 815, 778, 667, 778, 722, 630, 667, 815, 722, 981, 704, 704, 611, 333, 0, 333, 0, 0, 0, 556, 556, 444, 574, 500, 333, 537, 611, 315, 296, 593, 315, 889, 611, 500, 574, 556, 444, 463, 389, 611, 537, 778, 537, 537, 481, 0, 0, 0, 0, 606, 0, 606, 0, 0, 0, 0, 0, 0, 0, 0, 0, 0, 0, 606, 0, 606, 606, 204, 204, 389, 389, 606, 556, 1000, 0, 0, 0, 0, 0, 606, 0, 0, 278, 0, 0, 0, 0, 0, 0, 500, 0, 0, 0, 0, 0, 333, 0, 0, 400]}, but is not installed. Consider installing fontTools if you encounter encoding problems.
fontTools is required to fully parse the encoding of a CFF Type1 font in font dictionary {'/BaseFont': '/KCDHLO+NewCenturySchlbk-Italic', '/Encoding': '/WinAnsiEncoding', '/FirstChar': 32, '/FontDescriptor': IndirectObject(651, 0, 127413366970880), '/LastChar': 146, '/Subtype': '/Type1', '/Type': '/Font', '/Widths': [278, 0, 0, 0, 0, 0, 0, 0, 0, 0, 0, 0, 278, 333, 278, 606, 556, 556, 556, 556, 556, 556, 556, 556, 556, 556, 278, 0, 0, 0, 0, 0, 747, 704, 722, 722, 778, 722, 667, 778, 833, 407, 611, 741, 667, 944, 815, 778, 667, 0, 741, 667, 685, 815, 704, 926, 0, 685, 0, 0, 0, 0, 0, 0, 0, 574, 556, 444, 611, 444, 333, 537, 611, 333, 0, 556, 333, 889, 611, 500, 574, 556, 444, 444, 352, 611, 519, 778, 0, 500, 0, 0, 0, 0, 0, 0, 0, 0, 0, 0, 0, 0, 0, 0, 0, 0, 0, 0, 0, 0, 0, 0, 0, 0, 204]}, but is not installed. Consider installing fontTools if you encounter encoding problems.
fontTools is required to fully parse the encoding of a CFF Type1 font in font dictionary {'/BaseFont': '/KCDHLP+NewCenturySchlbk-Roman', '/Encoding': IndirectObject(653, 0, 127413366970880), '/FirstChar': 30, '/FontDescriptor': IndirectObject(654, 0, 127413366970880), '/LastChar': 176, '/Subtype': '/Type1', '/Type': '/Font', '/Widths': [611, 611, 278, 0, 0, 0, 556, 833, 0, 0, 333, 333, 500, 606, 278, 333, 278, 278, 556, 556, 556, 556, 556, 556, 556, 556, 556, 556, 278, 278, 0, 0, 0, 0, 0, 722, 722, 722, 778, 722, 667, 778, 833, 407, 556, 778, 667, 944, 815, 778, 667, 778, 722, 630, 667, 815, 722, 981, 704, 704, 611, 333, 0, 333, 0, 0, 0, 556, 556, 444, 574, 500, 333, 537, 611, 315, 296, 593, 315, 889, 611, 500, 574, 556, 444, 463, 389, 611, 537, 778, 537, 537, 481, 0, 0, 0, 0, 606, 0, 606, 0, 0, 0, 0, 0, 0, 0, 0, 0, 0, 0, 606, 0, 606, 606, 204, 204, 389, 389, 606, 556, 1000, 0, 0, 0, 0, 0, 606, 0, 0, 278, 0, 0, 0, 0, 0, 0, 500, 0, 0, 0, 0, 0, 333, 0, 0, 400]}, but is not installed. Consider installing fontTools if you encounter encoding problems.
fontTools is required to fully parse the encoding of a CFF Type1 font in font dictionary {'/BaseFont': '/KCDHLO+NewCenturySchlbk-Italic', '/Encoding': '/WinAnsiEncoding', '/FirstChar': 32, '/FontDescriptor': IndirectObject(651, 0, 127413366970880), '/LastChar': 146, '/Subtype': '/Type1', '/Type': '/Font', '/Widths': [278, 0, 0, 0, 0, 0, 0, 0, 0, 0, 0, 0, 278, 333, 278, 606, 556, 556, 556, 556, 556, 556, 556, 556, 556, 556, 278, 0, 0, 0, 0, 0, 747, 704, 722, 722, 778, 722, 667, 778, 833, 407, 611, 741, 667, 944, 815, 778, 667, 0, 741, 667, 685, 815, 704, 926, 0, 685, 0, 0, 0, 0, 0, 0, 0, 574, 556, 444, 611, 444, 333, 537, 611, 333, 0, 556, 333, 889, 611, 500, 574, 556, 444, 444, 352, 611, 519, 778, 0, 500, 0, 0, 0, 0, 0, 0, 0, 0, 0, 0, 0, 0, 0, 0, 0, 0, 0, 0, 0, 0, 0, 0, 0, 0, 204]}, but is not installed. Consider installing fontTools if you encounter encoding problems.
fontTools is required to fully parse the encoding of a CFF Type1 font in font dictionary {'/BaseFont': '/KCDHLO+NewCenturySchlbk-Italic', '/Encoding': '/WinAnsiEncoding', '/FirstChar': 32, '/FontDescriptor': IndirectObject(651, 0, 127413366970880), '/LastChar': 146, '/Subtype': '/Type1', '/Type': '/Font', '/Widths': [278, 0, 0, 0, 0, 0, 0, 0, 0, 0, 0, 0, 278, 333, 278, 606, 556, 556, 556, 556, 556, 556, 556, 556, 556, 556, 278, 0, 0, 0, 0, 0, 747, 704, 722, 722, 778, 722, 667, 778, 833, 407, 611, 741, 667, 944, 815, 778, 667, 0, 741, 667, 685, 815, 704, 926, 0, 685, 0, 0, 0, 0, 0, 0, 0, 574, 556, 444, 611, 444, 333, 537, 611, 333, 0, 556, 333, 889, 611, 500, 574, 556, 444, 444, 352, 611, 519, 778, 0, 500, 0, 0, 0, 0, 0, 0, 0, 0, 0, 0, 0, 0, 0, 0, 0, 0, 0, 0, 0, 0, 0, 0, 0, 0, 204]}, but is not installed. Consider installing fontTools if you encounter encoding problems.
fontTools is required to fully parse the encoding of a CFF Type1 font in font dictionary {'/BaseFont': '/KCDHLP+NewCenturySchlbk-Roman', '/Encoding': IndirectObject(653, 0, 127413366970880), '/FirstChar': 30, '/FontDescriptor': IndirectObject(654, 0, 127413366970880), '/LastChar': 176, '/Subtype': '/Type1', '/Type': '/Font', '/Widths': [611, 611, 278, 0, 0, 0, 556, 833, 0, 0, 333, 333, 500, 606, 278, 333, 278, 278, 556, 556, 556, 556, 556, 556, 556, 556, 556, 556, 278, 278, 0, 0, 0, 0, 0, 722, 722, 722, 778, 722, 667, 778, 833, 407, 556, 778, 667, 944, 815, 778, 667, 778, 722, 630, 667, 815, 722, 981, 704, 704, 611, 333, 0, 333, 0, 0, 0, 556, 556, 444, 574, 500, 333, 537, 611, 315, 296, 593, 315, 889, 611, 500, 574, 556, 444, 463, 389, 611, 537, 778, 537, 537, 481, 0, 0, 0, 0, 606, 0, 606, 0, 0, 0, 0, 0, 0, 0, 0, 0, 0, 0, 606, 0, 606, 606, 204, 204, 389, 389, 606, 556, 1000, 0, 0, 0, 0, 0, 606, 0, 0, 278, 0, 0, 0, 0, 0, 0, 500, 0, 0, 0, 0, 0, 333, 0, 0, 400]}, but is not installed. Consider installing fontTools if you encounter encoding problems.
fontTools is required to fully parse the encoding of a CFF Type1 font in font dictionary {'/BaseFont': '/KCDHNC+NewCenturySchlbk-Bold', '/Encoding': '/WinAnsiEncoding', '/FirstChar': 32, '/FontDescriptor': IndirectObject(656, 0, 127413366970880), '/LastChar': 146, '/Subtype': '/Type1', '/Type': '/Font', '/Widths': [287, 0, 0, 0, 0, 0, 0, 0, 0, 0, 0, 0, 278, 333, 278, 278, 574, 574, 0, 574, 574, 0, 0, 574, 0, 574, 278, 0, 0, 0, 0, 0, 0, 759, 778, 778, 833, 759, 722, 833, 870, 444, 0, 815, 722, 981, 833, 833, 759, 0, 815, 667, 722, 833, 759, 981, 722, 722, 667, 0, 0, 0, 0, 0, 0, 611, 648, 556, 667, 574, 389, 611, 685, 370, 352, 0, 352, 963, 685, 611, 667, 0, 519, 500, 426, 685, 611, 889, 611, 611, 537, 0, 0, 0, 0, 0, 0, 0, 0, 0, 0, 0, 0, 0, 0, 0, 0, 0, 0, 0, 0, 0, 0, 0, 241]}, but is not installed. Consider installing fontTools if you encounter encoding problems.
fontTools is required to fully parse the encoding of a CFF Type1 font in font dictionary {'/BaseFont': '/KCDHLO+NewCenturySchlbk-Italic', '/Encoding': '/WinAnsiEncoding', '/FirstChar': 32, '/FontDescriptor': IndirectObject(651, 0, 127413366970880), '/LastChar': 146, '/Subtype': '/Type1', '/Type': '/Font', '/Widths': [278, 0, 0, 0, 0, 0, 0, 0, 0, 0, 0, 0, 278, 333, 278, 606, 556, 556, 556, 556, 556, 556, 556, 556, 556, 556, 278, 0, 0, 0, 0, 0, 747, 704, 722, 722, 778, 722, 667, 778, 833, 407, 611, 741, 667, 944, 815, 778, 667, 0, 741, 667, 685, 815, 704, 926, 0, 685, 0, 0, 0, 0, 0, 0, 0, 574, 556, 444, 611, 444, 333, 537, 611, 333, 0, 556, 333, 889, 611, 500, 574, 556, 444, 444, 352, 611, 519, 778, 0, 500, 0, 0, 0, 0, 0, 0, 0, 0, 0, 0, 0, 0, 0, 0, 0, 0, 0, 0, 0, 0, 0, 0, 0, 0, 204]}, but is not installed. Consider installing fontTools if you encounter encoding problems.
fontTools is required to fully parse the encoding of a CFF Type1 font in font dictionary {'/BaseFont': '/KCDHLP+NewCenturySchlbk-Roman', '/Encoding': IndirectObject(653, 0, 127413366970880), '/FirstChar': 30, '/FontDescriptor': IndirectObject(654, 0, 127413366970880), '/LastChar': 176, '/Subtype': '/Type1', '/Type': '/Font', '/Widths': [611, 611, 278, 0, 0, 0, 556, 833, 0, 0, 333, 333, 500, 606, 278, 333, 278, 278, 556, 556, 556, 556, 556, 556, 556, 556, 556, 556, 278, 278, 0, 0, 0, 0, 0, 722, 722, 722, 778, 722, 667, 778, 833, 407, 556, 778, 667, 944, 815, 778, 667, 778, 722, 630, 667, 815, 722, 981, 704, 704, 611, 333, 0, 333, 0, 0, 0, 556, 556, 444, 574, 500, 333, 537, 611, 315, 296, 593, 315, 889, 611, 500, 574, 556, 444, 463, 389, 611, 537, 778, 537, 537, 481, 0, 0, 0, 0, 606, 0, 606, 0, 0, 0, 0, 0, 0, 0, 0, 0, 0, 0, 606, 0, 606, 606, 204, 204, 389, 389, 606, 556, 1000, 0, 0, 0, 0, 0, 606, 0, 0, 278, 0, 0, 0, 0, 0, 0, 500, 0, 0, 0, 0, 0, 333, 0, 0, 400]}, but is not installed. Consider installing fontTools if you encounter encoding problems.
fontTools is required to fully parse the encoding of a CFF Type1 font in font dictionary {'/BaseFont': '/KCDHNC+NewCenturySchlbk-Bold', '/Encoding': '/WinAnsiEncoding', '/FirstChar': 32, '/FontDescriptor': IndirectObject(656, 0, 127413366970880), '/LastChar': 146, '/Subtype': '/Type1', '/Type': '/Font', '/Widths': [287, 0, 0, 0, 0, 0, 0, 0, 0, 0, 0, 0, 278, 333, 278, 278, 574, 574, 0, 574, 574, 0, 0, 574, 0, 574, 278, 0, 0, 0, 0, 0, 0, 759, 778, 778, 833, 759, 722, 833, 870, 444, 0, 815, 722, 981, 833, 833, 759, 0, 815, 667, 722, 833, 759, 981, 722, 722, 667, 0, 0, 0, 0, 0, 0, 611, 648, 556, 667, 574, 389, 611, 685, 370, 352, 0, 352, 963, 685, 611, 667, 0, 519, 500, 426, 685, 611, 889, 611, 611, 537, 0, 0, 0, 0, 0, 0, 0, 0, 0, 0, 0, 0, 0, 0, 0, 0, 0, 0, 0, 0, 0, 0, 0, 241]}, but is not installed. Consider installing fontTools if you encounter encoding problems.
fontTools is required to fully parse the encoding of a CFF Type1 font in font dictionary {'/BaseFont': '/KCDHLO+NewCenturySchlbk-Italic', '/Encoding': '/WinAnsiEncoding', '/FirstChar': 32, '/FontDescriptor': IndirectObject(651, 0, 127413366970880), '/LastChar': 146, '/Subtype': '/Type1', '/Type': '/Font', '/Widths': [278, 0, 0, 0, 0, 0, 0, 0, 0, 0, 0, 0, 278, 333, 278, 606, 556, 556, 556, 556, 556, 556, 556, 556, 556, 556, 278, 0, 0, 0, 0, 0, 747, 704, 722, 722, 778, 722, 667, 778, 833, 407, 611, 741, 667, 944, 815, 778, 667, 0, 741, 667, 685, 815, 704, 926, 0, 685, 0, 0, 0, 0, 0, 0, 0, 574, 556, 444, 611, 444, 333, 537, 611, 333, 0, 556, 333, 889, 611, 500, 574, 556, 444, 444, 352, 611, 519, 778, 0, 500, 0, 0, 0, 0, 0, 0, 0, 0, 0, 0, 0, 0, 0, 0, 0, 0, 0, 0, 0, 0, 0, 0, 0, 0, 204]}, but is not installed. Consider installing fontTools if you encounter encoding problems.
fontTools is required to fully parse the encoding of a CFF Type1 font in font dictionary {'/BaseFont': '/KCDHLP+NewCenturySchlbk-Roman', '/Encoding': IndirectObject(653, 0, 127413366970880), '/FirstChar': 30, '/FontDescriptor': IndirectObject(654, 0, 127413366970880), '/LastChar': 176, '/Subtype': '/Type1', '/Type': '/Font', '/Widths': [611, 611, 278, 0, 0, 0, 556, 833, 0, 0, 333, 333, 500, 606, 278, 333, 278, 278, 556, 556, 556, 556, 556, 556, 556, 556, 556, 556, 278, 278, 0, 0, 0, 0, 0, 722, 722, 722, 778, 722, 667, 778, 833, 407, 556, 778, 667, 944, 815, 778, 667, 778, 722, 630, 667, 815, 722, 981, 704, 704, 611, 333, 0, 333, 0, 0, 0, 556, 556, 444, 574, 500, 333, 537, 611, 315, 296, 593, 315, 889, 611, 500, 574, 556, 444, 463, 389, 611, 537, 778, 537, 537, 481, 0, 0, 0, 0, 606, 0, 606, 0, 0, 0, 0, 0, 0, 0, 0, 0, 0, 0, 606, 0, 606, 606, 204, 204, 389, 389, 606, 556, 1000, 0, 0, 0, 0, 0, 606, 0, 0, 278, 0, 0, 0, 0, 0, 0, 500, 0, 0, 0, 0, 0, 333, 0, 0, 400]}, but is not installed. Consider installing fontTools if you encounter encoding problems.
fontTools is required to fully parse the encoding of a CFF Type1 font in font dictionary {'/BaseFont': '/KCDHLO+NewCenturySchlbk-Italic', '/Encoding': '/WinAnsiEncoding', '/FirstChar': 32, '/FontDescriptor': IndirectObject(651, 0, 127413366970880), '/LastChar': 146, '/Subtype': '/Type1', '/Type': '/Font', '/Widths': [278, 0, 0, 0, 0, 0, 0, 0, 0, 0, 0, 0, 278, 333, 278, 606, 556, 556, 556, 556, 556, 556, 556, 556, 556, 556, 278, 0, 0, 0, 0, 0, 747, 704, 722, 722, 778, 722, 667, 778, 833, 407, 611, 741, 667, 944, 815, 778, 667, 0, 741, 667, 685, 815, 704, 926, 0, 685, 0, 0, 0, 0, 0, 0, 0, 574, 556, 444, 611, 444, 333, 537, 611, 333, 0, 556, 333, 889, 611, 500, 574, 556, 444, 444, 352, 611, 519, 778, 0, 500, 0, 0, 0, 0, 0, 0, 0, 0, 0, 0, 0, 0, 0, 0, 0, 0, 0, 0, 0, 0, 0, 0, 0, 0, 204]}, but is not installed. Consider installing fontTools if you encounter encoding problems.
fontTools is required to fully parse the encoding of a CFF Type1 font in font dictionary {'/BaseFont': '/KCDHLP+NewCenturySchlbk-Roman', '/Encoding': IndirectObject(653, 0, 127413366970880), '/FirstChar': 30, '/FontDescriptor': IndirectObject(654, 0, 127413366970880), '/LastChar': 176, '/Subtype': '/Type1', '/Type': '/Font', '/Widths': [611, 611, 278, 0, 0, 0, 556, 833, 0, 0, 333, 333, 500, 606, 278, 333, 278, 278, 556, 556, 556, 556, 556, 556, 556, 556, 556, 556, 278, 278, 0, 0, 0, 0, 0, 722, 722, 722, 778, 722, 667, 778, 833, 407, 556, 778, 667, 944, 815, 778, 667, 778, 722, 630, 667, 815, 722, 981, 704, 704, 611, 333, 0, 333, 0, 0, 0, 556, 556, 444, 574, 500, 333, 537, 611, 315, 296, 593, 315, 889, 611, 500, 574, 556, 444, 463, 389, 611, 537, 778, 537, 537, 481, 0, 0, 0, 0, 606, 0, 606, 0, 0, 0, 0, 0, 0, 0, 0, 0, 0, 0, 606, 0, 606, 606, 204, 204, 389, 389, 606, 556, 1000, 0, 0, 0, 0, 0, 606, 0, 0, 278, 0, 0, 0, 0, 0, 0, 500, 0, 0, 0, 0, 0, 333, 0, 0, 400]}, but is not installed. Consider installing fontTools if you encounter encoding problems.
fontTools is required to fully parse the encoding of a CFF Type1 font in font dictionary {'/BaseFont': '/KCDHNC+NewCenturySchlbk-Bold', '/Encoding': '/WinAnsiEncoding', '/FirstChar': 32, '/FontDescriptor': IndirectObject(656, 0, 127413366970880), '/LastChar': 146, '/Subtype': '/Type1', '/Type': '/Font', '/Widths': [287, 0, 0, 0, 0, 0, 0, 0, 0, 0, 0, 0, 278, 333, 278, 278, 574, 574, 0, 574, 574, 0, 0, 574, 0, 574, 278, 0, 0, 0, 0, 0, 0, 759, 778, 778, 833, 759, 722, 833, 870, 444, 0, 815, 722, 981, 833, 833, 759, 0, 815, 667, 722, 833, 759, 981, 722, 722, 667, 0, 0, 0, 0, 0, 0, 611, 648, 556, 667, 574, 389, 611, 685, 370, 352, 0, 352, 963, 685, 611, 667, 0, 519, 500, 426, 685, 611, 889, 611, 611, 537, 0, 0, 0, 0, 0, 0, 0, 0, 0, 0, 0, 0, 0, 0, 0, 0, 0, 0, 0, 0, 0, 0, 0, 241]}, but is not installed. Consider installing fontTools if you encounter encoding problems.
fontTools is required to fully parse the encoding of a CFF Type1 font in font dictionary {'/BaseFont': '/KCDHLO+NewCenturySchlbk-Italic', '/Encoding': '/WinAnsiEncoding', '/FirstChar': 32, '/FontDescriptor': IndirectObject(651, 0, 127413366970880), '/LastChar': 146, '/Subtype': '/Type1', '/Type': '/Font', '/Widths': [278, 0, 0, 0, 0, 0, 0, 0, 0, 0, 0, 0, 278, 333, 278, 606, 556, 556, 556, 556, 556, 556, 556, 556, 556, 556, 278, 0, 0, 0, 0, 0, 747, 704, 722, 722, 778, 722, 667, 778, 833, 407, 611, 741, 667, 944, 815, 778, 667, 0, 741, 667, 685, 815, 704, 926, 0, 685, 0, 0, 0, 0, 0, 0, 0, 574, 556, 444, 611, 444, 333, 537, 611, 333, 0, 556, 333, 889, 611, 500, 574, 556, 444, 444, 352, 611, 519, 778, 0, 500, 0, 0, 0, 0, 0, 0, 0, 0, 0, 0, 0, 0, 0, 0, 0, 0, 0, 0, 0, 0, 0, 0, 0, 0, 204]}, but is not installed. Consider installing fontTools if you encounter encoding problems.
fontTools is required to fully parse the encoding of a CFF Type1 font in font dictionary {'/BaseFont': '/KCDHLP+NewCenturySchlbk-Roman', '/Encoding': IndirectObject(653, 0, 127413366970880), '/FirstChar': 30, '/FontDescriptor': IndirectObject(654, 0, 127413366970880), '/LastChar': 176, '/Subtype': '/Type1', '/Type': '/Font', '/Widths': [611, 611, 278, 0, 0, 0, 556, 833, 0, 0, 333, 333, 500, 606, 278, 333, 278, 278, 556, 556, 556, 556, 556, 556, 556, 556, 556, 556, 278, 278, 0, 0, 0, 0, 0, 722, 722, 722, 778, 722, 667, 778, 833, 407, 556, 778, 667, 944, 815, 778, 667, 778, 722, 630, 667, 815, 722, 981, 704, 704, 611, 333, 0, 333, 0, 0, 0, 556, 556, 444, 574, 500, 333, 537, 611, 315, 296, 593, 315, 889, 611, 500, 574, 556, 444, 463, 389, 611, 537, 778, 537, 537, 481, 0, 0, 0, 0, 606, 0, 606, 0, 0, 0, 0, 0, 0, 0, 0, 0, 0, 0, 606, 0, 606, 606, 204, 204, 389, 389, 606, 556, 1000, 0, 0, 0, 0, 0, 606, 0, 0, 278, 0, 0, 0, 0, 0, 0, 500, 0, 0, 0, 0, 0, 333, 0, 0, 400]}, but is not installed. Consider installing fontTools if you encounter encoding problems.
fontTools is required to fully parse the encoding of a CFF Type1 font in font dictionary {'/BaseFont': '/KCDHLO+NewCenturySchlbk-Italic', '/Encoding': '/WinAnsiEncoding', '/FirstChar': 32, '/FontDescriptor': IndirectObject(651, 0, 127413366970880), '/LastChar': 146, '/Subtype': '/Type1', '/Type': '/Font', '/Widths': [278, 0, 0, 0, 0, 0, 0, 0, 0, 0, 0, 0, 278, 333, 278, 606, 556, 556, 556, 556, 556, 556, 556, 556, 556, 556, 278, 0, 0, 0, 0, 0, 747, 704, 722, 722, 778, 722, 667, 778, 833, 407, 611, 741, 667, 944, 815, 778, 667, 0, 741, 667, 685, 815, 704, 926, 0, 685, 0, 0, 0, 0, 0, 0, 0, 574, 556, 444, 611, 444, 333, 537, 611, 333, 0, 556, 333, 889, 611, 500, 574, 556, 444, 444, 352, 611, 519, 778, 0, 500, 0, 0, 0, 0, 0, 0, 0, 0, 0, 0, 0, 0, 0, 0, 0, 0, 0, 0, 0, 0, 0, 0, 0, 0, 204]}, but is not installed. Consider installing fontTools if you encounter encoding problems.
fontTools is required to fully parse the encoding of a CFF Type1 font in font dictionary {'/BaseFont': '/KCDHLP+NewCenturySchlbk-Roman', '/Encoding': IndirectObject(653, 0, 127413366970880), '/FirstChar': 30, '/FontDescriptor': IndirectObject(654, 0, 127413366970880), '/LastChar': 176, '/Subtype': '/Type1', '/Type': '/Font', '/Widths': [611, 611, 278, 0, 0, 0, 556, 833, 0, 0, 333, 333, 500, 606, 278, 333, 278, 278, 556, 556, 556, 556, 556, 556, 556, 556, 556, 556, 278, 278, 0, 0, 0, 0, 0, 722, 722, 722, 778, 722, 667, 778, 833, 407, 556, 778, 667, 944, 815, 778, 667, 778, 722, 630, 667, 815, 722, 981, 704, 704, 611, 333, 0, 333, 0, 0, 0, 556, 556, 444, 574, 500, 333, 537, 611, 315, 296, 593, 315, 889, 611, 500, 574, 556, 444, 463, 389, 611, 537, 778, 537, 537, 481, 0, 0, 0, 0, 606, 0, 606, 0, 0, 0, 0, 0, 0, 0, 0, 0, 0, 0, 606, 0, 606, 606, 204, 204, 389, 389, 606, 556, 1000, 0, 0, 0, 0, 0, 606, 0, 0, 278, 0, 0, 0, 0, 0, 0, 500, 0, 0, 0, 0, 0, 333, 0, 0, 400]}, but is not installed. Consider installing fontTools if you encounter encoding problems.
fontTools is required to fully parse the encoding of a CFF Type1 font in font dictionary {'/BaseFont': '/KCDHNC+NewCenturySchlbk-Bold', '/Encoding': '/WinAnsiEncoding', '/FirstChar': 32, '/FontDescriptor': IndirectObject(656, 0, 127413366970880), '/LastChar': 146, '/Subtype': '/Type1', '/Type': '/Font', '/Widths': [287, 0, 0, 0, 0, 0, 0, 0, 0, 0, 0, 0, 278, 333, 278, 278, 574, 574, 0, 574, 574, 0, 0, 574, 0, 574, 278, 0, 0, 0, 0, 0, 0, 759, 778, 778, 833, 759, 722, 833, 870, 444, 0, 815, 722, 981, 833, 833, 759, 0, 815, 667, 722, 833, 759, 981, 722, 722, 667, 0, 0, 0, 0, 0, 0, 611, 648, 556, 667, 574, 389, 611, 685, 370, 352, 0, 352, 963, 685, 611, 667, 0, 519, 500, 426, 685, 611, 889, 611, 611, 537, 0, 0, 0, 0, 0, 0, 0, 0, 0, 0, 0, 0, 0, 0, 0, 0, 0, 0, 0, 0, 0, 0, 0, 241]}, but is not installed. Consider installing fontTools if you encounter encoding problems.
fontTools is required to fully parse the encoding of a CFF Type1 font in font dictionary {'/BaseFont': '/KCDHLP+NewCenturySchlbk-Roman', '/Encoding': IndirectObject(653, 0, 127413366970880), '/FirstChar': 30, '/FontDescriptor': IndirectObject(654, 0, 127413366970880), '/LastChar': 176, '/Subtype': '/Type1', '/Type': '/Font', '/Widths': [611, 611, 278, 0, 0, 0, 556, 833, 0, 0, 333, 333, 500, 606, 278, 333, 278, 278, 556, 556, 556, 556, 556, 556, 556, 556, 556, 556, 278, 278, 0, 0, 0, 0, 0, 722, 722, 722, 778, 722, 667, 778, 833, 407, 556, 778, 667, 944, 815, 778, 667, 778, 722, 630, 667, 815, 722, 981, 704, 704, 611, 333, 0, 333, 0, 0, 0, 556, 556, 444, 574, 500, 333, 537, 611, 315, 296, 593, 315, 889, 611, 500, 574, 556, 444, 463, 389, 611, 537, 778, 537, 537, 481, 0, 0, 0, 0, 606, 0, 606, 0, 0, 0, 0, 0, 0, 0, 0, 0, 0, 0, 606, 0, 606, 606, 204, 204, 389, 389, 606, 556, 1000, 0, 0, 0, 0, 0, 606, 0, 0, 278, 0, 0, 0, 0, 0, 0, 500, 0, 0, 0, 0, 0, 333, 0, 0, 400]}, but is not installed. Consider installing fontTools if you encounter encoding problems.
fontTools is required to fully parse the encoding of a CFF Type1 font in font dictionary {'/BaseFont': '/KCDHLO+NewCenturySchlbk-Italic', '/Encoding': '/WinAnsiEncoding', '/FirstChar': 32, '/FontDescriptor': IndirectObject(651, 0, 127413366970880), '/LastChar': 146, '/Subtype': '/Type1', '/Type': '/Font', '/Widths': [278, 0, 0, 0, 0, 0, 0, 0, 0, 0, 0, 0, 278, 333, 278, 606, 556, 556, 556, 556, 556, 556, 556, 556, 556, 556, 278, 0, 0, 0, 0, 0, 747, 704, 722, 722, 778, 722, 667, 778, 833, 407, 611, 741, 667, 944, 815, 778, 667, 0, 741, 667, 685, 815, 704, 926, 0, 685, 0, 0, 0, 0, 0, 0, 0, 574, 556, 444, 611, 444, 333, 537, 611, 333, 0, 556, 333, 889, 611, 500, 574, 556, 444, 444, 352, 611, 519, 778, 0, 500, 0, 0, 0, 0, 0, 0, 0, 0, 0, 0, 0, 0, 0, 0, 0, 0, 0, 0, 0, 0, 0, 0, 0, 0, 204]}, but is not installed. Consider installing fontTools if you encounter encoding problems.
fontTools is required to fully parse the encoding of a CFF Type1 font in font dictionary {'/BaseFont': '/KCDHLP+NewCenturySchlbk-Roman', '/Encoding': IndirectObject(653, 0, 127413366970880), '/FirstChar': 30, '/FontDescriptor': IndirectObject(654, 0, 127413366970880), '/LastChar': 176, '/Subtype': '/Type1', '/Type': '/Font', '/Widths': [611, 611, 278, 0, 0, 0, 556, 833, 0, 0, 333, 333, 500, 606, 278, 333, 278, 278, 556, 556, 556, 556, 556, 556, 556, 556, 556, 556, 278, 278, 0, 0, 0, 0, 0, 722, 722, 722, 778, 722, 667, 778, 833, 407, 556, 778, 667, 944, 815, 778, 667, 778, 722, 630, 667, 815, 722, 981, 704, 704, 611, 333, 0, 333, 0, 0, 0, 556, 556, 444, 574, 500, 333, 537, 611, 315, 296, 593, 315, 889, 611, 500, 574, 556, 444, 463, 389, 611, 537, 778, 537, 537, 481, 0, 0, 0, 0, 606, 0, 606, 0, 0, 0, 0, 0, 0, 0, 0, 0, 0, 0, 606, 0, 606, 606, 204, 204, 389, 389, 606, 556, 1000, 0, 0, 0, 0, 0, 606, 0, 0, 278, 0, 0, 0, 0, 0, 0, 500, 0, 0, 0, 0, 0, 333, 0, 0, 400]}, but is not installed. Consider installing fontTools if you encounter encoding problems.
fontTools is required to fully parse the encoding of a CFF Type1 font in font dictionary {'/BaseFont': '/KCDHLO+NewCenturySchlbk-Italic', '/Encoding': '/WinAnsiEncoding', '/FirstChar': 32, '/FontDescriptor': IndirectObject(651, 0, 127413366970880), '/LastChar': 146, '/Subtype': '/Type1', '/Type': '/Font', '/Widths': [278, 0, 0, 0, 0, 0, 0, 0, 0, 0, 0, 0, 278, 333, 278, 606, 556, 556, 556, 556, 556, 556, 556, 556, 556, 556, 278, 0, 0, 0, 0, 0, 747, 704, 722, 722, 778, 722, 667, 778, 833, 407, 611, 741, 667, 944, 815, 778, 667, 0, 741, 667, 685, 815, 704, 926, 0, 685, 0, 0, 0, 0, 0, 0, 0, 574, 556, 444, 611, 444, 333, 537, 611, 333, 0, 556, 333, 889, 611, 500, 574, 556, 444, 444, 352, 611, 519, 778, 0, 500, 0, 0, 0, 0, 0, 0, 0, 0, 0, 0, 0, 0, 0, 0, 0, 0, 0, 0, 0, 0, 0, 0, 0, 0, 204]}, but is not installed. Consider installing fontTools if you encounter encoding problems.
fontTools is required to fully parse the encoding of a CFF Type1 font in font dictionary {'/BaseFont': '/KCDHLO+NewCenturySchlbk-Italic', '/Encoding': '/WinAnsiEncoding', '/FirstChar': 32, '/FontDescriptor': IndirectObject(651, 0, 127413366970880), '/LastChar': 146, '/Subtype': '/Type1', '/Type': '/Font', '/Widths': [278, 0, 0, 0, 0, 0, 0, 0, 0, 0, 0, 0, 278, 333, 278, 606, 556, 556, 556, 556, 556, 556, 556, 556, 556, 556, 278, 0, 0, 0, 0, 0, 747, 704, 722, 722, 778, 722, 667, 778, 833, 407, 611, 741, 667, 944, 815, 778, 667, 0, 741, 667, 685, 815, 704, 926, 0, 685, 0, 0, 0, 0, 0, 0, 0, 574, 556, 444, 611, 444, 333, 537, 611, 333, 0, 556, 333, 889, 611, 500, 574, 556, 444, 444, 352, 611, 519, 778, 0, 500, 0, 0, 0, 0, 0, 0, 0, 0, 0, 0, 0, 0, 0, 0, 0, 0, 0, 0, 0, 0, 0, 0, 0, 0, 204]}, but is not installed. Consider installing fontTools if you encounter encoding problems.
fontTools is required to fully parse the encoding of a CFF Type1 font in font dictionary {'/BaseFont': '/KCDHLP+NewCenturySchlbk-Roman', '/Encoding': IndirectObject(653, 0, 127413366970880), '/FirstChar': 30, '/FontDescriptor': IndirectObject(654, 0, 127413366970880), '/LastChar': 176, '/Subtype': '/Type1', '/Type': '/Font', '/Widths': [611, 611, 278, 0, 0, 0, 556, 833, 0, 0, 333, 333, 500, 606, 278, 333, 278, 278, 556, 556, 556, 556, 556, 556, 556, 556, 556, 556, 278, 278, 0, 0, 0, 0, 0, 722, 722, 722, 778, 722, 667, 778, 833, 407, 556, 778, 667, 944, 815, 778, 667, 778, 722, 630, 667, 815, 722, 981, 704, 704, 611, 333, 0, 333, 0, 0, 0, 556, 556, 444, 574, 500, 333, 537, 611, 315, 296, 593, 315, 889, 611, 500, 574, 556, 444, 463, 389, 611, 537, 778, 537, 537, 481, 0, 0, 0, 0, 606, 0, 606, 0, 0, 0, 0, 0, 0, 0, 0, 0, 0, 0, 606, 0, 606, 606, 204, 204, 389, 389, 606, 556, 1000, 0, 0, 0, 0, 0, 606, 0, 0, 278, 0, 0, 0, 0, 0, 0, 500, 0, 0, 0, 0, 0, 333, 0, 0, 400]}, but is not installed. Consider installing fontTools if you encounter encoding problems.
fontTools is required to fully parse the encoding of a CFF Type1 font in font dictionary {'/BaseFont': '/KCDHNC+NewCenturySchlbk-Bold', '/Encoding': '/WinAnsiEncoding', '/FirstChar': 32, '/FontDescriptor': IndirectObject(656, 0, 127413366970880), '/LastChar': 146, '/Subtype': '/Type1', '/Type': '/Font', '/Widths': [287, 0, 0, 0, 0, 0, 0, 0, 0, 0, 0, 0, 278, 333, 278, 278, 574, 574, 0, 574, 574, 0, 0, 574, 0, 574, 278, 0, 0, 0, 0, 0, 0, 759, 778, 778, 833, 759, 722, 833, 870, 444, 0, 815, 722, 981, 833, 833, 759, 0, 815, 667, 722, 833, 759, 981, 722, 722, 667, 0, 0, 0, 0, 0, 0, 611, 648, 556, 667, 574, 389, 611, 685, 370, 352, 0, 352, 963, 685, 611, 667, 0, 519, 500, 426, 685, 611, 889, 611, 611, 537, 0, 0, 0, 0, 0, 0, 0, 0, 0, 0, 0, 0, 0, 0, 0, 0, 0, 0, 0, 0, 0, 0, 0, 241]}, but is not installed. Consider installing fontTools if you encounter encoding problems.
fontTools is required to fully parse the encoding of a CFF Type1 font in font dictionary {'/BaseFont': '/KCDHLO+NewCenturySchlbk-Italic', '/Encoding': '/WinAnsiEncoding', '/FirstChar': 32, '/FontDescriptor': IndirectObject(651, 0, 127413366970880), '/LastChar': 146, '/Subtype': '/Type1', '/Type': '/Font', '/Widths': [278, 0, 0, 0, 0, 0, 0, 0, 0, 0, 0, 0, 278, 333, 278, 606, 556, 556, 556, 556, 556, 556, 556, 556, 556, 556, 278, 0, 0, 0, 0, 0, 747, 704, 722, 722, 778, 722, 667, 778, 833, 407, 611, 741, 667, 944, 815, 778, 667, 0, 741, 667, 685, 815, 704, 926, 0, 685, 0, 0, 0, 0, 0, 0, 0, 574, 556, 444, 611, 444, 333, 537, 611, 333, 0, 556, 333, 889, 611, 500, 574, 556, 444, 444, 352, 611, 519, 778, 0, 500, 0, 0, 0, 0, 0, 0, 0, 0, 0, 0, 0, 0, 0, 0, 0, 0, 0, 0, 0, 0, 0, 0, 0, 0, 204]}, but is not installed. Consider installing fontTools if you encounter encoding problems.
fontTools is required to fully parse the encoding of a CFF Type1 font in font dictionary {'/BaseFont': '/KCDHLP+NewCenturySchlbk-Roman', '/Encoding': IndirectObject(653, 0, 127413366970880), '/FirstChar': 30, '/FontDescriptor': IndirectObject(654, 0, 127413366970880), '/LastChar': 176, '/Subtype': '/Type1', '/Type': '/Font', '/Widths': [611, 611, 278, 0, 0, 0, 556, 833, 0, 0, 333, 333, 500, 606, 278, 333, 278, 278, 556, 556, 556, 556, 556, 556, 556, 556, 556, 556, 278, 278, 0, 0, 0, 0, 0, 722, 722, 722, 778, 722, 667, 778, 833, 407, 556, 778, 667, 944, 815, 778, 667, 778, 722, 630, 667, 815, 722, 981, 704, 704, 611, 333, 0, 333, 0, 0, 0, 556, 556, 444, 574, 500, 333, 537, 611, 315, 296, 593, 315, 889, 611, 500, 574, 556, 444, 463, 389, 611, 537, 778, 537, 537, 481, 0, 0, 0, 0, 606, 0, 606, 0, 0, 0, 0, 0, 0, 0, 0, 0, 0, 0, 606, 0, 606, 606, 204, 204, 389, 389, 606, 556, 1000, 0, 0, 0, 0, 0, 606, 0, 0, 278, 0, 0, 0, 0, 0, 0, 500, 0, 0, 0, 0, 0, 333, 0, 0, 400]}, but is not installed. Consider installing fontTools if you encounter encoding problems.
fontTools is required to fully parse the encoding of a CFF Type1 font in font dictionary {'/BaseFont': '/KCDHNC+NewCenturySchlbk-Bold', '/Encoding': '/WinAnsiEncoding', '/FirstChar': 32, '/FontDescriptor': IndirectObject(656, 0, 127413366970880), '/LastChar': 146, '/Subtype': '/Type1', '/Type': '/Font', '/Widths': [287, 0, 0, 0, 0, 0, 0, 0, 0, 0, 0, 0, 278, 333, 278, 278, 574, 574, 0, 574, 574, 0, 0, 574, 0, 574, 278, 0, 0, 0, 0, 0, 0, 759, 778, 778, 833, 759, 722, 833, 870, 444, 0, 815, 722, 981, 833, 833, 759, 0, 815, 667, 722, 833, 759, 981, 722, 722, 667, 0, 0, 0, 0, 0, 0, 611, 648, 556, 667, 574, 389, 611, 685, 370, 352, 0, 352, 963, 685, 611, 667, 0, 519, 500, 426, 685, 611, 889, 611, 611, 537, 0, 0, 0, 0, 0, 0, 0, 0, 0, 0, 0, 0, 0, 0, 0, 0, 0, 0, 0, 0, 0, 0, 0, 241]}, but is not installed. Consider installing fontTools if you encounter encoding problems.
fontTools is required to fully parse the encoding of a CFF Type1 font in font dictionary {'/BaseFont': '/KCDHLP+NewCenturySchlbk-Roman', '/Encoding': IndirectObject(653, 0, 127413366970880), '/FirstChar': 30, '/FontDescriptor': IndirectObject(654, 0, 127413366970880), '/LastChar': 176, '/Subtype': '/Type1', '/Type': '/Font', '/Widths': [611, 611, 278, 0, 0, 0, 556, 833, 0, 0, 333, 333, 500, 606, 278, 333, 278, 278, 556, 556, 556, 556, 556, 556, 556, 556, 556, 556, 278, 278, 0, 0, 0, 0, 0, 722, 722, 722, 778, 722, 667, 778, 833, 407, 556, 778, 667, 944, 815, 778, 667, 778, 722, 630, 667, 815, 722, 981, 704, 704, 611, 333, 0, 333, 0, 0, 0, 556, 556, 444, 574, 500, 333, 537, 611, 315, 296, 593, 315, 889, 611, 500, 574, 556, 444, 463, 389, 611, 537, 778, 537, 537, 481, 0, 0, 0, 0, 606, 0, 606, 0, 0, 0, 0, 0, 0, 0, 0, 0, 0, 0, 606, 0, 606, 606, 204, 204, 389, 389, 606, 556, 1000, 0, 0, 0, 0, 0, 606, 0, 0, 278, 0, 0, 0, 0, 0, 0, 500, 0, 0, 0, 0, 0, 333, 0, 0, 400]}, but is not installed. Consider installing fontTools if you encounter encoding problems.
fontTools is required to fully parse the encoding of a CFF Type1 font in font dictionary {'/BaseFont': '/KCDHLO+NewCenturySchlbk-Italic', '/Encoding': '/WinAnsiEncoding', '/FirstChar': 32, '/FontDescriptor': IndirectObject(651, 0, 127413366970880), '/LastChar': 146, '/Subtype': '/Type1', '/Type': '/Font', '/Widths': [278, 0, 0, 0, 0, 0, 0, 0, 0, 0, 0, 0, 278, 333, 278, 606, 556, 556, 556, 556, 556, 556, 556, 556, 556, 556, 278, 0, 0, 0, 0, 0, 747, 704, 722, 722, 778, 722, 667, 778, 833, 407, 611, 741, 667, 944, 815, 778, 667, 0, 741, 667, 685, 815, 704, 926, 0, 685, 0, 0, 0, 0, 0, 0, 0, 574, 556, 444, 611, 444, 333, 537, 611, 333, 0, 556, 333, 889, 611, 500, 574, 556, 444, 444, 352, 611, 519, 778, 0, 500, 0, 0, 0, 0, 0, 0, 0, 0, 0, 0, 0, 0, 0, 0, 0, 0, 0, 0, 0, 0, 0, 0, 0, 0, 204]}, but is not installed. Consider installing fontTools if you encounter encoding problems.
fontTools is required to fully parse the encoding of a CFF Type1 font in font dictionary {'/BaseFont': '/KCDHLO+NewCenturySchlbk-Italic', '/Encoding': '/WinAnsiEncoding', '/FirstChar': 32, '/FontDescriptor': IndirectObject(651, 0, 127413366970880), '/LastChar': 146, '/Subtype': '/Type1', '/Type': '/Font', '/Widths': [278, 0, 0, 0, 0, 0, 0, 0, 0, 0, 0, 0, 278, 333, 278, 606, 556, 556, 556, 556, 556, 556, 556, 556, 556, 556, 278, 0, 0, 0, 0, 0, 747, 704, 722, 722, 778, 722, 667, 778, 833, 407, 611, 741, 667, 944, 815, 778, 667, 0, 741, 667, 685, 815, 704, 926, 0, 685, 0, 0, 0, 0, 0, 0, 0, 574, 556, 444, 611, 444, 333, 537, 611, 333, 0, 556, 333, 889, 611, 500, 574, 556, 444, 444, 352, 611, 519, 778, 0, 500, 0, 0, 0, 0, 0, 0, 0, 0, 0, 0, 0, 0, 0, 0, 0, 0, 0, 0, 0, 0, 0, 0, 0, 0, 204]}, but is not installed. Consider installing fontTools if you encounter encoding problems.
fontTools is required to fully parse the encoding of a CFF Type1 font in font dictionary {'/BaseFont': '/KCDHLP+NewCenturySchlbk-Roman', '/Encoding': IndirectObject(653, 0, 127413366970880), '/FirstChar': 30, '/FontDescriptor': IndirectObject(654, 0, 127413366970880), '/LastChar': 176, '/Subtype': '/Type1', '/Type': '/Font', '/Widths': [611, 611, 278, 0, 0, 0, 556, 833, 0, 0, 333, 333, 500, 606, 278, 333, 278, 278, 556, 556, 556, 556, 556, 556, 556, 556, 556, 556, 278, 278, 0, 0, 0, 0, 0, 722, 722, 722, 778, 722, 667, 778, 833, 407, 556, 778, 667, 944, 815, 778, 667, 778, 722, 630, 667, 815, 722, 981, 704, 704, 611, 333, 0, 333, 0, 0, 0, 556, 556, 444, 574, 500, 333, 537, 611, 315, 296, 593, 315, 889, 611, 500, 574, 556, 444, 463, 389, 611, 537, 778, 537, 537, 481, 0, 0, 0, 0, 606, 0, 606, 0, 0, 0, 0, 0, 0, 0, 0, 0, 0, 0, 606, 0, 606, 606, 204, 204, 389, 389, 606, 556, 1000, 0, 0, 0, 0, 0, 606, 0, 0, 278, 0, 0, 0, 0, 0, 0, 500, 0, 0, 0, 0, 0, 333, 0, 0, 400]}, but is not installed. Consider installing fontTools if you encounter encoding problems.
fontTools is required to fully parse the encoding of a CFF Type1 font in font dictionary {'/BaseFont': '/KCDHNC+NewCenturySchlbk-Bold', '/Encoding': '/WinAnsiEncoding', '/FirstChar': 32, '/FontDescriptor': IndirectObject(656, 0, 127413366970880), '/LastChar': 146, '/Subtype': '/Type1', '/Type': '/Font', '/Widths': [287, 0, 0, 0, 0, 0, 0, 0, 0, 0, 0, 0, 278, 333, 278, 278, 574, 574, 0, 574, 574, 0, 0, 574, 0, 574, 278, 0, 0, 0, 0, 0, 0, 759, 778, 778, 833, 759, 722, 833, 870, 444, 0, 815, 722, 981, 833, 833, 759, 0, 815, 667, 722, 833, 759, 981, 722, 722, 667, 0, 0, 0, 0, 0, 0, 611, 648, 556, 667, 574, 389, 611, 685, 370, 352, 0, 352, 963, 685, 611, 667, 0, 519, 500, 426, 685, 611, 889, 611, 611, 537, 0, 0, 0, 0, 0, 0, 0, 0, 0, 0, 0, 0, 0, 0, 0, 0, 0, 0, 0, 0, 0, 0, 0, 241]}, but is not installed. Consider installing fontTools if you encounter encoding problems.
fontTools is required to fully parse the encoding of a CFF Type1 font in font dictionary {'/BaseFont': '/KCDHLP+NewCenturySchlbk-Roman', '/Encoding': IndirectObject(653, 0, 127413366970880), '/FirstChar': 30, '/FontDescriptor': IndirectObject(654, 0, 127413366970880), '/LastChar': 176, '/Subtype': '/Type1', '/Type': '/Font', '/Widths': [611, 611, 278, 0, 0, 0, 556, 833, 0, 0, 333, 333, 500, 606, 278, 333, 278, 278, 556, 556, 556, 556, 556, 556, 556, 556, 556, 556, 278, 278, 0, 0, 0, 0, 0, 722, 722, 722, 778, 722, 667, 778, 833, 407, 556, 778, 667, 944, 815, 778, 667, 778, 722, 630, 667, 815, 722, 981, 704, 704, 611, 333, 0, 333, 0, 0, 0, 556, 556, 444, 574, 500, 333, 537, 611, 315, 296, 593, 315, 889, 611, 500, 574, 556, 444, 463, 389, 611, 537, 778, 537, 537, 481, 0, 0, 0, 0, 606, 0, 606, 0, 0, 0, 0, 0, 0, 0, 0, 0, 0, 0, 606, 0, 606, 606, 204, 204, 389, 389, 606, 556, 1000, 0, 0, 0, 0, 0, 606, 0, 0, 278, 0, 0, 0, 0, 0, 0, 500, 0, 0, 0, 0, 0, 333, 0, 0, 400]}, but is not installed. Consider installing fontTools if you encounter encoding problems.
fontTools is required to fully parse the encoding of a CFF Type1 font in font dictionary {'/BaseFont': '/KCDHNC+NewCenturySchlbk-Bold', '/Encoding': '/WinAnsiEncoding', '/FirstChar': 32, '/FontDescriptor': IndirectObject(656, 0, 127413366970880), '/LastChar': 146, '/Subtype': '/Type1', '/Type': '/Font', '/Widths': [287, 0, 0, 0, 0, 0, 0, 0, 0, 0, 0, 0, 278, 333, 278, 278, 574, 574, 0, 574, 574, 0, 0, 574, 0, 574, 278, 0, 0, 0, 0, 0, 0, 759, 778, 778, 833, 759, 722, 833, 870, 444, 0, 815, 722, 981, 833, 833, 759, 0, 815, 667, 722, 833, 759, 981, 722, 722, 667, 0, 0, 0, 0, 0, 0, 611, 648, 556, 667, 574, 389, 611, 685, 370, 352, 0, 352, 963, 685, 611, 667, 0, 519, 500, 426, 685, 611, 889, 611, 611, 537, 0, 0, 0, 0, 0, 0, 0, 0, 0, 0, 0, 0, 0, 0, 0, 0, 0, 0, 0, 0, 0, 0, 0, 241]}, but is not installed. Consider installing fontTools if you encounter encoding problems.
fontTools is required to fully parse the encoding of a CFF Type1 font in font dictionary {'/BaseFont': '/KCDHLO+NewCenturySchlbk-Italic', '/Encoding': '/WinAnsiEncoding', '/FirstChar': 32, '/FontDescriptor': IndirectObject(651, 0, 127413366970880), '/LastChar': 146, '/Subtype': '/Type1', '/Type': '/Font', '/Widths': [278, 0, 0, 0, 0, 0, 0, 0, 0, 0, 0, 0, 278, 333, 278, 606, 556, 556, 556, 556, 556, 556, 556, 556, 556, 556, 278, 0, 0, 0, 0, 0, 747, 704, 722, 722, 778, 722, 667, 778, 833, 407, 611, 741, 667, 944, 815, 778, 667, 0, 741, 667, 685, 815, 704, 926, 0, 685, 0, 0, 0, 0, 0, 0, 0, 574, 556, 444, 611, 444, 333, 537, 611, 333, 0, 556, 333, 889, 611, 500, 574, 556, 444, 444, 352, 611, 519, 778, 0, 500, 0, 0, 0, 0, 0, 0, 0, 0, 0, 0, 0, 0, 0, 0, 0, 0, 0, 0, 0, 0, 0, 0, 0, 0, 204]}, but is not installed. Consider installing fontTools if you encounter encoding problems.
fontTools is required to fully parse the encoding of a CFF Type1 font in font dictionary {'/BaseFont': '/KCDHLP+NewCenturySchlbk-Roman', '/Encoding': IndirectObject(653, 0, 127413366970880), '/FirstChar': 30, '/FontDescriptor': IndirectObject(654, 0, 127413366970880), '/LastChar': 176, '/Subtype': '/Type1', '/Type': '/Font', '/Widths': [611, 611, 278, 0, 0, 0, 556, 833, 0, 0, 333, 333, 500, 606, 278, 333, 278, 278, 556, 556, 556, 556, 556, 556, 556, 556, 556, 556, 278, 278, 0, 0, 0, 0, 0, 722, 722, 722, 778, 722, 667, 778, 833, 407, 556, 778, 667, 944, 815, 778, 667, 778, 722, 630, 667, 815, 722, 981, 704, 704, 611, 333, 0, 333, 0, 0, 0, 556, 556, 444, 574, 500, 333, 537, 611, 315, 296, 593, 315, 889, 611, 500, 574, 556, 444, 463, 389, 611, 537, 778, 537, 537, 481, 0, 0, 0, 0, 606, 0, 606, 0, 0, 0, 0, 0, 0, 0, 0, 0, 0, 0, 606, 0, 606, 606, 204, 204, 389, 389, 606, 556, 1000, 0, 0, 0, 0, 0, 606, 0, 0, 278, 0, 0, 0, 0, 0, 0, 500, 0, 0, 0, 0, 0, 333, 0, 0, 400]}, but is not installed. Consider installing fontTools if you encounter encoding problems.
fontTools is required to fully parse the encoding of a CFF Type1 font in font dictionary {'/BaseFont': '/KCDHLO+NewCenturySchlbk-Italic', '/Encoding': '/WinAnsiEncoding', '/FirstChar': 32, '/FontDescriptor': IndirectObject(651, 0, 127413366970880), '/LastChar': 146, '/Subtype': '/Type1', '/Type': '/Font', '/Widths': [278, 0, 0, 0, 0, 0, 0, 0, 0, 0, 0, 0, 278, 333, 278, 606, 556, 556, 556, 556, 556, 556, 556, 556, 556, 556, 278, 0, 0, 0, 0, 0, 747, 704, 722, 722, 778, 722, 667, 778, 833, 407, 611, 741, 667, 944, 815, 778, 667, 0, 741, 667, 685, 815, 704, 926, 0, 685, 0, 0, 0, 0, 0, 0, 0, 574, 556, 444, 611, 444, 333, 537, 611, 333, 0, 556, 333, 889, 611, 500, 574, 556, 444, 444, 352, 611, 519, 778, 0, 500, 0, 0, 0, 0, 0, 0, 0, 0, 0, 0, 0, 0, 0, 0, 0, 0, 0, 0, 0, 0, 0, 0, 0, 0, 204]}, but is not installed. Consider installing fontTools if you encounter encoding problems.
fontTools is required to fully parse the encoding of a CFF Type1 font in font dictionary {'/BaseFont': '/KCDHLP+NewCenturySchlbk-Roman', '/Encoding': IndirectObject(653, 0, 127413366970880), '/FirstChar': 30, '/FontDescriptor': IndirectObject(654, 0, 127413366970880), '/LastChar': 176, '/Subtype': '/Type1', '/Type': '/Font', '/Widths': [611, 611, 278, 0, 0, 0, 556, 833, 0, 0, 333, 333, 500, 606, 278, 333, 278, 278, 556, 556, 556, 556, 556, 556, 556, 556, 556, 556, 278, 278, 0, 0, 0, 0, 0, 722, 722, 722, 778, 722, 667, 778, 833, 407, 556, 778, 667, 944, 815, 778, 667, 778, 722, 630, 667, 815, 722, 981, 704, 704, 611, 333, 0, 333, 0, 0, 0, 556, 556, 444, 574, 500, 333, 537, 611, 315, 296, 593, 315, 889, 611, 500, 574, 556, 444, 463, 389, 611, 537, 778, 537, 537, 481, 0, 0, 0, 0, 606, 0, 606, 0, 0, 0, 0, 0, 0, 0, 0, 0, 0, 0, 606, 0, 606, 606, 204, 204, 389, 389, 606, 556, 1000, 0, 0, 0, 0, 0, 606, 0, 0, 278, 0, 0, 0, 0, 0, 0, 500, 0, 0, 0, 0, 0, 333, 0, 0, 400]}, but is not installed. Consider installing fontTools if you encounter encoding problems.
fontTools is required to fully parse the encoding of a CFF Type1 font in font dictionary {'/BaseFont': '/KCDHLO+NewCenturySchlbk-Italic', '/Encoding': '/WinAnsiEncoding', '/FirstChar': 32, '/FontDescriptor': IndirectObject(651, 0, 127413366970880), '/LastChar': 146, '/Subtype': '/Type1', '/Type': '/Font', '/Widths': [278, 0, 0, 0, 0, 0, 0, 0, 0, 0, 0, 0, 278, 333, 278, 606, 556, 556, 556, 556, 556, 556, 556, 556, 556, 556, 278, 0, 0, 0, 0, 0, 747, 704, 722, 722, 778, 722, 667, 778, 833, 407, 611, 741, 667, 944, 815, 778, 667, 0, 741, 667, 685, 815, 704, 926, 0, 685, 0, 0, 0, 0, 0, 0, 0, 574, 556, 444, 611, 444, 333, 537, 611, 333, 0, 556, 333, 889, 611, 500, 574, 556, 444, 444, 352, 611, 519, 778, 0, 500, 0, 0, 0, 0, 0, 0, 0, 0, 0, 0, 0, 0, 0, 0, 0, 0, 0, 0, 0, 0, 0, 0, 0, 0, 204]}, but is not installed. Consider installing fontTools if you encounter encoding problems.
fontTools is required to fully parse the encoding of a CFF Type1 font in font dictionary {'/BaseFont': '/KCDHLP+NewCenturySchlbk-Roman', '/Encoding': IndirectObject(653, 0, 127413366970880), '/FirstChar': 30, '/FontDescriptor': IndirectObject(654, 0, 127413366970880), '/LastChar': 176, '/Subtype': '/Type1', '/Type': '/Font', '/Widths': [611, 611, 278, 0, 0, 0, 556, 833, 0, 0, 333, 333, 500, 606, 278, 333, 278, 278, 556, 556, 556, 556, 556, 556, 556, 556, 556, 556, 278, 278, 0, 0, 0, 0, 0, 722, 722, 722, 778, 722, 667, 778, 833, 407, 556, 778, 667, 944, 815, 778, 667, 778, 722, 630, 667, 815, 722, 981, 704, 704, 611, 333, 0, 333, 0, 0, 0, 556, 556, 444, 574, 500, 333, 537, 611, 315, 296, 593, 315, 889, 611, 500, 574, 556, 444, 463, 389, 611, 537, 778, 537, 537, 481, 0, 0, 0, 0, 606, 0, 606, 0, 0, 0, 0, 0, 0, 0, 0, 0, 0, 0, 606, 0, 606, 606, 204, 204, 389, 389, 606, 556, 1000, 0, 0, 0, 0, 0, 606, 0, 0, 278, 0, 0, 0, 0, 0, 0, 500, 0, 0, 0, 0, 0, 333, 0, 0, 400]}, but is not installed. Consider installing fontTools if you encounter encoding problems.
fontTools is required to fully parse the encoding of a CFF Type1 font in font dictionary {'/BaseFont': '/KCDHNC+NewCenturySchlbk-Bold', '/Encoding': '/WinAnsiEncoding', '/FirstChar': 32, '/FontDescriptor': IndirectObject(656, 0, 127413366970880), '/LastChar': 146, '/Subtype': '/Type1', '/Type': '/Font', '/Widths': [287, 0, 0, 0, 0, 0, 0, 0, 0, 0, 0, 0, 278, 333, 278, 278, 574, 574, 0, 574, 574, 0, 0, 574, 0, 574, 278, 0, 0, 0, 0, 0, 0, 759, 778, 778, 833, 759, 722, 833, 870, 444, 0, 815, 722, 981, 833, 833, 759, 0, 815, 667, 722, 833, 759, 981, 722, 722, 667, 0, 0, 0, 0, 0, 0, 611, 648, 556, 667, 574, 389, 611, 685, 370, 352, 0, 352, 963, 685, 611, 667, 0, 519, 500, 426, 685, 611, 889, 611, 611, 537, 0, 0, 0, 0, 0, 0, 0, 0, 0, 0, 0, 0, 0, 0, 0, 0, 0, 0, 0, 0, 0, 0, 0, 241]}, but is not installed. Consider installing fontTools if you encounter encoding problems.
fontTools is required to fully parse the encoding of a CFF Type1 font in font dictionary {'/BaseFont': '/KCDHLO+NewCenturySchlbk-Italic', '/Encoding': '/WinAnsiEncoding', '/FirstChar': 32, '/FontDescriptor': IndirectObject(651, 0, 127413366970880), '/LastChar': 146, '/Subtype': '/Type1', '/Type': '/Font', '/Widths': [278, 0, 0, 0, 0, 0, 0, 0, 0, 0, 0, 0, 278, 333, 278, 606, 556, 556, 556, 556, 556, 556, 556, 556, 556, 556, 278, 0, 0, 0, 0, 0, 747, 704, 722, 722, 778, 722, 667, 778, 833, 407, 611, 741, 667, 944, 815, 778, 667, 0, 741, 667, 685, 815, 704, 926, 0, 685, 0, 0, 0, 0, 0, 0, 0, 574, 556, 444, 611, 444, 333, 537, 611, 333, 0, 556, 333, 889, 611, 500, 574, 556, 444, 444, 352, 611, 519, 778, 0, 500, 0, 0, 0, 0, 0, 0, 0, 0, 0, 0, 0, 0, 0, 0, 0, 0, 0, 0, 0, 0, 0, 0, 0, 0, 204]}, but is not installed. Consider installing fontTools if you encounter encoding problems.
fontTools is required to fully parse the encoding of a CFF Type1 font in font dictionary {'/BaseFont': '/KCDHLP+NewCenturySchlbk-Roman', '/Encoding': IndirectObject(653, 0, 127413366970880), '/FirstChar': 30, '/FontDescriptor': IndirectObject(654, 0, 127413366970880), '/LastChar': 176, '/Subtype': '/Type1', '/Type': '/Font', '/Widths': [611, 611, 278, 0, 0, 0, 556, 833, 0, 0, 333, 333, 500, 606, 278, 333, 278, 278, 556, 556, 556, 556, 556, 556, 556, 556, 556, 556, 278, 278, 0, 0, 0, 0, 0, 722, 722, 722, 778, 722, 667, 778, 833, 407, 556, 778, 667, 944, 815, 778, 667, 778, 722, 630, 667, 815, 722, 981, 704, 704, 611, 333, 0, 333, 0, 0, 0, 556, 556, 444, 574, 500, 333, 537, 611, 315, 296, 593, 315, 889, 611, 500, 574, 556, 444, 463, 389, 611, 537, 778, 537, 537, 481, 0, 0, 0, 0, 606, 0, 606, 0, 0, 0, 0, 0, 0, 0, 0, 0, 0, 0, 606, 0, 606, 606, 204, 204, 389, 389, 606, 556, 1000, 0, 0, 0, 0, 0, 606, 0, 0, 278, 0, 0, 0, 0, 0, 0, 500, 0, 0, 0, 0, 0, 333, 0, 0, 400]}, but is not installed. Consider installing fontTools if you encounter encoding problems.
fontTools is required to fully parse the encoding of a CFF Type1 font in font dictionary {'/BaseFont': '/KCDHNC+NewCenturySchlbk-Bold', '/Encoding': '/WinAnsiEncoding', '/FirstChar': 32, '/FontDescriptor': IndirectObject(656, 0, 127413366970880), '/LastChar': 146, '/Subtype': '/Type1', '/Type': '/Font', '/Widths': [287, 0, 0, 0, 0, 0, 0, 0, 0, 0, 0, 0, 278, 333, 278, 278, 574, 574, 0, 574, 574, 0, 0, 574, 0, 574, 278, 0, 0, 0, 0, 0, 0, 759, 778, 778, 833, 759, 722, 833, 870, 444, 0, 815, 722, 981, 833, 833, 759, 0, 815, 667, 722, 833, 759, 981, 722, 722, 667, 0, 0, 0, 0, 0, 0, 611, 648, 556, 667, 574, 389, 611, 685, 370, 352, 0, 352, 963, 685, 611, 667, 0, 519, 500, 426, 685, 611, 889, 611, 611, 537, 0, 0, 0, 0, 0, 0, 0, 0, 0, 0, 0, 0, 0, 0, 0, 0, 0, 0, 0, 0, 0, 0, 0, 241]}, but is not installed. Consider installing fontTools if you encounter encoding problems.
fontTools is required to fully parse the encoding of a CFF Type1 font in font dictionary {'/BaseFont': '/KCDHLO+NewCenturySchlbk-Italic', '/Encoding': '/WinAnsiEncoding', '/FirstChar': 32, '/FontDescriptor': IndirectObject(651, 0, 127413366970880), '/LastChar': 146, '/Subtype': '/Type1', '/Type': '/Font', '/Widths': [278, 0, 0, 0, 0, 0, 0, 0, 0, 0, 0, 0, 278, 333, 278, 606, 556, 556, 556, 556, 556, 556, 556, 556, 556, 556, 278, 0, 0, 0, 0, 0, 747, 704, 722, 722, 778, 722, 667, 778, 833, 407, 611, 741, 667, 944, 815, 778, 667, 0, 741, 667, 685, 815, 704, 926, 0, 685, 0, 0, 0, 0, 0, 0, 0, 574, 556, 444, 611, 444, 333, 537, 611, 333, 0, 556, 333, 889, 611, 500, 574, 556, 444, 444, 352, 611, 519, 778, 0, 500, 0, 0, 0, 0, 0, 0, 0, 0, 0, 0, 0, 0, 0, 0, 0, 0, 0, 0, 0, 0, 0, 0, 0, 0, 204]}, but is not installed. Consider installing fontTools if you encounter encoding problems.
fontTools is required to fully parse the encoding of a CFF Type1 font in font dictionary {'/BaseFont': '/KCDHLP+NewCenturySchlbk-Roman', '/Encoding': IndirectObject(653, 0, 127413366970880), '/FirstChar': 30, '/FontDescriptor': IndirectObject(654, 0, 127413366970880), '/LastChar': 176, '/Subtype': '/Type1', '/Type': '/Font', '/Widths': [611, 611, 278, 0, 0, 0, 556, 833, 0, 0, 333, 333, 500, 606, 278, 333, 278, 278, 556, 556, 556, 556, 556, 556, 556, 556, 556, 556, 278, 278, 0, 0, 0, 0, 0, 722, 722, 722, 778, 722, 667, 778, 833, 407, 556, 778, 667, 944, 815, 778, 667, 778, 722, 630, 667, 815, 722, 981, 704, 704, 611, 333, 0, 333, 0, 0, 0, 556, 556, 444, 574, 500, 333, 537, 611, 315, 296, 593, 315, 889, 611, 500, 574, 556, 444, 463, 389, 611, 537, 778, 537, 537, 481, 0, 0, 0, 0, 606, 0, 606, 0, 0, 0, 0, 0, 0, 0, 0, 0, 0, 0, 606, 0, 606, 606, 204, 204, 389, 389, 606, 556, 1000, 0, 0, 0, 0, 0, 606, 0, 0, 278, 0, 0, 0, 0, 0, 0, 500, 0, 0, 0, 0, 0, 333, 0, 0, 400]}, but is not installed. Consider installing fontTools if you encounter encoding problems.
fontTools is required to fully parse the encoding of a CFF Type1 font in font dictionary {'/BaseFont': '/KCDHNC+NewCenturySchlbk-Bold', '/Encoding': '/WinAnsiEncoding', '/FirstChar': 32, '/FontDescriptor': IndirectObject(656, 0, 127413366970880), '/LastChar': 146, '/Subtype': '/Type1', '/Type': '/Font', '/Widths': [287, 0, 0, 0, 0, 0, 0, 0, 0, 0, 0, 0, 278, 333, 278, 278, 574, 574, 0, 574, 574, 0, 0, 574, 0, 574, 278, 0, 0, 0, 0, 0, 0, 759, 778, 778, 833, 759, 722, 833, 870, 444, 0, 815, 722, 981, 833, 833, 759, 0, 815, 667, 722, 833, 759, 981, 722, 722, 667, 0, 0, 0, 0, 0, 0, 611, 648, 556, 667, 574, 389, 611, 685, 370, 352, 0, 352, 963, 685, 611, 667, 0, 519, 500, 426, 685, 611, 889, 611, 611, 537, 0, 0, 0, 0, 0, 0, 0, 0, 0, 0, 0, 0, 0, 0, 0, 0, 0, 0, 0, 0, 0, 0, 0, 241]}, but is not installed. Consider installing fontTools if you encounter encoding problems.
fontTools is required to fully parse the encoding of a CFF Type1 font in font dictionary {'/BaseFont': '/KCDHLO+NewCenturySchlbk-Italic', '/Encoding': '/WinAnsiEncoding', '/FirstChar': 32, '/FontDescriptor': IndirectObject(651, 0, 127413366970880), '/LastChar': 146, '/Subtype': '/Type1', '/Type': '/Font', '/Widths': [278, 0, 0, 0, 0, 0, 0, 0, 0, 0, 0, 0, 278, 333, 278, 606, 556, 556, 556, 556, 556, 556, 556, 556, 556, 556, 278, 0, 0, 0, 0, 0, 747, 704, 722, 722, 778, 722, 667, 778, 833, 407, 611, 741, 667, 944, 815, 778, 667, 0, 741, 667, 685, 815, 704, 926, 0, 685, 0, 0, 0, 0, 0, 0, 0, 574, 556, 444, 611, 444, 333, 537, 611, 333, 0, 556, 333, 889, 611, 500, 574, 556, 444, 444, 352, 611, 519, 778, 0, 500, 0, 0, 0, 0, 0, 0, 0, 0, 0, 0, 0, 0, 0, 0, 0, 0, 0, 0, 0, 0, 0, 0, 0, 0, 204]}, but is not installed. Consider installing fontTools if you encounter encoding problems.
fontTools is required to fully parse the encoding of a CFF Type1 font in font dictionary {'/BaseFont': '/KCDHLP+NewCenturySchlbk-Roman', '/Encoding': IndirectObject(653, 0, 127413366970880), '/FirstChar': 30, '/FontDescriptor': IndirectObject(654, 0, 127413366970880), '/LastChar': 176, '/Subtype': '/Type1', '/Type': '/Font', '/Widths': [611, 611, 278, 0, 0, 0, 556, 833, 0, 0, 333, 333, 500, 606, 278, 333, 278, 278, 556, 556, 556, 556, 556, 556, 556, 556, 556, 556, 278, 278, 0, 0, 0, 0, 0, 722, 722, 722, 778, 722, 667, 778, 833, 407, 556, 778, 667, 944, 815, 778, 667, 778, 722, 630, 667, 815, 722, 981, 704, 704, 611, 333, 0, 333, 0, 0, 0, 556, 556, 444, 574, 500, 333, 537, 611, 315, 296, 593, 315, 889, 611, 500, 574, 556, 444, 463, 389, 611, 537, 778, 537, 537, 481, 0, 0, 0, 0, 606, 0, 606, 0, 0, 0, 0, 0, 0, 0, 0, 0, 0, 0, 606, 0, 606, 606, 204, 204, 389, 389, 606, 556, 1000, 0, 0, 0, 0, 0, 606, 0, 0, 278, 0, 0, 0, 0, 0, 0, 500, 0, 0, 0, 0, 0, 333, 0, 0, 400]}, but is not installed. Consider installing fontTools if you encounter encoding problems.
fontTools is required to fully parse the encoding of a CFF Type1 font in font dictionary {'/BaseFont': '/KCDHNC+NewCenturySchlbk-Bold', '/Encoding': '/WinAnsiEncoding', '/FirstChar': 32, '/FontDescriptor': IndirectObject(656, 0, 127413366970880), '/LastChar': 146, '/Subtype': '/Type1', '/Type': '/Font', '/Widths': [287, 0, 0, 0, 0, 0, 0, 0, 0, 0, 0, 0, 278, 333, 278, 278, 574, 574, 0, 574, 574, 0, 0, 574, 0, 574, 278, 0, 0, 0, 0, 0, 0, 759, 778, 778, 833, 759, 722, 833, 870, 444, 0, 815, 722, 981, 833, 833, 759, 0, 815, 667, 722, 833, 759, 981, 722, 722, 667, 0, 0, 0, 0, 0, 0, 611, 648, 556, 667, 574, 389, 611, 685, 370, 352, 0, 352, 963, 685, 611, 667, 0, 519, 500, 426, 685, 611, 889, 611, 611, 537, 0, 0, 0, 0, 0, 0, 0, 0, 0, 0, 0, 0, 0, 0, 0, 0, 0, 0, 0, 0, 0, 0, 0, 241]}, but is not installed. Consider installing fontTools if you encounter encoding problems.
fontTools is required to fully parse the encoding of a CFF Type1 font in font dictionary {'/BaseFont': '/KCDHLO+NewCenturySchlbk-Italic', '/Encoding': '/WinAnsiEncoding', '/FirstChar': 32, '/FontDescriptor': IndirectObject(651, 0, 127413366970880), '/LastChar': 146, '/Subtype': '/Type1', '/Type': '/Font', '/Widths': [278, 0, 0, 0, 0, 0, 0, 0, 0, 0, 0, 0, 278, 333, 278, 606, 556, 556, 556, 556, 556, 556, 556, 556, 556, 556, 278, 0, 0, 0, 0, 0, 747, 704, 722, 722, 778, 722, 667, 778, 833, 407, 611, 741, 667, 944, 815, 778, 667, 0, 741, 667, 685, 815, 704, 926, 0, 685, 0, 0, 0, 0, 0, 0, 0, 574, 556, 444, 611, 444, 333, 537, 611, 333, 0, 556, 333, 889, 611, 500, 574, 556, 444, 444, 352, 611, 519, 778, 0, 500, 0, 0, 0, 0, 0, 0, 0, 0, 0, 0, 0, 0, 0, 0, 0, 0, 0, 0, 0, 0, 0, 0, 0, 0, 204]}, but is not installed. Consider installing fontTools if you encounter encoding problems.
fontTools is required to fully parse the encoding of a CFF Type1 font in font dictionary {'/BaseFont': '/KCDHLP+NewCenturySchlbk-Roman', '/Encoding': IndirectObject(653, 0, 127413366970880), '/FirstChar': 30, '/FontDescriptor': IndirectObject(654, 0, 127413366970880), '/LastChar': 176, '/Subtype': '/Type1', '/Type': '/Font', '/Widths': [611, 611, 278, 0, 0, 0, 556, 833, 0, 0, 333, 333, 500, 606, 278, 333, 278, 278, 556, 556, 556, 556, 556, 556, 556, 556, 556, 556, 278, 278, 0, 0, 0, 0, 0, 722, 722, 722, 778, 722, 667, 778, 833, 407, 556, 778, 667, 944, 815, 778, 667, 778, 722, 630, 667, 815, 722, 981, 704, 704, 611, 333, 0, 333, 0, 0, 0, 556, 556, 444, 574, 500, 333, 537, 611, 315, 296, 593, 315, 889, 611, 500, 574, 556, 444, 463, 389, 611, 537, 778, 537, 537, 481, 0, 0, 0, 0, 606, 0, 606, 0, 0, 0, 0, 0, 0, 0, 0, 0, 0, 0, 606, 0, 606, 606, 204, 204, 389, 389, 606, 556, 1000, 0, 0, 0, 0, 0, 606, 0, 0, 278, 0, 0, 0, 0, 0, 0, 500, 0, 0, 0, 0, 0, 333, 0, 0, 400]}, but is not installed. Consider installing fontTools if you encounter encoding problems.
fontTools is required to fully parse the encoding of a CFF Type1 font in font dictionary {'/BaseFont': '/KCDHLO+NewCenturySchlbk-Italic', '/Encoding': '/WinAnsiEncoding', '/FirstChar': 32, '/FontDescriptor': IndirectObject(651, 0, 127413366970880), '/LastChar': 146, '/Subtype': '/Type1', '/Type': '/Font', '/Widths': [278, 0, 0, 0, 0, 0, 0, 0, 0, 0, 0, 0, 278, 333, 278, 606, 556, 556, 556, 556, 556, 556, 556, 556, 556, 556, 278, 0, 0, 0, 0, 0, 747, 704, 722, 722, 778, 722, 667, 778, 833, 407, 611, 741, 667, 944, 815, 778, 667, 0, 741, 667, 685, 815, 704, 926, 0, 685, 0, 0, 0, 0, 0, 0, 0, 574, 556, 444, 611, 444, 333, 537, 611, 333, 0, 556, 333, 889, 611, 500, 574, 556, 444, 444, 352, 611, 519, 778, 0, 500, 0, 0, 0, 0, 0, 0, 0, 0, 0, 0, 0, 0, 0, 0, 0, 0, 0, 0, 0, 0, 0, 0, 0, 0, 204]}, but is not installed. Consider installing fontTools if you encounter encoding problems.
fontTools is required to fully parse the encoding of a CFF Type1 font in font dictionary {'/BaseFont': '/KCDHLP+NewCenturySchlbk-Roman', '/Encoding': IndirectObject(653, 0, 127413366970880), '/FirstChar': 30, '/FontDescriptor': IndirectObject(654, 0, 127413366970880), '/LastChar': 176, '/Subtype': '/Type1', '/Type': '/Font', '/Widths': [611, 611, 278, 0, 0, 0, 556, 833, 0, 0, 333, 333, 500, 606, 278, 333, 278, 278, 556, 556, 556, 556, 556, 556, 556, 556, 556, 556, 278, 278, 0, 0, 0, 0, 0, 722, 722, 722, 778, 722, 667, 778, 833, 407, 556, 778, 667, 944, 815, 778, 667, 778, 722, 630, 667, 815, 722, 981, 704, 704, 611, 333, 0, 333, 0, 0, 0, 556, 556, 444, 574, 500, 333, 537, 611, 315, 296, 593, 315, 889, 611, 500, 574, 556, 444, 463, 389, 611, 537, 778, 537, 537, 481, 0, 0, 0, 0, 606, 0, 606, 0, 0, 0, 0, 0, 0, 0, 0, 0, 0, 0, 606, 0, 606, 606, 204, 204, 389, 389, 606, 556, 1000, 0, 0, 0, 0, 0, 606, 0, 0, 278, 0, 0, 0, 0, 0, 0, 500, 0, 0, 0, 0, 0, 333, 0, 0, 400]}, but is not installed. Consider installing fontTools if you encounter encoding problems.
fontTools is required to fully parse the encoding of a CFF Type1 font in font dictionary {'/BaseFont': '/KCDHLP+NewCenturySchlbk-Roman', '/Encoding': IndirectObject(653, 0, 127413366970880), '/FirstChar': 30, '/FontDescriptor': IndirectObject(654, 0, 127413366970880), '/LastChar': 176, '/Subtype': '/Type1', '/Type': '/Font', '/Widths': [611, 611, 278, 0, 0, 0, 556, 833, 0, 0, 333, 333, 500, 606, 278, 333, 278, 278, 556, 556, 556, 556, 556, 556, 556, 556, 556, 556, 278, 278, 0, 0, 0, 0, 0, 722, 722, 722, 778, 722, 667, 778, 833, 407, 556, 778, 667, 944, 815, 778, 667, 778, 722, 630, 667, 815, 722, 981, 704, 704, 611, 333, 0, 333, 0, 0, 0, 556, 556, 444, 574, 500, 333, 537, 611, 315, 296, 593, 315, 889, 611, 500, 574, 556, 444, 463, 389, 611, 537, 778, 537, 537, 481, 0, 0, 0, 0, 606, 0, 606, 0, 0, 0, 0, 0, 0, 0, 0, 0, 0, 0, 606, 0, 606, 606, 204, 204, 389, 389, 606, 556, 1000, 0, 0, 0, 0, 0, 606, 0, 0, 278, 0, 0, 0, 0, 0, 0, 500, 0, 0, 0, 0, 0, 333, 0, 0, 400]}, but is not installed. Consider installing fontTools if you encounter encoding problems.
fontTools is required to fully parse the encoding of a CFF Type1 font in font dictionary {'/BaseFont': '/KCDHLO+NewCenturySchlbk-Italic', '/Encoding': '/WinAnsiEncoding', '/FirstChar': 32, '/FontDescriptor': IndirectObject(651, 0, 127413366970880), '/LastChar': 146, '/Subtype': '/Type1', '/Type': '/Font', '/Widths': [278, 0, 0, 0, 0, 0, 0, 0, 0, 0, 0, 0, 278, 333, 278, 606, 556, 556, 556, 556, 556, 556, 556, 556, 556, 556, 278, 0, 0, 0, 0, 0, 747, 704, 722, 722, 778, 722, 667, 778, 833, 407, 611, 741, 667, 944, 815, 778, 667, 0, 741, 667, 685, 815, 704, 926, 0, 685, 0, 0, 0, 0, 0, 0, 0, 574, 556, 444, 611, 444, 333, 537, 611, 333, 0, 556, 333, 889, 611, 500, 574, 556, 444, 444, 352, 611, 519, 778, 0, 500, 0, 0, 0, 0, 0, 0, 0, 0, 0, 0, 0, 0, 0, 0, 0, 0, 0, 0, 0, 0, 0, 0, 0, 0, 204]}, but is not installed. Consider installing fontTools if you encounter encoding problems.
fontTools is required to fully parse the encoding of a CFF Type1 font in font dictionary {'/BaseFont': '/KCDHNC+NewCenturySchlbk-Bold', '/Encoding': '/WinAnsiEncoding', '/FirstChar': 32, '/FontDescriptor': IndirectObject(656, 0, 127413366970880), '/LastChar': 146, '/Subtype': '/Type1', '/Type': '/Font', '/Widths': [287, 0, 0, 0, 0, 0, 0, 0, 0, 0, 0, 0, 278, 333, 278, 278, 574, 574, 0, 574, 574, 0, 0, 574, 0, 574, 278, 0, 0, 0, 0, 0, 0, 759, 778, 778, 833, 759, 722, 833, 870, 444, 0, 815, 722, 981, 833, 833, 759, 0, 815, 667, 722, 833, 759, 981, 722, 722, 667, 0, 0, 0, 0, 0, 0, 611, 648, 556, 667, 574, 389, 611, 685, 370, 352, 0, 352, 963, 685, 611, 667, 0, 519, 500, 426, 685, 611, 889, 611, 611, 537, 0, 0, 0, 0, 0, 0, 0, 0, 0, 0, 0, 0, 0, 0, 0, 0, 0, 0, 0, 0, 0, 0, 0, 241]}, but is not installed. Consider installing fontTools if you encounter encoding problems.
fontTools is required to fully parse the encoding of a CFF Type1 font in font dictionary {'/BaseFont': '/KCDHLP+NewCenturySchlbk-Roman', '/Encoding': IndirectObject(653, 0, 127413366970880), '/FirstChar': 30, '/FontDescriptor': IndirectObject(654, 0, 127413366970880), '/LastChar': 176, '/Subtype': '/Type1', '/Type': '/Font', '/Widths': [611, 611, 278, 0, 0, 0, 556, 833, 0, 0, 333, 333, 500, 606, 278, 333, 278, 278, 556, 556, 556, 556, 556, 556, 556, 556, 556, 556, 278, 278, 0, 0, 0, 0, 0, 722, 722, 722, 778, 722, 667, 778, 833, 407, 556, 778, 667, 944, 815, 778, 667, 778, 722, 630, 667, 815, 722, 981, 704, 704, 611, 333, 0, 333, 0, 0, 0, 556, 556, 444, 574, 500, 333, 537, 611, 315, 296, 593, 315, 889, 611, 500, 574, 556, 444, 463, 389, 611, 537, 778, 537, 537, 481, 0, 0, 0, 0, 606, 0, 606, 0, 0, 0, 0, 0, 0, 0, 0, 0, 0, 0, 606, 0, 606, 606, 204, 204, 389, 389, 606, 556, 1000, 0, 0, 0, 0, 0, 606, 0, 0, 278, 0, 0, 0, 0, 0, 0, 500, 0, 0, 0, 0, 0, 333, 0, 0, 400]}, but is not installed. Consider installing fontTools if you encounter encoding problems.
fontTools is required to fully parse the encoding of a CFF Type1 font in font dictionary {'/BaseFont': '/KCDHNC+NewCenturySchlbk-Bold', '/Encoding': '/WinAnsiEncoding', '/FirstChar': 32, '/FontDescriptor': IndirectObject(656, 0, 127413366970880), '/LastChar': 146, '/Subtype': '/Type1', '/Type': '/Font', '/Widths': [287, 0, 0, 0, 0, 0, 0, 0, 0, 0, 0, 0, 278, 333, 278, 278, 574, 574, 0, 574, 574, 0, 0, 574, 0, 574, 278, 0, 0, 0, 0, 0, 0, 759, 778, 778, 833, 759, 722, 833, 870, 444, 0, 815, 722, 981, 833, 833, 759, 0, 815, 667, 722, 833, 759, 981, 722, 722, 667, 0, 0, 0, 0, 0, 0, 611, 648, 556, 667, 574, 389, 611, 685, 370, 352, 0, 352, 963, 685, 611, 667, 0, 519, 500, 426, 685, 611, 889, 611, 611, 537, 0, 0, 0, 0, 0, 0, 0, 0, 0, 0, 0, 0, 0, 0, 0, 0, 0, 0, 0, 0, 0, 0, 0, 241]}, but is not installed. Consider installing fontTools if you encounter encoding problems.
fontTools is required to fully parse the encoding of a CFF Type1 font in font dictionary {'/BaseFont': '/KCDHLO+NewCenturySchlbk-Italic', '/Encoding': '/WinAnsiEncoding', '/FirstChar': 32, '/FontDescriptor': IndirectObject(651, 0, 127413366970880), '/LastChar': 146, '/Subtype': '/Type1', '/Type': '/Font', '/Widths': [278, 0, 0, 0, 0, 0, 0, 0, 0, 0, 0, 0, 278, 333, 278, 606, 556, 556, 556, 556, 556, 556, 556, 556, 556, 556, 278, 0, 0, 0, 0, 0, 747, 704, 722, 722, 778, 722, 667, 778, 833, 407, 611, 741, 667, 944, 815, 778, 667, 0, 741, 667, 685, 815, 704, 926, 0, 685, 0, 0, 0, 0, 0, 0, 0, 574, 556, 444, 611, 444, 333, 537, 611, 333, 0, 556, 333, 889, 611, 500, 574, 556, 444, 444, 352, 611, 519, 778, 0, 500, 0, 0, 0, 0, 0, 0, 0, 0, 0, 0, 0, 0, 0, 0, 0, 0, 0, 0, 0, 0, 0, 0, 0, 0, 204]}, but is not installed. Consider installing fontTools if you encounter encoding problems.
fontTools is required to fully parse the encoding of a CFF Type1 font in font dictionary {'/BaseFont': '/KCDHLP+NewCenturySchlbk-Roman', '/Encoding': IndirectObject(653, 0, 127413366970880), '/FirstChar': 30, '/FontDescriptor': IndirectObject(654, 0, 127413366970880), '/LastChar': 176, '/Subtype': '/Type1', '/Type': '/Font', '/Widths': [611, 611, 278, 0, 0, 0, 556, 833, 0, 0, 333, 333, 500, 606, 278, 333, 278, 278, 556, 556, 556, 556, 556, 556, 556, 556, 556, 556, 278, 278, 0, 0, 0, 0, 0, 722, 722, 722, 778, 722, 667, 778, 833, 407, 556, 778, 667, 944, 815, 778, 667, 778, 722, 630, 667, 815, 722, 981, 704, 704, 611, 333, 0, 333, 0, 0, 0, 556, 556, 444, 574, 500, 333, 537, 611, 315, 296, 593, 315, 889, 611, 500, 574, 556, 444, 463, 389, 611, 537, 778, 537, 537, 481, 0, 0, 0, 0, 606, 0, 606, 0, 0, 0, 0, 0, 0, 0, 0, 0, 0, 0, 606, 0, 606, 606, 204, 204, 389, 389, 606, 556, 1000, 0, 0, 0, 0, 0, 606, 0, 0, 278, 0, 0, 0, 0, 0, 0, 500, 0, 0, 0, 0, 0, 333, 0, 0, 400]}, but is not installed. Consider installing fontTools if you encounter encoding problems.
fontTools is required to fully parse the encoding of a CFF Type1 font in font dictionary {'/BaseFont': '/KCDHLP+NewCenturySchlbk-Roman', '/Encoding': IndirectObject(653, 0, 127413366970880), '/FirstChar': 30, '/FontDescriptor': IndirectObject(654, 0, 127413366970880), '/LastChar': 176, '/Subtype': '/Type1', '/Type': '/Font', '/Widths': [611, 611, 278, 0, 0, 0, 556, 833, 0, 0, 333, 333, 500, 606, 278, 333, 278, 278, 556, 556, 556, 556, 556, 556, 556, 556, 556, 556, 278, 278, 0, 0, 0, 0, 0, 722, 722, 722, 778, 722, 667, 778, 833, 407, 556, 778, 667, 944, 815, 778, 667, 778, 722, 630, 667, 815, 722, 981, 704, 704, 611, 333, 0, 333, 0, 0, 0, 556, 556, 444, 574, 500, 333, 537, 611, 315, 296, 593, 315, 889, 611, 500, 574, 556, 444, 463, 389, 611, 537, 778, 537, 537, 481, 0, 0, 0, 0, 606, 0, 606, 0, 0, 0, 0, 0, 0, 0, 0, 0, 0, 0, 606, 0, 606, 606, 204, 204, 389, 389, 606, 556, 1000, 0, 0, 0, 0, 0, 606, 0, 0, 278, 0, 0, 0, 0, 0, 0, 500, 0, 0, 0, 0, 0, 333, 0, 0, 400]}, but is not installed. Consider installing fontTools if you encounter encoding problems.
fontTools is required to fully parse the encoding of a CFF Type1 font in font dictionary {'/BaseFont': '/KCDHLP+NewCenturySchlbk-Roman', '/Encoding': IndirectObject(653, 0, 127413366970880), '/FirstChar': 30, '/FontDescriptor': IndirectObject(654, 0, 127413366970880), '/LastChar': 176, '/Subtype': '/Type1', '/Type': '/Font', '/Widths': [611, 611, 278, 0, 0, 0, 556, 833, 0, 0, 333, 333, 500, 606, 278, 333, 278, 278, 556, 556, 556, 556, 556, 556, 556, 556, 556, 556, 278, 278, 0, 0, 0, 0, 0, 722, 722, 722, 778, 722, 667, 778, 833, 407, 556, 778, 667, 944, 815, 778, 667, 778, 722, 630, 667, 815, 722, 981, 704, 704, 611, 333, 0, 333, 0, 0, 0, 556, 556, 444, 574, 500, 333, 537, 611, 315, 296, 593, 315, 889, 611, 500, 574, 556, 444, 463, 389, 611, 537, 778, 537, 537, 481, 0, 0, 0, 0, 606, 0, 606, 0, 0, 0, 0, 0, 0, 0, 0, 0, 0, 0, 606, 0, 606, 606, 204, 204, 389, 389, 606, 556, 1000, 0, 0, 0, 0, 0, 606, 0, 0, 278, 0, 0, 0, 0, 0, 0, 500, 0, 0, 0, 0, 0, 333, 0, 0, 400]}, but is not installed. Consider installing fontTools if you encounter encoding problems.
fontTools is required to fully parse the encoding of a CFF Type1 font in font dictionary {'/BaseFont': '/KCDHNC+NewCenturySchlbk-Bold', '/Encoding': '/WinAnsiEncoding', '/FirstChar': 32, '/FontDescriptor': IndirectObject(656, 0, 127413366970880), '/LastChar': 146, '/Subtype': '/Type1', '/Type': '/Font', '/Widths': [287, 0, 0, 0, 0, 0, 0, 0, 0, 0, 0, 0, 278, 333, 278, 278, 574, 574, 0, 574, 574, 0, 0, 574, 0, 574, 278, 0, 0, 0, 0, 0, 0, 759, 778, 778, 833, 759, 722, 833, 870, 444, 0, 815, 722, 981, 833, 833, 759, 0, 815, 667, 722, 833, 759, 981, 722, 722, 667, 0, 0, 0, 0, 0, 0, 611, 648, 556, 667, 574, 389, 611, 685, 370, 352, 0, 352, 963, 685, 611, 667, 0, 519, 500, 426, 685, 611, 889, 611, 611, 537, 0, 0, 0, 0, 0, 0, 0, 0, 0, 0, 0, 0, 0, 0, 0, 0, 0, 0, 0, 0, 0, 0, 0, 241]}, but is not installed. Consider installing fontTools if you encounter encoding problems.
fontTools is required to fully parse the encoding of a CFF Type1 font in font dictionary {'/BaseFont': '/KCDHLO+NewCenturySchlbk-Italic', '/Encoding': '/WinAnsiEncoding', '/FirstChar': 32, '/FontDescriptor': IndirectObject(651, 0, 127413366970880), '/LastChar': 146, '/Subtype': '/Type1', '/Type': '/Font', '/Widths': [278, 0, 0, 0, 0, 0, 0, 0, 0, 0, 0, 0, 278, 333, 278, 606, 556, 556, 556, 556, 556, 556, 556, 556, 556, 556, 278, 0, 0, 0, 0, 0, 747, 704, 722, 722, 778, 722, 667, 778, 833, 407, 611, 741, 667, 944, 815, 778, 667, 0, 741, 667, 685, 815, 704, 926, 0, 685, 0, 0, 0, 0, 0, 0, 0, 574, 556, 444, 611, 444, 333, 537, 611, 333, 0, 556, 333, 889, 611, 500, 574, 556, 444, 444, 352, 611, 519, 778, 0, 500, 0, 0, 0, 0, 0, 0, 0, 0, 0, 0, 0, 0, 0, 0, 0, 0, 0, 0, 0, 0, 0, 0, 0, 0, 204]}, but is not installed. Consider installing fontTools if you encounter encoding problems.
fontTools is required to fully parse the encoding of a CFF Type1 font in font dictionary {'/BaseFont': '/KCDHLO+NewCenturySchlbk-Italic', '/Encoding': '/WinAnsiEncoding', '/FirstChar': 32, '/FontDescriptor': IndirectObject(651, 0, 127413366970880), '/LastChar': 146, '/Subtype': '/Type1', '/Type': '/Font', '/Widths': [278, 0, 0, 0, 0, 0, 0, 0, 0, 0, 0, 0, 278, 333, 278, 606, 556, 556, 556, 556, 556, 556, 556, 556, 556, 556, 278, 0, 0, 0, 0, 0, 747, 704, 722, 722, 778, 722, 667, 778, 833, 407, 611, 741, 667, 944, 815, 778, 667, 0, 741, 667, 685, 815, 704, 926, 0, 685, 0, 0, 0, 0, 0, 0, 0, 574, 556, 444, 611, 444, 333, 537, 611, 333, 0, 556, 333, 889, 611, 500, 574, 556, 444, 444, 352, 611, 519, 778, 0, 500, 0, 0, 0, 0, 0, 0, 0, 0, 0, 0, 0, 0, 0, 0, 0, 0, 0, 0, 0, 0, 0, 0, 0, 0, 204]}, but is not installed. Consider installing fontTools if you encounter encoding problems.
fontTools is required to fully parse the encoding of a CFF Type1 font in font dictionary {'/BaseFont': '/KCDHLP+NewCenturySchlbk-Roman', '/Encoding': IndirectObject(653, 0, 127413366970880), '/FirstChar': 30, '/FontDescriptor': IndirectObject(654, 0, 127413366970880), '/LastChar': 176, '/Subtype': '/Type1', '/Type': '/Font', '/Widths': [611, 611, 278, 0, 0, 0, 556, 833, 0, 0, 333, 333, 500, 606, 278, 333, 278, 278, 556, 556, 556, 556, 556, 556, 556, 556, 556, 556, 278, 278, 0, 0, 0, 0, 0, 722, 722, 722, 778, 722, 667, 778, 833, 407, 556, 778, 667, 944, 815, 778, 667, 778, 722, 630, 667, 815, 722, 981, 704, 704, 611, 333, 0, 333, 0, 0, 0, 556, 556, 444, 574, 500, 333, 537, 611, 315, 296, 593, 315, 889, 611, 500, 574, 556, 444, 463, 389, 611, 537, 778, 537, 537, 481, 0, 0, 0, 0, 606, 0, 606, 0, 0, 0, 0, 0, 0, 0, 0, 0, 0, 0, 606, 0, 606, 606, 204, 204, 389, 389, 606, 556, 1000, 0, 0, 0, 0, 0, 606, 0, 0, 278, 0, 0, 0, 0, 0, 0, 500, 0, 0, 0, 0, 0, 333, 0, 0, 400]}, but is not installed. Consider installing fontTools if you encounter encoding problems.
fontTools is required to fully parse the encoding of a CFF Type1 font in font dictionary {'/BaseFont': '/KCDHNC+NewCenturySchlbk-Bold', '/Encoding': '/WinAnsiEncoding', '/FirstChar': 32, '/FontDescriptor': IndirectObject(656, 0, 127413366970880), '/LastChar': 146, '/Subtype': '/Type1', '/Type': '/Font', '/Widths': [287, 0, 0, 0, 0, 0, 0, 0, 0, 0, 0, 0, 278, 333, 278, 278, 574, 574, 0, 574, 574, 0, 0, 574, 0, 574, 278, 0, 0, 0, 0, 0, 0, 759, 778, 778, 833, 759, 722, 833, 870, 444, 0, 815, 722, 981, 833, 833, 759, 0, 815, 667, 722, 833, 759, 981, 722, 722, 667, 0, 0, 0, 0, 0, 0, 611, 648, 556, 667, 574, 389, 611, 685, 370, 352, 0, 352, 963, 685, 611, 667, 0, 519, 500, 426, 685, 611, 889, 611, 611, 537, 0, 0, 0, 0, 0, 0, 0, 0, 0, 0, 0, 0, 0, 0, 0, 0, 0, 0, 0, 0, 0, 0, 0, 241]}, but is not installed. Consider installing fontTools if you encounter encoding problems.
fontTools is required to fully parse the encoding of a CFF Type1 font in font dictionary {'/BaseFont': '/KCDHLO+NewCenturySchlbk-Italic', '/Encoding': '/WinAnsiEncoding', '/FirstChar': 32, '/FontDescriptor': IndirectObject(651, 0, 127413366970880), '/LastChar': 146, '/Subtype': '/Type1', '/Type': '/Font', '/Widths': [278, 0, 0, 0, 0, 0, 0, 0, 0, 0, 0, 0, 278, 333, 278, 606, 556, 556, 556, 556, 556, 556, 556, 556, 556, 556, 278, 0, 0, 0, 0, 0, 747, 704, 722, 722, 778, 722, 667, 778, 833, 407, 611, 741, 667, 944, 815, 778, 667, 0, 741, 667, 685, 815, 704, 926, 0, 685, 0, 0, 0, 0, 0, 0, 0, 574, 556, 444, 611, 444, 333, 537, 611, 333, 0, 556, 333, 889, 611, 500, 574, 556, 444, 444, 352, 611, 519, 778, 0, 500, 0, 0, 0, 0, 0, 0, 0, 0, 0, 0, 0, 0, 0, 0, 0, 0, 0, 0, 0, 0, 0, 0, 0, 0, 204]}, but is not installed. Consider installing fontTools if you encounter encoding problems.
fontTools is required to fully parse the encoding of a CFF Type1 font in font dictionary {'/BaseFont': '/KCDHLP+NewCenturySchlbk-Roman', '/Encoding': IndirectObject(653, 0, 127413366970880), '/FirstChar': 30, '/FontDescriptor': IndirectObject(654, 0, 127413366970880), '/LastChar': 176, '/Subtype': '/Type1', '/Type': '/Font', '/Widths': [611, 611, 278, 0, 0, 0, 556, 833, 0, 0, 333, 333, 500, 606, 278, 333, 278, 278, 556, 556, 556, 556, 556, 556, 556, 556, 556, 556, 278, 278, 0, 0, 0, 0, 0, 722, 722, 722, 778, 722, 667, 778, 833, 407, 556, 778, 667, 944, 815, 778, 667, 778, 722, 630, 667, 815, 722, 981, 704, 704, 611, 333, 0, 333, 0, 0, 0, 556, 556, 444, 574, 500, 333, 537, 611, 315, 296, 593, 315, 889, 611, 500, 574, 556, 444, 463, 389, 611, 537, 778, 537, 537, 481, 0, 0, 0, 0, 606, 0, 606, 0, 0, 0, 0, 0, 0, 0, 0, 0, 0, 0, 606, 0, 606, 606, 204, 204, 389, 389, 606, 556, 1000, 0, 0, 0, 0, 0, 606, 0, 0, 278, 0, 0, 0, 0, 0, 0, 500, 0, 0, 0, 0, 0, 333, 0, 0, 400]}, but is not installed. Consider installing fontTools if you encounter encoding problems.
fontTools is required to fully parse the encoding of a CFF Type1 font in font dictionary {'/BaseFont': '/KCDHLO+NewCenturySchlbk-Italic', '/Encoding': '/WinAnsiEncoding', '/FirstChar': 32, '/FontDescriptor': IndirectObject(651, 0, 127413366970880), '/LastChar': 146, '/Subtype': '/Type1', '/Type': '/Font', '/Widths': [278, 0, 0, 0, 0, 0, 0, 0, 0, 0, 0, 0, 278, 333, 278, 606, 556, 556, 556, 556, 556, 556, 556, 556, 556, 556, 278, 0, 0, 0, 0, 0, 747, 704, 722, 722, 778, 722, 667, 778, 833, 407, 611, 741, 667, 944, 815, 778, 667, 0, 741, 667, 685, 815, 704, 926, 0, 685, 0, 0, 0, 0, 0, 0, 0, 574, 556, 444, 611, 444, 333, 537, 611, 333, 0, 556, 333, 889, 611, 500, 574, 556, 444, 444, 352, 611, 519, 778, 0, 500, 0, 0, 0, 0, 0, 0, 0, 0, 0, 0, 0, 0, 0, 0, 0, 0, 0, 0, 0, 0, 0, 0, 0, 0, 204]}, but is not installed. Consider installing fontTools if you encounter encoding problems.
fontTools is required to fully parse the encoding of a CFF Type1 font in font dictionary {'/BaseFont': '/KCDHLP+NewCenturySchlbk-Roman', '/Encoding': IndirectObject(653, 0, 127413366970880), '/FirstChar': 30, '/FontDescriptor': IndirectObject(654, 0, 127413366970880), '/LastChar': 176, '/Subtype': '/Type1', '/Type': '/Font', '/Widths': [611, 611, 278, 0, 0, 0, 556, 833, 0, 0, 333, 333, 500, 606, 278, 333, 278, 278, 556, 556, 556, 556, 556, 556, 556, 556, 556, 556, 278, 278, 0, 0, 0, 0, 0, 722, 722, 722, 778, 722, 667, 778, 833, 407, 556, 778, 667, 944, 815, 778, 667, 778, 722, 630, 667, 815, 722, 981, 704, 704, 611, 333, 0, 333, 0, 0, 0, 556, 556, 444, 574, 500, 333, 537, 611, 315, 296, 593, 315, 889, 611, 500, 574, 556, 444, 463, 389, 611, 537, 778, 537, 537, 481, 0, 0, 0, 0, 606, 0, 606, 0, 0, 0, 0, 0, 0, 0, 0, 0, 0, 0, 606, 0, 606, 606, 204, 204, 389, 389, 606, 556, 1000, 0, 0, 0, 0, 0, 606, 0, 0, 278, 0, 0, 0, 0, 0, 0, 500, 0, 0, 0, 0, 0, 333, 0, 0, 400]}, but is not installed. Consider installing fontTools if you encounter encoding problems.
fontTools is required to fully parse the encoding of a CFF Type1 font in font dictionary {'/BaseFont': '/KCDHLO+NewCenturySchlbk-Italic', '/Encoding': '/WinAnsiEncoding', '/FirstChar': 32, '/FontDescriptor': IndirectObject(651, 0, 127413366970880), '/LastChar': 146, '/Subtype': '/Type1', '/Type': '/Font', '/Widths': [278, 0, 0, 0, 0, 0, 0, 0, 0, 0, 0, 0, 278, 333, 278, 606, 556, 556, 556, 556, 556, 556, 556, 556, 556, 556, 278, 0, 0, 0, 0, 0, 747, 704, 722, 722, 778, 722, 667, 778, 833, 407, 611, 741, 667, 944, 815, 778, 667, 0, 741, 667, 685, 815, 704, 926, 0, 685, 0, 0, 0, 0, 0, 0, 0, 574, 556, 444, 611, 444, 333, 537, 611, 333, 0, 556, 333, 889, 611, 500, 574, 556, 444, 444, 352, 611, 519, 778, 0, 500, 0, 0, 0, 0, 0, 0, 0, 0, 0, 0, 0, 0, 0, 0, 0, 0, 0, 0, 0, 0, 0, 0, 0, 0, 204]}, but is not installed. Consider installing fontTools if you encounter encoding problems.
fontTools is required to fully parse the encoding of a CFF Type1 font in font dictionary {'/BaseFont': '/KCDHLP+NewCenturySchlbk-Roman', '/Encoding': IndirectObject(653, 0, 127413366970880), '/FirstChar': 30, '/FontDescriptor': IndirectObject(654, 0, 127413366970880), '/LastChar': 176, '/Subtype': '/Type1', '/Type': '/Font', '/Widths': [611, 611, 278, 0, 0, 0, 556, 833, 0, 0, 333, 333, 500, 606, 278, 333, 278, 278, 556, 556, 556, 556, 556, 556, 556, 556, 556, 556, 278, 278, 0, 0, 0, 0, 0, 722, 722, 722, 778, 722, 667, 778, 833, 407, 556, 778, 667, 944, 815, 778, 667, 778, 722, 630, 667, 815, 722, 981, 704, 704, 611, 333, 0, 333, 0, 0, 0, 556, 556, 444, 574, 500, 333, 537, 611, 315, 296, 593, 315, 889, 611, 500, 574, 556, 444, 463, 389, 611, 537, 778, 537, 537, 481, 0, 0, 0, 0, 606, 0, 606, 0, 0, 0, 0, 0, 0, 0, 0, 0, 0, 0, 606, 0, 606, 606, 204, 204, 389, 389, 606, 556, 1000, 0, 0, 0, 0, 0, 606, 0, 0, 278, 0, 0, 0, 0, 0, 0, 500, 0, 0, 0, 0, 0, 333, 0, 0, 400]}, but is not installed. Consider installing fontTools if you encounter encoding problems.
fontTools is required to fully parse the encoding of a CFF Type1 font in font dictionary {'/BaseFont': '/KCDHNC+NewCenturySchlbk-Bold', '/Encoding': '/WinAnsiEncoding', '/FirstChar': 32, '/FontDescriptor': IndirectObject(656, 0, 127413366970880), '/LastChar': 146, '/Subtype': '/Type1', '/Type': '/Font', '/Widths': [287, 0, 0, 0, 0, 0, 0, 0, 0, 0, 0, 0, 278, 333, 278, 278, 574, 574, 0, 574, 574, 0, 0, 574, 0, 574, 278, 0, 0, 0, 0, 0, 0, 759, 778, 778, 833, 759, 722, 833, 870, 444, 0, 815, 722, 981, 833, 833, 759, 0, 815, 667, 722, 833, 759, 981, 722, 722, 667, 0, 0, 0, 0, 0, 0, 611, 648, 556, 667, 574, 389, 611, 685, 370, 352, 0, 352, 963, 685, 611, 667, 0, 519, 500, 426, 685, 611, 889, 611, 611, 537, 0, 0, 0, 0, 0, 0, 0, 0, 0, 0, 0, 0, 0, 0, 0, 0, 0, 0, 0, 0, 0, 0, 0, 241]}, but is not installed. Consider installing fontTools if you encounter encoding problems.
fontTools is required to fully parse the encoding of a CFF Type1 font in font dictionary {'/BaseFont': '/KCDHLP+NewCenturySchlbk-Roman', '/Encoding': IndirectObject(653, 0, 127413366970880), '/FirstChar': 30, '/FontDescriptor': IndirectObject(654, 0, 127413366970880), '/LastChar': 176, '/Subtype': '/Type1', '/Type': '/Font', '/Widths': [611, 611, 278, 0, 0, 0, 556, 833, 0, 0, 333, 333, 500, 606, 278, 333, 278, 278, 556, 556, 556, 556, 556, 556, 556, 556, 556, 556, 278, 278, 0, 0, 0, 0, 0, 722, 722, 722, 778, 722, 667, 778, 833, 407, 556, 778, 667, 944, 815, 778, 667, 778, 722, 630, 667, 815, 722, 981, 704, 704, 611, 333, 0, 333, 0, 0, 0, 556, 556, 444, 574, 500, 333, 537, 611, 315, 296, 593, 315, 889, 611, 500, 574, 556, 444, 463, 389, 611, 537, 778, 537, 537, 481, 0, 0, 0, 0, 606, 0, 606, 0, 0, 0, 0, 0, 0, 0, 0, 0, 0, 0, 606, 0, 606, 606, 204, 204, 389, 389, 606, 556, 1000, 0, 0, 0, 0, 0, 606, 0, 0, 278, 0, 0, 0, 0, 0, 0, 500, 0, 0, 0, 0, 0, 333, 0, 0, 400]}, but is not installed. Consider installing fontTools if you encounter encoding problems.
fontTools is required to fully parse the encoding of a CFF Type1 font in font dictionary {'/BaseFont': '/KCDHNC+NewCenturySchlbk-Bold', '/Encoding': '/WinAnsiEncoding', '/FirstChar': 32, '/FontDescriptor': IndirectObject(656, 0, 127413366970880), '/LastChar': 146, '/Subtype': '/Type1', '/Type': '/Font', '/Widths': [287, 0, 0, 0, 0, 0, 0, 0, 0, 0, 0, 0, 278, 333, 278, 278, 574, 574, 0, 574, 574, 0, 0, 574, 0, 574, 278, 0, 0, 0, 0, 0, 0, 759, 778, 778, 833, 759, 722, 833, 870, 444, 0, 815, 722, 981, 833, 833, 759, 0, 815, 667, 722, 833, 759, 981, 722, 722, 667, 0, 0, 0, 0, 0, 0, 611, 648, 556, 667, 574, 389, 611, 685, 370, 352, 0, 352, 963, 685, 611, 667, 0, 519, 500, 426, 685, 611, 889, 611, 611, 537, 0, 0, 0, 0, 0, 0, 0, 0, 0, 0, 0, 0, 0, 0, 0, 0, 0, 0, 0, 0, 0, 0, 0, 241]}, but is not installed. Consider installing fontTools if you encounter encoding problems.
fontTools is required to fully parse the encoding of a CFF Type1 font in font dictionary {'/BaseFont': '/KCDHLO+NewCenturySchlbk-Italic', '/Encoding': '/WinAnsiEncoding', '/FirstChar': 32, '/FontDescriptor': IndirectObject(651, 0, 127413366970880), '/LastChar': 146, '/Subtype': '/Type1', '/Type': '/Font', '/Widths': [278, 0, 0, 0, 0, 0, 0, 0, 0, 0, 0, 0, 278, 333, 278, 606, 556, 556, 556, 556, 556, 556, 556, 556, 556, 556, 278, 0, 0, 0, 0, 0, 747, 704, 722, 722, 778, 722, 667, 778, 833, 407, 611, 741, 667, 944, 815, 778, 667, 0, 741, 667, 685, 815, 704, 926, 0, 685, 0, 0, 0, 0, 0, 0, 0, 574, 556, 444, 611, 444, 333, 537, 611, 333, 0, 556, 333, 889, 611, 500, 574, 556, 444, 444, 352, 611, 519, 778, 0, 500, 0, 0, 0, 0, 0, 0, 0, 0, 0, 0, 0, 0, 0, 0, 0, 0, 0, 0, 0, 0, 0, 0, 0, 0, 204]}, but is not installed. Consider installing fontTools if you encounter encoding problems.
fontTools is required to fully parse the encoding of a CFF Type1 font in font dictionary {'/BaseFont': '/KCDHLP+NewCenturySchlbk-Roman', '/Encoding': IndirectObject(653, 0, 127413366970880), '/FirstChar': 30, '/FontDescriptor': IndirectObject(654, 0, 127413366970880), '/LastChar': 176, '/Subtype': '/Type1', '/Type': '/Font', '/Widths': [611, 611, 278, 0, 0, 0, 556, 833, 0, 0, 333, 333, 500, 606, 278, 333, 278, 278, 556, 556, 556, 556, 556, 556, 556, 556, 556, 556, 278, 278, 0, 0, 0, 0, 0, 722, 722, 722, 778, 722, 667, 778, 833, 407, 556, 778, 667, 944, 815, 778, 667, 778, 722, 630, 667, 815, 722, 981, 704, 704, 611, 333, 0, 333, 0, 0, 0, 556, 556, 444, 574, 500, 333, 537, 611, 315, 296, 593, 315, 889, 611, 500, 574, 556, 444, 463, 389, 611, 537, 778, 537, 537, 481, 0, 0, 0, 0, 606, 0, 606, 0, 0, 0, 0, 0, 0, 0, 0, 0, 0, 0, 606, 0, 606, 606, 204, 204, 389, 389, 606, 556, 1000, 0, 0, 0, 0, 0, 606, 0, 0, 278, 0, 0, 0, 0, 0, 0, 500, 0, 0, 0, 0, 0, 333, 0, 0, 400]}, but is not installed. Consider installing fontTools if you encounter encoding problems.
fontTools is required to fully parse the encoding of a CFF Type1 font in font dictionary {'/BaseFont': '/KCDHNC+NewCenturySchlbk-Bold', '/Encoding': '/WinAnsiEncoding', '/FirstChar': 32, '/FontDescriptor': IndirectObject(656, 0, 127413366970880), '/LastChar': 146, '/Subtype': '/Type1', '/Type': '/Font', '/Widths': [287, 0, 0, 0, 0, 0, 0, 0, 0, 0, 0, 0, 278, 333, 278, 278, 574, 574, 0, 574, 574, 0, 0, 574, 0, 574, 278, 0, 0, 0, 0, 0, 0, 759, 778, 778, 833, 759, 722, 833, 870, 444, 0, 815, 722, 981, 833, 833, 759, 0, 815, 667, 722, 833, 759, 981, 722, 722, 667, 0, 0, 0, 0, 0, 0, 611, 648, 556, 667, 574, 389, 611, 685, 370, 352, 0, 352, 963, 685, 611, 667, 0, 519, 500, 426, 685, 611, 889, 611, 611, 537, 0, 0, 0, 0, 0, 0, 0, 0, 0, 0, 0, 0, 0, 0, 0, 0, 0, 0, 0, 0, 0, 0, 0, 241]}, but is not installed. Consider installing fontTools if you encounter encoding problems.
fontTools is required to fully parse the encoding of a CFF Type1 font in font dictionary {'/BaseFont': '/KCDHLO+NewCenturySchlbk-Italic', '/Encoding': '/WinAnsiEncoding', '/FirstChar': 32, '/FontDescriptor': IndirectObject(651, 0, 127413366970880), '/LastChar': 146, '/Subtype': '/Type1', '/Type': '/Font', '/Widths': [278, 0, 0, 0, 0, 0, 0, 0, 0, 0, 0, 0, 278, 333, 278, 606, 556, 556, 556, 556, 556, 556, 556, 556, 556, 556, 278, 0, 0, 0, 0, 0, 747, 704, 722, 722, 778, 722, 667, 778, 833, 407, 611, 741, 667, 944, 815, 778, 667, 0, 741, 667, 685, 815, 704, 926, 0, 685, 0, 0, 0, 0, 0, 0, 0, 574, 556, 444, 611, 444, 333, 537, 611, 333, 0, 556, 333, 889, 611, 500, 574, 556, 444, 444, 352, 611, 519, 778, 0, 500, 0, 0, 0, 0, 0, 0, 0, 0, 0, 0, 0, 0, 0, 0, 0, 0, 0, 0, 0, 0, 0, 0, 0, 0, 204]}, but is not installed. Consider installing fontTools if you encounter encoding problems.
fontTools is required to fully parse the encoding of a CFF Type1 font in font dictionary {'/BaseFont': '/KCDHLP+NewCenturySchlbk-Roman', '/Encoding': IndirectObject(653, 0, 127413366970880), '/FirstChar': 30, '/FontDescriptor': IndirectObject(654, 0, 127413366970880), '/LastChar': 176, '/Subtype': '/Type1', '/Type': '/Font', '/Widths': [611, 611, 278, 0, 0, 0, 556, 833, 0, 0, 333, 333, 500, 606, 278, 333, 278, 278, 556, 556, 556, 556, 556, 556, 556, 556, 556, 556, 278, 278, 0, 0, 0, 0, 0, 722, 722, 722, 778, 722, 667, 778, 833, 407, 556, 778, 667, 944, 815, 778, 667, 778, 722, 630, 667, 815, 722, 981, 704, 704, 611, 333, 0, 333, 0, 0, 0, 556, 556, 444, 574, 500, 333, 537, 611, 315, 296, 593, 315, 889, 611, 500, 574, 556, 444, 463, 389, 611, 537, 778, 537, 537, 481, 0, 0, 0, 0, 606, 0, 606, 0, 0, 0, 0, 0, 0, 0, 0, 0, 0, 0, 606, 0, 606, 606, 204, 204, 389, 389, 606, 556, 1000, 0, 0, 0, 0, 0, 606, 0, 0, 278, 0, 0, 0, 0, 0, 0, 500, 0, 0, 0, 0, 0, 333, 0, 0, 400]}, but is not installed. Consider installing fontTools if you encounter encoding problems.
fontTools is required to fully parse the encoding of a CFF Type1 font in font dictionary {'/BaseFont': '/KCDHLO+NewCenturySchlbk-Italic', '/Encoding': '/WinAnsiEncoding', '/FirstChar': 32, '/FontDescriptor': IndirectObject(651, 0, 127413366970880), '/LastChar': 146, '/Subtype': '/Type1', '/Type': '/Font', '/Widths': [278, 0, 0, 0, 0, 0, 0, 0, 0, 0, 0, 0, 278, 333, 278, 606, 556, 556, 556, 556, 556, 556, 556, 556, 556, 556, 278, 0, 0, 0, 0, 0, 747, 704, 722, 722, 778, 722, 667, 778, 833, 407, 611, 741, 667, 944, 815, 778, 667, 0, 741, 667, 685, 815, 704, 926, 0, 685, 0, 0, 0, 0, 0, 0, 0, 574, 556, 444, 611, 444, 333, 537, 611, 333, 0, 556, 333, 889, 611, 500, 574, 556, 444, 444, 352, 611, 519, 778, 0, 500, 0, 0, 0, 0, 0, 0, 0, 0, 0, 0, 0, 0, 0, 0, 0, 0, 0, 0, 0, 0, 0, 0, 0, 0, 204]}, but is not installed. Consider installing fontTools if you encounter encoding problems.
fontTools is required to fully parse the encoding of a CFF Type1 font in font dictionary {'/BaseFont': '/KCDHLP+NewCenturySchlbk-Roman', '/Encoding': IndirectObject(653, 0, 127413366970880), '/FirstChar': 30, '/FontDescriptor': IndirectObject(654, 0, 127413366970880), '/LastChar': 176, '/Subtype': '/Type1', '/Type': '/Font', '/Widths': [611, 611, 278, 0, 0, 0, 556, 833, 0, 0, 333, 333, 500, 606, 278, 333, 278, 278, 556, 556, 556, 556, 556, 556, 556, 556, 556, 556, 278, 278, 0, 0, 0, 0, 0, 722, 722, 722, 778, 722, 667, 778, 833, 407, 556, 778, 667, 944, 815, 778, 667, 778, 722, 630, 667, 815, 722, 981, 704, 704, 611, 333, 0, 333, 0, 0, 0, 556, 556, 444, 574, 500, 333, 537, 611, 315, 296, 593, 315, 889, 611, 500, 574, 556, 444, 463, 389, 611, 537, 778, 537, 537, 481, 0, 0, 0, 0, 606, 0, 606, 0, 0, 0, 0, 0, 0, 0, 0, 0, 0, 0, 606, 0, 606, 606, 204, 204, 389, 389, 606, 556, 1000, 0, 0, 0, 0, 0, 606, 0, 0, 278, 0, 0, 0, 0, 0, 0, 500, 0, 0, 0, 0, 0, 333, 0, 0, 400]}, but is not installed. Consider installing fontTools if you encounter encoding problems.
fontTools is required to fully parse the encoding of a CFF Type1 font in font dictionary {'/BaseFont': '/KCDHNC+NewCenturySchlbk-Bold', '/Encoding': '/WinAnsiEncoding', '/FirstChar': 32, '/FontDescriptor': IndirectObject(656, 0, 127413366970880), '/LastChar': 146, '/Subtype': '/Type1', '/Type': '/Font', '/Widths': [287, 0, 0, 0, 0, 0, 0, 0, 0, 0, 0, 0, 278, 333, 278, 278, 574, 574, 0, 574, 574, 0, 0, 574, 0, 574, 278, 0, 0, 0, 0, 0, 0, 759, 778, 778, 833, 759, 722, 833, 870, 444, 0, 815, 722, 981, 833, 833, 759, 0, 815, 667, 722, 833, 759, 981, 722, 722, 667, 0, 0, 0, 0, 0, 0, 611, 648, 556, 667, 574, 389, 611, 685, 370, 352, 0, 352, 963, 685, 611, 667, 0, 519, 500, 426, 685, 611, 889, 611, 611, 537, 0, 0, 0, 0, 0, 0, 0, 0, 0, 0, 0, 0, 0, 0, 0, 0, 0, 0, 0, 0, 0, 0, 0, 241]}, but is not installed. Consider installing fontTools if you encounter encoding problems.
fontTools is required to fully parse the encoding of a CFF Type1 font in font dictionary {'/BaseFont': '/KCDHLO+NewCenturySchlbk-Italic', '/Encoding': '/WinAnsiEncoding', '/FirstChar': 32, '/FontDescriptor': IndirectObject(651, 0, 127413366970880), '/LastChar': 146, '/Subtype': '/Type1', '/Type': '/Font', '/Widths': [278, 0, 0, 0, 0, 0, 0, 0, 0, 0, 0, 0, 278, 333, 278, 606, 556, 556, 556, 556, 556, 556, 556, 556, 556, 556, 278, 0, 0, 0, 0, 0, 747, 704, 722, 722, 778, 722, 667, 778, 833, 407, 611, 741, 667, 944, 815, 778, 667, 0, 741, 667, 685, 815, 704, 926, 0, 685, 0, 0, 0, 0, 0, 0, 0, 574, 556, 444, 611, 444, 333, 537, 611, 333, 0, 556, 333, 889, 611, 500, 574, 556, 444, 444, 352, 611, 519, 778, 0, 500, 0, 0, 0, 0, 0, 0, 0, 0, 0, 0, 0, 0, 0, 0, 0, 0, 0, 0, 0, 0, 0, 0, 0, 0, 204]}, but is not installed. Consider installing fontTools if you encounter encoding problems.
fontTools is required to fully parse the encoding of a CFF Type1 font in font dictionary {'/BaseFont': '/KCDHLO+NewCenturySchlbk-Italic', '/Encoding': '/WinAnsiEncoding', '/FirstChar': 32, '/FontDescriptor': IndirectObject(651, 0, 127413366970880), '/LastChar': 146, '/Subtype': '/Type1', '/Type': '/Font', '/Widths': [278, 0, 0, 0, 0, 0, 0, 0, 0, 0, 0, 0, 278, 333, 278, 606, 556, 556, 556, 556, 556, 556, 556, 556, 556, 556, 278, 0, 0, 0, 0, 0, 747, 704, 722, 722, 778, 722, 667, 778, 833, 407, 611, 741, 667, 944, 815, 778, 667, 0, 741, 667, 685, 815, 704, 926, 0, 685, 0, 0, 0, 0, 0, 0, 0, 574, 556, 444, 611, 444, 333, 537, 611, 333, 0, 556, 333, 889, 611, 500, 574, 556, 444, 444, 352, 611, 519, 778, 0, 500, 0, 0, 0, 0, 0, 0, 0, 0, 0, 0, 0, 0, 0, 0, 0, 0, 0, 0, 0, 0, 0, 0, 0, 0, 204]}, but is not installed. Consider installing fontTools if you encounter encoding problems.
fontTools is required to fully parse the encoding of a CFF Type1 font in font dictionary {'/BaseFont': '/KCDHLP+NewCenturySchlbk-Roman', '/Encoding': IndirectObject(653, 0, 127413366970880), '/FirstChar': 30, '/FontDescriptor': IndirectObject(654, 0, 127413366970880), '/LastChar': 176, '/Subtype': '/Type1', '/Type': '/Font', '/Widths': [611, 611, 278, 0, 0, 0, 556, 833, 0, 0, 333, 333, 500, 606, 278, 333, 278, 278, 556, 556, 556, 556, 556, 556, 556, 556, 556, 556, 278, 278, 0, 0, 0, 0, 0, 722, 722, 722, 778, 722, 667, 778, 833, 407, 556, 778, 667, 944, 815, 778, 667, 778, 722, 630, 667, 815, 722, 981, 704, 704, 611, 333, 0, 333, 0, 0, 0, 556, 556, 444, 574, 500, 333, 537, 611, 315, 296, 593, 315, 889, 611, 500, 574, 556, 444, 463, 389, 611, 537, 778, 537, 537, 481, 0, 0, 0, 0, 606, 0, 606, 0, 0, 0, 0, 0, 0, 0, 0, 0, 0, 0, 606, 0, 606, 606, 204, 204, 389, 389, 606, 556, 1000, 0, 0, 0, 0, 0, 606, 0, 0, 278, 0, 0, 0, 0, 0, 0, 500, 0, 0, 0, 0, 0, 333, 0, 0, 400]}, but is not installed. Consider installing fontTools if you encounter encoding problems.
fontTools is required to fully parse the encoding of a CFF Type1 font in font dictionary {'/BaseFont': '/KCDHLO+NewCenturySchlbk-Italic', '/Encoding': '/WinAnsiEncoding', '/FirstChar': 32, '/FontDescriptor': IndirectObject(651, 0, 127413366970880), '/LastChar': 146, '/Subtype': '/Type1', '/Type': '/Font', '/Widths': [278, 0, 0, 0, 0, 0, 0, 0, 0, 0, 0, 0, 278, 333, 278, 606, 556, 556, 556, 556, 556, 556, 556, 556, 556, 556, 278, 0, 0, 0, 0, 0, 747, 704, 722, 722, 778, 722, 667, 778, 833, 407, 611, 741, 667, 944, 815, 778, 667, 0, 741, 667, 685, 815, 704, 926, 0, 685, 0, 0, 0, 0, 0, 0, 0, 574, 556, 444, 611, 444, 333, 537, 611, 333, 0, 556, 333, 889, 611, 500, 574, 556, 444, 444, 352, 611, 519, 778, 0, 500, 0, 0, 0, 0, 0, 0, 0, 0, 0, 0, 0, 0, 0, 0, 0, 0, 0, 0, 0, 0, 0, 0, 0, 0, 204]}, but is not installed. Consider installing fontTools if you encounter encoding problems.
fontTools is required to fully parse the encoding of a CFF Type1 font in font dictionary {'/BaseFont': '/KCDHLP+NewCenturySchlbk-Roman', '/Encoding': IndirectObject(653, 0, 127413366970880), '/FirstChar': 30, '/FontDescriptor': IndirectObject(654, 0, 127413366970880), '/LastChar': 176, '/Subtype': '/Type1', '/Type': '/Font', '/Widths': [611, 611, 278, 0, 0, 0, 556, 833, 0, 0, 333, 333, 500, 606, 278, 333, 278, 278, 556, 556, 556, 556, 556, 556, 556, 556, 556, 556, 278, 278, 0, 0, 0, 0, 0, 722, 722, 722, 778, 722, 667, 778, 833, 407, 556, 778, 667, 944, 815, 778, 667, 778, 722, 630, 667, 815, 722, 981, 704, 704, 611, 333, 0, 333, 0, 0, 0, 556, 556, 444, 574, 500, 333, 537, 611, 315, 296, 593, 315, 889, 611, 500, 574, 556, 444, 463, 389, 611, 537, 778, 537, 537, 481, 0, 0, 0, 0, 606, 0, 606, 0, 0, 0, 0, 0, 0, 0, 0, 0, 0, 0, 606, 0, 606, 606, 204, 204, 389, 389, 606, 556, 1000, 0, 0, 0, 0, 0, 606, 0, 0, 278, 0, 0, 0, 0, 0, 0, 500, 0, 0, 0, 0, 0, 333, 0, 0, 400]}, but is not installed. Consider installing fontTools if you encounter encoding problems.
fontTools is required to fully parse the encoding of a CFF Type1 font in font dictionary {'/BaseFont': '/KCDHNC+NewCenturySchlbk-Bold', '/Encoding': '/WinAnsiEncoding', '/FirstChar': 32, '/FontDescriptor': IndirectObject(656, 0, 127413366970880), '/LastChar': 146, '/Subtype': '/Type1', '/Type': '/Font', '/Widths': [287, 0, 0, 0, 0, 0, 0, 0, 0, 0, 0, 0, 278, 333, 278, 278, 574, 574, 0, 574, 574, 0, 0, 574, 0, 574, 278, 0, 0, 0, 0, 0, 0, 759, 778, 778, 833, 759, 722, 833, 870, 444, 0, 815, 722, 981, 833, 833, 759, 0, 815, 667, 722, 833, 759, 981, 722, 722, 667, 0, 0, 0, 0, 0, 0, 611, 648, 556, 667, 574, 389, 611, 685, 370, 352, 0, 352, 963, 685, 611, 667, 0, 519, 500, 426, 685, 611, 889, 611, 611, 537, 0, 0, 0, 0, 0, 0, 0, 0, 0, 0, 0, 0, 0, 0, 0, 0, 0, 0, 0, 0, 0, 0, 0, 241]}, but is not installed. Consider installing fontTools if you encounter encoding problems.
fontTools is required to fully parse the encoding of a CFF Type1 font in font dictionary {'/BaseFont': '/KCDION+Helvetica', '/Encoding': '/WinAnsiEncoding', '/FirstChar': 32, '/FontDescriptor': IndirectObject(153, 0, 127413366970880), '/LastChar': 151, '/Subtype': '/Type1', '/Type': '/Font', '/Widths': [278, 0, 0, 0, 0, 0, 0, 0, 0, 0, 0, 0, 0, 333, 278, 278, 556, 556, 556, 556, 556, 556, 0, 556, 0, 0, 278, 0, 0, 0, 0, 0, 0, 0, 0, 0, 0, 0, 0, 778, 0, 0, 0, 0, 0, 0, 0, 778, 667, 0, 0, 667, 0, 722, 0, 0, 0, 0, 0, 0, 0, 0, 0, 0, 0, 0, 0, 0, 0, 0, 0, 0, 0, 0, 0, 0, 0, 0, 0, 0, 0, 0, 0, 0, 0, 0, 0, 0, 0, 0, 0, 0, 0, 0, 0, 0, 0, 0, 0, 0, 0, 0, 0, 0, 0, 0, 0, 0, 0, 0, 0, 0, 0, 0, 0, 0, 0, 0, 0, 1000]}, but is not installed. Consider installing fontTools if you encounter encoding problems.
q_480: complete
q_481: complete
q_482: complete
q_483: insufficient_evidence
q_484: complete
q_485: complete
q_486: complete
q_487: complete
q_488: complete
q_489: complete
q_490: complete
q_491: complete
q_492: complete
q_493: insufficient_evidence
q_494: complete
q_495: insufficient_evidence
q_496: complete
q_497: complete
q_498: complete
q_499: insufficient_evidence
q_500: complete
fontTools is required to fully parse the encoding of a CFF Type1 font in font dictionary {'/BaseFont': '/HMNBBD+NewCenturySchlbk-Roman', '/Encoding': '/WinAnsiEncoding', '/FirstChar': 32, '/FontDescriptor': IndirectObject(185, 0, 127413256229984), '/LastChar': 151, '/Subtype': '/Type1', '/Type': '/Font', '/Widths': [278, 0, 0, 0, 556, 0, 815, 0, 333, 333, 0, 0, 278, 333, 278, 278, 556, 556, 556, 556, 556, 556, 556, 556, 556, 556, 278, 278, 0, 0, 0, 444, 0, 722, 722, 722, 778, 722, 667, 778, 833, 407, 556, 778, 667, 944, 815, 778, 667, 778, 722, 630, 667, 815, 722, 981, 704, 704, 611, 333, 0, 333, 0, 0, 0, 556, 556, 444, 574, 500, 333, 537, 611, 315, 296, 593, 315, 889, 611, 500, 574, 556, 444, 463, 389, 611, 537, 778, 537, 537, 481, 0, 0, 0, 0, 0, 0, 0, 0, 0, 0, 0, 0, 0, 0, 0, 0, 0, 0, 0, 0, 0, 0, 204, 204, 0, 0, 0, 556, 1000]}, but is not installed. Consider installing fontTools if you encounter encoding problems.
fontTools is required to fully parse the encoding of a CFF Type1 font in font dictionary {'/BaseFont': '/HMNBCD+Cheltenham-Bold', '/Encoding': '/WinAnsiEncoding', '/FirstChar': 32, '/FontDescriptor': IndirectObject(197, 0, 127413256229984), '/LastChar': 90, '/Subtype': '/Type1', '/Type': '/Font', '/Widths': [280, 0, 0, 0, 0, 0, 0, 0, 0, 0, 0, 0, 0, 0, 280, 0, 0, 0, 0, 0, 0, 0, 0, 0, 0, 0, 0, 0, 0, 0, 0, 0, 0, 720, 0, 660, 0, 600, 540, 0, 780, 340, 0, 680, 0, 860, 700, 780, 640, 0, 680, 540, 620, 680, 0, 980, 0, 0, 600]}, but is not installed. Consider installing fontTools if you encounter encoding problems.
fontTools is required to fully parse the encoding of a CFF Type1 font in font dictionary {'/BaseFont': '/HMNBEF+NewCenturySchlbk-Italic', '/Encoding': '/WinAnsiEncoding', '/FirstChar': 32, '/FontDescriptor': IndirectObject(191, 0, 127413256229984), '/LastChar': 146, '/Subtype': '/Type1', '/Type': '/Font', '/Widths': [278, 0, 0, 0, 0, 0, 0, 0, 333, 333, 0, 0, 278, 333, 278, 606, 556, 556, 556, 556, 556, 556, 556, 556, 556, 556, 278, 0, 0, 606, 0, 444, 0, 704, 722, 722, 778, 722, 667, 778, 833, 407, 0, 741, 667, 944, 815, 778, 667, 0, 741, 667, 685, 815, 0, 926, 0, 685, 0, 0, 0, 0, 0, 0, 0, 574, 556, 444, 611, 444, 333, 537, 611, 333, 315, 556, 333, 889, 611, 500, 574, 556, 444, 444, 352, 611, 519, 778, 500, 500, 463, 0, 0, 0, 0, 0, 0, 0, 0, 0, 0, 0, 0, 0, 0, 0, 0, 0, 0, 0, 0, 0, 0, 0, 204]}, but is not installed. Consider installing fontTools if you encounter encoding problems.
fontTools is required to fully parse the encoding of a CFF Type1 font in font dictionary {'/BaseFont': '/HMNBBD+NewCenturySchlbk-Roman', '/Encoding': '/WinAnsiEncoding', '/FirstChar': 32, '/FontDescriptor': IndirectObject(185, 0, 127413256229984), '/LastChar': 151, '/Subtype': '/Type1', '/Type': '/Font', '/Widths': [278, 0, 0, 0, 556, 0, 815, 0, 333, 333, 0, 0, 278, 333, 278, 278, 556, 556, 556, 556, 556, 556, 556, 556, 556, 556, 278, 278, 0, 0, 0, 444, 0, 722, 722, 722, 778, 722, 667, 778, 833, 407, 556, 778, 667, 944, 815, 778, 667, 778, 722, 630, 667, 815, 722, 981, 704, 704, 611, 333, 0, 333, 0, 0, 0, 556, 556, 444, 574, 500, 333, 537, 611, 315, 296, 593, 315, 889, 611, 500, 574, 556, 444, 463, 389, 611, 537, 778, 537, 537, 481, 0, 0, 0, 0, 0, 0, 0, 0, 0, 0, 0, 0, 0, 0, 0, 0, 0, 0, 0, 0, 0, 0, 204, 204, 0, 0, 0, 556, 1000]}, but is not installed. Consider installing fontTools if you encounter encoding problems.
fontTools is required to fully parse the encoding of a CFF Type1 font in font dictionary {'/BaseFont': '/HMNBEF+NewCenturySchlbk-Italic', '/Encoding': '/WinAnsiEncoding', '/FirstChar': 32, '/FontDescriptor': IndirectObject(191, 0, 127413256229984), '/LastChar': 146, '/Subtype': '/Type1', '/Type': '/Font', '/Widths': [278, 0, 0, 0, 0, 0, 0, 0, 333, 333, 0, 0, 278, 333, 278, 606, 556, 556, 556, 556, 556, 556, 556, 556, 556, 556, 278, 0, 0, 606, 0, 444, 0, 704, 722, 722, 778, 722, 667, 778, 833, 407, 0, 741, 667, 944, 815, 778, 667, 0, 741, 667, 685, 815, 0, 926, 0, 685, 0, 0, 0, 0, 0, 0, 0, 574, 556, 444, 611, 444, 333, 537, 611, 333, 315, 556, 333, 889, 611, 500, 574, 556, 444, 444, 352, 611, 519, 778, 500, 500, 463, 0, 0, 0, 0, 0, 0, 0, 0, 0, 0, 0, 0, 0, 0, 0, 0, 0, 0, 0, 0, 0, 0, 0, 204]}, but is not installed. Consider installing fontTools if you encounter encoding problems.
fontTools is required to fully parse the encoding of a CFF Type1 font in font dictionary {'/BaseFont': '/HMNBBD+NewCenturySchlbk-Roman', '/Encoding': '/WinAnsiEncoding', '/FirstChar': 32, '/FontDescriptor': IndirectObject(185, 0, 127413256229984), '/LastChar': 151, '/Subtype': '/Type1', '/Type': '/Font', '/Widths': [278, 0, 0, 0, 556, 0, 815, 0, 333, 333, 0, 0, 278, 333, 278, 278, 556, 556, 556, 556, 556, 556, 556, 556, 556, 556, 278, 278, 0, 0, 0, 444, 0, 722, 722, 722, 778, 722, 667, 778, 833, 407, 556, 778, 667, 944, 815, 778, 667, 778, 722, 630, 667, 815, 722, 981, 704, 704, 611, 333, 0, 333, 0, 0, 0, 556, 556, 444, 574, 500, 333, 537, 611, 315, 296, 593, 315, 889, 611, 500, 574, 556, 444, 463, 389, 611, 537, 778, 537, 537, 481, 0, 0, 0, 0, 0, 0, 0, 0, 0, 0, 0, 0, 0, 0, 0, 0, 0, 0, 0, 0, 0, 0, 204, 204, 0, 0, 0, 556, 1000]}, but is not installed. Consider installing fontTools if you encounter encoding problems.
fontTools is required to fully parse the encoding of a CFF Type1 font in font dictionary {'/BaseFont': '/HMNBBD+NewCenturySchlbk-Roman', '/Encoding': '/WinAnsiEncoding', '/FirstChar': 32, '/FontDescriptor': IndirectObject(185, 0, 127413256229984), '/LastChar': 151, '/Subtype': '/Type1', '/Type': '/Font', '/Widths': [278, 0, 0, 0, 556, 0, 815, 0, 333, 333, 0, 0, 278, 333, 278, 278, 556, 556, 556, 556, 556, 556, 556, 556, 556, 556, 278, 278, 0, 0, 0, 444, 0, 722, 722, 722, 778, 722, 667, 778, 833, 407, 556, 778, 667, 944, 815, 778, 667, 778, 722, 630, 667, 815, 722, 981, 704, 704, 611, 333, 0, 333, 0, 0, 0, 556, 556, 444, 574, 500, 333, 537, 611, 315, 296, 593, 315, 889, 611, 500, 574, 556, 444, 463, 389, 611, 537, 778, 537, 537, 481, 0, 0, 0, 0, 0, 0, 0, 0, 0, 0, 0, 0, 0, 0, 0, 0, 0, 0, 0, 0, 0, 0, 204, 204, 0, 0, 0, 556, 1000]}, but is not installed. Consider installing fontTools if you encounter encoding problems.
fontTools is required to fully parse the encoding of a CFF Type1 font in font dictionary {'/BaseFont': '/HMNCCC+NewCenturySchlbk-Bold', '/Encoding': '/WinAnsiEncoding', '/FirstChar': 32, '/FontDescriptor': IndirectObject(151, 0, 127413256229984), '/LastChar': 151, '/Subtype': '/Type1', '/Type': '/Font', '/Widths': [287, 0, 0, 0, 0, 0, 0, 0, 0, 0, 0, 0, 278, 333, 278, 0, 574, 574, 574, 0, 0, 574, 0, 0, 574, 0, 0, 0, 0, 0, 0, 0, 0, 759, 778, 778, 833, 759, 722, 833, 870, 444, 648, 815, 722, 981, 833, 833, 759, 0, 815, 667, 722, 833, 759, 981, 722, 722, 667, 0, 0, 0, 0, 0, 0, 611, 648, 556, 667, 574, 389, 611, 685, 370, 352, 667, 352, 963, 685, 611, 667, 648, 519, 500, 426, 685, 611, 889, 611, 611, 537, 0, 0, 0, 0, 0, 0, 0, 0, 0, 0, 0, 0, 0, 0, 0, 0, 0, 0, 0, 0, 0, 0, 0, 241, 0, 0, 0, 0, 1000]}, but is not installed. Consider installing fontTools if you encounter encoding problems.
fontTools is required to fully parse the encoding of a CFF Type1 font in font dictionary {'/BaseFont': '/HMNBEF+NewCenturySchlbk-Italic', '/Encoding': '/WinAnsiEncoding', '/FirstChar': 32, '/FontDescriptor': IndirectObject(191, 0, 127413256229984), '/LastChar': 146, '/Subtype': '/Type1', '/Type': '/Font', '/Widths': [278, 0, 0, 0, 0, 0, 0, 0, 333, 333, 0, 0, 278, 333, 278, 606, 556, 556, 556, 556, 556, 556, 556, 556, 556, 556, 278, 0, 0, 606, 0, 444, 0, 704, 722, 722, 778, 722, 667, 778, 833, 407, 0, 741, 667, 944, 815, 778, 667, 0, 741, 667, 685, 815, 0, 926, 0, 685, 0, 0, 0, 0, 0, 0, 0, 574, 556, 444, 611, 444, 333, 537, 611, 333, 315, 556, 333, 889, 611, 500, 574, 556, 444, 444, 352, 611, 519, 778, 500, 500, 463, 0, 0, 0, 0, 0, 0, 0, 0, 0, 0, 0, 0, 0, 0, 0, 0, 0, 0, 0, 0, 0, 0, 0, 204]}, but is not installed. Consider installing fontTools if you encounter encoding problems.
fontTools is required to fully parse the encoding of a CFF Type1 font in font dictionary {'/BaseFont': '/HMNBBD+NewCenturySchlbk-Roman', '/Encoding': '/WinAnsiEncoding', '/FirstChar': 32, '/FontDescriptor': IndirectObject(185, 0, 127413256229984), '/LastChar': 151, '/Subtype': '/Type1', '/Type': '/Font', '/Widths': [278, 0, 0, 0, 556, 0, 815, 0, 333, 333, 0, 0, 278, 333, 278, 278, 556, 556, 556, 556, 556, 556, 556, 556, 556, 556, 278, 278, 0, 0, 0, 444, 0, 722, 722, 722, 778, 722, 667, 778, 833, 407, 556, 778, 667, 944, 815, 778, 667, 778, 722, 630, 667, 815, 722, 981, 704, 704, 611, 333, 0, 333, 0, 0, 0, 556, 556, 444, 574, 500, 333, 537, 611, 315, 296, 593, 315, 889, 611, 500, 574, 556, 444, 463, 389, 611, 537, 778, 537, 537, 481, 0, 0, 0, 0, 0, 0, 0, 0, 0, 0, 0, 0, 0, 0, 0, 0, 0, 0, 0, 0, 0, 0, 204, 204, 0, 0, 0, 556, 1000]}, but is not installed. Consider installing fontTools if you encounter encoding problems.
fontTools is required to fully parse the encoding of a CFF Type1 font in font dictionary {'/BaseFont': '/HMNBEF+NewCenturySchlbk-Italic', '/Encoding': '/WinAnsiEncoding', '/FirstChar': 32, '/FontDescriptor': IndirectObject(191, 0, 127413256229984), '/LastChar': 146, '/Subtype': '/Type1', '/Type': '/Font', '/Widths': [278, 0, 0, 0, 0, 0, 0, 0, 333, 333, 0, 0, 278, 333, 278, 606, 556, 556, 556, 556, 556, 556, 556, 556, 556, 556, 278, 0, 0, 606, 0, 444, 0, 704, 722, 722, 778, 722, 667, 778, 833, 407, 0, 741, 667, 944, 815, 778, 667, 0, 741, 667, 685, 815, 0, 926, 0, 685, 0, 0, 0, 0, 0, 0, 0, 574, 556, 444, 611, 444, 333, 537, 611, 333, 315, 556, 333, 889, 611, 500, 574, 556, 444, 444, 352, 611, 519, 778, 500, 500, 463, 0, 0, 0, 0, 0, 0, 0, 0, 0, 0, 0, 0, 0, 0, 0, 0, 0, 0, 0, 0, 0, 0, 0, 204]}, but is not installed. Consider installing fontTools if you encounter encoding problems.
fontTools is required to fully parse the encoding of a CFF Type1 font in font dictionary {'/BaseFont': '/HMNBBD+NewCenturySchlbk-Roman', '/Encoding': '/WinAnsiEncoding', '/FirstChar': 32, '/FontDescriptor': IndirectObject(185, 0, 127413256229984), '/LastChar': 151, '/Subtype': '/Type1', '/Type': '/Font', '/Widths': [278, 0, 0, 0, 556, 0, 815, 0, 333, 333, 0, 0, 278, 333, 278, 278, 556, 556, 556, 556, 556, 556, 556, 556, 556, 556, 278, 278, 0, 0, 0, 444, 0, 722, 722, 722, 778, 722, 667, 778, 833, 407, 556, 778, 667, 944, 815, 778, 667, 778, 722, 630, 667, 815, 722, 981, 704, 704, 611, 333, 0, 333, 0, 0, 0, 556, 556, 444, 574, 500, 333, 537, 611, 315, 296, 593, 315, 889, 611, 500, 574, 556, 444, 463, 389, 611, 537, 778, 537, 537, 481, 0, 0, 0, 0, 0, 0, 0, 0, 0, 0, 0, 0, 0, 0, 0, 0, 0, 0, 0, 0, 0, 0, 204, 204, 0, 0, 0, 556, 1000]}, but is not installed. Consider installing fontTools if you encounter encoding problems.
fontTools is required to fully parse the encoding of a CFF Type1 font in font dictionary {'/BaseFont': '/HMNBBD+NewCenturySchlbk-Roman', '/Encoding': '/WinAnsiEncoding', '/FirstChar': 32, '/FontDescriptor': IndirectObject(185, 0, 127413256229984), '/LastChar': 151, '/Subtype': '/Type1', '/Type': '/Font', '/Widths': [278, 0, 0, 0, 556, 0, 815, 0, 333, 333, 0, 0, 278, 333, 278, 278, 556, 556, 556, 556, 556, 556, 556, 556, 556, 556, 278, 278, 0, 0, 0, 444, 0, 722, 722, 722, 778, 722, 667, 778, 833, 407, 556, 778, 667, 944, 815, 778, 667, 778, 722, 630, 667, 815, 722, 981, 704, 704, 611, 333, 0, 333, 0, 0, 0, 556, 556, 444, 574, 500, 333, 537, 611, 315, 296, 593, 315, 889, 611, 500, 574, 556, 444, 463, 389, 611, 537, 778, 537, 537, 481, 0, 0, 0, 0, 0, 0, 0, 0, 0, 0, 0, 0, 0, 0, 0, 0, 0, 0, 0, 0, 0, 0, 204, 204, 0, 0, 0, 556, 1000]}, but is not installed. Consider installing fontTools if you encounter encoding problems.
fontTools is required to fully parse the encoding of a CFF Type1 font in font dictionary {'/BaseFont': '/HMNBBD+NewCenturySchlbk-Roman', '/Encoding': '/WinAnsiEncoding', '/FirstChar': 32, '/FontDescriptor': IndirectObject(185, 0, 127413256229984), '/LastChar': 151, '/Subtype': '/Type1', '/Type': '/Font', '/Widths': [278, 0, 0, 0, 556, 0, 815, 0, 333, 333, 0, 0, 278, 333, 278, 278, 556, 556, 556, 556, 556, 556, 556, 556, 556, 556, 278, 278, 0, 0, 0, 444, 0, 722, 722, 722, 778, 722, 667, 778, 833, 407, 556, 778, 667, 944, 815, 778, 667, 778, 722, 630, 667, 815, 722, 981, 704, 704, 611, 333, 0, 333, 0, 0, 0, 556, 556, 444, 574, 500, 333, 537, 611, 315, 296, 593, 315, 889, 611, 500, 574, 556, 444, 463, 389, 611, 537, 778, 537, 537, 481, 0, 0, 0, 0, 0, 0, 0, 0, 0, 0, 0, 0, 0, 0, 0, 0, 0, 0, 0, 0, 0, 0, 204, 204, 0, 0, 0, 556, 1000]}, but is not installed. Consider installing fontTools if you encounter encoding problems.
fontTools is required to fully parse the encoding of a CFF Type1 font in font dictionary {'/BaseFont': '/HMNBBD+NewCenturySchlbk-Roman', '/Encoding': '/WinAnsiEncoding', '/FirstChar': 32, '/FontDescriptor': IndirectObject(185, 0, 127413256229984), '/LastChar': 151, '/Subtype': '/Type1', '/Type': '/Font', '/Widths': [278, 0, 0, 0, 556, 0, 815, 0, 333, 333, 0, 0, 278, 333, 278, 278, 556, 556, 556, 556, 556, 556, 556, 556, 556, 556, 278, 278, 0, 0, 0, 444, 0, 722, 722, 722, 778, 722, 667, 778, 833, 407, 556, 778, 667, 944, 815, 778, 667, 778, 722, 630, 667, 815, 722, 981, 704, 704, 611, 333, 0, 333, 0, 0, 0, 556, 556, 444, 574, 500, 333, 537, 611, 315, 296, 593, 315, 889, 611, 500, 574, 556, 444, 463, 389, 611, 537, 778, 537, 537, 481, 0, 0, 0, 0, 0, 0, 0, 0, 0, 0, 0, 0, 0, 0, 0, 0, 0, 0, 0, 0, 0, 0, 204, 204, 0, 0, 0, 556, 1000]}, but is not installed. Consider installing fontTools if you encounter encoding problems.
fontTools is required to fully parse the encoding of a CFF Type1 font in font dictionary {'/BaseFont': '/HMNCCC+NewCenturySchlbk-Bold', '/Encoding': '/WinAnsiEncoding', '/FirstChar': 32, '/FontDescriptor': IndirectObject(151, 0, 127413256229984), '/LastChar': 151, '/Subtype': '/Type1', '/Type': '/Font', '/Widths': [287, 0, 0, 0, 0, 0, 0, 0, 0, 0, 0, 0, 278, 333, 278, 0, 574, 574, 574, 0, 0, 574, 0, 0, 574, 0, 0, 0, 0, 0, 0, 0, 0, 759, 778, 778, 833, 759, 722, 833, 870, 444, 648, 815, 722, 981, 833, 833, 759, 0, 815, 667, 722, 833, 759, 981, 722, 722, 667, 0, 0, 0, 0, 0, 0, 611, 648, 556, 667, 574, 389, 611, 685, 370, 352, 667, 352, 963, 685, 611, 667, 648, 519, 500, 426, 685, 611, 889, 611, 611, 537, 0, 0, 0, 0, 0, 0, 0, 0, 0, 0, 0, 0, 0, 0, 0, 0, 0, 0, 0, 0, 0, 0, 0, 241, 0, 0, 0, 0, 1000]}, but is not installed. Consider installing fontTools if you encounter encoding problems.
fontTools is required to fully parse the encoding of a CFF Type1 font in font dictionary {'/BaseFont': '/HMNBBD+NewCenturySchlbk-Roman', '/Encoding': '/WinAnsiEncoding', '/FirstChar': 32, '/FontDescriptor': IndirectObject(185, 0, 127413256229984), '/LastChar': 151, '/Subtype': '/Type1', '/Type': '/Font', '/Widths': [278, 0, 0, 0, 556, 0, 815, 0, 333, 333, 0, 0, 278, 333, 278, 278, 556, 556, 556, 556, 556, 556, 556, 556, 556, 556, 278, 278, 0, 0, 0, 444, 0, 722, 722, 722, 778, 722, 667, 778, 833, 407, 556, 778, 667, 944, 815, 778, 667, 778, 722, 630, 667, 815, 722, 981, 704, 704, 611, 333, 0, 333, 0, 0, 0, 556, 556, 444, 574, 500, 333, 537, 611, 315, 296, 593, 315, 889, 611, 500, 574, 556, 444, 463, 389, 611, 537, 778, 537, 537, 481, 0, 0, 0, 0, 0, 0, 0, 0, 0, 0, 0, 0, 0, 0, 0, 0, 0, 0, 0, 0, 0, 0, 204, 204, 0, 0, 0, 556, 1000]}, but is not installed. Consider installing fontTools if you encounter encoding problems.
fontTools is required to fully parse the encoding of a CFF Type1 font in font dictionary {'/BaseFont': '/HMNBBD+NewCenturySchlbk-Roman', '/Encoding': '/WinAnsiEncoding', '/FirstChar': 32, '/FontDescriptor': IndirectObject(185, 0, 127413256229984), '/LastChar': 151, '/Subtype': '/Type1', '/Type': '/Font', '/Widths': [278, 0, 0, 0, 556, 0, 815, 0, 333, 333, 0, 0, 278, 333, 278, 278, 556, 556, 556, 556, 556, 556, 556, 556, 556, 556, 278, 278, 0, 0, 0, 444, 0, 722, 722, 722, 778, 722, 667, 778, 833, 407, 556, 778, 667, 944, 815, 778, 667, 778, 722, 630, 667, 815, 722, 981, 704, 704, 611, 333, 0, 333, 0, 0, 0, 556, 556, 444, 574, 500, 333, 537, 611, 315, 296, 593, 315, 889, 611, 500, 574, 556, 444, 463, 389, 611, 537, 778, 537, 537, 481, 0, 0, 0, 0, 0, 0, 0, 0, 0, 0, 0, 0, 0, 0, 0, 0, 0, 0, 0, 0, 0, 0, 204, 204, 0, 0, 0, 556, 1000]}, but is not installed. Consider installing fontTools if you encounter encoding problems.
fontTools is required to fully parse the encoding of a CFF Type1 font in font dictionary {'/BaseFont': '/HMNBBD+NewCenturySchlbk-Roman', '/Encoding': '/WinAnsiEncoding', '/FirstChar': 32, '/FontDescriptor': IndirectObject(185, 0, 127413256229984), '/LastChar': 151, '/Subtype': '/Type1', '/Type': '/Font', '/Widths': [278, 0, 0, 0, 556, 0, 815, 0, 333, 333, 0, 0, 278, 333, 278, 278, 556, 556, 556, 556, 556, 556, 556, 556, 556, 556, 278, 278, 0, 0, 0, 444, 0, 722, 722, 722, 778, 722, 667, 778, 833, 407, 556, 778, 667, 944, 815, 778, 667, 778, 722, 630, 667, 815, 722, 981, 704, 704, 611, 333, 0, 333, 0, 0, 0, 556, 556, 444, 574, 500, 333, 537, 611, 315, 296, 593, 315, 889, 611, 500, 574, 556, 444, 463, 389, 611, 537, 778, 537, 537, 481, 0, 0, 0, 0, 0, 0, 0, 0, 0, 0, 0, 0, 0, 0, 0, 0, 0, 0, 0, 0, 0, 0, 204, 204, 0, 0, 0, 556, 1000]}, but is not installed. Consider installing fontTools if you encounter encoding problems.
fontTools is required to fully parse the encoding of a CFF Type1 font in font dictionary {'/BaseFont': '/HMNBBD+NewCenturySchlbk-Roman', '/Encoding': '/WinAnsiEncoding', '/FirstChar': 32, '/FontDescriptor': IndirectObject(185, 0, 127413256229984), '/LastChar': 151, '/Subtype': '/Type1', '/Type': '/Font', '/Widths': [278, 0, 0, 0, 556, 0, 815, 0, 333, 333, 0, 0, 278, 333, 278, 278, 556, 556, 556, 556, 556, 556, 556, 556, 556, 556, 278, 278, 0, 0, 0, 444, 0, 722, 722, 722, 778, 722, 667, 778, 833, 407, 556, 778, 667, 944, 815, 778, 667, 778, 722, 630, 667, 815, 722, 981, 704, 704, 611, 333, 0, 333, 0, 0, 0, 556, 556, 444, 574, 500, 333, 537, 611, 315, 296, 593, 315, 889, 611, 500, 574, 556, 444, 463, 389, 611, 537, 778, 537, 537, 481, 0, 0, 0, 0, 0, 0, 0, 0, 0, 0, 0, 0, 0, 0, 0, 0, 0, 0, 0, 0, 0, 0, 204, 204, 0, 0, 0, 556, 1000]}, but is not installed. Consider installing fontTools if you encounter encoding problems.
fontTools is required to fully parse the encoding of a CFF Type1 font in font dictionary {'/BaseFont': '/HMNBBD+NewCenturySchlbk-Roman', '/Encoding': '/WinAnsiEncoding', '/FirstChar': 32, '/FontDescriptor': IndirectObject(185, 0, 127413256229984), '/LastChar': 151, '/Subtype': '/Type1', '/Type': '/Font', '/Widths': [278, 0, 0, 0, 556, 0, 815, 0, 333, 333, 0, 0, 278, 333, 278, 278, 556, 556, 556, 556, 556, 556, 556, 556, 556, 556, 278, 278, 0, 0, 0, 444, 0, 722, 722, 722, 778, 722, 667, 778, 833, 407, 556, 778, 667, 944, 815, 778, 667, 778, 722, 630, 667, 815, 722, 981, 704, 704, 611, 333, 0, 333, 0, 0, 0, 556, 556, 444, 574, 500, 333, 537, 611, 315, 296, 593, 315, 889, 611, 500, 574, 556, 444, 463, 389, 611, 537, 778, 537, 537, 481, 0, 0, 0, 0, 0, 0, 0, 0, 0, 0, 0, 0, 0, 0, 0, 0, 0, 0, 0, 0, 0, 0, 204, 204, 0, 0, 0, 556, 1000]}, but is not installed. Consider installing fontTools if you encounter encoding problems.
fontTools is required to fully parse the encoding of a CFF Type1 font in font dictionary {'/BaseFont': '/HMNBBD+NewCenturySchlbk-Roman', '/Encoding': '/WinAnsiEncoding', '/FirstChar': 32, '/FontDescriptor': IndirectObject(185, 0, 127413256229984), '/LastChar': 151, '/Subtype': '/Type1', '/Type': '/Font', '/Widths': [278, 0, 0, 0, 556, 0, 815, 0, 333, 333, 0, 0, 278, 333, 278, 278, 556, 556, 556, 556, 556, 556, 556, 556, 556, 556, 278, 278, 0, 0, 0, 444, 0, 722, 722, 722, 778, 722, 667, 778, 833, 407, 556, 778, 667, 944, 815, 778, 667, 778, 722, 630, 667, 815, 722, 981, 704, 704, 611, 333, 0, 333, 0, 0, 0, 556, 556, 444, 574, 500, 333, 537, 611, 315, 296, 593, 315, 889, 611, 500, 574, 556, 444, 463, 389, 611, 537, 778, 537, 537, 481, 0, 0, 0, 0, 0, 0, 0, 0, 0, 0, 0, 0, 0, 0, 0, 0, 0, 0, 0, 0, 0, 0, 204, 204, 0, 0, 0, 556, 1000]}, but is not installed. Consider installing fontTools if you encounter encoding problems.
fontTools is required to fully parse the encoding of a CFF Type1 font in font dictionary {'/BaseFont': '/HMNBBD+NewCenturySchlbk-Roman', '/Encoding': '/WinAnsiEncoding', '/FirstChar': 32, '/FontDescriptor': IndirectObject(185, 0, 127413256229984), '/LastChar': 151, '/Subtype': '/Type1', '/Type': '/Font', '/Widths': [278, 0, 0, 0, 556, 0, 815, 0, 333, 333, 0, 0, 278, 333, 278, 278, 556, 556, 556, 556, 556, 556, 556, 556, 556, 556, 278, 278, 0, 0, 0, 444, 0, 722, 722, 722, 778, 722, 667, 778, 833, 407, 556, 778, 667, 944, 815, 778, 667, 778, 722, 630, 667, 815, 722, 981, 704, 704, 611, 333, 0, 333, 0, 0, 0, 556, 556, 444, 574, 500, 333, 537, 611, 315, 296, 593, 315, 889, 611, 500, 574, 556, 444, 463, 389, 611, 537, 778, 537, 537, 481, 0, 0, 0, 0, 0, 0, 0, 0, 0, 0, 0, 0, 0, 0, 0, 0, 0, 0, 0, 0, 0, 0, 204, 204, 0, 0, 0, 556, 1000]}, but is not installed. Consider installing fontTools if you encounter encoding problems.
fontTools is required to fully parse the encoding of a CFF Type1 font in font dictionary {'/BaseFont': '/HMNBBD+NewCenturySchlbk-Roman', '/Encoding': '/WinAnsiEncoding', '/FirstChar': 32, '/FontDescriptor': IndirectObject(185, 0, 127413256229984), '/LastChar': 151, '/Subtype': '/Type1', '/Type': '/Font', '/Widths': [278, 0, 0, 0, 556, 0, 815, 0, 333, 333, 0, 0, 278, 333, 278, 278, 556, 556, 556, 556, 556, 556, 556, 556, 556, 556, 278, 278, 0, 0, 0, 444, 0, 722, 722, 722, 778, 722, 667, 778, 833, 407, 556, 778, 667, 944, 815, 778, 667, 778, 722, 630, 667, 815, 722, 981, 704, 704, 611, 333, 0, 333, 0, 0, 0, 556, 556, 444, 574, 500, 333, 537, 611, 315, 296, 593, 315, 889, 611, 500, 574, 556, 444, 463, 389, 611, 537, 778, 537, 537, 481, 0, 0, 0, 0, 0, 0, 0, 0, 0, 0, 0, 0, 0, 0, 0, 0, 0, 0, 0, 0, 0, 0, 204, 204, 0, 0, 0, 556, 1000]}, but is not installed. Consider installing fontTools if you encounter encoding problems.
fontTools is required to fully parse the encoding of a CFF Type1 font in font dictionary {'/BaseFont': '/HMNBBD+NewCenturySchlbk-Roman', '/Encoding': '/WinAnsiEncoding', '/FirstChar': 32, '/FontDescriptor': IndirectObject(185, 0, 127413256229984), '/LastChar': 151, '/Subtype': '/Type1', '/Type': '/Font', '/Widths': [278, 0, 0, 0, 556, 0, 815, 0, 333, 333, 0, 0, 278, 333, 278, 278, 556, 556, 556, 556, 556, 556, 556, 556, 556, 556, 278, 278, 0, 0, 0, 444, 0, 722, 722, 722, 778, 722, 667, 778, 833, 407, 556, 778, 667, 944, 815, 778, 667, 778, 722, 630, 667, 815, 722, 981, 704, 704, 611, 333, 0, 333, 0, 0, 0, 556, 556, 444, 574, 500, 333, 537, 611, 315, 296, 593, 315, 889, 611, 500, 574, 556, 444, 463, 389, 611, 537, 778, 537, 537, 481, 0, 0, 0, 0, 0, 0, 0, 0, 0, 0, 0, 0, 0, 0, 0, 0, 0, 0, 0, 0, 0, 0, 204, 204, 0, 0, 0, 556, 1000]}, but is not installed. Consider installing fontTools if you encounter encoding problems.
fontTools is required to fully parse the encoding of a CFF Type1 font in font dictionary {'/BaseFont': '/HMNBBD+NewCenturySchlbk-Roman', '/Encoding': '/WinAnsiEncoding', '/FirstChar': 32, '/FontDescriptor': IndirectObject(185, 0, 127413256229984), '/LastChar': 151, '/Subtype': '/Type1', '/Type': '/Font', '/Widths': [278, 0, 0, 0, 556, 0, 815, 0, 333, 333, 0, 0, 278, 333, 278, 278, 556, 556, 556, 556, 556, 556, 556, 556, 556, 556, 278, 278, 0, 0, 0, 444, 0, 722, 722, 722, 778, 722, 667, 778, 833, 407, 556, 778, 667, 944, 815, 778, 667, 778, 722, 630, 667, 815, 722, 981, 704, 704, 611, 333, 0, 333, 0, 0, 0, 556, 556, 444, 574, 500, 333, 537, 611, 315, 296, 593, 315, 889, 611, 500, 574, 556, 444, 463, 389, 611, 537, 778, 537, 537, 481, 0, 0, 0, 0, 0, 0, 0, 0, 0, 0, 0, 0, 0, 0, 0, 0, 0, 0, 0, 0, 0, 0, 204, 204, 0, 0, 0, 556, 1000]}, but is not installed. Consider installing fontTools if you encounter encoding problems.
fontTools is required to fully parse the encoding of a CFF Type1 font in font dictionary {'/BaseFont': '/HMNBBD+NewCenturySchlbk-Roman', '/Encoding': '/WinAnsiEncoding', '/FirstChar': 32, '/FontDescriptor': IndirectObject(185, 0, 127413256229984), '/LastChar': 151, '/Subtype': '/Type1', '/Type': '/Font', '/Widths': [278, 0, 0, 0, 556, 0, 815, 0, 333, 333, 0, 0, 278, 333, 278, 278, 556, 556, 556, 556, 556, 556, 556, 556, 556, 556, 278, 278, 0, 0, 0, 444, 0, 722, 722, 722, 778, 722, 667, 778, 833, 407, 556, 778, 667, 944, 815, 778, 667, 778, 722, 630, 667, 815, 722, 981, 704, 704, 611, 333, 0, 333, 0, 0, 0, 556, 556, 444, 574, 500, 333, 537, 611, 315, 296, 593, 315, 889, 611, 500, 574, 556, 444, 463, 389, 611, 537, 778, 537, 537, 481, 0, 0, 0, 0, 0, 0, 0, 0, 0, 0, 0, 0, 0, 0, 0, 0, 0, 0, 0, 0, 0, 0, 204, 204, 0, 0, 0, 556, 1000]}, but is not installed. Consider installing fontTools if you encounter encoding problems.
fontTools is required to fully parse the encoding of a CFF Type1 font in font dictionary {'/BaseFont': '/HMNCCC+NewCenturySchlbk-Bold', '/Encoding': '/WinAnsiEncoding', '/FirstChar': 32, '/FontDescriptor': IndirectObject(151, 0, 127413256229984), '/LastChar': 151, '/Subtype': '/Type1', '/Type': '/Font', '/Widths': [287, 0, 0, 0, 0, 0, 0, 0, 0, 0, 0, 0, 278, 333, 278, 0, 574, 574, 574, 0, 0, 574, 0, 0, 574, 0, 0, 0, 0, 0, 0, 0, 0, 759, 778, 778, 833, 759, 722, 833, 870, 444, 648, 815, 722, 981, 833, 833, 759, 0, 815, 667, 722, 833, 759, 981, 722, 722, 667, 0, 0, 0, 0, 0, 0, 611, 648, 556, 667, 574, 389, 611, 685, 370, 352, 667, 352, 963, 685, 611, 667, 648, 519, 500, 426, 685, 611, 889, 611, 611, 537, 0, 0, 0, 0, 0, 0, 0, 0, 0, 0, 0, 0, 0, 0, 0, 0, 0, 0, 0, 0, 0, 0, 0, 241, 0, 0, 0, 0, 1000]}, but is not installed. Consider installing fontTools if you encounter encoding problems.
fontTools is required to fully parse the encoding of a CFF Type1 font in font dictionary {'/BaseFont': '/HMNBBD+NewCenturySchlbk-Roman', '/Encoding': '/WinAnsiEncoding', '/FirstChar': 32, '/FontDescriptor': IndirectObject(185, 0, 127413256229984), '/LastChar': 151, '/Subtype': '/Type1', '/Type': '/Font', '/Widths': [278, 0, 0, 0, 556, 0, 815, 0, 333, 333, 0, 0, 278, 333, 278, 278, 556, 556, 556, 556, 556, 556, 556, 556, 556, 556, 278, 278, 0, 0, 0, 444, 0, 722, 722, 722, 778, 722, 667, 778, 833, 407, 556, 778, 667, 944, 815, 778, 667, 778, 722, 630, 667, 815, 722, 981, 704, 704, 611, 333, 0, 333, 0, 0, 0, 556, 556, 444, 574, 500, 333, 537, 611, 315, 296, 593, 315, 889, 611, 500, 574, 556, 444, 463, 389, 611, 537, 778, 537, 537, 481, 0, 0, 0, 0, 0, 0, 0, 0, 0, 0, 0, 0, 0, 0, 0, 0, 0, 0, 0, 0, 0, 0, 204, 204, 0, 0, 0, 556, 1000]}, but is not installed. Consider installing fontTools if you encounter encoding problems.
fontTools is required to fully parse the encoding of a CFF Type1 font in font dictionary {'/BaseFont': '/HMNBBD+NewCenturySchlbk-Roman', '/Encoding': '/WinAnsiEncoding', '/FirstChar': 32, '/FontDescriptor': IndirectObject(185, 0, 127413256229984), '/LastChar': 151, '/Subtype': '/Type1', '/Type': '/Font', '/Widths': [278, 0, 0, 0, 556, 0, 815, 0, 333, 333, 0, 0, 278, 333, 278, 278, 556, 556, 556, 556, 556, 556, 556, 556, 556, 556, 278, 278, 0, 0, 0, 444, 0, 722, 722, 722, 778, 722, 667, 778, 833, 407, 556, 778, 667, 944, 815, 778, 667, 778, 722, 630, 667, 815, 722, 981, 704, 704, 611, 333, 0, 333, 0, 0, 0, 556, 556, 444, 574, 500, 333, 537, 611, 315, 296, 593, 315, 889, 611, 500, 574, 556, 444, 463, 389, 611, 537, 778, 537, 537, 481, 0, 0, 0, 0, 0, 0, 0, 0, 0, 0, 0, 0, 0, 0, 0, 0, 0, 0, 0, 0, 0, 0, 204, 204, 0, 0, 0, 556, 1000]}, but is not installed. Consider installing fontTools if you encounter encoding problems.
fontTools is required to fully parse the encoding of a CFF Type1 font in font dictionary {'/BaseFont': '/HMNBBD+NewCenturySchlbk-Roman', '/Encoding': '/WinAnsiEncoding', '/FirstChar': 32, '/FontDescriptor': IndirectObject(185, 0, 127413256229984), '/LastChar': 151, '/Subtype': '/Type1', '/Type': '/Font', '/Widths': [278, 0, 0, 0, 556, 0, 815, 0, 333, 333, 0, 0, 278, 333, 278, 278, 556, 556, 556, 556, 556, 556, 556, 556, 556, 556, 278, 278, 0, 0, 0, 444, 0, 722, 722, 722, 778, 722, 667, 778, 833, 407, 556, 778, 667, 944, 815, 778, 667, 778, 722, 630, 667, 815, 722, 981, 704, 704, 611, 333, 0, 333, 0, 0, 0, 556, 556, 444, 574, 500, 333, 537, 611, 315, 296, 593, 315, 889, 611, 500, 574, 556, 444, 463, 389, 611, 537, 778, 537, 537, 481, 0, 0, 0, 0, 0, 0, 0, 0, 0, 0, 0, 0, 0, 0, 0, 0, 0, 0, 0, 0, 0, 0, 204, 204, 0, 0, 0, 556, 1000]}, but is not installed. Consider installing fontTools if you encounter encoding problems.
fontTools is required to fully parse the encoding of a CFF Type1 font in font dictionary {'/BaseFont': '/HMNBBD+NewCenturySchlbk-Roman', '/Encoding': '/WinAnsiEncoding', '/FirstChar': 32, '/FontDescriptor': IndirectObject(185, 0, 127413256229984), '/LastChar': 151, '/Subtype': '/Type1', '/Type': '/Font', '/Widths': [278, 0, 0, 0, 556, 0, 815, 0, 333, 333, 0, 0, 278, 333, 278, 278, 556, 556, 556, 556, 556, 556, 556, 556, 556, 556, 278, 278, 0, 0, 0, 444, 0, 722, 722, 722, 778, 722, 667, 778, 833, 407, 556, 778, 667, 944, 815, 778, 667, 778, 722, 630, 667, 815, 722, 981, 704, 704, 611, 333, 0, 333, 0, 0, 0, 556, 556, 444, 574, 500, 333, 537, 611, 315, 296, 593, 315, 889, 611, 500, 574, 556, 444, 463, 389, 611, 537, 778, 537, 537, 481, 0, 0, 0, 0, 0, 0, 0, 0, 0, 0, 0, 0, 0, 0, 0, 0, 0, 0, 0, 0, 0, 0, 204, 204, 0, 0, 0, 556, 1000]}, but is not installed. Consider installing fontTools if you encounter encoding problems.
fontTools is required to fully parse the encoding of a CFF Type1 font in font dictionary {'/BaseFont': '/HMNBBD+NewCenturySchlbk-Roman', '/Encoding': '/WinAnsiEncoding', '/FirstChar': 32, '/FontDescriptor': IndirectObject(185, 0, 127413256229984), '/LastChar': 151, '/Subtype': '/Type1', '/Type': '/Font', '/Widths': [278, 0, 0, 0, 556, 0, 815, 0, 333, 333, 0, 0, 278, 333, 278, 278, 556, 556, 556, 556, 556, 556, 556, 556, 556, 556, 278, 278, 0, 0, 0, 444, 0, 722, 722, 722, 778, 722, 667, 778, 833, 407, 556, 778, 667, 944, 815, 778, 667, 778, 722, 630, 667, 815, 722, 981, 704, 704, 611, 333, 0, 333, 0, 0, 0, 556, 556, 444, 574, 500, 333, 537, 611, 315, 296, 593, 315, 889, 611, 500, 574, 556, 444, 463, 389, 611, 537, 778, 537, 537, 481, 0, 0, 0, 0, 0, 0, 0, 0, 0, 0, 0, 0, 0, 0, 0, 0, 0, 0, 0, 0, 0, 0, 204, 204, 0, 0, 0, 556, 1000]}, but is not installed. Consider installing fontTools if you encounter encoding problems.
fontTools is required to fully parse the encoding of a CFF Type1 font in font dictionary {'/BaseFont': '/HMNBBD+NewCenturySchlbk-Roman', '/Encoding': '/WinAnsiEncoding', '/FirstChar': 32, '/FontDescriptor': IndirectObject(185, 0, 127413256229984), '/LastChar': 151, '/Subtype': '/Type1', '/Type': '/Font', '/Widths': [278, 0, 0, 0, 556, 0, 815, 0, 333, 333, 0, 0, 278, 333, 278, 278, 556, 556, 556, 556, 556, 556, 556, 556, 556, 556, 278, 278, 0, 0, 0, 444, 0, 722, 722, 722, 778, 722, 667, 778, 833, 407, 556, 778, 667, 944, 815, 778, 667, 778, 722, 630, 667, 815, 722, 981, 704, 704, 611, 333, 0, 333, 0, 0, 0, 556, 556, 444, 574, 500, 333, 537, 611, 315, 296, 593, 315, 889, 611, 500, 574, 556, 444, 463, 389, 611, 537, 778, 537, 537, 481, 0, 0, 0, 0, 0, 0, 0, 0, 0, 0, 0, 0, 0, 0, 0, 0, 0, 0, 0, 0, 0, 0, 204, 204, 0, 0, 0, 556, 1000]}, but is not installed. Consider installing fontTools if you encounter encoding problems.
fontTools is required to fully parse the encoding of a CFF Type1 font in font dictionary {'/BaseFont': '/HMNBBD+NewCenturySchlbk-Roman', '/Encoding': '/WinAnsiEncoding', '/FirstChar': 32, '/FontDescriptor': IndirectObject(185, 0, 127413256229984), '/LastChar': 151, '/Subtype': '/Type1', '/Type': '/Font', '/Widths': [278, 0, 0, 0, 556, 0, 815, 0, 333, 333, 0, 0, 278, 333, 278, 278, 556, 556, 556, 556, 556, 556, 556, 556, 556, 556, 278, 278, 0, 0, 0, 444, 0, 722, 722, 722, 778, 722, 667, 778, 833, 407, 556, 778, 667, 944, 815, 778, 667, 778, 722, 630, 667, 815, 722, 981, 704, 704, 611, 333, 0, 333, 0, 0, 0, 556, 556, 444, 574, 500, 333, 537, 611, 315, 296, 593, 315, 889, 611, 500, 574, 556, 444, 463, 389, 611, 537, 778, 537, 537, 481, 0, 0, 0, 0, 0, 0, 0, 0, 0, 0, 0, 0, 0, 0, 0, 0, 0, 0, 0, 0, 0, 0, 204, 204, 0, 0, 0, 556, 1000]}, but is not installed. Consider installing fontTools if you encounter encoding problems.
fontTools is required to fully parse the encoding of a CFF Type1 font in font dictionary {'/BaseFont': '/HMNBBD+NewCenturySchlbk-Roman', '/Encoding': '/WinAnsiEncoding', '/FirstChar': 32, '/FontDescriptor': IndirectObject(185, 0, 127413256229984), '/LastChar': 151, '/Subtype': '/Type1', '/Type': '/Font', '/Widths': [278, 0, 0, 0, 556, 0, 815, 0, 333, 333, 0, 0, 278, 333, 278, 278, 556, 556, 556, 556, 556, 556, 556, 556, 556, 556, 278, 278, 0, 0, 0, 444, 0, 722, 722, 722, 778, 722, 667, 778, 833, 407, 556, 778, 667, 944, 815, 778, 667, 778, 722, 630, 667, 815, 722, 981, 704, 704, 611, 333, 0, 333, 0, 0, 0, 556, 556, 444, 574, 500, 333, 537, 611, 315, 296, 593, 315, 889, 611, 500, 574, 556, 444, 463, 389, 611, 537, 778, 537, 537, 481, 0, 0, 0, 0, 0, 0, 0, 0, 0, 0, 0, 0, 0, 0, 0, 0, 0, 0, 0, 0, 0, 0, 204, 204, 0, 0, 0, 556, 1000]}, but is not installed. Consider installing fontTools if you encounter encoding problems.
fontTools is required to fully parse the encoding of a CFF Type1 font in font dictionary {'/BaseFont': '/HMNBBD+NewCenturySchlbk-Roman', '/Encoding': '/WinAnsiEncoding', '/FirstChar': 32, '/FontDescriptor': IndirectObject(185, 0, 127413256229984), '/LastChar': 151, '/Subtype': '/Type1', '/Type': '/Font', '/Widths': [278, 0, 0, 0, 556, 0, 815, 0, 333, 333, 0, 0, 278, 333, 278, 278, 556, 556, 556, 556, 556, 556, 556, 556, 556, 556, 278, 278, 0, 0, 0, 444, 0, 722, 722, 722, 778, 722, 667, 778, 833, 407, 556, 778, 667, 944, 815, 778, 667, 778, 722, 630, 667, 815, 722, 981, 704, 704, 611, 333, 0, 333, 0, 0, 0, 556, 556, 444, 574, 500, 333, 537, 611, 315, 296, 593, 315, 889, 611, 500, 574, 556, 444, 463, 389, 611, 537, 778, 537, 537, 481, 0, 0, 0, 0, 0, 0, 0, 0, 0, 0, 0, 0, 0, 0, 0, 0, 0, 0, 0, 0, 0, 0, 204, 204, 0, 0, 0, 556, 1000]}, but is not installed. Consider installing fontTools if you encounter encoding problems.
fontTools is required to fully parse the encoding of a CFF Type1 font in font dictionary {'/BaseFont': '/HMNCCC+NewCenturySchlbk-Bold', '/Encoding': '/WinAnsiEncoding', '/FirstChar': 32, '/FontDescriptor': IndirectObject(151, 0, 127413256229984), '/LastChar': 151, '/Subtype': '/Type1', '/Type': '/Font', '/Widths': [287, 0, 0, 0, 0, 0, 0, 0, 0, 0, 0, 0, 278, 333, 278, 0, 574, 574, 574, 0, 0, 574, 0, 0, 574, 0, 0, 0, 0, 0, 0, 0, 0, 759, 778, 778, 833, 759, 722, 833, 870, 444, 648, 815, 722, 981, 833, 833, 759, 0, 815, 667, 722, 833, 759, 981, 722, 722, 667, 0, 0, 0, 0, 0, 0, 611, 648, 556, 667, 574, 389, 611, 685, 370, 352, 667, 352, 963, 685, 611, 667, 648, 519, 500, 426, 685, 611, 889, 611, 611, 537, 0, 0, 0, 0, 0, 0, 0, 0, 0, 0, 0, 0, 0, 0, 0, 0, 0, 0, 0, 0, 0, 0, 0, 241, 0, 0, 0, 0, 1000]}, but is not installed. Consider installing fontTools if you encounter encoding problems.
fontTools is required to fully parse the encoding of a CFF Type1 font in font dictionary {'/BaseFont': '/HMNBBD+NewCenturySchlbk-Roman', '/Encoding': '/WinAnsiEncoding', '/FirstChar': 32, '/FontDescriptor': IndirectObject(185, 0, 127413256229984), '/LastChar': 151, '/Subtype': '/Type1', '/Type': '/Font', '/Widths': [278, 0, 0, 0, 556, 0, 815, 0, 333, 333, 0, 0, 278, 333, 278, 278, 556, 556, 556, 556, 556, 556, 556, 556, 556, 556, 278, 278, 0, 0, 0, 444, 0, 722, 722, 722, 778, 722, 667, 778, 833, 407, 556, 778, 667, 944, 815, 778, 667, 778, 722, 630, 667, 815, 722, 981, 704, 704, 611, 333, 0, 333, 0, 0, 0, 556, 556, 444, 574, 500, 333, 537, 611, 315, 296, 593, 315, 889, 611, 500, 574, 556, 444, 463, 389, 611, 537, 778, 537, 537, 481, 0, 0, 0, 0, 0, 0, 0, 0, 0, 0, 0, 0, 0, 0, 0, 0, 0, 0, 0, 0, 0, 0, 204, 204, 0, 0, 0, 556, 1000]}, but is not installed. Consider installing fontTools if you encounter encoding problems.
fontTools is required to fully parse the encoding of a CFF Type1 font in font dictionary {'/BaseFont': '/HMNBBD+NewCenturySchlbk-Roman', '/Encoding': '/WinAnsiEncoding', '/FirstChar': 32, '/FontDescriptor': IndirectObject(185, 0, 127413256229984), '/LastChar': 151, '/Subtype': '/Type1', '/Type': '/Font', '/Widths': [278, 0, 0, 0, 556, 0, 815, 0, 333, 333, 0, 0, 278, 333, 278, 278, 556, 556, 556, 556, 556, 556, 556, 556, 556, 556, 278, 278, 0, 0, 0, 444, 0, 722, 722, 722, 778, 722, 667, 778, 833, 407, 556, 778, 667, 944, 815, 778, 667, 778, 722, 630, 667, 815, 722, 981, 704, 704, 611, 333, 0, 333, 0, 0, 0, 556, 556, 444, 574, 500, 333, 537, 611, 315, 296, 593, 315, 889, 611, 500, 574, 556, 444, 463, 389, 611, 537, 778, 537, 537, 481, 0, 0, 0, 0, 0, 0, 0, 0, 0, 0, 0, 0, 0, 0, 0, 0, 0, 0, 0, 0, 0, 0, 204, 204, 0, 0, 0, 556, 1000]}, but is not installed. Consider installing fontTools if you encounter encoding problems.
fontTools is required to fully parse the encoding of a CFF Type1 font in font dictionary {'/BaseFont': '/HMNCCC+NewCenturySchlbk-Bold', '/Encoding': '/WinAnsiEncoding', '/FirstChar': 32, '/FontDescriptor': IndirectObject(151, 0, 127413256229984), '/LastChar': 151, '/Subtype': '/Type1', '/Type': '/Font', '/Widths': [287, 0, 0, 0, 0, 0, 0, 0, 0, 0, 0, 0, 278, 333, 278, 0, 574, 574, 574, 0, 0, 574, 0, 0, 574, 0, 0, 0, 0, 0, 0, 0, 0, 759, 778, 778, 833, 759, 722, 833, 870, 444, 648, 815, 722, 981, 833, 833, 759, 0, 815, 667, 722, 833, 759, 981, 722, 722, 667, 0, 0, 0, 0, 0, 0, 611, 648, 556, 667, 574, 389, 611, 685, 370, 352, 667, 352, 963, 685, 611, 667, 648, 519, 500, 426, 685, 611, 889, 611, 611, 537, 0, 0, 0, 0, 0, 0, 0, 0, 0, 0, 0, 0, 0, 0, 0, 0, 0, 0, 0, 0, 0, 0, 0, 241, 0, 0, 0, 0, 1000]}, but is not installed. Consider installing fontTools if you encounter encoding problems.
fontTools is required to fully parse the encoding of a CFF Type1 font in font dictionary {'/BaseFont': '/HMNBBD+NewCenturySchlbk-Roman', '/Encoding': '/WinAnsiEncoding', '/FirstChar': 32, '/FontDescriptor': IndirectObject(185, 0, 127413256229984), '/LastChar': 151, '/Subtype': '/Type1', '/Type': '/Font', '/Widths': [278, 0, 0, 0, 556, 0, 815, 0, 333, 333, 0, 0, 278, 333, 278, 278, 556, 556, 556, 556, 556, 556, 556, 556, 556, 556, 278, 278, 0, 0, 0, 444, 0, 722, 722, 722, 778, 722, 667, 778, 833, 407, 556, 778, 667, 944, 815, 778, 667, 778, 722, 630, 667, 815, 722, 981, 704, 704, 611, 333, 0, 333, 0, 0, 0, 556, 556, 444, 574, 500, 333, 537, 611, 315, 296, 593, 315, 889, 611, 500, 574, 556, 444, 463, 389, 611, 537, 778, 537, 537, 481, 0, 0, 0, 0, 0, 0, 0, 0, 0, 0, 0, 0, 0, 0, 0, 0, 0, 0, 0, 0, 0, 0, 204, 204, 0, 0, 0, 556, 1000]}, but is not installed. Consider installing fontTools if you encounter encoding problems.
fontTools is required to fully parse the encoding of a CFF Type1 font in font dictionary {'/BaseFont': '/HMNBEF+NewCenturySchlbk-Italic', '/Encoding': '/WinAnsiEncoding', '/FirstChar': 32, '/FontDescriptor': IndirectObject(191, 0, 127413256229984), '/LastChar': 146, '/Subtype': '/Type1', '/Type': '/Font', '/Widths': [278, 0, 0, 0, 0, 0, 0, 0, 333, 333, 0, 0, 278, 333, 278, 606, 556, 556, 556, 556, 556, 556, 556, 556, 556, 556, 278, 0, 0, 606, 0, 444, 0, 704, 722, 722, 778, 722, 667, 778, 833, 407, 0, 741, 667, 944, 815, 778, 667, 0, 741, 667, 685, 815, 0, 926, 0, 685, 0, 0, 0, 0, 0, 0, 0, 574, 556, 444, 611, 444, 333, 537, 611, 333, 315, 556, 333, 889, 611, 500, 574, 556, 444, 444, 352, 611, 519, 778, 500, 500, 463, 0, 0, 0, 0, 0, 0, 0, 0, 0, 0, 0, 0, 0, 0, 0, 0, 0, 0, 0, 0, 0, 0, 0, 204]}, but is not installed. Consider installing fontTools if you encounter encoding problems.
fontTools is required to fully parse the encoding of a CFF Type1 font in font dictionary {'/BaseFont': '/HMNBBD+NewCenturySchlbk-Roman', '/Encoding': '/WinAnsiEncoding', '/FirstChar': 32, '/FontDescriptor': IndirectObject(185, 0, 127413256229984), '/LastChar': 151, '/Subtype': '/Type1', '/Type': '/Font', '/Widths': [278, 0, 0, 0, 556, 0, 815, 0, 333, 333, 0, 0, 278, 333, 278, 278, 556, 556, 556, 556, 556, 556, 556, 556, 556, 556, 278, 278, 0, 0, 0, 444, 0, 722, 722, 722, 778, 722, 667, 778, 833, 407, 556, 778, 667, 944, 815, 778, 667, 778, 722, 630, 667, 815, 722, 981, 704, 704, 611, 333, 0, 333, 0, 0, 0, 556, 556, 444, 574, 500, 333, 537, 611, 315, 296, 593, 315, 889, 611, 500, 574, 556, 444, 463, 389, 611, 537, 778, 537, 537, 481, 0, 0, 0, 0, 0, 0, 0, 0, 0, 0, 0, 0, 0, 0, 0, 0, 0, 0, 0, 0, 0, 0, 204, 204, 0, 0, 0, 556, 1000]}, but is not installed. Consider installing fontTools if you encounter encoding problems.
fontTools is required to fully parse the encoding of a CFF Type1 font in font dictionary {'/BaseFont': '/HMNCCC+NewCenturySchlbk-Bold', '/Encoding': '/WinAnsiEncoding', '/FirstChar': 32, '/FontDescriptor': IndirectObject(151, 0, 127413256229984), '/LastChar': 151, '/Subtype': '/Type1', '/Type': '/Font', '/Widths': [287, 0, 0, 0, 0, 0, 0, 0, 0, 0, 0, 0, 278, 333, 278, 0, 574, 574, 574, 0, 0, 574, 0, 0, 574, 0, 0, 0, 0, 0, 0, 0, 0, 759, 778, 778, 833, 759, 722, 833, 870, 444, 648, 815, 722, 981, 833, 833, 759, 0, 815, 667, 722, 833, 759, 981, 722, 722, 667, 0, 0, 0, 0, 0, 0, 611, 648, 556, 667, 574, 389, 611, 685, 370, 352, 667, 352, 963, 685, 611, 667, 648, 519, 500, 426, 685, 611, 889, 611, 611, 537, 0, 0, 0, 0, 0, 0, 0, 0, 0, 0, 0, 0, 0, 0, 0, 0, 0, 0, 0, 0, 0, 0, 0, 241, 0, 0, 0, 0, 1000]}, but is not installed. Consider installing fontTools if you encounter encoding problems.
fontTools is required to fully parse the encoding of a CFF Type1 font in font dictionary {'/BaseFont': '/HMNBEF+NewCenturySchlbk-Italic', '/Encoding': '/WinAnsiEncoding', '/FirstChar': 32, '/FontDescriptor': IndirectObject(191, 0, 127413256229984), '/LastChar': 146, '/Subtype': '/Type1', '/Type': '/Font', '/Widths': [278, 0, 0, 0, 0, 0, 0, 0, 333, 333, 0, 0, 278, 333, 278, 606, 556, 556, 556, 556, 556, 556, 556, 556, 556, 556, 278, 0, 0, 606, 0, 444, 0, 704, 722, 722, 778, 722, 667, 778, 833, 407, 0, 741, 667, 944, 815, 778, 667, 0, 741, 667, 685, 815, 0, 926, 0, 685, 0, 0, 0, 0, 0, 0, 0, 574, 556, 444, 611, 444, 333, 537, 611, 333, 315, 556, 333, 889, 611, 500, 574, 556, 444, 444, 352, 611, 519, 778, 500, 500, 463, 0, 0, 0, 0, 0, 0, 0, 0, 0, 0, 0, 0, 0, 0, 0, 0, 0, 0, 0, 0, 0, 0, 0, 204]}, but is not installed. Consider installing fontTools if you encounter encoding problems.
fontTools is required to fully parse the encoding of a CFF Type1 font in font dictionary {'/BaseFont': '/HMNBBD+NewCenturySchlbk-Roman', '/Encoding': '/WinAnsiEncoding', '/FirstChar': 32, '/FontDescriptor': IndirectObject(185, 0, 127413256229984), '/LastChar': 151, '/Subtype': '/Type1', '/Type': '/Font', '/Widths': [278, 0, 0, 0, 556, 0, 815, 0, 333, 333, 0, 0, 278, 333, 278, 278, 556, 556, 556, 556, 556, 556, 556, 556, 556, 556, 278, 278, 0, 0, 0, 444, 0, 722, 722, 722, 778, 722, 667, 778, 833, 407, 556, 778, 667, 944, 815, 778, 667, 778, 722, 630, 667, 815, 722, 981, 704, 704, 611, 333, 0, 333, 0, 0, 0, 556, 556, 444, 574, 500, 333, 537, 611, 315, 296, 593, 315, 889, 611, 500, 574, 556, 444, 463, 389, 611, 537, 778, 537, 537, 481, 0, 0, 0, 0, 0, 0, 0, 0, 0, 0, 0, 0, 0, 0, 0, 0, 0, 0, 0, 0, 0, 0, 204, 204, 0, 0, 0, 556, 1000]}, but is not installed. Consider installing fontTools if you encounter encoding problems.
fontTools is required to fully parse the encoding of a CFF Type1 font in font dictionary {'/BaseFont': '/HMNCCC+NewCenturySchlbk-Bold', '/Encoding': '/WinAnsiEncoding', '/FirstChar': 32, '/FontDescriptor': IndirectObject(151, 0, 127413256229984), '/LastChar': 151, '/Subtype': '/Type1', '/Type': '/Font', '/Widths': [287, 0, 0, 0, 0, 0, 0, 0, 0, 0, 0, 0, 278, 333, 278, 0, 574, 574, 574, 0, 0, 574, 0, 0, 574, 0, 0, 0, 0, 0, 0, 0, 0, 759, 778, 778, 833, 759, 722, 833, 870, 444, 648, 815, 722, 981, 833, 833, 759, 0, 815, 667, 722, 833, 759, 981, 722, 722, 667, 0, 0, 0, 0, 0, 0, 611, 648, 556, 667, 574, 389, 611, 685, 370, 352, 667, 352, 963, 685, 611, 667, 648, 519, 500, 426, 685, 611, 889, 611, 611, 537, 0, 0, 0, 0, 0, 0, 0, 0, 0, 0, 0, 0, 0, 0, 0, 0, 0, 0, 0, 0, 0, 0, 0, 241, 0, 0, 0, 0, 1000]}, but is not installed. Consider installing fontTools if you encounter encoding problems.
fontTools is required to fully parse the encoding of a CFF Type1 font in font dictionary {'/BaseFont': '/HMNBBD+NewCenturySchlbk-Roman', '/Encoding': '/WinAnsiEncoding', '/FirstChar': 32, '/FontDescriptor': IndirectObject(185, 0, 127413256229984), '/LastChar': 151, '/Subtype': '/Type1', '/Type': '/Font', '/Widths': [278, 0, 0, 0, 556, 0, 815, 0, 333, 333, 0, 0, 278, 333, 278, 278, 556, 556, 556, 556, 556, 556, 556, 556, 556, 556, 278, 278, 0, 0, 0, 444, 0, 722, 722, 722, 778, 722, 667, 778, 833, 407, 556, 778, 667, 944, 815, 778, 667, 778, 722, 630, 667, 815, 722, 981, 704, 704, 611, 333, 0, 333, 0, 0, 0, 556, 556, 444, 574, 500, 333, 537, 611, 315, 296, 593, 315, 889, 611, 500, 574, 556, 444, 463, 389, 611, 537, 778, 537, 537, 481, 0, 0, 0, 0, 0, 0, 0, 0, 0, 0, 0, 0, 0, 0, 0, 0, 0, 0, 0, 0, 0, 0, 204, 204, 0, 0, 0, 556, 1000]}, but is not installed. Consider installing fontTools if you encounter encoding problems.
fontTools is required to fully parse the encoding of a CFF Type1 font in font dictionary {'/BaseFont': '/HMNBEF+NewCenturySchlbk-Italic', '/Encoding': '/WinAnsiEncoding', '/FirstChar': 32, '/FontDescriptor': IndirectObject(191, 0, 127413256229984), '/LastChar': 146, '/Subtype': '/Type1', '/Type': '/Font', '/Widths': [278, 0, 0, 0, 0, 0, 0, 0, 333, 333, 0, 0, 278, 333, 278, 606, 556, 556, 556, 556, 556, 556, 556, 556, 556, 556, 278, 0, 0, 606, 0, 444, 0, 704, 722, 722, 778, 722, 667, 778, 833, 407, 0, 741, 667, 944, 815, 778, 667, 0, 741, 667, 685, 815, 0, 926, 0, 685, 0, 0, 0, 0, 0, 0, 0, 574, 556, 444, 611, 444, 333, 537, 611, 333, 315, 556, 333, 889, 611, 500, 574, 556, 444, 444, 352, 611, 519, 778, 500, 500, 463, 0, 0, 0, 0, 0, 0, 0, 0, 0, 0, 0, 0, 0, 0, 0, 0, 0, 0, 0, 0, 0, 0, 0, 204]}, but is not installed. Consider installing fontTools if you encounter encoding problems.
fontTools is required to fully parse the encoding of a CFF Type1 font in font dictionary {'/BaseFont': '/HMNBBD+NewCenturySchlbk-Roman', '/Encoding': '/WinAnsiEncoding', '/FirstChar': 32, '/FontDescriptor': IndirectObject(185, 0, 127413256229984), '/LastChar': 151, '/Subtype': '/Type1', '/Type': '/Font', '/Widths': [278, 0, 0, 0, 556, 0, 815, 0, 333, 333, 0, 0, 278, 333, 278, 278, 556, 556, 556, 556, 556, 556, 556, 556, 556, 556, 278, 278, 0, 0, 0, 444, 0, 722, 722, 722, 778, 722, 667, 778, 833, 407, 556, 778, 667, 944, 815, 778, 667, 778, 722, 630, 667, 815, 722, 981, 704, 704, 611, 333, 0, 333, 0, 0, 0, 556, 556, 444, 574, 500, 333, 537, 611, 315, 296, 593, 315, 889, 611, 500, 574, 556, 444, 463, 389, 611, 537, 778, 537, 537, 481, 0, 0, 0, 0, 0, 0, 0, 0, 0, 0, 0, 0, 0, 0, 0, 0, 0, 0, 0, 0, 0, 0, 204, 204, 0, 0, 0, 556, 1000]}, but is not installed. Consider installing fontTools if you encounter encoding problems.
fontTools is required to fully parse the encoding of a CFF Type1 font in font dictionary {'/BaseFont': '/HMNBEF+NewCenturySchlbk-Italic', '/Encoding': '/WinAnsiEncoding', '/FirstChar': 32, '/FontDescriptor': IndirectObject(191, 0, 127413256229984), '/LastChar': 146, '/Subtype': '/Type1', '/Type': '/Font', '/Widths': [278, 0, 0, 0, 0, 0, 0, 0, 333, 333, 0, 0, 278, 333, 278, 606, 556, 556, 556, 556, 556, 556, 556, 556, 556, 556, 278, 0, 0, 606, 0, 444, 0, 704, 722, 722, 778, 722, 667, 778, 833, 407, 0, 741, 667, 944, 815, 778, 667, 0, 741, 667, 685, 815, 0, 926, 0, 685, 0, 0, 0, 0, 0, 0, 0, 574, 556, 444, 611, 444, 333, 537, 611, 333, 315, 556, 333, 889, 611, 500, 574, 556, 444, 444, 352, 611, 519, 778, 500, 500, 463, 0, 0, 0, 0, 0, 0, 0, 0, 0, 0, 0, 0, 0, 0, 0, 0, 0, 0, 0, 0, 0, 0, 0, 204]}, but is not installed. Consider installing fontTools if you encounter encoding problems.
fontTools is required to fully parse the encoding of a CFF Type1 font in font dictionary {'/BaseFont': '/HMNBBD+NewCenturySchlbk-Roman', '/Encoding': '/WinAnsiEncoding', '/FirstChar': 32, '/FontDescriptor': IndirectObject(185, 0, 127413256229984), '/LastChar': 151, '/Subtype': '/Type1', '/Type': '/Font', '/Widths': [278, 0, 0, 0, 556, 0, 815, 0, 333, 333, 0, 0, 278, 333, 278, 278, 556, 556, 556, 556, 556, 556, 556, 556, 556, 556, 278, 278, 0, 0, 0, 444, 0, 722, 722, 722, 778, 722, 667, 778, 833, 407, 556, 778, 667, 944, 815, 778, 667, 778, 722, 630, 667, 815, 722, 981, 704, 704, 611, 333, 0, 333, 0, 0, 0, 556, 556, 444, 574, 500, 333, 537, 611, 315, 296, 593, 315, 889, 611, 500, 574, 556, 444, 463, 389, 611, 537, 778, 537, 537, 481, 0, 0, 0, 0, 0, 0, 0, 0, 0, 0, 0, 0, 0, 0, 0, 0, 0, 0, 0, 0, 0, 0, 204, 204, 0, 0, 0, 556, 1000]}, but is not installed. Consider installing fontTools if you encounter encoding problems.
fontTools is required to fully parse the encoding of a CFF Type1 font in font dictionary {'/BaseFont': '/HMNBEF+NewCenturySchlbk-Italic', '/Encoding': '/WinAnsiEncoding', '/FirstChar': 32, '/FontDescriptor': IndirectObject(191, 0, 127413256229984), '/LastChar': 146, '/Subtype': '/Type1', '/Type': '/Font', '/Widths': [278, 0, 0, 0, 0, 0, 0, 0, 333, 333, 0, 0, 278, 333, 278, 606, 556, 556, 556, 556, 556, 556, 556, 556, 556, 556, 278, 0, 0, 606, 0, 444, 0, 704, 722, 722, 778, 722, 667, 778, 833, 407, 0, 741, 667, 944, 815, 778, 667, 0, 741, 667, 685, 815, 0, 926, 0, 685, 0, 0, 0, 0, 0, 0, 0, 574, 556, 444, 611, 444, 333, 537, 611, 333, 315, 556, 333, 889, 611, 500, 574, 556, 444, 444, 352, 611, 519, 778, 500, 500, 463, 0, 0, 0, 0, 0, 0, 0, 0, 0, 0, 0, 0, 0, 0, 0, 0, 0, 0, 0, 0, 0, 0, 0, 204]}, but is not installed. Consider installing fontTools if you encounter encoding problems.
fontTools is required to fully parse the encoding of a CFF Type1 font in font dictionary {'/BaseFont': '/HMNBBD+NewCenturySchlbk-Roman', '/Encoding': '/WinAnsiEncoding', '/FirstChar': 32, '/FontDescriptor': IndirectObject(185, 0, 127413256229984), '/LastChar': 151, '/Subtype': '/Type1', '/Type': '/Font', '/Widths': [278, 0, 0, 0, 556, 0, 815, 0, 333, 333, 0, 0, 278, 333, 278, 278, 556, 556, 556, 556, 556, 556, 556, 556, 556, 556, 278, 278, 0, 0, 0, 444, 0, 722, 722, 722, 778, 722, 667, 778, 833, 407, 556, 778, 667, 944, 815, 778, 667, 778, 722, 630, 667, 815, 722, 981, 704, 704, 611, 333, 0, 333, 0, 0, 0, 556, 556, 444, 574, 500, 333, 537, 611, 315, 296, 593, 315, 889, 611, 500, 574, 556, 444, 463, 389, 611, 537, 778, 537, 537, 481, 0, 0, 0, 0, 0, 0, 0, 0, 0, 0, 0, 0, 0, 0, 0, 0, 0, 0, 0, 0, 0, 0, 204, 204, 0, 0, 0, 556, 1000]}, but is not installed. Consider installing fontTools if you encounter encoding problems.
fontTools is required to fully parse the encoding of a CFF Type1 font in font dictionary {'/BaseFont': '/HMNBEF+NewCenturySchlbk-Italic', '/Encoding': '/WinAnsiEncoding', '/FirstChar': 32, '/FontDescriptor': IndirectObject(191, 0, 127413256229984), '/LastChar': 146, '/Subtype': '/Type1', '/Type': '/Font', '/Widths': [278, 0, 0, 0, 0, 0, 0, 0, 333, 333, 0, 0, 278, 333, 278, 606, 556, 556, 556, 556, 556, 556, 556, 556, 556, 556, 278, 0, 0, 606, 0, 444, 0, 704, 722, 722, 778, 722, 667, 778, 833, 407, 0, 741, 667, 944, 815, 778, 667, 0, 741, 667, 685, 815, 0, 926, 0, 685, 0, 0, 0, 0, 0, 0, 0, 574, 556, 444, 611, 444, 333, 537, 611, 333, 315, 556, 333, 889, 611, 500, 574, 556, 444, 444, 352, 611, 519, 778, 500, 500, 463, 0, 0, 0, 0, 0, 0, 0, 0, 0, 0, 0, 0, 0, 0, 0, 0, 0, 0, 0, 0, 0, 0, 0, 204]}, but is not installed. Consider installing fontTools if you encounter encoding problems.
fontTools is required to fully parse the encoding of a CFF Type1 font in font dictionary {'/BaseFont': '/HMNBBD+NewCenturySchlbk-Roman', '/Encoding': '/WinAnsiEncoding', '/FirstChar': 32, '/FontDescriptor': IndirectObject(185, 0, 127413256229984), '/LastChar': 151, '/Subtype': '/Type1', '/Type': '/Font', '/Widths': [278, 0, 0, 0, 556, 0, 815, 0, 333, 333, 0, 0, 278, 333, 278, 278, 556, 556, 556, 556, 556, 556, 556, 556, 556, 556, 278, 278, 0, 0, 0, 444, 0, 722, 722, 722, 778, 722, 667, 778, 833, 407, 556, 778, 667, 944, 815, 778, 667, 778, 722, 630, 667, 815, 722, 981, 704, 704, 611, 333, 0, 333, 0, 0, 0, 556, 556, 444, 574, 500, 333, 537, 611, 315, 296, 593, 315, 889, 611, 500, 574, 556, 444, 463, 389, 611, 537, 778, 537, 537, 481, 0, 0, 0, 0, 0, 0, 0, 0, 0, 0, 0, 0, 0, 0, 0, 0, 0, 0, 0, 0, 0, 0, 204, 204, 0, 0, 0, 556, 1000]}, but is not installed. Consider installing fontTools if you encounter encoding problems.
fontTools is required to fully parse the encoding of a CFF Type1 font in font dictionary {'/BaseFont': '/HMNBEF+NewCenturySchlbk-Italic', '/Encoding': '/WinAnsiEncoding', '/FirstChar': 32, '/FontDescriptor': IndirectObject(191, 0, 127413256229984), '/LastChar': 146, '/Subtype': '/Type1', '/Type': '/Font', '/Widths': [278, 0, 0, 0, 0, 0, 0, 0, 333, 333, 0, 0, 278, 333, 278, 606, 556, 556, 556, 556, 556, 556, 556, 556, 556, 556, 278, 0, 0, 606, 0, 444, 0, 704, 722, 722, 778, 722, 667, 778, 833, 407, 0, 741, 667, 944, 815, 778, 667, 0, 741, 667, 685, 815, 0, 926, 0, 685, 0, 0, 0, 0, 0, 0, 0, 574, 556, 444, 611, 444, 333, 537, 611, 333, 315, 556, 333, 889, 611, 500, 574, 556, 444, 444, 352, 611, 519, 778, 500, 500, 463, 0, 0, 0, 0, 0, 0, 0, 0, 0, 0, 0, 0, 0, 0, 0, 0, 0, 0, 0, 0, 0, 0, 0, 204]}, but is not installed. Consider installing fontTools if you encounter encoding problems.
fontTools is required to fully parse the encoding of a CFF Type1 font in font dictionary {'/BaseFont': '/HMNBBD+NewCenturySchlbk-Roman', '/Encoding': '/WinAnsiEncoding', '/FirstChar': 32, '/FontDescriptor': IndirectObject(185, 0, 127413256229984), '/LastChar': 151, '/Subtype': '/Type1', '/Type': '/Font', '/Widths': [278, 0, 0, 0, 556, 0, 815, 0, 333, 333, 0, 0, 278, 333, 278, 278, 556, 556, 556, 556, 556, 556, 556, 556, 556, 556, 278, 278, 0, 0, 0, 444, 0, 722, 722, 722, 778, 722, 667, 778, 833, 407, 556, 778, 667, 944, 815, 778, 667, 778, 722, 630, 667, 815, 722, 981, 704, 704, 611, 333, 0, 333, 0, 0, 0, 556, 556, 444, 574, 500, 333, 537, 611, 315, 296, 593, 315, 889, 611, 500, 574, 556, 444, 463, 389, 611, 537, 778, 537, 537, 481, 0, 0, 0, 0, 0, 0, 0, 0, 0, 0, 0, 0, 0, 0, 0, 0, 0, 0, 0, 0, 0, 0, 204, 204, 0, 0, 0, 556, 1000]}, but is not installed. Consider installing fontTools if you encounter encoding problems.
fontTools is required to fully parse the encoding of a CFF Type1 font in font dictionary {'/BaseFont': '/HMNBEF+NewCenturySchlbk-Italic', '/Encoding': '/WinAnsiEncoding', '/FirstChar': 32, '/FontDescriptor': IndirectObject(191, 0, 127413256229984), '/LastChar': 146, '/Subtype': '/Type1', '/Type': '/Font', '/Widths': [278, 0, 0, 0, 0, 0, 0, 0, 333, 333, 0, 0, 278, 333, 278, 606, 556, 556, 556, 556, 556, 556, 556, 556, 556, 556, 278, 0, 0, 606, 0, 444, 0, 704, 722, 722, 778, 722, 667, 778, 833, 407, 0, 741, 667, 944, 815, 778, 667, 0, 741, 667, 685, 815, 0, 926, 0, 685, 0, 0, 0, 0, 0, 0, 0, 574, 556, 444, 611, 444, 333, 537, 611, 333, 315, 556, 333, 889, 611, 500, 574, 556, 444, 444, 352, 611, 519, 778, 500, 500, 463, 0, 0, 0, 0, 0, 0, 0, 0, 0, 0, 0, 0, 0, 0, 0, 0, 0, 0, 0, 0, 0, 0, 0, 204]}, but is not installed. Consider installing fontTools if you encounter encoding problems.
fontTools is required to fully parse the encoding of a CFF Type1 font in font dictionary {'/BaseFont': '/HMNBBD+NewCenturySchlbk-Roman', '/Encoding': '/WinAnsiEncoding', '/FirstChar': 32, '/FontDescriptor': IndirectObject(185, 0, 127413256229984), '/LastChar': 151, '/Subtype': '/Type1', '/Type': '/Font', '/Widths': [278, 0, 0, 0, 556, 0, 815, 0, 333, 333, 0, 0, 278, 333, 278, 278, 556, 556, 556, 556, 556, 556, 556, 556, 556, 556, 278, 278, 0, 0, 0, 444, 0, 722, 722, 722, 778, 722, 667, 778, 833, 407, 556, 778, 667, 944, 815, 778, 667, 778, 722, 630, 667, 815, 722, 981, 704, 704, 611, 333, 0, 333, 0, 0, 0, 556, 556, 444, 574, 500, 333, 537, 611, 315, 296, 593, 315, 889, 611, 500, 574, 556, 444, 463, 389, 611, 537, 778, 537, 537, 481, 0, 0, 0, 0, 0, 0, 0, 0, 0, 0, 0, 0, 0, 0, 0, 0, 0, 0, 0, 0, 0, 0, 204, 204, 0, 0, 0, 556, 1000]}, but is not installed. Consider installing fontTools if you encounter encoding problems.
fontTools is required to fully parse the encoding of a CFF Type1 font in font dictionary {'/BaseFont': '/HMNBEF+NewCenturySchlbk-Italic', '/Encoding': '/WinAnsiEncoding', '/FirstChar': 32, '/FontDescriptor': IndirectObject(191, 0, 127413256229984), '/LastChar': 146, '/Subtype': '/Type1', '/Type': '/Font', '/Widths': [278, 0, 0, 0, 0, 0, 0, 0, 333, 333, 0, 0, 278, 333, 278, 606, 556, 556, 556, 556, 556, 556, 556, 556, 556, 556, 278, 0, 0, 606, 0, 444, 0, 704, 722, 722, 778, 722, 667, 778, 833, 407, 0, 741, 667, 944, 815, 778, 667, 0, 741, 667, 685, 815, 0, 926, 0, 685, 0, 0, 0, 0, 0, 0, 0, 574, 556, 444, 611, 444, 333, 537, 611, 333, 315, 556, 333, 889, 611, 500, 574, 556, 444, 444, 352, 611, 519, 778, 500, 500, 463, 0, 0, 0, 0, 0, 0, 0, 0, 0, 0, 0, 0, 0, 0, 0, 0, 0, 0, 0, 0, 0, 0, 0, 204]}, but is not installed. Consider installing fontTools if you encounter encoding problems.
fontTools is required to fully parse the encoding of a CFF Type1 font in font dictionary {'/BaseFont': '/HMNBBD+NewCenturySchlbk-Roman', '/Encoding': '/WinAnsiEncoding', '/FirstChar': 32, '/FontDescriptor': IndirectObject(185, 0, 127413256229984), '/LastChar': 151, '/Subtype': '/Type1', '/Type': '/Font', '/Widths': [278, 0, 0, 0, 556, 0, 815, 0, 333, 333, 0, 0, 278, 333, 278, 278, 556, 556, 556, 556, 556, 556, 556, 556, 556, 556, 278, 278, 0, 0, 0, 444, 0, 722, 722, 722, 778, 722, 667, 778, 833, 407, 556, 778, 667, 944, 815, 778, 667, 778, 722, 630, 667, 815, 722, 981, 704, 704, 611, 333, 0, 333, 0, 0, 0, 556, 556, 444, 574, 500, 333, 537, 611, 315, 296, 593, 315, 889, 611, 500, 574, 556, 444, 463, 389, 611, 537, 778, 537, 537, 481, 0, 0, 0, 0, 0, 0, 0, 0, 0, 0, 0, 0, 0, 0, 0, 0, 0, 0, 0, 0, 0, 0, 204, 204, 0, 0, 0, 556, 1000]}, but is not installed. Consider installing fontTools if you encounter encoding problems.
fontTools is required to fully parse the encoding of a CFF Type1 font in font dictionary {'/BaseFont': '/HMNBBD+NewCenturySchlbk-Roman', '/Encoding': '/WinAnsiEncoding', '/FirstChar': 32, '/FontDescriptor': IndirectObject(185, 0, 127413256229984), '/LastChar': 151, '/Subtype': '/Type1', '/Type': '/Font', '/Widths': [278, 0, 0, 0, 556, 0, 815, 0, 333, 333, 0, 0, 278, 333, 278, 278, 556, 556, 556, 556, 556, 556, 556, 556, 556, 556, 278, 278, 0, 0, 0, 444, 0, 722, 722, 722, 778, 722, 667, 778, 833, 407, 556, 778, 667, 944, 815, 778, 667, 778, 722, 630, 667, 815, 722, 981, 704, 704, 611, 333, 0, 333, 0, 0, 0, 556, 556, 444, 574, 500, 333, 537, 611, 315, 296, 593, 315, 889, 611, 500, 574, 556, 444, 463, 389, 611, 537, 778, 537, 537, 481, 0, 0, 0, 0, 0, 0, 0, 0, 0, 0, 0, 0, 0, 0, 0, 0, 0, 0, 0, 0, 0, 0, 204, 204, 0, 0, 0, 556, 1000]}, but is not installed. Consider installing fontTools if you encounter encoding problems.
fontTools is required to fully parse the encoding of a CFF Type1 font in font dictionary {'/BaseFont': '/HMNBBD+NewCenturySchlbk-Roman', '/Encoding': '/WinAnsiEncoding', '/FirstChar': 32, '/FontDescriptor': IndirectObject(185, 0, 127413256229984), '/LastChar': 151, '/Subtype': '/Type1', '/Type': '/Font', '/Widths': [278, 0, 0, 0, 556, 0, 815, 0, 333, 333, 0, 0, 278, 333, 278, 278, 556, 556, 556, 556, 556, 556, 556, 556, 556, 556, 278, 278, 0, 0, 0, 444, 0, 722, 722, 722, 778, 722, 667, 778, 833, 407, 556, 778, 667, 944, 815, 778, 667, 778, 722, 630, 667, 815, 722, 981, 704, 704, 611, 333, 0, 333, 0, 0, 0, 556, 556, 444, 574, 500, 333, 537, 611, 315, 296, 593, 315, 889, 611, 500, 574, 556, 444, 463, 389, 611, 537, 778, 537, 537, 481, 0, 0, 0, 0, 0, 0, 0, 0, 0, 0, 0, 0, 0, 0, 0, 0, 0, 0, 0, 0, 0, 0, 204, 204, 0, 0, 0, 556, 1000]}, but is not installed. Consider installing fontTools if you encounter encoding problems.
fontTools is required to fully parse the encoding of a CFF Type1 font in font dictionary {'/BaseFont': '/HMNBBD+NewCenturySchlbk-Roman', '/Encoding': '/WinAnsiEncoding', '/FirstChar': 32, '/FontDescriptor': IndirectObject(185, 0, 127413256229984), '/LastChar': 151, '/Subtype': '/Type1', '/Type': '/Font', '/Widths': [278, 0, 0, 0, 556, 0, 815, 0, 333, 333, 0, 0, 278, 333, 278, 278, 556, 556, 556, 556, 556, 556, 556, 556, 556, 556, 278, 278, 0, 0, 0, 444, 0, 722, 722, 722, 778, 722, 667, 778, 833, 407, 556, 778, 667, 944, 815, 778, 667, 778, 722, 630, 667, 815, 722, 981, 704, 704, 611, 333, 0, 333, 0, 0, 0, 556, 556, 444, 574, 500, 333, 537, 611, 315, 296, 593, 315, 889, 611, 500, 574, 556, 444, 463, 389, 611, 537, 778, 537, 537, 481, 0, 0, 0, 0, 0, 0, 0, 0, 0, 0, 0, 0, 0, 0, 0, 0, 0, 0, 0, 0, 0, 0, 204, 204, 0, 0, 0, 556, 1000]}, but is not installed. Consider installing fontTools if you encounter encoding problems.
fontTools is required to fully parse the encoding of a CFF Type1 font in font dictionary {'/BaseFont': '/HMNBBD+NewCenturySchlbk-Roman', '/Encoding': '/WinAnsiEncoding', '/FirstChar': 32, '/FontDescriptor': IndirectObject(185, 0, 127413256229984), '/LastChar': 151, '/Subtype': '/Type1', '/Type': '/Font', '/Widths': [278, 0, 0, 0, 556, 0, 815, 0, 333, 333, 0, 0, 278, 333, 278, 278, 556, 556, 556, 556, 556, 556, 556, 556, 556, 556, 278, 278, 0, 0, 0, 444, 0, 722, 722, 722, 778, 722, 667, 778, 833, 407, 556, 778, 667, 944, 815, 778, 667, 778, 722, 630, 667, 815, 722, 981, 704, 704, 611, 333, 0, 333, 0, 0, 0, 556, 556, 444, 574, 500, 333, 537, 611, 315, 296, 593, 315, 889, 611, 500, 574, 556, 444, 463, 389, 611, 537, 778, 537, 537, 481, 0, 0, 0, 0, 0, 0, 0, 0, 0, 0, 0, 0, 0, 0, 0, 0, 0, 0, 0, 0, 0, 0, 204, 204, 0, 0, 0, 556, 1000]}, but is not installed. Consider installing fontTools if you encounter encoding problems.
fontTools is required to fully parse the encoding of a CFF Type1 font in font dictionary {'/BaseFont': '/HMNBBD+NewCenturySchlbk-Roman', '/Encoding': '/WinAnsiEncoding', '/FirstChar': 32, '/FontDescriptor': IndirectObject(185, 0, 127413256229984), '/LastChar': 151, '/Subtype': '/Type1', '/Type': '/Font', '/Widths': [278, 0, 0, 0, 556, 0, 815, 0, 333, 333, 0, 0, 278, 333, 278, 278, 556, 556, 556, 556, 556, 556, 556, 556, 556, 556, 278, 278, 0, 0, 0, 444, 0, 722, 722, 722, 778, 722, 667, 778, 833, 407, 556, 778, 667, 944, 815, 778, 667, 778, 722, 630, 667, 815, 722, 981, 704, 704, 611, 333, 0, 333, 0, 0, 0, 556, 556, 444, 574, 500, 333, 537, 611, 315, 296, 593, 315, 889, 611, 500, 574, 556, 444, 463, 389, 611, 537, 778, 537, 537, 481, 0, 0, 0, 0, 0, 0, 0, 0, 0, 0, 0, 0, 0, 0, 0, 0, 0, 0, 0, 0, 0, 0, 204, 204, 0, 0, 0, 556, 1000]}, but is not installed. Consider installing fontTools if you encounter encoding problems.
fontTools is required to fully parse the encoding of a CFF Type1 font in font dictionary {'/BaseFont': '/HMNBBD+NewCenturySchlbk-Roman', '/Encoding': '/WinAnsiEncoding', '/FirstChar': 32, '/FontDescriptor': IndirectObject(185, 0, 127413256229984), '/LastChar': 151, '/Subtype': '/Type1', '/Type': '/Font', '/Widths': [278, 0, 0, 0, 556, 0, 815, 0, 333, 333, 0, 0, 278, 333, 278, 278, 556, 556, 556, 556, 556, 556, 556, 556, 556, 556, 278, 278, 0, 0, 0, 444, 0, 722, 722, 722, 778, 722, 667, 778, 833, 407, 556, 778, 667, 944, 815, 778, 667, 778, 722, 630, 667, 815, 722, 981, 704, 704, 611, 333, 0, 333, 0, 0, 0, 556, 556, 444, 574, 500, 333, 537, 611, 315, 296, 593, 315, 889, 611, 500, 574, 556, 444, 463, 389, 611, 537, 778, 537, 537, 481, 0, 0, 0, 0, 0, 0, 0, 0, 0, 0, 0, 0, 0, 0, 0, 0, 0, 0, 0, 0, 0, 0, 204, 204, 0, 0, 0, 556, 1000]}, but is not installed. Consider installing fontTools if you encounter encoding problems.
fontTools is required to fully parse the encoding of a CFF Type1 font in font dictionary {'/BaseFont': '/HMNBBD+NewCenturySchlbk-Roman', '/Encoding': '/WinAnsiEncoding', '/FirstChar': 32, '/FontDescriptor': IndirectObject(185, 0, 127413256229984), '/LastChar': 151, '/Subtype': '/Type1', '/Type': '/Font', '/Widths': [278, 0, 0, 0, 556, 0, 815, 0, 333, 333, 0, 0, 278, 333, 278, 278, 556, 556, 556, 556, 556, 556, 556, 556, 556, 556, 278, 278, 0, 0, 0, 444, 0, 722, 722, 722, 778, 722, 667, 778, 833, 407, 556, 778, 667, 944, 815, 778, 667, 778, 722, 630, 667, 815, 722, 981, 704, 704, 611, 333, 0, 333, 0, 0, 0, 556, 556, 444, 574, 500, 333, 537, 611, 315, 296, 593, 315, 889, 611, 500, 574, 556, 444, 463, 389, 611, 537, 778, 537, 537, 481, 0, 0, 0, 0, 0, 0, 0, 0, 0, 0, 0, 0, 0, 0, 0, 0, 0, 0, 0, 0, 0, 0, 204, 204, 0, 0, 0, 556, 1000]}, but is not installed. Consider installing fontTools if you encounter encoding problems.
fontTools is required to fully parse the encoding of a CFF Type1 font in font dictionary {'/BaseFont': '/HMNBBD+NewCenturySchlbk-Roman', '/Encoding': '/WinAnsiEncoding', '/FirstChar': 32, '/FontDescriptor': IndirectObject(185, 0, 127413256229984), '/LastChar': 151, '/Subtype': '/Type1', '/Type': '/Font', '/Widths': [278, 0, 0, 0, 556, 0, 815, 0, 333, 333, 0, 0, 278, 333, 278, 278, 556, 556, 556, 556, 556, 556, 556, 556, 556, 556, 278, 278, 0, 0, 0, 444, 0, 722, 722, 722, 778, 722, 667, 778, 833, 407, 556, 778, 667, 944, 815, 778, 667, 778, 722, 630, 667, 815, 722, 981, 704, 704, 611, 333, 0, 333, 0, 0, 0, 556, 556, 444, 574, 500, 333, 537, 611, 315, 296, 593, 315, 889, 611, 500, 574, 556, 444, 463, 389, 611, 537, 778, 537, 537, 481, 0, 0, 0, 0, 0, 0, 0, 0, 0, 0, 0, 0, 0, 0, 0, 0, 0, 0, 0, 0, 0, 0, 204, 204, 0, 0, 0, 556, 1000]}, but is not installed. Consider installing fontTools if you encounter encoding problems.
fontTools is required to fully parse the encoding of a CFF Type1 font in font dictionary {'/BaseFont': '/HMNBBD+NewCenturySchlbk-Roman', '/Encoding': '/WinAnsiEncoding', '/FirstChar': 32, '/FontDescriptor': IndirectObject(185, 0, 127413256229984), '/LastChar': 151, '/Subtype': '/Type1', '/Type': '/Font', '/Widths': [278, 0, 0, 0, 556, 0, 815, 0, 333, 333, 0, 0, 278, 333, 278, 278, 556, 556, 556, 556, 556, 556, 556, 556, 556, 556, 278, 278, 0, 0, 0, 444, 0, 722, 722, 722, 778, 722, 667, 778, 833, 407, 556, 778, 667, 944, 815, 778, 667, 778, 722, 630, 667, 815, 722, 981, 704, 704, 611, 333, 0, 333, 0, 0, 0, 556, 556, 444, 574, 500, 333, 537, 611, 315, 296, 593, 315, 889, 611, 500, 574, 556, 444, 463, 389, 611, 537, 778, 537, 537, 481, 0, 0, 0, 0, 0, 0, 0, 0, 0, 0, 0, 0, 0, 0, 0, 0, 0, 0, 0, 0, 0, 0, 204, 204, 0, 0, 0, 556, 1000]}, but is not installed. Consider installing fontTools if you encounter encoding problems.
fontTools is required to fully parse the encoding of a CFF Type1 font in font dictionary {'/BaseFont': '/HMNBBD+NewCenturySchlbk-Roman', '/Encoding': '/WinAnsiEncoding', '/FirstChar': 32, '/FontDescriptor': IndirectObject(185, 0, 127413256229984), '/LastChar': 151, '/Subtype': '/Type1', '/Type': '/Font', '/Widths': [278, 0, 0, 0, 556, 0, 815, 0, 333, 333, 0, 0, 278, 333, 278, 278, 556, 556, 556, 556, 556, 556, 556, 556, 556, 556, 278, 278, 0, 0, 0, 444, 0, 722, 722, 722, 778, 722, 667, 778, 833, 407, 556, 778, 667, 944, 815, 778, 667, 778, 722, 630, 667, 815, 722, 981, 704, 704, 611, 333, 0, 333, 0, 0, 0, 556, 556, 444, 574, 500, 333, 537, 611, 315, 296, 593, 315, 889, 611, 500, 574, 556, 444, 463, 389, 611, 537, 778, 537, 537, 481, 0, 0, 0, 0, 0, 0, 0, 0, 0, 0, 0, 0, 0, 0, 0, 0, 0, 0, 0, 0, 0, 0, 204, 204, 0, 0, 0, 556, 1000]}, but is not installed. Consider installing fontTools if you encounter encoding problems.
fontTools is required to fully parse the encoding of a CFF Type1 font in font dictionary {'/BaseFont': '/HMNBBD+NewCenturySchlbk-Roman', '/Encoding': '/WinAnsiEncoding', '/FirstChar': 32, '/FontDescriptor': IndirectObject(185, 0, 127413256229984), '/LastChar': 151, '/Subtype': '/Type1', '/Type': '/Font', '/Widths': [278, 0, 0, 0, 556, 0, 815, 0, 333, 333, 0, 0, 278, 333, 278, 278, 556, 556, 556, 556, 556, 556, 556, 556, 556, 556, 278, 278, 0, 0, 0, 444, 0, 722, 722, 722, 778, 722, 667, 778, 833, 407, 556, 778, 667, 944, 815, 778, 667, 778, 722, 630, 667, 815, 722, 981, 704, 704, 611, 333, 0, 333, 0, 0, 0, 556, 556, 444, 574, 500, 333, 537, 611, 315, 296, 593, 315, 889, 611, 500, 574, 556, 444, 463, 389, 611, 537, 778, 537, 537, 481, 0, 0, 0, 0, 0, 0, 0, 0, 0, 0, 0, 0, 0, 0, 0, 0, 0, 0, 0, 0, 0, 0, 204, 204, 0, 0, 0, 556, 1000]}, but is not installed. Consider installing fontTools if you encounter encoding problems.
fontTools is required to fully parse the encoding of a CFF Type1 font in font dictionary {'/BaseFont': '/HMNBBD+NewCenturySchlbk-Roman', '/Encoding': '/WinAnsiEncoding', '/FirstChar': 32, '/FontDescriptor': IndirectObject(185, 0, 127413256229984), '/LastChar': 151, '/Subtype': '/Type1', '/Type': '/Font', '/Widths': [278, 0, 0, 0, 556, 0, 815, 0, 333, 333, 0, 0, 278, 333, 278, 278, 556, 556, 556, 556, 556, 556, 556, 556, 556, 556, 278, 278, 0, 0, 0, 444, 0, 722, 722, 722, 778, 722, 667, 778, 833, 407, 556, 778, 667, 944, 815, 778, 667, 778, 722, 630, 667, 815, 722, 981, 704, 704, 611, 333, 0, 333, 0, 0, 0, 556, 556, 444, 574, 500, 333, 537, 611, 315, 296, 593, 315, 889, 611, 500, 574, 556, 444, 463, 389, 611, 537, 778, 537, 537, 481, 0, 0, 0, 0, 0, 0, 0, 0, 0, 0, 0, 0, 0, 0, 0, 0, 0, 0, 0, 0, 0, 0, 204, 204, 0, 0, 0, 556, 1000]}, but is not installed. Consider installing fontTools if you encounter encoding problems.
fontTools is required to fully parse the encoding of a CFF Type1 font in font dictionary {'/BaseFont': '/HMNBBD+NewCenturySchlbk-Roman', '/Encoding': '/WinAnsiEncoding', '/FirstChar': 32, '/FontDescriptor': IndirectObject(185, 0, 127413256229984), '/LastChar': 151, '/Subtype': '/Type1', '/Type': '/Font', '/Widths': [278, 0, 0, 0, 556, 0, 815, 0, 333, 333, 0, 0, 278, 333, 278, 278, 556, 556, 556, 556, 556, 556, 556, 556, 556, 556, 278, 278, 0, 0, 0, 444, 0, 722, 722, 722, 778, 722, 667, 778, 833, 407, 556, 778, 667, 944, 815, 778, 667, 778, 722, 630, 667, 815, 722, 981, 704, 704, 611, 333, 0, 333, 0, 0, 0, 556, 556, 444, 574, 500, 333, 537, 611, 315, 296, 593, 315, 889, 611, 500, 574, 556, 444, 463, 389, 611, 537, 778, 537, 537, 481, 0, 0, 0, 0, 0, 0, 0, 0, 0, 0, 0, 0, 0, 0, 0, 0, 0, 0, 0, 0, 0, 0, 204, 204, 0, 0, 0, 556, 1000]}, but is not installed. Consider installing fontTools if you encounter encoding problems.
fontTools is required to fully parse the encoding of a CFF Type1 font in font dictionary {'/BaseFont': '/HMNBBD+NewCenturySchlbk-Roman', '/Encoding': '/WinAnsiEncoding', '/FirstChar': 32, '/FontDescriptor': IndirectObject(185, 0, 127413256229984), '/LastChar': 151, '/Subtype': '/Type1', '/Type': '/Font', '/Widths': [278, 0, 0, 0, 556, 0, 815, 0, 333, 333, 0, 0, 278, 333, 278, 278, 556, 556, 556, 556, 556, 556, 556, 556, 556, 556, 278, 278, 0, 0, 0, 444, 0, 722, 722, 722, 778, 722, 667, 778, 833, 407, 556, 778, 667, 944, 815, 778, 667, 778, 722, 630, 667, 815, 722, 981, 704, 704, 611, 333, 0, 333, 0, 0, 0, 556, 556, 444, 574, 500, 333, 537, 611, 315, 296, 593, 315, 889, 611, 500, 574, 556, 444, 463, 389, 611, 537, 778, 537, 537, 481, 0, 0, 0, 0, 0, 0, 0, 0, 0, 0, 0, 0, 0, 0, 0, 0, 0, 0, 0, 0, 0, 0, 204, 204, 0, 0, 0, 556, 1000]}, but is not installed. Consider installing fontTools if you encounter encoding problems.
fontTools is required to fully parse the encoding of a CFF Type1 font in font dictionary {'/BaseFont': '/HMNBBD+NewCenturySchlbk-Roman', '/Encoding': '/WinAnsiEncoding', '/FirstChar': 32, '/FontDescriptor': IndirectObject(185, 0, 127413256229984), '/LastChar': 151, '/Subtype': '/Type1', '/Type': '/Font', '/Widths': [278, 0, 0, 0, 556, 0, 815, 0, 333, 333, 0, 0, 278, 333, 278, 278, 556, 556, 556, 556, 556, 556, 556, 556, 556, 556, 278, 278, 0, 0, 0, 444, 0, 722, 722, 722, 778, 722, 667, 778, 833, 407, 556, 778, 667, 944, 815, 778, 667, 778, 722, 630, 667, 815, 722, 981, 704, 704, 611, 333, 0, 333, 0, 0, 0, 556, 556, 444, 574, 500, 333, 537, 611, 315, 296, 593, 315, 889, 611, 500, 574, 556, 444, 463, 389, 611, 537, 778, 537, 537, 481, 0, 0, 0, 0, 0, 0, 0, 0, 0, 0, 0, 0, 0, 0, 0, 0, 0, 0, 0, 0, 0, 0, 204, 204, 0, 0, 0, 556, 1000]}, but is not installed. Consider installing fontTools if you encounter encoding problems.
fontTools is required to fully parse the encoding of a CFF Type1 font in font dictionary {'/BaseFont': '/HMNBBD+NewCenturySchlbk-Roman', '/Encoding': '/WinAnsiEncoding', '/FirstChar': 32, '/FontDescriptor': IndirectObject(185, 0, 127413256229984), '/LastChar': 151, '/Subtype': '/Type1', '/Type': '/Font', '/Widths': [278, 0, 0, 0, 556, 0, 815, 0, 333, 333, 0, 0, 278, 333, 278, 278, 556, 556, 556, 556, 556, 556, 556, 556, 556, 556, 278, 278, 0, 0, 0, 444, 0, 722, 722, 722, 778, 722, 667, 778, 833, 407, 556, 778, 667, 944, 815, 778, 667, 778, 722, 630, 667, 815, 722, 981, 704, 704, 611, 333, 0, 333, 0, 0, 0, 556, 556, 444, 574, 500, 333, 537, 611, 315, 296, 593, 315, 889, 611, 500, 574, 556, 444, 463, 389, 611, 537, 778, 537, 537, 481, 0, 0, 0, 0, 0, 0, 0, 0, 0, 0, 0, 0, 0, 0, 0, 0, 0, 0, 0, 0, 0, 0, 204, 204, 0, 0, 0, 556, 1000]}, but is not installed. Consider installing fontTools if you encounter encoding problems.
fontTools is required to fully parse the encoding of a CFF Type1 font in font dictionary {'/BaseFont': '/HMNBBD+NewCenturySchlbk-Roman', '/Encoding': '/WinAnsiEncoding', '/FirstChar': 32, '/FontDescriptor': IndirectObject(185, 0, 127413256229984), '/LastChar': 151, '/Subtype': '/Type1', '/Type': '/Font', '/Widths': [278, 0, 0, 0, 556, 0, 815, 0, 333, 333, 0, 0, 278, 333, 278, 278, 556, 556, 556, 556, 556, 556, 556, 556, 556, 556, 278, 278, 0, 0, 0, 444, 0, 722, 722, 722, 778, 722, 667, 778, 833, 407, 556, 778, 667, 944, 815, 778, 667, 778, 722, 630, 667, 815, 722, 981, 704, 704, 611, 333, 0, 333, 0, 0, 0, 556, 556, 444, 574, 500, 333, 537, 611, 315, 296, 593, 315, 889, 611, 500, 574, 556, 444, 463, 389, 611, 537, 778, 537, 537, 481, 0, 0, 0, 0, 0, 0, 0, 0, 0, 0, 0, 0, 0, 0, 0, 0, 0, 0, 0, 0, 0, 0, 204, 204, 0, 0, 0, 556, 1000]}, but is not installed. Consider installing fontTools if you encounter encoding problems.
fontTools is required to fully parse the encoding of a CFF Type1 font in font dictionary {'/BaseFont': '/HMNBBD+NewCenturySchlbk-Roman', '/Encoding': '/WinAnsiEncoding', '/FirstChar': 32, '/FontDescriptor': IndirectObject(185, 0, 127413256229984), '/LastChar': 151, '/Subtype': '/Type1', '/Type': '/Font', '/Widths': [278, 0, 0, 0, 556, 0, 815, 0, 333, 333, 0, 0, 278, 333, 278, 278, 556, 556, 556, 556, 556, 556, 556, 556, 556, 556, 278, 278, 0, 0, 0, 444, 0, 722, 722, 722, 778, 722, 667, 778, 833, 407, 556, 778, 667, 944, 815, 778, 667, 778, 722, 630, 667, 815, 722, 981, 704, 704, 611, 333, 0, 333, 0, 0, 0, 556, 556, 444, 574, 500, 333, 537, 611, 315, 296, 593, 315, 889, 611, 500, 574, 556, 444, 463, 389, 611, 537, 778, 537, 537, 481, 0, 0, 0, 0, 0, 0, 0, 0, 0, 0, 0, 0, 0, 0, 0, 0, 0, 0, 0, 0, 0, 0, 204, 204, 0, 0, 0, 556, 1000]}, but is not installed. Consider installing fontTools if you encounter encoding problems.
q_501: complete
q_502: failed
q_503: complete
q_504: complete
q_505: complete
q_506: insufficient_evidence
q_507: complete
q_508: complete
q_509: complete
q_510: complete
{
  "status": "partial",
  "research_date": "2026-09-09",
  "input_queries": 510,
  "unique_queries": 510,
  "duplicate_queries": 0,
  "repeated_identifiers": 0,
  "skipped_rows": [],
  "selected_pilot_queries": 510,
  "queries_searched": 510,
  "queries_processed": 506,
  "queries_with_evidence": 477,
  "insufficient_evidence_queries": 125,
  "failed_queries": 4,
  "retrieved_candidates": 3994,
  "retained_candidates": 1372,
  "retained_documents": 907,
  "unique_content_documents": 892,
  "downloaded_documents": 747,
  "claims": 10143,
  "chunks": 2168,
  "rejected_claims": 8829,
  "failure_events": 271,
  "verified_model": "qwen3.5:35b-a3b",
  "usage": {
    "request_attempts": 510,
    "estimated_credits": 510.0,
    "budget_accounted_credits": 510.0,
    "provider_reported_credits": 506.0,
    "requests_with_reported_usage": 510,
    "unknown_outcome_requests": 0,
    "credit_ceiling": 700.0
  },
  "updated_at": "2026-09-10T02:11:09.397628+00:00"
}
