query_id,original_id,original_query,input_row,duplicate_of,sectors,geography,labels_basis,parent_query_id,expansion_reason,parent_query_ids,company_id,company_name,company_aliases,seed_row_ids,query_purpose,sector_terms,include_domains
q_company_fdd3fe73423e13e3b595140c_discovery,company_fdd3fe73423e13e3b595140c_discovery,"""Ajin Georgia"" Georgia tariffs import duties supply chain",2,,"[""automotive_and_trade""]",statewide_georgia,query_text_only,,Collect company-named evidence; seed product/location labels are unverified.,[],company_fdd3fe73423e13e3b595140c,Ajin Georgia,"[""Ajin Georgia"", ""ajin georgia""]","[""gnem_row_62""]",company_discovery,automotive vehicles auto parts,[]
q_company_fdd3fe73423e13e3b595140c_targeted,company_fdd3fe73423e13e3b595140c_targeted,"""Ajin Georgia"" automotive vehicles auto parts tariffs cost sourcing country of origin 2026",3,,"[""automotive_and_trade""]",statewide_georgia,query_text_only,,Collect company-named evidence; seed product/location labels are unverified.,[],company_fdd3fe73423e13e3b595140c,Ajin Georgia,"[""Ajin Georgia"", ""ajin georgia""]","[""gnem_row_62""]",company_targeted,automotive vehicles auto parts,[]
q_company_1a42c8704adcaf70bd49cb78_discovery,company_1a42c8704adcaf70bd49cb78_discovery,"""Aspen Aerogels"" Georgia tariffs import duties supply chain",4,,"[""automotive_and_trade""]",statewide_georgia,query_text_only,,Collect company-named evidence; seed product/location labels are unverified.,[],company_1a42c8704adcaf70bd49cb78,Aspen Aerogels,"[""Aspen Aerogels"", ""aspen aerogels""]","[""gnem_row_13""]",company_discovery,automotive vehicles auto parts,[]
q_company_1a42c8704adcaf70bd49cb78_targeted,company_1a42c8704adcaf70bd49cb78_targeted,"""Aspen Aerogels"" automotive vehicles auto parts tariffs cost sourcing country of origin 2026",5,,"[""automotive_and_trade""]",national_international_context,query_text_only,,Collect company-named evidence; seed product/location labels are unverified.,[],company_1a42c8704adcaf70bd49cb78,Aspen Aerogels,"[""Aspen Aerogels"", ""aspen aerogels""]","[""gnem_row_13""]",company_targeted,automotive vehicles auto parts,[]
q_company_c637266c7de19e629af5b867_discovery,company_c637266c7de19e629af5b867_discovery,"""DaeChang Seat Company"" Georgia tariffs import duties supply chain",6,,"[""automotive_and_trade""]",statewide_georgia,query_text_only,,Collect company-named evidence; seed product/location labels are unverified.,[],company_c637266c7de19e629af5b867,DaeChang Seat Company,"[""DaeChang Seat Company"", ""daechang seat""]","[""gnem_row_66""]",company_discovery,automotive vehicles auto parts,[]
q_company_c637266c7de19e629af5b867_targeted,company_c637266c7de19e629af5b867_targeted,"""DaeChang Seat Company"" automotive vehicles auto parts tariffs cost sourcing country of origin 2026",7,,"[""automotive_and_trade""]",national_international_context,query_text_only,,Collect company-named evidence; seed product/location labels are unverified.,[],company_c637266c7de19e629af5b867,DaeChang Seat Company,"[""DaeChang Seat Company"", ""daechang seat""]","[""gnem_row_66""]",company_targeted,automotive vehicles auto parts,[]
q_company_2c4b6344bfab2e8f192bfba9_discovery,company_2c4b6344bfab2e8f192bfba9_discovery,"""Ecoplastic America Corporation"" Georgia tariffs import duties supply chain",8,,"[""automotive_and_trade""]",statewide_georgia,query_text_only,,Collect company-named evidence; seed product/location labels are unverified.,[],company_2c4b6344bfab2e8f192bfba9,Ecoplastic America Corporation,"[""Ecoplastic America Corporation"", ""ecoplastic america""]","[""gnem_row_42""]",company_discovery,automotive vehicles auto parts steel aluminum copper tariffs,[]
q_company_2c4b6344bfab2e8f192bfba9_targeted,company_2c4b6344bfab2e8f192bfba9_targeted,"""Ecoplastic America Corporation"" automotive vehicles auto parts steel aluminum copper tariffs tariffs cost sourcing country of origin 2026",9,,"[""metals""]",national_international_context,query_text_only,,Collect company-named evidence; seed product/location labels are unverified.,[],company_2c4b6344bfab2e8f192bfba9,Ecoplastic America Corporation,"[""Ecoplastic America Corporation"", ""ecoplastic america""]","[""gnem_row_42""]",company_targeted,automotive vehicles auto parts steel aluminum copper tariffs,[]
q_company_79ae9d99f72979a1c1261010_discovery,company_79ae9d99f72979a1c1261010_discovery,"""Ecoplastic Corporation"" Georgia tariffs import duties supply chain",10,,"[""automotive_and_trade""]",statewide_georgia,query_text_only,,Collect company-named evidence; seed product/location labels are unverified.,[],company_79ae9d99f72979a1c1261010,Ecoplastic Corporation,"[""Ecoplastic Corporation"", ""ecoplastic""]","[""gnem_row_51""]",company_discovery,automotive vehicles auto parts steel aluminum copper tariffs,[]
q_company_79ae9d99f72979a1c1261010_targeted,company_79ae9d99f72979a1c1261010_targeted,"""Ecoplastic Corporation"" automotive vehicles auto parts steel aluminum copper tariffs tariffs cost sourcing country of origin 2026",11,,"[""metals""]",national_international_context,query_text_only,,Collect company-named evidence; seed product/location labels are unverified.,[],company_79ae9d99f72979a1c1261010,Ecoplastic Corporation,"[""Ecoplastic Corporation"", ""ecoplastic""]","[""gnem_row_51""]",company_targeted,automotive vehicles auto parts steel aluminum copper tariffs,[]
q_company_c01c638d33df890a6b51cd0c_discovery,company_c01c638d33df890a6b51cd0c_discovery,"""Elan Technology Inc."" Georgia tariffs import duties supply chain",12,,"[""automotive_and_trade""]",statewide_georgia,query_text_only,,Collect company-named evidence; seed product/location labels are unverified.,[],company_c01c638d33df890a6b51cd0c,Elan Technology Inc.,"[""Elan Technology Inc."", ""elan technology""]","[""gnem_row_49""]",company_discovery,automotive vehicles auto parts steel aluminum copper tariffs,[]
q_company_c01c638d33df890a6b51cd0c_targeted,company_c01c638d33df890a6b51cd0c_targeted,"""Elan Technology Inc."" automotive vehicles auto parts steel aluminum copper tariffs tariffs cost sourcing country of origin 2026",13,,"[""metals""]",national_international_context,query_text_only,,Collect company-named evidence; seed product/location labels are unverified.,[],company_c01c638d33df890a6b51cd0c,Elan Technology Inc.,"[""Elan Technology Inc."", ""elan technology""]","[""gnem_row_49""]",company_targeted,automotive vehicles auto parts steel aluminum copper tariffs,[]
q_company_90ce15ff13f865cb62749afb_discovery,company_90ce15ff13f865cb62749afb_discovery,"""GLOVIS Georgia LLC"" Georgia tariffs import duties supply chain",14,,"[""automotive_and_trade""]",statewide_georgia,query_text_only,,Collect company-named evidence; seed product/location labels are unverified.,[],company_90ce15ff13f865cb62749afb,GLOVIS Georgia LLC,"[""GLOVIS Georgia LLC"", ""glovis georgia""]","[""gnem_row_83""]",company_discovery,automotive vehicles auto parts steel aluminum copper tariffs,[]
q_company_90ce15ff13f865cb62749afb_targeted,company_90ce15ff13f865cb62749afb_targeted,"""GLOVIS Georgia LLC"" automotive vehicles auto parts steel aluminum copper tariffs tariffs cost sourcing country of origin 2026",15,,"[""metals""]",statewide_georgia,query_text_only,,Collect company-named evidence; seed product/location labels are unverified.,[],company_90ce15ff13f865cb62749afb,GLOVIS Georgia LLC,"[""GLOVIS Georgia LLC"", ""glovis georgia""]","[""gnem_row_83""]",company_targeted,automotive vehicles auto parts steel aluminum copper tariffs,[]
q_company_87068da9d6a4b546bd557609_discovery,company_87068da9d6a4b546bd557609_discovery,"""Great Dane LP"" Georgia tariffs import duties supply chain",16,,"[""automotive_and_trade""]",statewide_georgia,query_text_only,,Collect company-named evidence; seed product/location labels are unverified.,[],company_87068da9d6a4b546bd557609,Great Dane LP,"[""Great Dane LP"", ""great dane""]","[""gnem_row_141""]",company_discovery,automotive vehicles auto parts steel aluminum copper tariffs,[]
q_company_87068da9d6a4b546bd557609_targeted,company_87068da9d6a4b546bd557609_targeted,"""Great Dane LP"" automotive vehicles auto parts steel aluminum copper tariffs tariffs cost sourcing country of origin 2026",17,,"[""metals""]",national_international_context,query_text_only,,Collect company-named evidence; seed product/location labels are unverified.,[],company_87068da9d6a4b546bd557609,Great Dane LP,"[""Great Dane LP"", ""great dane""]","[""gnem_row_141""]",company_targeted,automotive vehicles auto parts steel aluminum copper tariffs,[]
q_company_da9706f4b8d8a7c81d035528_discovery,company_da9706f4b8d8a7c81d035528_discovery,"""Great Dane Trailers"" Georgia tariffs import duties supply chain",18,,"[""automotive_and_trade""]",statewide_georgia,query_text_only,,Collect company-named evidence; seed product/location labels are unverified.,[],company_da9706f4b8d8a7c81d035528,Great Dane Trailers,"[""Great Dane Trailers"", ""great dane trailers""]","[""gnem_row_147""]",company_discovery,automotive vehicles auto parts steel aluminum copper tariffs,[]
q_company_da9706f4b8d8a7c81d035528_targeted,company_da9706f4b8d8a7c81d035528_targeted,"""Great Dane Trailers"" automotive vehicles auto parts steel aluminum copper tariffs tariffs cost sourcing country of origin 2026",19,,"[""metals""]",national_international_context,query_text_only,,Collect company-named evidence; seed product/location labels are unverified.,[],company_da9706f4b8d8a7c81d035528,Great Dane Trailers,"[""Great Dane Trailers"", ""great dane trailers""]","[""gnem_row_147""]",company_targeted,automotive vehicles auto parts steel aluminum copper tariffs,[]
q_company_c04f33ffc5921844cc767a0a_discovery,company_c04f33ffc5921844cc767a0a_discovery,"""Hyundai & LG Energy Solution (LGES)"" Georgia tariffs import duties supply chain",20,,"[""automotive_and_trade""]",statewide_georgia,query_text_only,,Collect company-named evidence; seed product/location labels are unverified.,[],company_c04f33ffc5921844cc767a0a,Hyundai & LG Energy Solution (LGES),"[""Hyundai & LG Energy Solution (LGES)"", ""hyundai lg energy solution lges""]","[""gnem_row_81""]",company_discovery,batteries critical minerals lithium graphite LCD OLED displays PCBs printed circuit boards electronics,[]
q_company_c04f33ffc5921844cc767a0a_targeted,company_c04f33ffc5921844cc767a0a_targeted,"""Hyundai & LG Energy Solution (LGES)"" batteries critical minerals lithium graphite LCD OLED displays PCBs printed circuit boards electronics tariffs cost sourcing country of origin 2026",21,,"[""batteries_and_minerals"", ""pcbs_and_electronics"", ""displays""]",national_international_context,query_text_only,,Collect company-named evidence; seed product/location labels are unverified.,[],company_c04f33ffc5921844cc767a0a,Hyundai & LG Energy Solution (LGES),"[""Hyundai & LG Energy Solution (LGES)"", ""hyundai lg energy solution lges""]","[""gnem_row_81""]",company_targeted,batteries critical minerals lithium graphite LCD OLED displays PCBs printed circuit boards electronics,[]
q_company_9c033fbbbe5dd968878b7417_discovery,company_9c033fbbbe5dd968878b7417_discovery,"""Hyundai Industrial Co."" Georgia tariffs import duties supply chain",22,,"[""automotive_and_trade""]",statewide_georgia,query_text_only,,Collect company-named evidence; seed product/location labels are unverified.,[],company_9c033fbbbe5dd968878b7417,Hyundai Industrial Co.,"[""Hyundai Industrial Co."", ""hyundai industrial""]","[""gnem_row_94""]",company_discovery,LCD OLED displays PCBs printed circuit boards electronics,[]
q_company_9c033fbbbe5dd968878b7417_targeted,company_9c033fbbbe5dd968878b7417_targeted,"""Hyundai Industrial Co."" LCD OLED displays PCBs printed circuit boards electronics tariffs cost sourcing country of origin 2026",23,,"[""pcbs_and_electronics"", ""displays""]",national_international_context,query_text_only,,Collect company-named evidence; seed product/location labels are unverified.,[],company_9c033fbbbe5dd968878b7417,Hyundai Industrial Co.,"[""Hyundai Industrial Co."", ""hyundai industrial""]","[""gnem_row_94""]",company_targeted,LCD OLED displays PCBs printed circuit boards electronics,[]
q_company_2b21c38fbded6ea1b5538a75_discovery,company_2b21c38fbded6ea1b5538a75_discovery,"""Hyundai Motor Group"" Georgia tariffs import duties supply chain",24,,"[""automotive_and_trade""]",statewide_georgia,query_text_only,,Collect company-named evidence; seed product/location labels are unverified.,[],company_2b21c38fbded6ea1b5538a75,Hyundai Motor Group,"[""Hyundai Motor Group"", ""hyundai motor group""]","[""gnem_row_84""]",company_discovery,LCD OLED displays PCBs printed circuit boards electronics,[]
q_company_2b21c38fbded6ea1b5538a75_targeted,company_2b21c38fbded6ea1b5538a75_targeted,"""Hyundai Motor Group"" LCD OLED displays PCBs printed circuit boards electronics tariffs cost sourcing country of origin 2026",25,,"[""pcbs_and_electronics"", ""displays""]",national_international_context,query_text_only,,Collect company-named evidence; seed product/location labels are unverified.,[],company_2b21c38fbded6ea1b5538a75,Hyundai Motor Group,"[""Hyundai Motor Group"", ""hyundai motor group""]","[""gnem_row_84""]",company_targeted,LCD OLED displays PCBs printed circuit boards electronics,[]
q_company_2fc6813eb9f41f003204ef69_discovery,company_2fc6813eb9f41f003204ef69_discovery,"""PHA Body Systems LLC"" Georgia tariffs import duties supply chain",26,,"[""automotive_and_trade""]",statewide_georgia,query_text_only,,Collect company-named evidence; seed product/location labels are unverified.,[],company_2fc6813eb9f41f003204ef69,PHA Body Systems LLC,"[""PHA Body Systems LLC"", ""pha body systems""]","[""gnem_row_143""]",company_discovery,automotive vehicles auto parts,[]
q_company_2fc6813eb9f41f003204ef69_targeted,company_2fc6813eb9f41f003204ef69_targeted,"""PHA Body Systems LLC"" automotive vehicles auto parts tariffs cost sourcing country of origin 2026",27,,"[""automotive_and_trade""]",national_international_context,query_text_only,,Collect company-named evidence; seed product/location labels are unverified.,[],company_2fc6813eb9f41f003204ef69,PHA Body Systems LLC,"[""PHA Body Systems LLC"", ""pha body systems""]","[""gnem_row_143""]",company_targeted,automotive vehicles auto parts,[]
q_company_3d4d0f99f4974152e5c9657d_discovery,company_3d4d0f99f4974152e5c9657d_discovery,"""Propex Operating Co. LLC"" Georgia tariffs import duties supply chain",28,,"[""automotive_and_trade""]",statewide_georgia,query_text_only,,Collect company-named evidence; seed product/location labels are unverified.,[],company_3d4d0f99f4974152e5c9657d,Propex Operating Co. LLC,"[""Propex Operating Co. LLC"", ""propex operating""]","[""gnem_row_128""]",company_discovery,automotive vehicles auto parts,[]
q_company_3d4d0f99f4974152e5c9657d_targeted,company_3d4d0f99f4974152e5c9657d_targeted,"""Propex Operating Co. LLC"" automotive vehicles auto parts tariffs cost sourcing country of origin 2026",29,,"[""automotive_and_trade""]",national_international_context,query_text_only,,Collect company-named evidence; seed product/location labels are unverified.,[],company_3d4d0f99f4974152e5c9657d,Propex Operating Co. LLC,"[""Propex Operating Co. LLC"", ""propex operating""]","[""gnem_row_128""]",company_targeted,automotive vehicles auto parts,[]
q_company_2ca807a86c0a7e4aeb4ae014_discovery,company_2ca807a86c0a7e4aeb4ae014_discovery,"""SK Battery America"" Georgia tariffs import duties supply chain",30,,"[""batteries_and_minerals""]",statewide_georgia,query_text_only,,Collect company-named evidence; seed product/location labels are unverified.,[],company_2ca807a86c0a7e4aeb4ae014,SK Battery America,"[""SK Battery America"", ""sk battery america""]","[""gnem_row_164""]",company_discovery,automotive vehicles auto parts batteries critical minerals lithium graphite,[]
q_company_2ca807a86c0a7e4aeb4ae014_targeted,company_2ca807a86c0a7e4aeb4ae014_targeted,"""SK Battery America"" automotive vehicles auto parts batteries critical minerals lithium graphite tariffs cost sourcing country of origin 2026",31,,"[""batteries_and_minerals""]",national_international_context,query_text_only,,Collect company-named evidence; seed product/location labels are unverified.,[],company_2ca807a86c0a7e4aeb4ae014,SK Battery America,"[""SK Battery America"", ""sk battery america""]","[""gnem_row_164""]",company_targeted,automotive vehicles auto parts batteries critical minerals lithium graphite,[]
q_company_56947b6791bbd3d8817d1869_discovery,company_56947b6791bbd3d8817d1869_discovery,"""ACM Georgia LLC"" Georgia tariffs import duties supply chain",32,,"[""automotive_and_trade""]",statewide_georgia,query_text_only,,Collect company-named evidence; seed product/location labels are unverified.,[],company_56947b6791bbd3d8817d1869,ACM Georgia LLC,"[""ACM Georgia LLC"", ""acm georgia""]","[""gnem_row_8""]",company_discovery,automotive vehicles auto parts,[]
q_company_56947b6791bbd3d8817d1869_targeted,company_56947b6791bbd3d8817d1869_targeted,"""ACM Georgia LLC"" automotive vehicles auto parts tariffs cost sourcing country of origin 2026",33,,"[""automotive_and_trade""]",statewide_georgia,query_text_only,,Collect company-named evidence; seed product/location labels are unverified.,[],company_56947b6791bbd3d8817d1869,ACM Georgia LLC,"[""ACM Georgia LLC"", ""acm georgia""]","[""gnem_row_8""]",company_targeted,automotive vehicles auto parts,[]
q_company_39f85ab24943ff1c43fdb019_discovery,company_39f85ab24943ff1c43fdb019_discovery,"""Adient"" Georgia tariffs import duties supply chain",34,,"[""automotive_and_trade""]",statewide_georgia,query_text_only,,Collect company-named evidence; seed product/location labels are unverified.,[],company_39f85ab24943ff1c43fdb019,Adient,"[""Adient"", ""adient""]","[""gnem_row_45""]",company_discovery,automotive vehicles auto parts,[]
q_company_39f85ab24943ff1c43fdb019_targeted,company_39f85ab24943ff1c43fdb019_targeted,"""Adient"" automotive vehicles auto parts tariffs cost sourcing country of origin 2026",35,,"[""automotive_and_trade""]",national_international_context,query_text_only,,Collect company-named evidence; seed product/location labels are unverified.,[],company_39f85ab24943ff1c43fdb019,Adient,"[""Adient"", ""adient""]","[""gnem_row_45""]",company_targeted,automotive vehicles auto parts,[]
q_company_a1d2f17b3360077e6922a03d_discovery,company_a1d2f17b3360077e6922a03d_discovery,"""ADVICS Manufacturing Georgia LLC"" Georgia tariffs import duties supply chain",36,,"[""automotive_and_trade""]",statewide_georgia,query_text_only,,Collect company-named evidence; seed product/location labels are unverified.,[],company_a1d2f17b3360077e6922a03d,ADVICS Manufacturing Georgia LLC,"[""ADVICS Manufacturing Georgia LLC"", ""advics manufacturing georgia""]","[""gnem_row_57""]",company_discovery,automotive vehicles auto parts,[]
q_company_a1d2f17b3360077e6922a03d_targeted,company_a1d2f17b3360077e6922a03d_targeted,"""ADVICS Manufacturing Georgia LLC"" automotive vehicles auto parts tariffs cost sourcing country of origin 2026",37,,"[""automotive_and_trade""]",statewide_georgia,query_text_only,,Collect company-named evidence; seed product/location labels are unverified.,[],company_a1d2f17b3360077e6922a03d,ADVICS Manufacturing Georgia LLC,"[""ADVICS Manufacturing Georgia LLC"", ""advics manufacturing georgia""]","[""gnem_row_57""]",company_targeted,automotive vehicles auto parts,[]
q_company_5d6710bbebca17301582eef6_discovery,company_5d6710bbebca17301582eef6_discovery,"""ALBAform Inc."" Georgia tariffs import duties supply chain",38,,"[""automotive_and_trade""]",statewide_georgia,query_text_only,,Collect company-named evidence; seed product/location labels are unverified.,[],company_5d6710bbebca17301582eef6,ALBAform Inc.,"[""ALBAform Inc."", ""albaform""]","[""gnem_row_67""]",company_discovery,automotive vehicles auto parts,[]
q_company_5d6710bbebca17301582eef6_targeted,company_5d6710bbebca17301582eef6_targeted,"""ALBAform Inc."" automotive vehicles auto parts tariffs cost sourcing country of origin 2026",39,,"[""automotive_and_trade""]",national_international_context,query_text_only,,Collect company-named evidence; seed product/location labels are unverified.,[],company_5d6710bbebca17301582eef6,ALBAform Inc.,"[""ALBAform Inc."", ""albaform""]","[""gnem_row_67""]",company_targeted,automotive vehicles auto parts,[]
q_company_105d9963b102a6ae236572eb_discovery,company_105d9963b102a6ae236572eb_discovery,"""Anovion Technologies"" Georgia tariffs import duties supply chain",40,,"[""automotive_and_trade""]",statewide_georgia,query_text_only,,Collect company-named evidence; seed product/location labels are unverified.,[],company_105d9963b102a6ae236572eb,Anovion Technologies,"[""Anovion Technologies"", ""anovion technologies""]","[""gnem_row_95""]",company_discovery,automotive vehicles auto parts batteries critical minerals lithium graphite,[]
q_company_105d9963b102a6ae236572eb_targeted,company_105d9963b102a6ae236572eb_targeted,"""Anovion Technologies"" automotive vehicles auto parts batteries critical minerals lithium graphite tariffs cost sourcing country of origin 2026",41,,"[""batteries_and_minerals""]",national_international_context,query_text_only,,Collect company-named evidence; seed product/location labels are unverified.,[],company_105d9963b102a6ae236572eb,Anovion Technologies,"[""Anovion Technologies"", ""anovion technologies""]","[""gnem_row_95""]",company_targeted,automotive vehicles auto parts batteries critical minerals lithium graphite,[]
q_company_2e20e495efaa524f3c7b4c3a_discovery,company_2e20e495efaa524f3c7b4c3a_discovery,"""Apache Mills Inc."" Georgia tariffs import duties supply chain",42,,"[""automotive_and_trade""]",statewide_georgia,query_text_only,,Collect company-named evidence; seed product/location labels are unverified.,[],company_2e20e495efaa524f3c7b4c3a,Apache Mills Inc.,"[""Apache Mills Inc."", ""apache mills""]","[""gnem_row_64""]",company_discovery,automotive vehicles auto parts,[]
q_company_2e20e495efaa524f3c7b4c3a_targeted,company_2e20e495efaa524f3c7b4c3a_targeted,"""Apache Mills Inc."" automotive vehicles auto parts tariffs cost sourcing country of origin 2026",43,,"[""automotive_and_trade""]",national_international_context,query_text_only,,Collect company-named evidence; seed product/location labels are unverified.,[],company_2e20e495efaa524f3c7b4c3a,Apache Mills Inc.,"[""Apache Mills Inc."", ""apache mills""]","[""gnem_row_64""]",company_targeted,automotive vehicles auto parts,[]
q_company_8102602c2cf120a2e06de532_discovery,company_8102602c2cf120a2e06de532_discovery,"""Archer Aviation Inc."" Georgia tariffs import duties supply chain",44,,"[""automotive_and_trade""]",statewide_georgia,query_text_only,,Collect company-named evidence; seed product/location labels are unverified.,[],company_8102602c2cf120a2e06de532,Archer Aviation Inc.,"[""Archer Aviation Inc."", ""archer aviation""]","[""gnem_row_40""]",company_discovery,automotive vehicles auto parts,[]
q_company_8102602c2cf120a2e06de532_targeted,company_8102602c2cf120a2e06de532_targeted,"""Archer Aviation Inc."" automotive vehicles auto parts tariffs cost sourcing country of origin 2026",45,,"[""automotive_and_trade""]",national_international_context,query_text_only,,Collect company-named evidence; seed product/location labels are unverified.,[],company_8102602c2cf120a2e06de532,Archer Aviation Inc.,"[""Archer Aviation Inc."", ""archer aviation""]","[""gnem_row_40""]",company_targeted,automotive vehicles auto parts,[]
q_company_2c8b7f05b5f09138866667d6_discovery,company_2c8b7f05b5f09138866667d6_discovery,"""Arising Industries Inc."" Georgia tariffs import duties supply chain",46,,"[""automotive_and_trade""]",statewide_georgia,query_text_only,,Collect company-named evidence; seed product/location labels are unverified.,[],company_2c8b7f05b5f09138866667d6,Arising Industries Inc.,"[""Arising Industries Inc."", ""arising industries""]","[""gnem_row_6"", ""gnem_row_112""]",company_discovery,automotive vehicles auto parts,[]
q_company_2c8b7f05b5f09138866667d6_targeted,company_2c8b7f05b5f09138866667d6_targeted,"""Arising Industries Inc."" automotive vehicles auto parts tariffs cost sourcing country of origin 2026",47,,"[""automotive_and_trade""]",national_international_context,query_text_only,,Collect company-named evidence; seed product/location labels are unverified.,[],company_2c8b7f05b5f09138866667d6,Arising Industries Inc.,"[""Arising Industries Inc."", ""arising industries""]","[""gnem_row_6"", ""gnem_row_112""]",company_targeted,automotive vehicles auto parts,[]
q_company_36bb5b7f923c6cc0642f4aca_discovery,company_36bb5b7f923c6cc0642f4aca_discovery,"""Ascend Elements"" Georgia tariffs import duties supply chain",48,,"[""automotive_and_trade""]",statewide_georgia,query_text_only,,Collect company-named evidence; seed product/location labels are unverified.,[],company_36bb5b7f923c6cc0642f4aca,Ascend Elements,"[""Ascend Elements"", ""ascend elements""]","[""gnem_row_12""]",company_discovery,automotive vehicles auto parts batteries critical minerals lithium graphite,[]
q_company_36bb5b7f923c6cc0642f4aca_targeted,company_36bb5b7f923c6cc0642f4aca_targeted,"""Ascend Elements"" automotive vehicles auto parts batteries critical minerals lithium graphite tariffs cost sourcing country of origin 2026",49,,"[""batteries_and_minerals""]",national_international_context,query_text_only,,Collect company-named evidence; seed product/location labels are unverified.,[],company_36bb5b7f923c6cc0642f4aca,Ascend Elements,"[""Ascend Elements"", ""ascend elements""]","[""gnem_row_12""]",company_targeted,automotive vehicles auto parts batteries critical minerals lithium graphite,[]
q_company_42975cd2568a7dcbeb7cbd98_discovery,company_42975cd2568a7dcbeb7cbd98_discovery,"""Aurubis"" Georgia tariffs import duties supply chain",50,,"[""automotive_and_trade""]",statewide_georgia,query_text_only,,Collect company-named evidence; seed product/location labels are unverified.,[],company_42975cd2568a7dcbeb7cbd98,Aurubis,"[""Aurubis"", ""aurubis""]","[""gnem_row_14""]",company_discovery,automotive vehicles auto parts,[]
q_company_42975cd2568a7dcbeb7cbd98_targeted,company_42975cd2568a7dcbeb7cbd98_targeted,"""Aurubis"" automotive vehicles auto parts tariffs cost sourcing country of origin 2026",51,,"[""automotive_and_trade""]",national_international_context,query_text_only,,Collect company-named evidence; seed product/location labels are unverified.,[],company_42975cd2568a7dcbeb7cbd98,Aurubis,"[""Aurubis"", ""aurubis""]","[""gnem_row_14""]",company_targeted,automotive vehicles auto parts,[]
q_company_af625009d15eb10609433c7a_discovery,company_af625009d15eb10609433c7a_discovery,"""AVS"" Georgia tariffs import duties supply chain",52,,"[""automotive_and_trade""]",statewide_georgia,query_text_only,,Collect company-named evidence; seed product/location labels are unverified.,[],company_af625009d15eb10609433c7a,AVS,"[""AVS"", ""avs""]","[""gnem_row_17""]",company_discovery,automotive vehicles auto parts,[]
q_company_af625009d15eb10609433c7a_targeted,company_af625009d15eb10609433c7a_targeted,"""AVS"" automotive vehicles auto parts tariffs cost sourcing country of origin 2026",53,,"[""automotive_and_trade""]",national_international_context,query_text_only,,Collect company-named evidence; seed product/location labels are unverified.,[],company_af625009d15eb10609433c7a,AVS,"[""AVS"", ""avs""]","[""gnem_row_17""]",company_targeted,automotive vehicles auto parts,[]
q_company_c7297d0309518878c6b970e8_discovery,company_c7297d0309518878c6b970e8_discovery,"""Beaver Manufacturing Co. Inc."" Georgia tariffs import duties supply chain",54,,"[""automotive_and_trade""]",statewide_georgia,query_text_only,,Collect company-named evidence; seed product/location labels are unverified.,[],company_c7297d0309518878c6b970e8,Beaver Manufacturing Co. Inc.,"[""Beaver Manufacturing Co. Inc."", ""beaver manufacturing""]","[""gnem_row_16""]",company_discovery,automotive vehicles auto parts,[]
q_company_c7297d0309518878c6b970e8_targeted,company_c7297d0309518878c6b970e8_targeted,"""Beaver Manufacturing Co. Inc."" automotive vehicles auto parts tariffs cost sourcing country of origin 2026",55,,"[""automotive_and_trade""]",national_international_context,query_text_only,,Collect company-named evidence; seed product/location labels are unverified.,[],company_c7297d0309518878c6b970e8,Beaver Manufacturing Co. Inc.,"[""Beaver Manufacturing Co. Inc."", ""beaver manufacturing""]","[""gnem_row_16""]",company_targeted,automotive vehicles auto parts,[]
q_company_17d2a2419c972bbfbd0d3c66_discovery,company_17d2a2419c972bbfbd0d3c66_discovery,"""Big Tex Trailer Manufacturing Inc."" Georgia tariffs import duties supply chain",56,,"[""automotive_and_trade""]",statewide_georgia,query_text_only,,Collect company-named evidence; seed product/location labels are unverified.,[],company_17d2a2419c972bbfbd0d3c66,Big Tex Trailer Manufacturing Inc.,"[""Big Tex Trailer Manufacturing Inc."", ""big tex trailer manufacturing""]","[""gnem_row_30""]",company_discovery,automotive vehicles auto parts,[]
q_company_17d2a2419c972bbfbd0d3c66_targeted,company_17d2a2419c972bbfbd0d3c66_targeted,"""Big Tex Trailer Manufacturing Inc."" automotive vehicles auto parts tariffs cost sourcing country of origin 2026",57,,"[""automotive_and_trade""]",national_international_context,query_text_only,,Collect company-named evidence; seed product/location labels are unverified.,[],company_17d2a2419c972bbfbd0d3c66,Big Tex Trailer Manufacturing Inc.,"[""Big Tex Trailer Manufacturing Inc."", ""big tex trailer manufacturing""]","[""gnem_row_30""]",company_targeted,automotive vehicles auto parts,[]
q_company_7401d56b17c5cd19433e6b12_discovery,company_7401d56b17c5cd19433e6b12_discovery,"""Blue Bird Corp."" Georgia tariffs import duties supply chain",58,,"[""automotive_and_trade""]",statewide_georgia,query_text_only,,Collect company-named evidence; seed product/location labels are unverified.,[],company_7401d56b17c5cd19433e6b12,Blue Bird Corp.,"[""Blue Bird Corp."", ""blue bird""]","[""gnem_row_18""]",company_discovery,automotive vehicles auto parts,[]
q_company_7401d56b17c5cd19433e6b12_targeted,company_7401d56b17c5cd19433e6b12_targeted,"""Blue Bird Corp."" automotive vehicles auto parts tariffs cost sourcing country of origin 2026",59,,"[""automotive_and_trade""]",national_international_context,query_text_only,,Collect company-named evidence; seed product/location labels are unverified.,[],company_7401d56b17c5cd19433e6b12,Blue Bird Corp.,"[""Blue Bird Corp."", ""blue bird""]","[""gnem_row_18""]",company_targeted,automotive vehicles auto parts,[]
q_company_22670a5f0b194d8bd2c5eb74_discovery,company_22670a5f0b194d8bd2c5eb74_discovery,"""Blue Ridge Manufacturing"" Georgia tariffs import duties supply chain",60,,"[""automotive_and_trade""]",statewide_georgia,query_text_only,,Collect company-named evidence; seed product/location labels are unverified.,[],company_22670a5f0b194d8bd2c5eb74,Blue Ridge Manufacturing,"[""Blue Ridge Manufacturing"", ""blue ridge manufacturing""]","[""gnem_row_19""]",company_discovery,automotive vehicles auto parts,[]
q_company_22670a5f0b194d8bd2c5eb74_targeted,company_22670a5f0b194d8bd2c5eb74_targeted,"""Blue Ridge Manufacturing"" automotive vehicles auto parts tariffs cost sourcing country of origin 2026",61,,"[""automotive_and_trade""]",national_international_context,query_text_only,,Collect company-named evidence; seed product/location labels are unverified.,[],company_22670a5f0b194d8bd2c5eb74,Blue Ridge Manufacturing,"[""Blue Ridge Manufacturing"", ""blue ridge manufacturing""]","[""gnem_row_19""]",company_targeted,automotive vehicles auto parts,[]
q_company_d34cd4f09e41e0c33dd7091f_discovery,company_d34cd4f09e41e0c33dd7091f_discovery,"""Bonnell Aluminum"" Georgia tariffs import duties supply chain",62,,"[""metals""]",statewide_georgia,query_text_only,,Collect company-named evidence; seed product/location labels are unverified.,[],company_d34cd4f09e41e0c33dd7091f,Bonnell Aluminum,"[""Bonnell Aluminum"", ""bonnell aluminum""]","[""gnem_row_33""]",company_discovery,automotive vehicles auto parts,[]
q_company_d34cd4f09e41e0c33dd7091f_targeted,company_d34cd4f09e41e0c33dd7091f_targeted,"""Bonnell Aluminum"" automotive vehicles auto parts tariffs cost sourcing country of origin 2026",63,,"[""metals""]",national_international_context,query_text_only,,Collect company-named evidence; seed product/location labels are unverified.,[],company_d34cd4f09e41e0c33dd7091f,Bonnell Aluminum,"[""Bonnell Aluminum"", ""bonnell aluminum""]","[""gnem_row_33""]",company_targeted,automotive vehicles auto parts,[]
q_company_c5335f42ecc83c2a03899ecb_discovery,company_c5335f42ecc83c2a03899ecb_discovery,"""Boogook Industries"" Georgia tariffs import duties supply chain",64,,"[""automotive_and_trade""]",statewide_georgia,query_text_only,,Collect company-named evidence; seed product/location labels are unverified.,[],company_c5335f42ecc83c2a03899ecb,Boogook Industries,"[""Boogook Industries"", ""boogook industries""]","[""gnem_row_21""]",company_discovery,automotive vehicles auto parts,[]
q_company_c5335f42ecc83c2a03899ecb_targeted,company_c5335f42ecc83c2a03899ecb_targeted,"""Boogook Industries"" automotive vehicles auto parts tariffs cost sourcing country of origin 2026",65,,"[""automotive_and_trade""]",national_international_context,query_text_only,,Collect company-named evidence; seed product/location labels are unverified.,[],company_c5335f42ecc83c2a03899ecb,Boogook Industries,"[""Boogook Industries"", ""boogook industries""]","[""gnem_row_21""]",company_targeted,automotive vehicles auto parts,[]
q_company_0d0c7e1f704d4df061e129a4_discovery,company_0d0c7e1f704d4df061e129a4_discovery,"""Bosal Industries Georgia"" Georgia tariffs import duties supply chain",66,,"[""automotive_and_trade""]",statewide_georgia,query_text_only,,Collect company-named evidence; seed product/location labels are unverified.,[],company_0d0c7e1f704d4df061e129a4,Bosal Industries Georgia,"[""Bosal Industries Georgia"", ""bosal industries georgia""]","[""gnem_row_34""]",company_discovery,automotive vehicles auto parts,[]
q_company_0d0c7e1f704d4df061e129a4_targeted,company_0d0c7e1f704d4df061e129a4_targeted,"""Bosal Industries Georgia"" automotive vehicles auto parts tariffs cost sourcing country of origin 2026",67,,"[""automotive_and_trade""]",statewide_georgia,query_text_only,,Collect company-named evidence; seed product/location labels are unverified.,[],company_0d0c7e1f704d4df061e129a4,Bosal Industries Georgia,"[""Bosal Industries Georgia"", ""bosal industries georgia""]","[""gnem_row_34""]",company_targeted,automotive vehicles auto parts,[]
q_company_c5fcc97bfb2974073676415c_discovery,company_c5fcc97bfb2974073676415c_discovery,"""Bosch (Automotive Division)"" Georgia tariffs import duties supply chain",68,,"[""automotive_and_trade""]",statewide_georgia,query_text_only,,Collect company-named evidence; seed product/location labels are unverified.,[],company_c5fcc97bfb2974073676415c,Bosch (Automotive Division),"[""Bosch (Automotive Division)"", ""bosch automotive division""]","[""gnem_row_23""]",company_discovery,automotive vehicles auto parts,[]
q_company_c5fcc97bfb2974073676415c_targeted,company_c5fcc97bfb2974073676415c_targeted,"""Bosch (Automotive Division)"" automotive vehicles auto parts tariffs cost sourcing country of origin 2026",69,,"[""automotive_and_trade""]",national_international_context,query_text_only,,Collect company-named evidence; seed product/location labels are unverified.,[],company_c5fcc97bfb2974073676415c,Bosch (Automotive Division),"[""Bosch (Automotive Division)"", ""bosch automotive division""]","[""gnem_row_23""]",company_targeted,automotive vehicles auto parts,[]
q_company_ae431317033c698ebc8dbdc9_discovery,company_ae431317033c698ebc8dbdc9_discovery,"""Bridgestone Bandag"" Georgia tariffs import duties supply chain",70,,"[""automotive_and_trade""]",statewide_georgia,query_text_only,,Collect company-named evidence; seed product/location labels are unverified.,[],company_ae431317033c698ebc8dbdc9,Bridgestone Bandag,"[""Bridgestone Bandag"", ""bridgestone bandag""]","[""gnem_row_24""]",company_discovery,automotive vehicles auto parts,[]
q_company_ae431317033c698ebc8dbdc9_targeted,company_ae431317033c698ebc8dbdc9_targeted,"""Bridgestone Bandag"" automotive vehicles auto parts tariffs cost sourcing country of origin 2026",71,,"[""automotive_and_trade""]",national_international_context,query_text_only,,Collect company-named evidence; seed product/location labels are unverified.,[],company_ae431317033c698ebc8dbdc9,Bridgestone Bandag,"[""Bridgestone Bandag"", ""bridgestone bandag""]","[""gnem_row_24""]",company_targeted,automotive vehicles auto parts,[]
q_company_554a225e8185b55b8a0a41bd_discovery,company_554a225e8185b55b8a0a41bd_discovery,"""Carcoustics USA"" Georgia tariffs import duties supply chain",72,,"[""automotive_and_trade""]",statewide_georgia,query_text_only,,Collect company-named evidence; seed product/location labels are unverified.,[],company_554a225e8185b55b8a0a41bd,Carcoustics USA,"[""Carcoustics USA"", ""carcoustics usa""]","[""gnem_row_39""]",company_discovery,automotive vehicles auto parts,[]
q_company_554a225e8185b55b8a0a41bd_targeted,company_554a225e8185b55b8a0a41bd_targeted,"""Carcoustics USA"" automotive vehicles auto parts tariffs cost sourcing country of origin 2026",73,,"[""automotive_and_trade""]",national_international_context,query_text_only,,Collect company-named evidence; seed product/location labels are unverified.,[],company_554a225e8185b55b8a0a41bd,Carcoustics USA,"[""Carcoustics USA"", ""carcoustics usa""]","[""gnem_row_39""]",company_targeted,automotive vehicles auto parts,[]
q_company_9f7649ab93e553fce03a0293_discovery,company_9f7649ab93e553fce03a0293_discovery,"""Club Car LLC"" Georgia tariffs import duties supply chain",74,,"[""automotive_and_trade""]",statewide_georgia,query_text_only,,Collect company-named evidence; seed product/location labels are unverified.,[],company_9f7649ab93e553fce03a0293,Club Car LLC,"[""Club Car LLC"", ""club car""]","[""gnem_row_26""]",company_discovery,automotive vehicles auto parts,[]
q_company_9f7649ab93e553fce03a0293_targeted,company_9f7649ab93e553fce03a0293_targeted,"""Club Car LLC"" automotive vehicles auto parts tariffs cost sourcing country of origin 2026",75,,"[""automotive_and_trade""]",national_international_context,query_text_only,,Collect company-named evidence; seed product/location labels are unverified.,[],company_9f7649ab93e553fce03a0293,Club Car LLC,"[""Club Car LLC"", ""club car""]","[""gnem_row_26""]",company_targeted,automotive vehicles auto parts,[]
q_company_80c510ece7aa44948187d533_discovery,company_80c510ece7aa44948187d533_discovery,"""Constellium Automotive USA"" Georgia tariffs import duties supply chain",76,,"[""automotive_and_trade""]",statewide_georgia,query_text_only,,Collect company-named evidence; seed product/location labels are unverified.,[],company_80c510ece7aa44948187d533,Constellium Automotive USA,"[""Constellium Automotive USA"", ""constellium automotive usa""]","[""gnem_row_27""]",company_discovery,automotive vehicles auto parts,[]
q_company_80c510ece7aa44948187d533_targeted,company_80c510ece7aa44948187d533_targeted,"""Constellium Automotive USA"" automotive vehicles auto parts tariffs cost sourcing country of origin 2026",77,,"[""automotive_and_trade""]",national_international_context,query_text_only,,Collect company-named evidence; seed product/location labels are unverified.,[],company_80c510ece7aa44948187d533,Constellium Automotive USA,"[""Constellium Automotive USA"", ""constellium automotive usa""]","[""gnem_row_27""]",company_targeted,automotive vehicles auto parts,[]
q_company_fc7c935e96c630b5d97e68a4_discovery,company_fc7c935e96c630b5d97e68a4_discovery,"""Continental Automotive"" Georgia tariffs import duties supply chain",78,,"[""automotive_and_trade""]",statewide_georgia,query_text_only,,Collect company-named evidence; seed product/location labels are unverified.,[],company_fc7c935e96c630b5d97e68a4,Continental Automotive,"[""Continental Automotive"", ""continental automotive""]","[""gnem_row_50""]",company_discovery,automotive vehicles auto parts,[]
q_company_fc7c935e96c630b5d97e68a4_targeted,company_fc7c935e96c630b5d97e68a4_targeted,"""Continental Automotive"" automotive vehicles auto parts tariffs cost sourcing country of origin 2026",79,,"[""automotive_and_trade""]",national_international_context,query_text_only,,Collect company-named evidence; seed product/location labels are unverified.,[],company_fc7c935e96c630b5d97e68a4,Continental Automotive,"[""Continental Automotive"", ""continental automotive""]","[""gnem_row_50""]",company_targeted,automotive vehicles auto parts,[]
q_company_9e5f148c5a229152f328fcb1_discovery,company_9e5f148c5a229152f328fcb1_discovery,"""Continental Tire the Americas LLC"" Georgia tariffs import duties supply chain",80,,"[""automotive_and_trade""]",statewide_georgia,query_text_only,,Collect company-named evidence; seed product/location labels are unverified.,[],company_9e5f148c5a229152f328fcb1,Continental Tire the Americas LLC,"[""Continental Tire the Americas LLC"", ""continental tire the americas""]","[""gnem_row_60""]",company_discovery,automotive vehicles auto parts,[]
q_company_9e5f148c5a229152f328fcb1_targeted,company_9e5f148c5a229152f328fcb1_targeted,"""Continental Tire the Americas LLC"" automotive vehicles auto parts tariffs cost sourcing country of origin 2026",81,,"[""automotive_and_trade""]",national_international_context,query_text_only,,Collect company-named evidence; seed product/location labels are unverified.,[],company_9e5f148c5a229152f328fcb1,Continental Tire the Americas LLC,"[""Continental Tire the Americas LLC"", ""continental tire the americas""]","[""gnem_row_60""]",company_targeted,automotive vehicles auto parts,[]
q_company_85bc0be08bc4340515f23feb_discovery,company_85bc0be08bc4340515f23feb_discovery,"""DAEHAN Solution Georgia LLC"" Georgia tariffs import duties supply chain",82,,"[""automotive_and_trade""]",statewide_georgia,query_text_only,,Collect company-named evidence; seed product/location labels are unverified.,[],company_85bc0be08bc4340515f23feb,DAEHAN Solution Georgia LLC,"[""DAEHAN Solution Georgia LLC"", ""daehan solution georgia""]","[""gnem_row_31""]",company_discovery,automotive vehicles auto parts,[]
q_company_85bc0be08bc4340515f23feb_targeted,company_85bc0be08bc4340515f23feb_targeted,"""DAEHAN Solution Georgia LLC"" automotive vehicles auto parts tariffs cost sourcing country of origin 2026",83,,"[""automotive_and_trade""]",statewide_georgia,query_text_only,,Collect company-named evidence; seed product/location labels are unverified.,[],company_85bc0be08bc4340515f23feb,DAEHAN Solution Georgia LLC,"[""DAEHAN Solution Georgia LLC"", ""daehan solution georgia""]","[""gnem_row_31""]",company_targeted,automotive vehicles auto parts,[]
q_company_95301b2e6722331d5c2f845b_discovery,company_95301b2e6722331d5c2f845b_discovery,"""Daesol Ausys"" Georgia tariffs import duties supply chain",84,,"[""automotive_and_trade""]",statewide_georgia,query_text_only,,Collect company-named evidence; seed product/location labels are unverified.,[],company_95301b2e6722331d5c2f845b,Daesol Ausys,"[""Daesol Ausys"", ""daesol ausys""]","[""gnem_row_32""]",company_discovery,automotive vehicles auto parts,[]
q_company_95301b2e6722331d5c2f845b_targeted,company_95301b2e6722331d5c2f845b_targeted,"""Daesol Ausys"" automotive vehicles auto parts tariffs cost sourcing country of origin 2026",85,,"[""automotive_and_trade""]",national_international_context,query_text_only,,Collect company-named evidence; seed product/location labels are unverified.,[],company_95301b2e6722331d5c2f845b,Daesol Ausys,"[""Daesol Ausys"", ""daesol ausys""]","[""gnem_row_32""]",company_targeted,automotive vehicles auto parts,[]
q_company_afab7be1621b5bafcfb7f0b4_discovery,company_afab7be1621b5bafcfb7f0b4_discovery,"""Daesol Material Georgia, LLC"" Georgia tariffs import duties supply chain",86,,"[""automotive_and_trade""]",statewide_georgia,query_text_only,,Collect company-named evidence; seed product/location labels are unverified.,[],company_afab7be1621b5bafcfb7f0b4,"Daesol Material Georgia, LLC","[""Daesol Material Georgia, LLC"", ""daesol material georgia""]","[""gnem_row_82""]",company_discovery,automotive vehicles auto parts,[]
q_company_afab7be1621b5bafcfb7f0b4_targeted,company_afab7be1621b5bafcfb7f0b4_targeted,"""Daesol Material Georgia, LLC"" automotive vehicles auto parts tariffs cost sourcing country of origin 2026",87,,"[""automotive_and_trade""]",statewide_georgia,query_text_only,,Collect company-named evidence; seed product/location labels are unverified.,[],company_afab7be1621b5bafcfb7f0b4,"Daesol Material Georgia, LLC","[""Daesol Material Georgia, LLC"", ""daesol material georgia""]","[""gnem_row_82""]",company_targeted,automotive vehicles auto parts,[]
q_company_8d42c7988edcfa40dca2f234_discovery,company_8d42c7988edcfa40dca2f234_discovery,"""Daimler Truck North America"" Georgia tariffs import duties supply chain",88,,"[""automotive_and_trade""]",statewide_georgia,query_text_only,,Collect company-named evidence; seed product/location labels are unverified.,[],company_8d42c7988edcfa40dca2f234,Daimler Truck North America,"[""Daimler Truck North America"", ""daimler truck north america""]","[""gnem_row_86""]",company_discovery,automotive vehicles auto parts,[]
q_company_8d42c7988edcfa40dca2f234_targeted,company_8d42c7988edcfa40dca2f234_targeted,"""Daimler Truck North America"" automotive vehicles auto parts tariffs cost sourcing country of origin 2026",89,,"[""automotive_and_trade""]",national_international_context,query_text_only,,Collect company-named evidence; seed product/location labels are unverified.,[],company_8d42c7988edcfa40dca2f234,Daimler Truck North America,"[""Daimler Truck North America"", ""daimler truck north america""]","[""gnem_row_86""]",company_targeted,automotive vehicles auto parts,[]
q_company_0493452f9eb077afb0f244bd_discovery,company_0493452f9eb077afb0f244bd_discovery,"""DAS Corp."" Georgia tariffs import duties supply chain",90,,"[""automotive_and_trade""]",statewide_georgia,query_text_only,,Collect company-named evidence; seed product/location labels are unverified.,[],company_0493452f9eb077afb0f244bd,DAS Corp.,"[""DAS Corp."", ""das""]","[""gnem_row_35""]",company_discovery,automotive vehicles auto parts,[]
q_company_0493452f9eb077afb0f244bd_targeted,company_0493452f9eb077afb0f244bd_targeted,"""DAS Corp."" automotive vehicles auto parts tariffs cost sourcing country of origin 2026",91,,"[""automotive_and_trade""]",national_international_context,query_text_only,,Collect company-named evidence; seed product/location labels are unverified.,[],company_0493452f9eb077afb0f244bd,DAS Corp.,"[""DAS Corp."", ""das""]","[""gnem_row_35""]",company_targeted,automotive vehicles auto parts,[]
q_company_90866fc8cf495eea5d2f62ee_discovery,company_90866fc8cf495eea5d2f62ee_discovery,"""Decostar Industries"" Georgia tariffs import duties supply chain",92,,"[""automotive_and_trade""]",statewide_georgia,query_text_only,,Collect company-named evidence; seed product/location labels are unverified.,[],company_90866fc8cf495eea5d2f62ee,Decostar Industries,"[""Decostar Industries"", ""decostar industries""]","[""gnem_row_104""]",company_discovery,automotive vehicles auto parts,[]
q_company_90866fc8cf495eea5d2f62ee_targeted,company_90866fc8cf495eea5d2f62ee_targeted,"""Decostar Industries"" automotive vehicles auto parts tariffs cost sourcing country of origin 2026",93,,"[""automotive_and_trade""]",national_international_context,query_text_only,,Collect company-named evidence; seed product/location labels are unverified.,[],company_90866fc8cf495eea5d2f62ee,Decostar Industries,"[""Decostar Industries"", ""decostar industries""]","[""gnem_row_104""]",company_targeted,automotive vehicles auto parts,[]
q_company_a67cb8fe187afc2e4991e639_discovery,company_a67cb8fe187afc2e4991e639_discovery,"""DeKalb Tool & Die Inc."" Georgia tariffs import duties supply chain",94,,"[""automotive_and_trade""]",statewide_georgia,query_text_only,,Collect company-named evidence; seed product/location labels are unverified.,[],company_a67cb8fe187afc2e4991e639,DeKalb Tool & Die Inc.,"[""DeKalb Tool & Die Inc."", ""dekalb tool die""]","[""gnem_row_115""]",company_discovery,automotive vehicles auto parts,[]
q_company_a67cb8fe187afc2e4991e639_targeted,company_a67cb8fe187afc2e4991e639_targeted,"""DeKalb Tool & Die Inc."" automotive vehicles auto parts tariffs cost sourcing country of origin 2026",95,,"[""automotive_and_trade""]",national_international_context,query_text_only,,Collect company-named evidence; seed product/location labels are unverified.,[],company_a67cb8fe187afc2e4991e639,DeKalb Tool & Die Inc.,"[""DeKalb Tool & Die Inc."", ""dekalb tool die""]","[""gnem_row_115""]",company_targeted,automotive vehicles auto parts,[]
q_company_15be2d53cdedc8bb7d9f1da8_discovery,company_15be2d53cdedc8bb7d9f1da8_discovery,"""Denkai America"" Georgia tariffs import duties supply chain",96,,"[""automotive_and_trade""]",statewide_georgia,query_text_only,,Collect company-named evidence; seed product/location labels are unverified.,[],company_15be2d53cdedc8bb7d9f1da8,Denkai America,"[""Denkai America"", ""denkai america""]","[""gnem_row_161""]",company_discovery,automotive vehicles auto parts,[]
q_company_15be2d53cdedc8bb7d9f1da8_targeted,company_15be2d53cdedc8bb7d9f1da8_targeted,"""Denkai America"" automotive vehicles auto parts tariffs cost sourcing country of origin 2026",97,,"[""automotive_and_trade""]",national_international_context,query_text_only,,Collect company-named evidence; seed product/location labels are unverified.,[],company_15be2d53cdedc8bb7d9f1da8,Denkai America,"[""Denkai America"", ""denkai america""]","[""gnem_row_161""]",company_targeted,automotive vehicles auto parts,[]
q_company_5b628ee8f4aa57a92808347b_discovery,company_5b628ee8f4aa57a92808347b_discovery,"""Denso Manufacturing Georgia"" Georgia tariffs import duties supply chain",98,,"[""automotive_and_trade""]",statewide_georgia,query_text_only,,Collect company-named evidence; seed product/location labels are unverified.,[],company_5b628ee8f4aa57a92808347b,Denso Manufacturing Georgia,"[""Denso Manufacturing Georgia"", ""denso manufacturing georgia""]","[""gnem_row_71""]",company_discovery,automotive vehicles auto parts,[]
q_company_5b628ee8f4aa57a92808347b_targeted,company_5b628ee8f4aa57a92808347b_targeted,"""Denso Manufacturing Georgia"" automotive vehicles auto parts tariffs cost sourcing country of origin 2026",99,,"[""automotive_and_trade""]",statewide_georgia,query_text_only,,Collect company-named evidence; seed product/location labels are unverified.,[],company_5b628ee8f4aa57a92808347b,Denso Manufacturing Georgia,"[""Denso Manufacturing Georgia"", ""denso manufacturing georgia""]","[""gnem_row_71""]",company_targeted,automotive vehicles auto parts,[]
q_company_89c7fb4ea40a16de2124266e_discovery,company_89c7fb4ea40a16de2124266e_discovery,"""Die-Tech Industries Inc."" Georgia tariffs import duties supply chain",100,,"[""automotive_and_trade""]",statewide_georgia,query_text_only,,Collect company-named evidence; seed product/location labels are unverified.,[],company_89c7fb4ea40a16de2124266e,Die-Tech Industries Inc.,"[""Die-Tech Industries Inc."", ""die tech industries""]","[""gnem_row_142""]",company_discovery,automotive vehicles auto parts,[]
q_company_89c7fb4ea40a16de2124266e_targeted,company_89c7fb4ea40a16de2124266e_targeted,"""Die-Tech Industries Inc."" automotive vehicles auto parts tariffs cost sourcing country of origin 2026",101,,"[""automotive_and_trade""]",national_international_context,query_text_only,,Collect company-named evidence; seed product/location labels are unverified.,[],company_89c7fb4ea40a16de2124266e,Die-Tech Industries Inc.,"[""Die-Tech Industries Inc."", ""die tech industries""]","[""gnem_row_142""]",company_targeted,automotive vehicles auto parts,[]
q_company_8c24996dab6424ef3a7a1d2c_discovery,company_8c24996dab6424ef3a7a1d2c_discovery,"""Dinex Emissions Inc."" Georgia tariffs import duties supply chain",102,,"[""automotive_and_trade""]",statewide_georgia,query_text_only,,Collect company-named evidence; seed product/location labels are unverified.,[],company_8c24996dab6424ef3a7a1d2c,Dinex Emissions Inc.,"[""Dinex Emissions Inc."", ""dinex emissions""]","[""gnem_row_7""]",company_discovery,automotive vehicles auto parts steel aluminum copper tariffs,[]
q_company_8c24996dab6424ef3a7a1d2c_targeted,company_8c24996dab6424ef3a7a1d2c_targeted,"""Dinex Emissions Inc."" automotive vehicles auto parts steel aluminum copper tariffs tariffs cost sourcing country of origin 2026",103,,"[""metals""]",national_international_context,query_text_only,,Collect company-named evidence; seed product/location labels are unverified.,[],company_8c24996dab6424ef3a7a1d2c,Dinex Emissions Inc.,"[""Dinex Emissions Inc."", ""dinex emissions""]","[""gnem_row_7""]",company_targeted,automotive vehicles auto parts steel aluminum copper tariffs,[]
q_company_e4034603e2ef1f2c82e9bef8_discovery,company_e4034603e2ef1f2c82e9bef8_discovery,"""Dongwon Autopart Technology Georgia LLC"" Georgia tariffs import duties supply chain",104,,"[""automotive_and_trade""]",statewide_georgia,query_text_only,,Collect company-named evidence; seed product/location labels are unverified.,[],company_e4034603e2ef1f2c82e9bef8,Dongwon Autopart Technology Georgia LLC,"[""Dongwon Autopart Technology Georgia LLC"", ""dongwon autopart technology georgia""]","[""gnem_row_15""]",company_discovery,automotive vehicles auto parts steel aluminum copper tariffs,[]
q_company_e4034603e2ef1f2c82e9bef8_targeted,company_e4034603e2ef1f2c82e9bef8_targeted,"""Dongwon Autopart Technology Georgia LLC"" automotive vehicles auto parts steel aluminum copper tariffs tariffs cost sourcing country of origin 2026",105,,"[""metals""]",statewide_georgia,query_text_only,,Collect company-named evidence; seed product/location labels are unverified.,[],company_e4034603e2ef1f2c82e9bef8,Dongwon Autopart Technology Georgia LLC,"[""Dongwon Autopart Technology Georgia LLC"", ""dongwon autopart technology georgia""]","[""gnem_row_15""]",company_targeted,automotive vehicles auto parts steel aluminum copper tariffs,[]
q_company_9ddeeb9ac201aee6620312ef_discovery,company_9ddeeb9ac201aee6620312ef_discovery,"""Dorsett Industries Inc."" Georgia tariffs import duties supply chain",106,,"[""automotive_and_trade""]",statewide_georgia,query_text_only,,Collect company-named evidence; seed product/location labels are unverified.,[],company_9ddeeb9ac201aee6620312ef,Dorsett Industries Inc.,"[""Dorsett Industries Inc."", ""dorsett industries""]","[""gnem_row_20""]",company_discovery,automotive vehicles auto parts steel aluminum copper tariffs,[]
q_company_9ddeeb9ac201aee6620312ef_targeted,company_9ddeeb9ac201aee6620312ef_targeted,"""Dorsett Industries Inc."" automotive vehicles auto parts steel aluminum copper tariffs tariffs cost sourcing country of origin 2026",107,,"[""metals""]",national_international_context,query_text_only,,Collect company-named evidence; seed product/location labels are unverified.,[],company_9ddeeb9ac201aee6620312ef,Dorsett Industries Inc.,"[""Dorsett Industries Inc."", ""dorsett industries""]","[""gnem_row_20""]",company_targeted,automotive vehicles auto parts steel aluminum copper tariffs,[]
q_company_2a4a597f72ccf38caccb9442_discovery,company_2a4a597f72ccf38caccb9442_discovery,"""Down 2 Earth Trailers"" Georgia tariffs import duties supply chain",108,,"[""automotive_and_trade""]",statewide_georgia,query_text_only,,Collect company-named evidence; seed product/location labels are unverified.,[],company_2a4a597f72ccf38caccb9442,Down 2 Earth Trailers,"[""Down 2 Earth Trailers"", ""down 2 earth trailers""]","[""gnem_row_22""]",company_discovery,automotive vehicles auto parts steel aluminum copper tariffs,[]
q_company_2a4a597f72ccf38caccb9442_targeted,company_2a4a597f72ccf38caccb9442_targeted,"""Down 2 Earth Trailers"" automotive vehicles auto parts steel aluminum copper tariffs tariffs cost sourcing country of origin 2026",109,,"[""metals""]",national_international_context,query_text_only,,Collect company-named evidence; seed product/location labels are unverified.,[],company_2a4a597f72ccf38caccb9442,Down 2 Earth Trailers,"[""Down 2 Earth Trailers"", ""down 2 earth trailers""]","[""gnem_row_22""]",company_targeted,automotive vehicles auto parts steel aluminum copper tariffs,[]
q_company_5dcbbc145bf0d5ed726febae_discovery,company_5dcbbc145bf0d5ed726febae_discovery,"""Duckyang"" Georgia tariffs import duties supply chain",110,,"[""automotive_and_trade""]",statewide_georgia,query_text_only,,Collect company-named evidence; seed product/location labels are unverified.,[],company_5dcbbc145bf0d5ed726febae,Duckyang,"[""Duckyang"", ""duckyang""]","[""gnem_row_36""]",company_discovery,automotive vehicles auto parts steel aluminum copper tariffs,[]
q_company_5dcbbc145bf0d5ed726febae_targeted,company_5dcbbc145bf0d5ed726febae_targeted,"""Duckyang"" automotive vehicles auto parts steel aluminum copper tariffs tariffs cost sourcing country of origin 2026",111,,"[""metals""]",national_international_context,query_text_only,,Collect company-named evidence; seed product/location labels are unverified.,[],company_5dcbbc145bf0d5ed726febae,Duckyang,"[""Duckyang"", ""duckyang""]","[""gnem_row_36""]",company_targeted,automotive vehicles auto parts steel aluminum copper tariffs,[]
q_company_c1c4fd592ddbedf564507b8b_discovery,company_c1c4fd592ddbedf564507b8b_discovery,"""Eaton Corp."" Georgia tariffs import duties supply chain",112,,"[""automotive_and_trade""]",statewide_georgia,query_text_only,,Collect company-named evidence; seed product/location labels are unverified.,[],company_c1c4fd592ddbedf564507b8b,Eaton Corp.,"[""Eaton Corp."", ""eaton""]","[""gnem_row_37""]",company_discovery,automotive vehicles auto parts steel aluminum copper tariffs,[]
q_company_c1c4fd592ddbedf564507b8b_targeted,company_c1c4fd592ddbedf564507b8b_targeted,"""Eaton Corp."" automotive vehicles auto parts steel aluminum copper tariffs tariffs cost sourcing country of origin 2026",113,,"[""metals""]",national_international_context,query_text_only,,Collect company-named evidence; seed product/location labels are unverified.,[],company_c1c4fd592ddbedf564507b8b,Eaton Corp.,"[""Eaton Corp."", ""eaton""]","[""gnem_row_37""]",company_targeted,automotive vehicles auto parts steel aluminum copper tariffs,[]
q_company_23ebfd09d6c7f37b2dc25904_discovery,company_23ebfd09d6c7f37b2dc25904_discovery,"""Enchem America Inc."" Georgia tariffs import duties supply chain",114,,"[""automotive_and_trade""]",statewide_georgia,query_text_only,,Collect company-named evidence; seed product/location labels are unverified.,[],company_23ebfd09d6c7f37b2dc25904,Enchem America Inc.,"[""Enchem America Inc."", ""enchem america""]","[""gnem_row_52""]",company_discovery,automotive vehicles auto parts batteries critical minerals lithium graphite steel aluminum copper tariffs,[]
q_company_23ebfd09d6c7f37b2dc25904_targeted,company_23ebfd09d6c7f37b2dc25904_targeted,"""Enchem America Inc."" automotive vehicles auto parts batteries critical minerals lithium graphite steel aluminum copper tariffs tariffs cost sourcing country of origin 2026",115,,"[""batteries_and_minerals"", ""metals""]",national_international_context,query_text_only,,Collect company-named evidence; seed product/location labels are unverified.,[],company_23ebfd09d6c7f37b2dc25904,Enchem America Inc.,"[""Enchem America Inc."", ""enchem america""]","[""gnem_row_52""]",company_targeted,automotive vehicles auto parts batteries critical minerals lithium graphite steel aluminum copper tariffs,[]
q_company_2433d9dc53f48bd785fdde67_discovery,company_2433d9dc53f48bd785fdde67_discovery,"""Enplas USA Inc."" Georgia tariffs import duties supply chain",116,,"[""automotive_and_trade""]",statewide_georgia,query_text_only,,Collect company-named evidence; seed product/location labels are unverified.,[],company_2433d9dc53f48bd785fdde67,Enplas USA Inc.,"[""Enplas USA Inc."", ""enplas usa""]","[""gnem_row_59""]",company_discovery,automotive vehicles auto parts steel aluminum copper tariffs,[]
q_company_2433d9dc53f48bd785fdde67_targeted,company_2433d9dc53f48bd785fdde67_targeted,"""Enplas USA Inc."" automotive vehicles auto parts steel aluminum copper tariffs tariffs cost sourcing country of origin 2026",117,,"[""metals""]",national_international_context,query_text_only,,Collect company-named evidence; seed product/location labels are unverified.,[],company_2433d9dc53f48bd785fdde67,Enplas USA Inc.,"[""Enplas USA Inc."", ""enplas usa""]","[""gnem_row_59""]",company_targeted,automotive vehicles auto parts steel aluminum copper tariffs,[]
q_company_39deb7adc0f95475d16ebb1b_discovery,company_39deb7adc0f95475d16ebb1b_discovery,"""Erdrich USA Inc."" Georgia tariffs import duties supply chain",118,,"[""automotive_and_trade""]",statewide_georgia,query_text_only,,Collect company-named evidence; seed product/location labels are unverified.,[],company_39deb7adc0f95475d16ebb1b,Erdrich USA Inc.,"[""Erdrich USA Inc."", ""erdrich usa""]","[""gnem_row_68""]",company_discovery,automotive vehicles auto parts steel aluminum copper tariffs,[]
q_company_39deb7adc0f95475d16ebb1b_targeted,company_39deb7adc0f95475d16ebb1b_targeted,"""Erdrich USA Inc."" automotive vehicles auto parts steel aluminum copper tariffs tariffs cost sourcing country of origin 2026",119,,"[""metals""]",national_international_context,query_text_only,,Collect company-named evidence; seed product/location labels are unverified.,[],company_39deb7adc0f95475d16ebb1b,Erdrich USA Inc.,"[""Erdrich USA Inc."", ""erdrich usa""]","[""gnem_row_68""]",company_targeted,automotive vehicles auto parts steel aluminum copper tariffs,[]
q_company_8b600a968a9e1e7afd1f6cb1_discovery,company_8b600a968a9e1e7afd1f6cb1_discovery,"""EVCO Plastics"" Georgia tariffs import duties supply chain",120,,"[""automotive_and_trade""]",statewide_georgia,query_text_only,,Collect company-named evidence; seed product/location labels are unverified.,[],company_8b600a968a9e1e7afd1f6cb1,EVCO Plastics,"[""EVCO Plastics"", ""evco plastics""]","[""gnem_row_53""]",company_discovery,automotive vehicles auto parts steel aluminum copper tariffs,[]
q_company_8b600a968a9e1e7afd1f6cb1_targeted,company_8b600a968a9e1e7afd1f6cb1_targeted,"""EVCO Plastics"" automotive vehicles auto parts steel aluminum copper tariffs tariffs cost sourcing country of origin 2026",121,,"[""metals""]",national_international_context,query_text_only,,Collect company-named evidence; seed product/location labels are unverified.,[],company_8b600a968a9e1e7afd1f6cb1,EVCO Plastics,"[""EVCO Plastics"", ""evco plastics""]","[""gnem_row_53""]",company_targeted,automotive vehicles auto parts steel aluminum copper tariffs,[]
q_company_72b49d856cf0c4ec907d8a5c_discovery,company_72b49d856cf0c4ec907d8a5c_discovery,"""F&P Georgia Manufacturing"" Georgia tariffs import duties supply chain",122,,"[""automotive_and_trade""]",statewide_georgia,query_text_only,,Collect company-named evidence; seed product/location labels are unverified.,[],company_72b49d856cf0c4ec907d8a5c,F&P Georgia Manufacturing,"[""F&P Georgia Manufacturing"", ""f p georgia manufacturing""]","[""gnem_row_54""]",company_discovery,automotive vehicles auto parts steel aluminum copper tariffs,[]
q_company_72b49d856cf0c4ec907d8a5c_targeted,company_72b49d856cf0c4ec907d8a5c_targeted,"""F&P Georgia Manufacturing"" automotive vehicles auto parts steel aluminum copper tariffs tariffs cost sourcing country of origin 2026",123,,"[""metals""]",statewide_georgia,query_text_only,,Collect company-named evidence; seed product/location labels are unverified.,[],company_72b49d856cf0c4ec907d8a5c,F&P Georgia Manufacturing,"[""F&P Georgia Manufacturing"", ""f p georgia manufacturing""]","[""gnem_row_54""]",company_targeted,automotive vehicles auto parts steel aluminum copper tariffs,[]
q_company_16cfdd7795f2585f3782e10a_discovery,company_16cfdd7795f2585f3782e10a_discovery,"""Fanello Industries Inc."" Georgia tariffs import duties supply chain",124,,"[""automotive_and_trade""]",statewide_georgia,query_text_only,,Collect company-named evidence; seed product/location labels are unverified.,[],company_16cfdd7795f2585f3782e10a,Fanello Industries Inc.,"[""Fanello Industries Inc."", ""fanello industries""]","[""gnem_row_55""]",company_discovery,automotive vehicles auto parts steel aluminum copper tariffs,[]
q_company_16cfdd7795f2585f3782e10a_targeted,company_16cfdd7795f2585f3782e10a_targeted,"""Fanello Industries Inc."" automotive vehicles auto parts steel aluminum copper tariffs tariffs cost sourcing country of origin 2026",125,,"[""metals""]",national_international_context,query_text_only,,Collect company-named evidence; seed product/location labels are unverified.,[],company_16cfdd7795f2585f3782e10a,Fanello Industries Inc.,"[""Fanello Industries Inc."", ""fanello industries""]","[""gnem_row_55""]",company_targeted,automotive vehicles auto parts steel aluminum copper tariffs,[]
q_company_dd47a3941fa7ff93d27cfe5d_discovery,company_dd47a3941fa7ff93d27cfe5d_discovery,"""First American Resources"" Georgia tariffs import duties supply chain",126,,"[""automotive_and_trade""]",statewide_georgia,query_text_only,,Collect company-named evidence; seed product/location labels are unverified.,[],company_dd47a3941fa7ff93d27cfe5d,First American Resources,"[""First American Resources"", ""first american resources""]","[""gnem_row_56""]",company_discovery,automotive vehicles auto parts steel aluminum copper tariffs,[]
q_company_dd47a3941fa7ff93d27cfe5d_targeted,company_dd47a3941fa7ff93d27cfe5d_targeted,"""First American Resources"" automotive vehicles auto parts steel aluminum copper tariffs tariffs cost sourcing country of origin 2026",127,,"[""metals""]",national_international_context,query_text_only,,Collect company-named evidence; seed product/location labels are unverified.,[],company_dd47a3941fa7ff93d27cfe5d,First American Resources,"[""First American Resources"", ""first american resources""]","[""gnem_row_56""]",company_targeted,automotive vehicles auto parts steel aluminum copper tariffs,[]
q_company_5fd1cdbb7f4fedfb0fc5ec73_discovery,company_5fd1cdbb7f4fedfb0fc5ec73_discovery,"""Flambeau Inc."" Georgia tariffs import duties supply chain",128,,"[""automotive_and_trade""]",statewide_georgia,query_text_only,,Collect company-named evidence; seed product/location labels are unverified.,[],company_5fd1cdbb7f4fedfb0fc5ec73,Flambeau Inc.,"[""Flambeau Inc."", ""flambeau""]","[""gnem_row_5""]",company_discovery,automotive vehicles auto parts steel aluminum copper tariffs,[]
q_company_5fd1cdbb7f4fedfb0fc5ec73_targeted,company_5fd1cdbb7f4fedfb0fc5ec73_targeted,"""Flambeau Inc."" automotive vehicles auto parts steel aluminum copper tariffs tariffs cost sourcing country of origin 2026",129,,"[""metals""]",national_international_context,query_text_only,,Collect company-named evidence; seed product/location labels are unverified.,[],company_5fd1cdbb7f4fedfb0fc5ec73,Flambeau Inc.,"[""Flambeau Inc."", ""flambeau""]","[""gnem_row_5""]",company_targeted,automotive vehicles auto parts steel aluminum copper tariffs,[]
q_company_db84bb9d505096e9f1ac05ff_discovery,company_db84bb9d505096e9f1ac05ff_discovery,"""Fouts Brothers Fire Equipment"" Georgia tariffs import duties supply chain",130,,"[""automotive_and_trade""]",statewide_georgia,query_text_only,,Collect company-named evidence; seed product/location labels are unverified.,[],company_db84bb9d505096e9f1ac05ff,Fouts Brothers Fire Equipment,"[""Fouts Brothers Fire Equipment"", ""fouts brothers fire equipment""]","[""gnem_row_11""]",company_discovery,automotive vehicles auto parts steel aluminum copper tariffs,[]
q_company_db84bb9d505096e9f1ac05ff_targeted,company_db84bb9d505096e9f1ac05ff_targeted,"""Fouts Brothers Fire Equipment"" automotive vehicles auto parts steel aluminum copper tariffs tariffs cost sourcing country of origin 2026",131,,"[""metals""]",national_international_context,query_text_only,,Collect company-named evidence; seed product/location labels are unverified.,[],company_db84bb9d505096e9f1ac05ff,Fouts Brothers Fire Equipment,"[""Fouts Brothers Fire Equipment"", ""fouts brothers fire equipment""]","[""gnem_row_11""]",company_targeted,automotive vehicles auto parts steel aluminum copper tariffs,[]
q_company_b77873acd655b85203123334_discovery,company_b77873acd655b85203123334_discovery,"""FOX Factory"" Georgia tariffs import duties supply chain",132,,"[""automotive_and_trade""]",statewide_georgia,query_text_only,,Collect company-named evidence; seed product/location labels are unverified.,[],company_b77873acd655b85203123334,FOX Factory,"[""FOX Factory"", ""fox factory""]","[""gnem_row_10""]",company_discovery,automotive vehicles auto parts steel aluminum copper tariffs,[]
q_company_b77873acd655b85203123334_targeted,company_b77873acd655b85203123334_targeted,"""FOX Factory"" automotive vehicles auto parts steel aluminum copper tariffs tariffs cost sourcing country of origin 2026",133,,"[""metals""]",national_international_context,query_text_only,,Collect company-named evidence; seed product/location labels are unverified.,[],company_b77873acd655b85203123334,FOX Factory,"[""FOX Factory"", ""fox factory""]","[""gnem_row_10""]",company_targeted,automotive vehicles auto parts steel aluminum copper tariffs,[]
q_company_95499c81d98267ad7ee60c61_discovery,company_95499c81d98267ad7ee60c61_discovery,"""Freudenberg-NOK"" Georgia tariffs import duties supply chain",134,,"[""automotive_and_trade""]",statewide_georgia,query_text_only,,Collect company-named evidence; seed product/location labels are unverified.,[],company_95499c81d98267ad7ee60c61,Freudenberg-NOK,"[""Freudenberg-NOK"", ""freudenberg nok""]","[""gnem_row_48"", ""gnem_row_61""]",company_discovery,automotive vehicles auto parts steel aluminum copper tariffs,[]
q_company_95499c81d98267ad7ee60c61_targeted,company_95499c81d98267ad7ee60c61_targeted,"""Freudenberg-NOK"" automotive vehicles auto parts steel aluminum copper tariffs tariffs cost sourcing country of origin 2026",135,,"[""metals""]",national_international_context,query_text_only,,Collect company-named evidence; seed product/location labels are unverified.,[],company_95499c81d98267ad7ee60c61,Freudenberg-NOK,"[""Freudenberg-NOK"", ""freudenberg nok""]","[""gnem_row_48"", ""gnem_row_61""]",company_targeted,automotive vehicles auto parts steel aluminum copper tariffs,[]
q_company_0f47bea73e79482f99163b3b_discovery,company_0f47bea73e79482f99163b3b_discovery,"""FREYR Battery"" Georgia tariffs import duties supply chain",136,,"[""batteries_and_minerals""]",statewide_georgia,query_text_only,,Collect company-named evidence; seed product/location labels are unverified.,[],company_0f47bea73e79482f99163b3b,FREYR Battery,"[""FREYR Battery"", ""freyr battery""]","[""gnem_row_69""]",company_discovery,automotive vehicles auto parts batteries critical minerals lithium graphite steel aluminum copper tariffs,[]
q_company_0f47bea73e79482f99163b3b_targeted,company_0f47bea73e79482f99163b3b_targeted,"""FREYR Battery"" automotive vehicles auto parts batteries critical minerals lithium graphite steel aluminum copper tariffs tariffs cost sourcing country of origin 2026",137,,"[""batteries_and_minerals"", ""metals""]",national_international_context,query_text_only,,Collect company-named evidence; seed product/location labels are unverified.,[],company_0f47bea73e79482f99163b3b,FREYR Battery,"[""FREYR Battery"", ""freyr battery""]","[""gnem_row_69""]",company_targeted,automotive vehicles auto parts batteries critical minerals lithium graphite steel aluminum copper tariffs,[]
q_company_4cf9aea6b8343b258d83e9d6_discovery,company_4cf9aea6b8343b258d83e9d6_discovery,"""GEDIA Georgia LLC"" Georgia tariffs import duties supply chain",138,,"[""automotive_and_trade""]",statewide_georgia,query_text_only,,Collect company-named evidence; seed product/location labels are unverified.,[],company_4cf9aea6b8343b258d83e9d6,GEDIA Georgia LLC,"[""GEDIA Georgia LLC"", ""gedia georgia""]","[""gnem_row_74""]",company_discovery,automotive vehicles auto parts steel aluminum copper tariffs,[]
q_company_4cf9aea6b8343b258d83e9d6_targeted,company_4cf9aea6b8343b258d83e9d6_targeted,"""GEDIA Georgia LLC"" automotive vehicles auto parts steel aluminum copper tariffs tariffs cost sourcing country of origin 2026",139,,"[""metals""]",statewide_georgia,query_text_only,,Collect company-named evidence; seed product/location labels are unverified.,[],company_4cf9aea6b8343b258d83e9d6,GEDIA Georgia LLC,"[""GEDIA Georgia LLC"", ""gedia georgia""]","[""gnem_row_74""]",company_targeted,automotive vehicles auto parts steel aluminum copper tariffs,[]
q_company_1397e4a3a1b21417765afda3_discovery,company_1397e4a3a1b21417765afda3_discovery,"""Global Powertrain Systems LLC"" Georgia tariffs import duties supply chain",140,,"[""automotive_and_trade""]",statewide_georgia,query_text_only,,Collect company-named evidence; seed product/location labels are unverified.,[],company_1397e4a3a1b21417765afda3,Global Powertrain Systems LLC,"[""Global Powertrain Systems LLC"", ""global powertrain systems""]","[""gnem_row_75""]",company_discovery,automotive vehicles auto parts steel aluminum copper tariffs,[]
q_company_1397e4a3a1b21417765afda3_targeted,company_1397e4a3a1b21417765afda3_targeted,"""Global Powertrain Systems LLC"" automotive vehicles auto parts steel aluminum copper tariffs tariffs cost sourcing country of origin 2026",141,,"[""metals""]",national_international_context,query_text_only,,Collect company-named evidence; seed product/location labels are unverified.,[],company_1397e4a3a1b21417765afda3,Global Powertrain Systems LLC,"[""Global Powertrain Systems LLC"", ""global powertrain systems""]","[""gnem_row_75""]",company_targeted,automotive vehicles auto parts steel aluminum copper tariffs,[]
q_company_b7b4dc548795424b83c672ad_discovery,company_b7b4dc548795424b83c672ad_discovery,"""Goodyear Tire & Rubber Co."" Georgia tariffs import duties supply chain",142,,"[""automotive_and_trade""]",statewide_georgia,query_text_only,,Collect company-named evidence; seed product/location labels are unverified.,[],company_b7b4dc548795424b83c672ad,Goodyear Tire & Rubber Co.,"[""Goodyear Tire & Rubber Co."", ""goodyear tire rubber""]","[""gnem_row_108""]",company_discovery,automotive vehicles auto parts steel aluminum copper tariffs,[]
q_company_b7b4dc548795424b83c672ad_targeted,company_b7b4dc548795424b83c672ad_targeted,"""Goodyear Tire & Rubber Co."" automotive vehicles auto parts steel aluminum copper tariffs tariffs cost sourcing country of origin 2026",143,,"[""metals""]",national_international_context,query_text_only,,Collect company-named evidence; seed product/location labels are unverified.,[],company_b7b4dc548795424b83c672ad,Goodyear Tire & Rubber Co.,"[""Goodyear Tire & Rubber Co."", ""goodyear tire rubber""]","[""gnem_row_108""]",company_targeted,automotive vehicles auto parts steel aluminum copper tariffs,[]
q_company_284da82fa1a5d254a086d112_discovery,company_284da82fa1a5d254a086d112_discovery,"""Grudem"" Georgia tariffs import duties supply chain",144,,"[""automotive_and_trade""]",statewide_georgia,query_text_only,,Collect company-named evidence; seed product/location labels are unverified.,[],company_284da82fa1a5d254a086d112,Grudem,"[""Grudem"", ""grudem""]","[""gnem_row_4""]",company_discovery,automotive vehicles auto parts,[]
q_company_284da82fa1a5d254a086d112_targeted,company_284da82fa1a5d254a086d112_targeted,"""Grudem"" automotive vehicles auto parts tariffs cost sourcing country of origin 2026",145,,"[""automotive_and_trade""]",national_international_context,query_text_only,,Collect company-named evidence; seed product/location labels are unverified.,[],company_284da82fa1a5d254a086d112,Grudem,"[""Grudem"", ""grudem""]","[""gnem_row_4""]",company_targeted,automotive vehicles auto parts,[]
q_company_62439ed88b20d99762107a5c_discovery,company_62439ed88b20d99762107a5c_discovery,"""GSC Steel Stamping LLC"" Georgia tariffs import duties supply chain",146,,"[""metals""]",statewide_georgia,query_text_only,,Collect company-named evidence; seed product/location labels are unverified.,[],company_62439ed88b20d99762107a5c,GSC Steel Stamping LLC,"[""GSC Steel Stamping LLC"", ""gsc steel stamping""]","[""gnem_row_70""]",company_discovery,automotive vehicles auto parts,[]
q_company_62439ed88b20d99762107a5c_targeted,company_62439ed88b20d99762107a5c_targeted,"""GSC Steel Stamping LLC"" automotive vehicles auto parts tariffs cost sourcing country of origin 2026",147,,"[""metals""]",national_international_context,query_text_only,,Collect company-named evidence; seed product/location labels are unverified.,[],company_62439ed88b20d99762107a5c,GSC Steel Stamping LLC,"[""GSC Steel Stamping LLC"", ""gsc steel stamping""]","[""gnem_row_70""]",company_targeted,automotive vehicles auto parts,[]
q_company_cd5434e61fd91cb82ebf56cf_discovery,company_cd5434e61fd91cb82ebf56cf_discovery,"""Haering Precision USA LP"" Georgia tariffs import duties supply chain",148,,"[""automotive_and_trade""]",statewide_georgia,query_text_only,,Collect company-named evidence; seed product/location labels are unverified.,[],company_cd5434e61fd91cb82ebf56cf,Haering Precision USA LP,"[""Haering Precision USA LP"", ""haering precision usa""]","[""gnem_row_43"", ""gnem_row_72""]",company_discovery,automotive vehicles auto parts,[]
q_company_cd5434e61fd91cb82ebf56cf_targeted,company_cd5434e61fd91cb82ebf56cf_targeted,"""Haering Precision USA LP"" automotive vehicles auto parts tariffs cost sourcing country of origin 2026",149,,"[""automotive_and_trade""]",national_international_context,query_text_only,,Collect company-named evidence; seed product/location labels are unverified.,[],company_cd5434e61fd91cb82ebf56cf,Haering Precision USA LP,"[""Haering Precision USA LP"", ""haering precision usa""]","[""gnem_row_43"", ""gnem_row_72""]",company_targeted,automotive vehicles auto parts,[]
q_company_2f674205f91f09171f99b95d_discovery,company_2f674205f91f09171f99b95d_discovery,"""Hanon Systems USA LLC"" Georgia tariffs import duties supply chain",150,,"[""automotive_and_trade""]",statewide_georgia,query_text_only,,Collect company-named evidence; seed product/location labels are unverified.,[],company_2f674205f91f09171f99b95d,Hanon Systems USA LLC,"[""Hanon Systems USA LLC"", ""hanon systems usa""]","[""gnem_row_73""]",company_discovery,automotive vehicles auto parts,[]
q_company_2f674205f91f09171f99b95d_targeted,company_2f674205f91f09171f99b95d_targeted,"""Hanon Systems USA LLC"" automotive vehicles auto parts tariffs cost sourcing country of origin 2026",151,,"[""automotive_and_trade""]",national_international_context,query_text_only,,Collect company-named evidence; seed product/location labels are unverified.,[],company_2f674205f91f09171f99b95d,Hanon Systems USA LLC,"[""Hanon Systems USA LLC"", ""hanon systems usa""]","[""gnem_row_73""]",company_targeted,automotive vehicles auto parts,[]
q_company_83738a1fb07cdd4d4438490b_discovery,company_83738a1fb07cdd4d4438490b_discovery,"""HELLA Automotive Sales Inc."" Georgia tariffs import duties supply chain",152,,"[""automotive_and_trade""]",statewide_georgia,query_text_only,,Collect company-named evidence; seed product/location labels are unverified.,[],company_83738a1fb07cdd4d4438490b,HELLA Automotive Sales Inc.,"[""HELLA Automotive Sales Inc."", ""hella automotive sales""]","[""gnem_row_121""]",company_discovery,automotive vehicles auto parts,[]
q_company_83738a1fb07cdd4d4438490b_targeted,company_83738a1fb07cdd4d4438490b_targeted,"""HELLA Automotive Sales Inc."" automotive vehicles auto parts tariffs cost sourcing country of origin 2026",153,,"[""automotive_and_trade""]",national_international_context,query_text_only,,Collect company-named evidence; seed product/location labels are unverified.,[],company_83738a1fb07cdd4d4438490b,HELLA Automotive Sales Inc.,"[""HELLA Automotive Sales Inc."", ""hella automotive sales""]","[""gnem_row_121""]",company_targeted,automotive vehicles auto parts,[]
q_company_c07c982df0d492aa3945a40c_discovery,company_c07c982df0d492aa3945a40c_discovery,"""HEXPOL Compounding Corp."" Georgia tariffs import duties supply chain",154,,"[""automotive_and_trade""]",statewide_georgia,query_text_only,,Collect company-named evidence; seed product/location labels are unverified.,[],company_c07c982df0d492aa3945a40c,HEXPOL Compounding Corp.,"[""HEXPOL Compounding Corp."", ""hexpol compounding""]","[""gnem_row_163""]",company_discovery,automotive vehicles auto parts,[]
q_company_c07c982df0d492aa3945a40c_targeted,company_c07c982df0d492aa3945a40c_targeted,"""HEXPOL Compounding Corp."" automotive vehicles auto parts tariffs cost sourcing country of origin 2026",155,,"[""automotive_and_trade""]",national_international_context,query_text_only,,Collect company-named evidence; seed product/location labels are unverified.,[],company_c07c982df0d492aa3945a40c,HEXPOL Compounding Corp.,"[""HEXPOL Compounding Corp."", ""hexpol compounding""]","[""gnem_row_163""]",company_targeted,automotive vehicles auto parts,[]
q_company_09c2e352043905f0b725491b_discovery,company_09c2e352043905f0b725491b_discovery,"""Hitachi Astemo"" Georgia tariffs import duties supply chain",156,,"[""automotive_and_trade""]",statewide_georgia,query_text_only,,Collect company-named evidence; seed product/location labels are unverified.,[],company_09c2e352043905f0b725491b,Hitachi Astemo,"[""Hitachi Astemo"", ""hitachi astemo""]","[""gnem_row_76""]",company_discovery,LCD OLED displays PCBs printed circuit boards electronics,[]
q_company_09c2e352043905f0b725491b_targeted,company_09c2e352043905f0b725491b_targeted,"""Hitachi Astemo"" LCD OLED displays PCBs printed circuit boards electronics tariffs cost sourcing country of origin 2026",157,,"[""pcbs_and_electronics"", ""displays""]",national_international_context,query_text_only,,Collect company-named evidence; seed product/location labels are unverified.,[],company_09c2e352043905f0b725491b,Hitachi Astemo,"[""Hitachi Astemo"", ""hitachi astemo""]","[""gnem_row_76""]",company_targeted,LCD OLED displays PCBs printed circuit boards electronics,[]
q_company_857a53c98c8af0ccf25cdd3a_discovery,company_857a53c98c8af0ccf25cdd3a_discovery,"""Hitachi Astemo Americas Inc."" Georgia tariffs import duties supply chain",158,,"[""automotive_and_trade""]",statewide_georgia,query_text_only,,Collect company-named evidence; seed product/location labels are unverified.,[],company_857a53c98c8af0ccf25cdd3a,Hitachi Astemo Americas Inc.,"[""Hitachi Astemo Americas Inc."", ""hitachi astemo americas""]","[""gnem_row_77""]",company_discovery,LCD OLED displays PCBs printed circuit boards electronics,[]
q_company_857a53c98c8af0ccf25cdd3a_targeted,company_857a53c98c8af0ccf25cdd3a_targeted,"""Hitachi Astemo Americas Inc."" LCD OLED displays PCBs printed circuit boards electronics tariffs cost sourcing country of origin 2026",159,,"[""pcbs_and_electronics"", ""displays""]",national_international_context,query_text_only,,Collect company-named evidence; seed product/location labels are unverified.,[],company_857a53c98c8af0ccf25cdd3a,Hitachi Astemo Americas Inc.,"[""Hitachi Astemo Americas Inc."", ""hitachi astemo americas""]","[""gnem_row_77""]",company_targeted,LCD OLED displays PCBs printed circuit boards electronics,[]
q_company_1a995c929c9b6b4f4eafd428_discovery,company_1a995c929c9b6b4f4eafd428_discovery,"""Hollingsworth & Vose Co."" Georgia tariffs import duties supply chain",160,,"[""automotive_and_trade""]",statewide_georgia,query_text_only,,Collect company-named evidence; seed product/location labels are unverified.,[],company_1a995c929c9b6b4f4eafd428,Hollingsworth & Vose Co.,"[""Hollingsworth & Vose Co."", ""hollingsworth vose""]","[""gnem_row_78""]",company_discovery,LCD OLED displays PCBs printed circuit boards electronics,[]
q_company_1a995c929c9b6b4f4eafd428_targeted,company_1a995c929c9b6b4f4eafd428_targeted,"""Hollingsworth & Vose Co."" LCD OLED displays PCBs printed circuit boards electronics tariffs cost sourcing country of origin 2026",161,,"[""pcbs_and_electronics"", ""displays""]",national_international_context,query_text_only,,Collect company-named evidence; seed product/location labels are unverified.,[],company_1a995c929c9b6b4f4eafd428,Hollingsworth & Vose Co.,"[""Hollingsworth & Vose Co."", ""hollingsworth vose""]","[""gnem_row_78""]",company_targeted,LCD OLED displays PCBs printed circuit boards electronics,[]
q_company_19c065ceff1df6bfa321c147_discovery,company_19c065ceff1df6bfa321c147_discovery,"""Honda Development & Manufacturing"" Georgia tariffs import duties supply chain",162,,"[""automotive_and_trade""]",statewide_georgia,query_text_only,,Collect company-named evidence; seed product/location labels are unverified.,[],company_19c065ceff1df6bfa321c147,Honda Development & Manufacturing,"[""Honda Development & Manufacturing"", ""honda development manufacturing""]","[""gnem_row_79""]",company_discovery,LCD OLED displays PCBs printed circuit boards electronics,[]
q_company_19c065ceff1df6bfa321c147_targeted,company_19c065ceff1df6bfa321c147_targeted,"""Honda Development & Manufacturing"" LCD OLED displays PCBs printed circuit boards electronics tariffs cost sourcing country of origin 2026",163,,"[""pcbs_and_electronics"", ""displays""]",national_international_context,query_text_only,,Collect company-named evidence; seed product/location labels are unverified.,[],company_19c065ceff1df6bfa321c147,Honda Development & Manufacturing,"[""Honda Development & Manufacturing"", ""honda development manufacturing""]","[""gnem_row_79""]",company_targeted,LCD OLED displays PCBs printed circuit boards electronics,[]
q_company_26beff672f7c2515d668d5a8_discovery,company_26beff672f7c2515d668d5a8_discovery,"""Hwashin"" Georgia tariffs import duties supply chain",164,,"[""automotive_and_trade""]",statewide_georgia,query_text_only,,Collect company-named evidence; seed product/location labels are unverified.,[],company_26beff672f7c2515d668d5a8,Hwashin,"[""Hwashin"", ""hwashin""]","[""gnem_row_80""]",company_discovery,LCD OLED displays PCBs printed circuit boards electronics,[]
q_company_26beff672f7c2515d668d5a8_targeted,company_26beff672f7c2515d668d5a8_targeted,"""Hwashin"" LCD OLED displays PCBs printed circuit boards electronics tariffs cost sourcing country of origin 2026",165,,"[""pcbs_and_electronics"", ""displays""]",national_international_context,query_text_only,,Collect company-named evidence; seed product/location labels are unverified.,[],company_26beff672f7c2515d668d5a8,Hwashin,"[""Hwashin"", ""hwashin""]","[""gnem_row_80""]",company_targeted,LCD OLED displays PCBs printed circuit boards electronics,[]
q_company_c616bc37ca5f1ed57590e3c9_discovery,company_c616bc37ca5f1ed57590e3c9_discovery,"""Hyundai MOBIS (Georgia)"" Georgia tariffs import duties supply chain",166,,"[""automotive_and_trade""]",statewide_georgia,query_text_only,,Collect company-named evidence; seed product/location labels are unverified.,[],company_c616bc37ca5f1ed57590e3c9,Hyundai MOBIS (Georgia),"[""Hyundai MOBIS (Georgia)"", ""hyundai mobis georgia""]","[""gnem_row_100""]",company_discovery,LCD OLED displays PCBs printed circuit boards electronics,[]
q_company_c616bc37ca5f1ed57590e3c9_targeted,company_c616bc37ca5f1ed57590e3c9_targeted,"""Hyundai MOBIS (Georgia)"" LCD OLED displays PCBs printed circuit boards electronics tariffs cost sourcing country of origin 2026",167,,"[""pcbs_and_electronics"", ""displays""]",statewide_georgia,query_text_only,,Collect company-named evidence; seed product/location labels are unverified.,[],company_c616bc37ca5f1ed57590e3c9,Hyundai MOBIS (Georgia),"[""Hyundai MOBIS (Georgia)"", ""hyundai mobis georgia""]","[""gnem_row_100""]",company_targeted,LCD OLED displays PCBs printed circuit boards electronics,[]
q_company_a5d8748e8f29ace38fb5e117_discovery,company_a5d8748e8f29ace38fb5e117_discovery,"""Hyundai Transys Georgia Powertrain"" Georgia tariffs import duties supply chain",168,,"[""automotive_and_trade""]",statewide_georgia,query_text_only,,Collect company-named evidence; seed product/location labels are unverified.,[],company_a5d8748e8f29ace38fb5e117,Hyundai Transys Georgia Powertrain,"[""Hyundai Transys Georgia Powertrain"", ""hyundai transys georgia powertrain""]","[""gnem_row_85""]",company_discovery,LCD OLED displays PCBs printed circuit boards electronics,[]
q_company_a5d8748e8f29ace38fb5e117_targeted,company_a5d8748e8f29ace38fb5e117_targeted,"""Hyundai Transys Georgia Powertrain"" LCD OLED displays PCBs printed circuit boards electronics tariffs cost sourcing country of origin 2026",169,,"[""pcbs_and_electronics"", ""displays""]",statewide_georgia,query_text_only,,Collect company-named evidence; seed product/location labels are unverified.,[],company_a5d8748e8f29ace38fb5e117,Hyundai Transys Georgia Powertrain,"[""Hyundai Transys Georgia Powertrain"", ""hyundai transys georgia powertrain""]","[""gnem_row_85""]",company_targeted,LCD OLED displays PCBs printed circuit boards electronics,[]
q_company_127cc1bfd36760f9a2c064cc_discovery,company_127cc1bfd36760f9a2c064cc_discovery,"""Hyundai Transys Georgia Seating Systems"" Georgia tariffs import duties supply chain",170,,"[""automotive_and_trade""]",statewide_georgia,query_text_only,,Collect company-named evidence; seed product/location labels are unverified.,[],company_127cc1bfd36760f9a2c064cc,Hyundai Transys Georgia Seating Systems,"[""Hyundai Transys Georgia Seating Systems"", ""hyundai transys georgia seating systems""]","[""gnem_row_131""]",company_discovery,LCD OLED displays PCBs printed circuit boards electronics,[]
q_company_127cc1bfd36760f9a2c064cc_targeted,company_127cc1bfd36760f9a2c064cc_targeted,"""Hyundai Transys Georgia Seating Systems"" LCD OLED displays PCBs printed circuit boards electronics tariffs cost sourcing country of origin 2026",171,,"[""pcbs_and_electronics"", ""displays""]",statewide_georgia,query_text_only,,Collect company-named evidence; seed product/location labels are unverified.,[],company_127cc1bfd36760f9a2c064cc,Hyundai Transys Georgia Seating Systems,"[""Hyundai Transys Georgia Seating Systems"", ""hyundai transys georgia seating systems""]","[""gnem_row_131""]",company_targeted,LCD OLED displays PCBs printed circuit boards electronics,[]
q_company_b1eb8328a45bb51000d1ecaa_discovery,company_b1eb8328a45bb51000d1ecaa_discovery,"""IMMI"" Georgia tariffs import duties supply chain",172,,"[""automotive_and_trade""]",statewide_georgia,query_text_only,,Collect company-named evidence; seed product/location labels are unverified.,[],company_b1eb8328a45bb51000d1ecaa,IMMI,"[""IMMI"", ""immi""]","[""gnem_row_87""]",company_discovery,LCD OLED displays PCBs printed circuit boards electronics,[]
q_company_b1eb8328a45bb51000d1ecaa_targeted,company_b1eb8328a45bb51000d1ecaa_targeted,"""IMMI"" LCD OLED displays PCBs printed circuit boards electronics tariffs cost sourcing country of origin 2026",173,,"[""pcbs_and_electronics"", ""displays""]",national_international_context,query_text_only,,Collect company-named evidence; seed product/location labels are unverified.,[],company_b1eb8328a45bb51000d1ecaa,IMMI,"[""IMMI"", ""immi""]","[""gnem_row_87""]",company_targeted,LCD OLED displays PCBs printed circuit boards electronics,[]
q_company_688fd73015130e3680f03efc_discovery,company_688fd73015130e3680f03efc_discovery,"""IMS Gear Georgia Inc."" Georgia tariffs import duties supply chain",174,,"[""automotive_and_trade""]",statewide_georgia,query_text_only,,Collect company-named evidence; seed product/location labels are unverified.,[],company_688fd73015130e3680f03efc,IMS Gear Georgia Inc.,"[""IMS Gear Georgia Inc."", ""ims gear georgia""]","[""gnem_row_88""]",company_discovery,LCD OLED displays PCBs printed circuit boards electronics,[]
q_company_688fd73015130e3680f03efc_targeted,company_688fd73015130e3680f03efc_targeted,"""IMS Gear Georgia Inc."" LCD OLED displays PCBs printed circuit boards electronics tariffs cost sourcing country of origin 2026",175,,"[""pcbs_and_electronics"", ""displays""]",statewide_georgia,query_text_only,,Collect company-named evidence; seed product/location labels are unverified.,[],company_688fd73015130e3680f03efc,IMS Gear Georgia Inc.,"[""IMS Gear Georgia Inc."", ""ims gear georgia""]","[""gnem_row_88""]",company_targeted,LCD OLED displays PCBs printed circuit boards electronics,[]
q_company_bf629aedfdcb5f68f8719223_discovery,company_bf629aedfdcb5f68f8719223_discovery,"""Inalfa Roof Systems Inc."" Georgia tariffs import duties supply chain",176,,"[""automotive_and_trade""]",statewide_georgia,query_text_only,,Collect company-named evidence; seed product/location labels are unverified.,[],company_bf629aedfdcb5f68f8719223,Inalfa Roof Systems Inc.,"[""Inalfa Roof Systems Inc."", ""inalfa roof systems""]","[""gnem_row_146""]",company_discovery,LCD OLED displays PCBs printed circuit boards electronics,[]
q_company_bf629aedfdcb5f68f8719223_targeted,company_bf629aedfdcb5f68f8719223_targeted,"""Inalfa Roof Systems Inc."" LCD OLED displays PCBs printed circuit boards electronics tariffs cost sourcing country of origin 2026",177,,"[""pcbs_and_electronics"", ""displays""]",national_international_context,query_text_only,,Collect company-named evidence; seed product/location labels are unverified.,[],company_bf629aedfdcb5f68f8719223,Inalfa Roof Systems Inc.,"[""Inalfa Roof Systems Inc."", ""inalfa roof systems""]","[""gnem_row_146""]",company_targeted,LCD OLED displays PCBs printed circuit boards electronics,[]
q_company_3d6e0348f06d2e4c8bef6828_discovery,company_3d6e0348f06d2e4c8bef6828_discovery,"""JAC Products Inc."" Georgia tariffs import duties supply chain",178,,"[""automotive_and_trade""]",statewide_georgia,query_text_only,,Collect company-named evidence; seed product/location labels are unverified.,[],company_3d6e0348f06d2e4c8bef6828,JAC Products Inc.,"[""JAC Products Inc."", ""jac products""]","[""gnem_row_90""]",company_discovery,LCD OLED displays PCBs printed circuit boards electronics,[]
q_company_3d6e0348f06d2e4c8bef6828_targeted,company_3d6e0348f06d2e4c8bef6828_targeted,"""JAC Products Inc."" LCD OLED displays PCBs printed circuit boards electronics tariffs cost sourcing country of origin 2026",179,,"[""pcbs_and_electronics"", ""displays""]",national_international_context,query_text_only,,Collect company-named evidence; seed product/location labels are unverified.,[],company_3d6e0348f06d2e4c8bef6828,JAC Products Inc.,"[""JAC Products Inc."", ""jac products""]","[""gnem_row_90""]",company_targeted,LCD OLED displays PCBs printed circuit boards electronics,[]
q_company_5e93b599969eccdd9ccfe0a3_discovery,company_5e93b599969eccdd9ccfe0a3_discovery,"""Jefferson Southern Corp."" Georgia tariffs import duties supply chain",180,,"[""automotive_and_trade""]",statewide_georgia,query_text_only,,Collect company-named evidence; seed product/location labels are unverified.,[],company_5e93b599969eccdd9ccfe0a3,Jefferson Southern Corp.,"[""Jefferson Southern Corp."", ""jefferson southern""]","[""gnem_row_166""]",company_discovery,LCD OLED displays PCBs printed circuit boards electronics,[]
q_company_5e93b599969eccdd9ccfe0a3_targeted,company_5e93b599969eccdd9ccfe0a3_targeted,"""Jefferson Southern Corp."" LCD OLED displays PCBs printed circuit boards electronics tariffs cost sourcing country of origin 2026",181,,"[""pcbs_and_electronics"", ""displays""]",national_international_context,query_text_only,,Collect company-named evidence; seed product/location labels are unverified.,[],company_5e93b599969eccdd9ccfe0a3,Jefferson Southern Corp.,"[""Jefferson Southern Corp."", ""jefferson southern""]","[""gnem_row_166""]",company_targeted,LCD OLED displays PCBs printed circuit boards electronics,[]
q_company_b7bd683c22b8b3f21d8e9f7d_discovery,company_b7bd683c22b8b3f21d8e9f7d_discovery,"""Jefferson Southern Corporation"" Georgia tariffs import duties supply chain",182,,"[""automotive_and_trade""]",statewide_georgia,query_text_only,,Collect company-named evidence; seed product/location labels are unverified.,[],company_b7bd683c22b8b3f21d8e9f7d,Jefferson Southern Corporation,"[""Jefferson Southern Corporation"", ""jefferson southern""]","[""gnem_row_92""]",company_discovery,automotive vehicles auto parts,[]
q_company_b7bd683c22b8b3f21d8e9f7d_targeted,company_b7bd683c22b8b3f21d8e9f7d_targeted,"""Jefferson Southern Corporation"" automotive vehicles auto parts tariffs cost sourcing country of origin 2026",183,,"[""automotive_and_trade""]",national_international_context,query_text_only,,Collect company-named evidence; seed product/location labels are unverified.,[],company_b7bd683c22b8b3f21d8e9f7d,Jefferson Southern Corporation,"[""Jefferson Southern Corporation"", ""jefferson southern""]","[""gnem_row_92""]",company_targeted,automotive vehicles auto parts,[]
q_company_933e96a9f78bb1d41d7089e0_discovery,company_933e96a9f78bb1d41d7089e0_discovery,"""Joon Georgia, Inc."" Georgia tariffs import duties supply chain",184,,"[""automotive_and_trade""]",statewide_georgia,query_text_only,,Collect company-named evidence; seed product/location labels are unverified.,[],company_933e96a9f78bb1d41d7089e0,"Joon Georgia, Inc.","[""Joon Georgia, Inc."", ""joon georgia""]","[""gnem_row_93""]",company_discovery,automotive vehicles auto parts,[]
q_company_933e96a9f78bb1d41d7089e0_targeted,company_933e96a9f78bb1d41d7089e0_targeted,"""Joon Georgia, Inc."" automotive vehicles auto parts tariffs cost sourcing country of origin 2026",185,,"[""automotive_and_trade""]",statewide_georgia,query_text_only,,Collect company-named evidence; seed product/location labels are unverified.,[],company_933e96a9f78bb1d41d7089e0,"Joon Georgia, Inc.","[""Joon Georgia, Inc."", ""joon georgia""]","[""gnem_row_93""]",company_targeted,automotive vehicles auto parts,[]
q_company_51acf7e91bf99d07602b0a15_discovery,company_51acf7e91bf99d07602b0a15_discovery,"""JTEKT North America Corp."" Georgia tariffs import duties supply chain",186,,"[""automotive_and_trade""]",statewide_georgia,query_text_only,,Collect company-named evidence; seed product/location labels are unverified.,[],company_51acf7e91bf99d07602b0a15,JTEKT North America Corp.,"[""JTEKT North America Corp."", ""jtekt north america""]","[""gnem_row_2""]",company_discovery,automotive vehicles auto parts,[]
q_company_51acf7e91bf99d07602b0a15_targeted,company_51acf7e91bf99d07602b0a15_targeted,"""JTEKT North America Corp."" automotive vehicles auto parts tariffs cost sourcing country of origin 2026",187,,"[""automotive_and_trade""]",national_international_context,query_text_only,,Collect company-named evidence; seed product/location labels are unverified.,[],company_51acf7e91bf99d07602b0a15,JTEKT North America Corp.,"[""JTEKT North America Corp."", ""jtekt north america""]","[""gnem_row_2""]",company_targeted,automotive vehicles auto parts,[]
q_company_7959438dbd42735054f1a7a4_discovery,company_7959438dbd42735054f1a7a4_discovery,"""Kautex Inc."" Georgia tariffs import duties supply chain",188,,"[""automotive_and_trade""]",statewide_georgia,query_text_only,,Collect company-named evidence; seed product/location labels are unverified.,[],company_7959438dbd42735054f1a7a4,Kautex Inc.,"[""Kautex Inc."", ""kautex""]","[""gnem_row_3""]",company_discovery,automotive vehicles auto parts,[]
q_company_7959438dbd42735054f1a7a4_targeted,company_7959438dbd42735054f1a7a4_targeted,"""Kautex Inc."" automotive vehicles auto parts tariffs cost sourcing country of origin 2026",189,,"[""automotive_and_trade""]",national_international_context,query_text_only,,Collect company-named evidence; seed product/location labels are unverified.,[],company_7959438dbd42735054f1a7a4,Kautex Inc.,"[""Kautex Inc."", ""kautex""]","[""gnem_row_3""]",company_targeted,automotive vehicles auto parts,[]
q_company_284421b36ec8283988c17894_discovery,company_284421b36ec8283988c17894_discovery,"""Kia Georgia Inc."" Georgia tariffs import duties supply chain",190,,"[""automotive_and_trade""]",statewide_georgia,query_text_only,,Collect company-named evidence; seed product/location labels are unverified.,[],company_284421b36ec8283988c17894,Kia Georgia Inc.,"[""Kia Georgia Inc."", ""kia georgia""]","[""gnem_row_96""]",company_discovery,automotive vehicles auto parts,[]
q_company_284421b36ec8283988c17894_targeted,company_284421b36ec8283988c17894_targeted,"""Kia Georgia Inc."" automotive vehicles auto parts tariffs cost sourcing country of origin 2026",191,,"[""automotive_and_trade""]",statewide_georgia,query_text_only,,Collect company-named evidence; seed product/location labels are unverified.,[],company_284421b36ec8283988c17894,Kia Georgia Inc.,"[""Kia Georgia Inc."", ""kia georgia""]","[""gnem_row_96""]",company_targeted,automotive vehicles auto parts,[]
q_company_98ae8e7c06629f61cd42906f_discovery,company_98ae8e7c06629f61cd42906f_discovery,"""KTX America Corporation"" Georgia tariffs import duties supply chain",192,,"[""automotive_and_trade""]",statewide_georgia,query_text_only,,Collect company-named evidence; seed product/location labels are unverified.,[],company_98ae8e7c06629f61cd42906f,KTX America Corporation,"[""KTX America Corporation"", ""ktx america""]","[""gnem_row_97""]",company_discovery,automotive vehicles auto parts,[]
q_company_98ae8e7c06629f61cd42906f_targeted,company_98ae8e7c06629f61cd42906f_targeted,"""KTX America Corporation"" automotive vehicles auto parts tariffs cost sourcing country of origin 2026",193,,"[""automotive_and_trade""]",national_international_context,query_text_only,,Collect company-named evidence; seed product/location labels are unverified.,[],company_98ae8e7c06629f61cd42906f,KTX America Corporation,"[""KTX America Corporation"", ""ktx america""]","[""gnem_row_97""]",company_targeted,automotive vehicles auto parts,[]
q_company_0070706649688b18a55fb394_discovery,company_0070706649688b18a55fb394_discovery,"""Kumho Tire USA Inc."" Georgia tariffs import duties supply chain",194,,"[""automotive_and_trade""]",statewide_georgia,query_text_only,,Collect company-named evidence; seed product/location labels are unverified.,[],company_0070706649688b18a55fb394,Kumho Tire USA Inc.,"[""Kumho Tire USA Inc."", ""kumho tire usa""]","[""gnem_row_98""]",company_discovery,automotive vehicles auto parts,[]
q_company_0070706649688b18a55fb394_targeted,company_0070706649688b18a55fb394_targeted,"""Kumho Tire USA Inc."" automotive vehicles auto parts tariffs cost sourcing country of origin 2026",195,,"[""automotive_and_trade""]",national_international_context,query_text_only,,Collect company-named evidence; seed product/location labels are unverified.,[],company_0070706649688b18a55fb394,Kumho Tire USA Inc.,"[""Kumho Tire USA Inc."", ""kumho tire usa""]","[""gnem_row_98""]",company_targeted,automotive vehicles auto parts,[]
q_company_fc5db24fad4fb6564b0f2519_discovery,company_fc5db24fad4fb6564b0f2519_discovery,"""Kyungshin America Corp."" Georgia tariffs import duties supply chain",196,,"[""automotive_and_trade""]",statewide_georgia,query_text_only,,Collect company-named evidence; seed product/location labels are unverified.,[],company_fc5db24fad4fb6564b0f2519,Kyungshin America Corp.,"[""Kyungshin America Corp."", ""kyungshin america""]","[""gnem_row_99""]",company_discovery,automotive vehicles auto parts,[]
q_company_fc5db24fad4fb6564b0f2519_targeted,company_fc5db24fad4fb6564b0f2519_targeted,"""Kyungshin America Corp."" automotive vehicles auto parts tariffs cost sourcing country of origin 2026",197,,"[""automotive_and_trade""]",national_international_context,query_text_only,,Collect company-named evidence; seed product/location labels are unverified.,[],company_fc5db24fad4fb6564b0f2519,Kyungshin America Corp.,"[""Kyungshin America Corp."", ""kyungshin america""]","[""gnem_row_99""]",company_targeted,automotive vehicles auto parts,[]
q_company_9c755b1461327a4d399720e7_discovery,company_9c755b1461327a4d399720e7_discovery,"""Lark United Manufacturing Inc."" Georgia tariffs import duties supply chain",198,,"[""automotive_and_trade""]",statewide_georgia,query_text_only,,Collect company-named evidence; seed product/location labels are unverified.,[],company_9c755b1461327a4d399720e7,Lark United Manufacturing Inc.,"[""Lark United Manufacturing Inc."", ""lark united manufacturing""]","[""gnem_row_9""]",company_discovery,automotive vehicles auto parts,[]
q_company_9c755b1461327a4d399720e7_targeted,company_9c755b1461327a4d399720e7_targeted,"""Lark United Manufacturing Inc."" automotive vehicles auto parts tariffs cost sourcing country of origin 2026",199,,"[""automotive_and_trade""]",national_international_context,query_text_only,,Collect company-named evidence; seed product/location labels are unverified.,[],company_9c755b1461327a4d399720e7,Lark United Manufacturing Inc.,"[""Lark United Manufacturing Inc."", ""lark united manufacturing""]","[""gnem_row_9""]",company_targeted,automotive vehicles auto parts,[]
q_company_1ccd8d549b6d5b76fe835826_discovery,company_1ccd8d549b6d5b76fe835826_discovery,"""Lear Corporation"" Georgia tariffs import duties supply chain",200,,"[""automotive_and_trade""]",statewide_georgia,query_text_only,,Collect company-named evidence; seed product/location labels are unverified.,[],company_1ccd8d549b6d5b76fe835826,Lear Corporation,"[""Lear Corporation"", ""lear""]","[""gnem_row_101""]",company_discovery,automotive vehicles auto parts,[]
q_company_1ccd8d549b6d5b76fe835826_targeted,company_1ccd8d549b6d5b76fe835826_targeted,"""Lear Corporation"" automotive vehicles auto parts tariffs cost sourcing country of origin 2026",201,,"[""automotive_and_trade""]",national_international_context,query_text_only,,Collect company-named evidence; seed product/location labels are unverified.,[],company_1ccd8d549b6d5b76fe835826,Lear Corporation,"[""Lear Corporation"", ""lear""]","[""gnem_row_101""]",company_targeted,automotive vehicles auto parts,[]
q_company_ccca310b7ffd19ccc338c019_discovery,company_ccca310b7ffd19ccc338c019_discovery,"""Lehigh Technologies Inc."" Georgia tariffs import duties supply chain",202,,"[""automotive_and_trade""]",statewide_georgia,query_text_only,,Collect company-named evidence; seed product/location labels are unverified.,[],company_ccca310b7ffd19ccc338c019,Lehigh Technologies Inc.,"[""Lehigh Technologies Inc."", ""lehigh technologies""]","[""gnem_row_102""]",company_discovery,automotive vehicles auto parts,[]
q_company_ccca310b7ffd19ccc338c019_targeted,company_ccca310b7ffd19ccc338c019_targeted,"""Lehigh Technologies Inc."" automotive vehicles auto parts tariffs cost sourcing country of origin 2026",203,,"[""automotive_and_trade""]",national_international_context,query_text_only,,Collect company-named evidence; seed product/location labels are unverified.,[],company_ccca310b7ffd19ccc338c019,Lehigh Technologies Inc.,"[""Lehigh Technologies Inc."", ""lehigh technologies""]","[""gnem_row_102""]",company_targeted,automotive vehicles auto parts,[]
q_company_007f5c302685153392ed0dc8_discovery,company_007f5c302685153392ed0dc8_discovery,"""Linde + Wiemann"" Georgia tariffs import duties supply chain",204,,"[""automotive_and_trade""]",statewide_georgia,query_text_only,,Collect company-named evidence; seed product/location labels are unverified.,[],company_007f5c302685153392ed0dc8,Linde + Wiemann,"[""Linde + Wiemann"", ""linde wiemann""]","[""gnem_row_103""]",company_discovery,automotive vehicles auto parts,[]
q_company_007f5c302685153392ed0dc8_targeted,company_007f5c302685153392ed0dc8_targeted,"""Linde + Wiemann"" automotive vehicles auto parts tariffs cost sourcing country of origin 2026",205,,"[""automotive_and_trade""]",national_international_context,query_text_only,,Collect company-named evidence; seed product/location labels are unverified.,[],company_007f5c302685153392ed0dc8,Linde + Wiemann,"[""Linde + Wiemann"", ""linde wiemann""]","[""gnem_row_103""]",company_targeted,automotive vehicles auto parts,[]
q_company_f8508eb6bd1d98eac99aa886_discovery,company_f8508eb6bd1d98eac99aa886_discovery,"""Lund International Inc."" Georgia tariffs import duties supply chain",206,,"[""automotive_and_trade""]",statewide_georgia,query_text_only,,Collect company-named evidence; seed product/location labels are unverified.,[],company_f8508eb6bd1d98eac99aa886,Lund International Inc.,"[""Lund International Inc."", ""lund international""]","[""gnem_row_25""]",company_discovery,automotive vehicles auto parts,[]
q_company_f8508eb6bd1d98eac99aa886_targeted,company_f8508eb6bd1d98eac99aa886_targeted,"""Lund International Inc."" automotive vehicles auto parts tariffs cost sourcing country of origin 2026",207,,"[""automotive_and_trade""]",national_international_context,query_text_only,,Collect company-named evidence; seed product/location labels are unverified.,[],company_f8508eb6bd1d98eac99aa886,Lund International Inc.,"[""Lund International Inc."", ""lund international""]","[""gnem_row_25""]",company_targeted,automotive vehicles auto parts,[]
q_company_41d9c60287871fc6c424af25_discovery,company_41d9c60287871fc6c424af25_discovery,"""Lund International Inc./Ventshade Division"" Georgia tariffs import duties supply chain",208,,"[""automotive_and_trade""]",statewide_georgia,query_text_only,,Collect company-named evidence; seed product/location labels are unverified.,[],company_41d9c60287871fc6c424af25,Lund International Inc./Ventshade Division,"[""Lund International Inc./Ventshade Division"", ""lund international inc ventshade division""]","[""gnem_row_105""]",company_discovery,automotive vehicles auto parts,[]
q_company_41d9c60287871fc6c424af25_targeted,company_41d9c60287871fc6c424af25_targeted,"""Lund International Inc./Ventshade Division"" automotive vehicles auto parts tariffs cost sourcing country of origin 2026",209,,"[""automotive_and_trade""]",national_international_context,query_text_only,,Collect company-named evidence; seed product/location labels are unverified.,[],company_41d9c60287871fc6c424af25,Lund International Inc./Ventshade Division,"[""Lund International Inc./Ventshade Division"", ""lund international inc ventshade division""]","[""gnem_row_105""]",company_targeted,automotive vehicles auto parts,[]
q_company_b5ea19d5054e315d972744db_discovery,company_b5ea19d5054e315d972744db_discovery,"""Lyle Industries Inc."" Georgia tariffs import duties supply chain",210,,"[""automotive_and_trade""]",statewide_georgia,query_text_only,,Collect company-named evidence; seed product/location labels are unverified.,[],company_b5ea19d5054e315d972744db,Lyle Industries Inc.,"[""Lyle Industries Inc."", ""lyle industries""]","[""gnem_row_106"", ""gnem_row_107""]",company_discovery,automotive vehicles auto parts,[]
q_company_b5ea19d5054e315d972744db_targeted,company_b5ea19d5054e315d972744db_targeted,"""Lyle Industries Inc."" automotive vehicles auto parts tariffs cost sourcing country of origin 2026",211,,"[""automotive_and_trade""]",national_international_context,query_text_only,,Collect company-named evidence; seed product/location labels are unverified.,[],company_b5ea19d5054e315d972744db,Lyle Industries Inc.,"[""Lyle Industries Inc."", ""lyle industries""]","[""gnem_row_106"", ""gnem_row_107""]",company_targeted,automotive vehicles auto parts,[]
q_company_ef38ad6c248a16d5d72da55c_discovery,company_ef38ad6c248a16d5d72da55c_discovery,"""Mack Trucks"" Georgia tariffs import duties supply chain",212,,"[""automotive_and_trade""]",statewide_georgia,query_text_only,,Collect company-named evidence; seed product/location labels are unverified.,[],company_ef38ad6c248a16d5d72da55c,Mack Trucks,"[""Mack Trucks"", ""mack trucks""]","[""gnem_row_28""]",company_discovery,automotive vehicles auto parts,[]
q_company_ef38ad6c248a16d5d72da55c_targeted,company_ef38ad6c248a16d5d72da55c_targeted,"""Mack Trucks"" automotive vehicles auto parts tariffs cost sourcing country of origin 2026",213,,"[""automotive_and_trade""]",national_international_context,query_text_only,,Collect company-named evidence; seed product/location labels are unverified.,[],company_ef38ad6c248a16d5d72da55c,Mack Trucks,"[""Mack Trucks"", ""mack trucks""]","[""gnem_row_28""]",company_targeted,automotive vehicles auto parts,[]
q_company_6ad2cc466d4f49495289e32c_discovery,company_6ad2cc466d4f49495289e32c_discovery,"""Magna International"" Georgia tariffs import duties supply chain",214,,"[""automotive_and_trade""]",statewide_georgia,query_text_only,,Collect company-named evidence; seed product/location labels are unverified.,[],company_6ad2cc466d4f49495289e32c,Magna International,"[""Magna International"", ""magna international""]","[""gnem_row_109""]",company_discovery,automotive vehicles auto parts,[]
q_company_6ad2cc466d4f49495289e32c_targeted,company_6ad2cc466d4f49495289e32c_targeted,"""Magna International"" automotive vehicles auto parts tariffs cost sourcing country of origin 2026",215,,"[""automotive_and_trade""]",national_international_context,query_text_only,,Collect company-named evidence; seed product/location labels are unverified.,[],company_6ad2cc466d4f49495289e32c,Magna International,"[""Magna International"", ""magna international""]","[""gnem_row_109""]",company_targeted,automotive vehicles auto parts,[]
q_company_74f4835a25a8890b2477e48b_discovery,company_74f4835a25a8890b2477e48b_discovery,"""Mando America Corp."" Georgia tariffs import duties supply chain",216,,"[""automotive_and_trade""]",statewide_georgia,query_text_only,,Collect company-named evidence; seed product/location labels are unverified.,[],company_74f4835a25a8890b2477e48b,Mando America Corp.,"[""Mando America Corp."", ""mando america""]","[""gnem_row_29""]",company_discovery,automotive vehicles auto parts,[]
q_company_74f4835a25a8890b2477e48b_targeted,company_74f4835a25a8890b2477e48b_targeted,"""Mando America Corp."" automotive vehicles auto parts tariffs cost sourcing country of origin 2026",217,,"[""automotive_and_trade""]",national_international_context,query_text_only,,Collect company-named evidence; seed product/location labels are unverified.,[],company_74f4835a25a8890b2477e48b,Mando America Corp.,"[""Mando America Corp."", ""mando america""]","[""gnem_row_29""]",company_targeted,automotive vehicles auto parts,[]
q_company_cc05f0fa42a8b67bc3fac107_discovery,company_cc05f0fa42a8b67bc3fac107_discovery,"""Master Craft Engineering Inc."" Georgia tariffs import duties supply chain",218,,"[""automotive_and_trade""]",statewide_georgia,query_text_only,,Collect company-named evidence; seed product/location labels are unverified.,[],company_cc05f0fa42a8b67bc3fac107,Master Craft Engineering Inc.,"[""Master Craft Engineering Inc."", ""master craft engineering""]","[""gnem_row_111""]",company_discovery,automotive vehicles auto parts,[]
q_company_cc05f0fa42a8b67bc3fac107_targeted,company_cc05f0fa42a8b67bc3fac107_targeted,"""Master Craft Engineering Inc."" automotive vehicles auto parts tariffs cost sourcing country of origin 2026",219,,"[""automotive_and_trade""]",national_international_context,query_text_only,,Collect company-named evidence; seed product/location labels are unverified.,[],company_cc05f0fa42a8b67bc3fac107,Master Craft Engineering Inc.,"[""Master Craft Engineering Inc."", ""master craft engineering""]","[""gnem_row_111""]",company_targeted,automotive vehicles auto parts,[]
q_company_40f766afc78f2026929f2f25_discovery,company_40f766afc78f2026929f2f25_discovery,"""MAT Heavy Duty"" Georgia tariffs import duties supply chain",220,,"[""automotive_and_trade""]",statewide_georgia,query_text_only,,Collect company-named evidence; seed product/location labels are unverified.,[],company_40f766afc78f2026929f2f25,MAT Heavy Duty,"[""MAT Heavy Duty"", ""mat heavy duty""]","[""gnem_row_38""]",company_discovery,automotive vehicles auto parts,[]
q_company_40f766afc78f2026929f2f25_targeted,company_40f766afc78f2026929f2f25_targeted,"""MAT Heavy Duty"" automotive vehicles auto parts tariffs cost sourcing country of origin 2026",221,,"[""automotive_and_trade""]",national_international_context,query_text_only,,Collect company-named evidence; seed product/location labels are unverified.,[],company_40f766afc78f2026929f2f25,MAT Heavy Duty,"[""MAT Heavy Duty"", ""mat heavy duty""]","[""gnem_row_38""]",company_targeted,automotive vehicles auto parts,[]
q_company_04aa588dd09fd1f4ac08e185_discovery,company_04aa588dd09fd1f4ac08e185_discovery,"""Maxxis International USA"" Georgia tariffs import duties supply chain",222,,"[""automotive_and_trade""]",statewide_georgia,query_text_only,,Collect company-named evidence; seed product/location labels are unverified.,[],company_04aa588dd09fd1f4ac08e185,Maxxis International USA,"[""Maxxis International USA"", ""maxxis international usa""]","[""gnem_row_113""]",company_discovery,automotive vehicles auto parts,[]
q_company_04aa588dd09fd1f4ac08e185_targeted,company_04aa588dd09fd1f4ac08e185_targeted,"""Maxxis International USA"" automotive vehicles auto parts tariffs cost sourcing country of origin 2026",223,,"[""automotive_and_trade""]",national_international_context,query_text_only,,Collect company-named evidence; seed product/location labels are unverified.,[],company_04aa588dd09fd1f4ac08e185,Maxxis International USA,"[""Maxxis International USA"", ""maxxis international usa""]","[""gnem_row_113""]",company_targeted,automotive vehicles auto parts,[]
q_company_a4ae0b0d9a7850bda1de1dbe_discovery,company_a4ae0b0d9a7850bda1de1dbe_discovery,"""Mercedes-Benz USA LLC"" Georgia tariffs import duties supply chain",224,,"[""automotive_and_trade""]",statewide_georgia,query_text_only,,Collect company-named evidence; seed product/location labels are unverified.,[],company_a4ae0b0d9a7850bda1de1dbe,Mercedes-Benz USA LLC,"[""Mercedes-Benz USA LLC"", ""mercedes benz usa""]","[""gnem_row_41""]",company_discovery,automotive vehicles auto parts,[]
q_company_a4ae0b0d9a7850bda1de1dbe_targeted,company_a4ae0b0d9a7850bda1de1dbe_targeted,"""Mercedes-Benz USA LLC"" automotive vehicles auto parts tariffs cost sourcing country of origin 2026",225,,"[""automotive_and_trade""]",national_international_context,query_text_only,,Collect company-named evidence; seed product/location labels are unverified.,[],company_a4ae0b0d9a7850bda1de1dbe,Mercedes-Benz USA LLC,"[""Mercedes-Benz USA LLC"", ""mercedes benz usa""]","[""gnem_row_41""]",company_targeted,automotive vehicles auto parts,[]
q_company_154339ddd87245d6b7e95ca5_discovery,company_154339ddd87245d6b7e95ca5_discovery,"""Michelin Tread Technologies"" Georgia tariffs import duties supply chain",226,,"[""automotive_and_trade""]",statewide_georgia,query_text_only,,Collect company-named evidence; seed product/location labels are unverified.,[],company_154339ddd87245d6b7e95ca5,Michelin Tread Technologies,"[""Michelin Tread Technologies"", ""michelin tread technologies""]","[""gnem_row_44""]",company_discovery,automotive vehicles auto parts,[]
q_company_154339ddd87245d6b7e95ca5_targeted,company_154339ddd87245d6b7e95ca5_targeted,"""Michelin Tread Technologies"" automotive vehicles auto parts tariffs cost sourcing country of origin 2026",227,,"[""automotive_and_trade""]",national_international_context,query_text_only,,Collect company-named evidence; seed product/location labels are unverified.,[],company_154339ddd87245d6b7e95ca5,Michelin Tread Technologies,"[""Michelin Tread Technologies"", ""michelin tread technologies""]","[""gnem_row_44""]",company_targeted,automotive vehicles auto parts,[]
q_company_d75ac400f676e94363abe01a_discovery,company_d75ac400f676e94363abe01a_discovery,"""Milliken & Co./Valway Plant"" Georgia tariffs import duties supply chain",228,,"[""automotive_and_trade""]",statewide_georgia,query_text_only,,Collect company-named evidence; seed product/location labels are unverified.,[],company_d75ac400f676e94363abe01a,Milliken & Co./Valway Plant,"[""Milliken & Co./Valway Plant"", ""milliken co valway plant""]","[""gnem_row_46""]",company_discovery,automotive vehicles auto parts,[]
q_company_d75ac400f676e94363abe01a_targeted,company_d75ac400f676e94363abe01a_targeted,"""Milliken & Co./Valway Plant"" automotive vehicles auto parts tariffs cost sourcing country of origin 2026",229,,"[""automotive_and_trade""]",national_international_context,query_text_only,,Collect company-named evidence; seed product/location labels are unverified.,[],company_d75ac400f676e94363abe01a,Milliken & Co./Valway Plant,"[""Milliken & Co./Valway Plant"", ""milliken co valway plant""]","[""gnem_row_46""]",company_targeted,automotive vehicles auto parts,[]
q_company_d4ec137cd59e7e026abc774c_discovery,company_d4ec137cd59e7e026abc774c_discovery,"""Minebea AccessSolutions USA Inc."" Georgia tariffs import duties supply chain",230,,"[""automotive_and_trade""]",statewide_georgia,query_text_only,,Collect company-named evidence; seed product/location labels are unverified.,[],company_d4ec137cd59e7e026abc774c,Minebea AccessSolutions USA Inc.,"[""Minebea AccessSolutions USA Inc."", ""minebea accesssolutions usa""]","[""gnem_row_117""]",company_discovery,automotive vehicles auto parts,[]
q_company_d4ec137cd59e7e026abc774c_targeted,company_d4ec137cd59e7e026abc774c_targeted,"""Minebea AccessSolutions USA Inc."" automotive vehicles auto parts tariffs cost sourcing country of origin 2026",231,,"[""automotive_and_trade""]",national_international_context,query_text_only,,Collect company-named evidence; seed product/location labels are unverified.,[],company_d4ec137cd59e7e026abc774c,Minebea AccessSolutions USA Inc.,"[""Minebea AccessSolutions USA Inc."", ""minebea accesssolutions usa""]","[""gnem_row_117""]",company_targeted,automotive vehicles auto parts,[]
q_company_859f550089b8293c0ae121ed_discovery,company_859f550089b8293c0ae121ed_discovery,"""Mobis Alabama LLC"" Georgia tariffs import duties supply chain",232,,"[""automotive_and_trade""]",statewide_georgia,query_text_only,,Collect company-named evidence; seed product/location labels are unverified.,[],company_859f550089b8293c0ae121ed,Mobis Alabama LLC,"[""Mobis Alabama LLC"", ""mobis alabama""]","[""gnem_row_47""]",company_discovery,automotive vehicles auto parts,[]
q_company_859f550089b8293c0ae121ed_targeted,company_859f550089b8293c0ae121ed_targeted,"""Mobis Alabama LLC"" automotive vehicles auto parts tariffs cost sourcing country of origin 2026",233,,"[""automotive_and_trade""]",national_international_context,query_text_only,,Collect company-named evidence; seed product/location labels are unverified.,[],company_859f550089b8293c0ae121ed,Mobis Alabama LLC,"[""Mobis Alabama LLC"", ""mobis alabama""]","[""gnem_row_47""]",company_targeted,automotive vehicles auto parts,[]
q_company_10d15bbbe68ff2be14d6aec2_discovery,company_10d15bbbe68ff2be14d6aec2_discovery,"""MollerTech LLC"" Georgia tariffs import duties supply chain",234,,"[""automotive_and_trade""]",statewide_georgia,query_text_only,,Collect company-named evidence; seed product/location labels are unverified.,[],company_10d15bbbe68ff2be14d6aec2,MollerTech LLC,"[""MollerTech LLC"", ""mollertech""]","[""gnem_row_119""]",company_discovery,automotive vehicles auto parts,[]
q_company_10d15bbbe68ff2be14d6aec2_targeted,company_10d15bbbe68ff2be14d6aec2_targeted,"""MollerTech LLC"" automotive vehicles auto parts tariffs cost sourcing country of origin 2026",235,,"[""automotive_and_trade""]",national_international_context,query_text_only,,Collect company-named evidence; seed product/location labels are unverified.,[],company_10d15bbbe68ff2be14d6aec2,MollerTech LLC,"[""MollerTech LLC"", ""mollertech""]","[""gnem_row_119""]",company_targeted,automotive vehicles auto parts,[]
q_company_eede3852858fee3e71f33721_discovery,company_eede3852858fee3e71f33721_discovery,"""Morgan Corp."" Georgia tariffs import duties supply chain",236,,"[""automotive_and_trade""]",statewide_georgia,query_text_only,,Collect company-named evidence; seed product/location labels are unverified.,[],company_eede3852858fee3e71f33721,Morgan Corp.,"[""Morgan Corp."", ""morgan""]","[""gnem_row_120""]",company_discovery,automotive vehicles auto parts,[]
q_company_eede3852858fee3e71f33721_targeted,company_eede3852858fee3e71f33721_targeted,"""Morgan Corp."" automotive vehicles auto parts tariffs cost sourcing country of origin 2026",237,,"[""automotive_and_trade""]",national_international_context,query_text_only,,Collect company-named evidence; seed product/location labels are unverified.,[],company_eede3852858fee3e71f33721,Morgan Corp.,"[""Morgan Corp."", ""morgan""]","[""gnem_row_120""]",company_targeted,automotive vehicles auto parts,[]
q_company_1586819e6c963998b5db83da_discovery,company_1586819e6c963998b5db83da_discovery,"""Murata Electronics North America Inc."" Georgia tariffs import duties supply chain",238,,"[""pcbs_and_electronics""]",statewide_georgia,query_text_only,,Collect company-named evidence; seed product/location labels are unverified.,[],company_1586819e6c963998b5db83da,Murata Electronics North America Inc.,"[""Murata Electronics North America Inc."", ""murata electronics north america""]","[""gnem_row_58""]",company_discovery,automotive vehicles auto parts,[]
q_company_1586819e6c963998b5db83da_targeted,company_1586819e6c963998b5db83da_targeted,"""Murata Electronics North America Inc."" automotive vehicles auto parts tariffs cost sourcing country of origin 2026",239,,"[""pcbs_and_electronics""]",national_international_context,query_text_only,,Collect company-named evidence; seed product/location labels are unverified.,[],company_1586819e6c963998b5db83da,Murata Electronics North America Inc.,"[""Murata Electronics North America Inc."", ""murata electronics north america""]","[""gnem_row_58""]",company_targeted,automotive vehicles auto parts,[]
q_company_4744f7fd4e0e4f89f2f73b2a_discovery,company_4744f7fd4e0e4f89f2f73b2a_discovery,"""Neaton Rome Inc."" Georgia tariffs import duties supply chain",240,,"[""automotive_and_trade""]",statewide_georgia,query_text_only,,Collect company-named evidence; seed product/location labels are unverified.,[],company_4744f7fd4e0e4f89f2f73b2a,Neaton Rome Inc.,"[""Neaton Rome Inc."", ""neaton rome""]","[""gnem_row_63""]",company_discovery,automotive vehicles auto parts,[]
q_company_4744f7fd4e0e4f89f2f73b2a_targeted,company_4744f7fd4e0e4f89f2f73b2a_targeted,"""Neaton Rome Inc."" automotive vehicles auto parts tariffs cost sourcing country of origin 2026",241,,"[""automotive_and_trade""]",national_international_context,query_text_only,,Collect company-named evidence; seed product/location labels are unverified.,[],company_4744f7fd4e0e4f89f2f73b2a,Neaton Rome Inc.,"[""Neaton Rome Inc."", ""neaton rome""]","[""gnem_row_63""]",company_targeted,automotive vehicles auto parts,[]
q_company_88a2081314267701955f6546_discovery,company_88a2081314267701955f6546_discovery,"""Nidec Elesys Americas Corp."" Georgia tariffs import duties supply chain",242,,"[""automotive_and_trade""]",statewide_georgia,query_text_only,,Collect company-named evidence; seed product/location labels are unverified.,[],company_88a2081314267701955f6546,Nidec Elesys Americas Corp.,"[""Nidec Elesys Americas Corp."", ""nidec elesys americas""]","[""gnem_row_123""]",company_discovery,automotive vehicles auto parts,[]
q_company_88a2081314267701955f6546_targeted,company_88a2081314267701955f6546_targeted,"""Nidec Elesys Americas Corp."" automotive vehicles auto parts tariffs cost sourcing country of origin 2026",243,,"[""automotive_and_trade""]",national_international_context,query_text_only,,Collect company-named evidence; seed product/location labels are unverified.,[],company_88a2081314267701955f6546,Nidec Elesys Americas Corp.,"[""Nidec Elesys Americas Corp."", ""nidec elesys americas""]","[""gnem_row_123""]",company_targeted,automotive vehicles auto parts,[]
q_company_7849dc05e9630d0106497b00_discovery,company_7849dc05e9630d0106497b00_discovery,"""NIFCO KTW America Corp."" Georgia tariffs import duties supply chain",244,,"[""automotive_and_trade""]",statewide_georgia,query_text_only,,Collect company-named evidence; seed product/location labels are unverified.,[],company_7849dc05e9630d0106497b00,NIFCO KTW America Corp.,"[""NIFCO KTW America Corp."", ""nifco ktw america""]","[""gnem_row_124""]",company_discovery,automotive vehicles auto parts,[]
q_company_7849dc05e9630d0106497b00_targeted,company_7849dc05e9630d0106497b00_targeted,"""NIFCO KTW America Corp."" automotive vehicles auto parts tariffs cost sourcing country of origin 2026",245,,"[""automotive_and_trade""]",national_international_context,query_text_only,,Collect company-named evidence; seed product/location labels are unverified.,[],company_7849dc05e9630d0106497b00,NIFCO KTW America Corp.,"[""NIFCO KTW America Corp."", ""nifco ktw america""]","[""gnem_row_124""]",company_targeted,automotive vehicles auto parts,[]
q_company_8f5291e2a5a64e6a8f7f09e2_discovery,company_8f5291e2a5a64e6a8f7f09e2_discovery,"""Nile Automotive"" Georgia tariffs import duties supply chain",246,,"[""automotive_and_trade""]",statewide_georgia,query_text_only,,Collect company-named evidence; seed product/location labels are unverified.,[],company_8f5291e2a5a64e6a8f7f09e2,Nile Automotive,"[""Nile Automotive"", ""nile automotive""]","[""gnem_row_125""]",company_discovery,automotive vehicles auto parts,[]
q_company_8f5291e2a5a64e6a8f7f09e2_targeted,company_8f5291e2a5a64e6a8f7f09e2_targeted,"""Nile Automotive"" automotive vehicles auto parts tariffs cost sourcing country of origin 2026",247,,"[""automotive_and_trade""]",national_international_context,query_text_only,,Collect company-named evidence; seed product/location labels are unverified.,[],company_8f5291e2a5a64e6a8f7f09e2,Nile Automotive,"[""Nile Automotive"", ""nile automotive""]","[""gnem_row_125""]",company_targeted,automotive vehicles auto parts,[]
q_company_c511a92fcd95a7cc9a4a2c33_discovery,company_c511a92fcd95a7cc9a4a2c33_discovery,"""Nisshinbo Automotive Manufacturing Inc."" Georgia tariffs import duties supply chain",248,,"[""automotive_and_trade""]",statewide_georgia,query_text_only,,Collect company-named evidence; seed product/location labels are unverified.,[],company_c511a92fcd95a7cc9a4a2c33,Nisshinbo Automotive Manufacturing Inc.,"[""Nisshinbo Automotive Manufacturing Inc."", ""nisshinbo automotive manufacturing""]","[""gnem_row_126""]",company_discovery,automotive vehicles auto parts,[]
q_company_c511a92fcd95a7cc9a4a2c33_targeted,company_c511a92fcd95a7cc9a4a2c33_targeted,"""Nisshinbo Automotive Manufacturing Inc."" automotive vehicles auto parts tariffs cost sourcing country of origin 2026",249,,"[""automotive_and_trade""]",national_international_context,query_text_only,,Collect company-named evidence; seed product/location labels are unverified.,[],company_c511a92fcd95a7cc9a4a2c33,Nisshinbo Automotive Manufacturing Inc.,"[""Nisshinbo Automotive Manufacturing Inc."", ""nisshinbo automotive manufacturing""]","[""gnem_row_126""]",company_targeted,automotive vehicles auto parts,[]
q_company_620054e4e188e563c4920e21_discovery,company_620054e4e188e563c4920e21_discovery,"""Nivel Parts & Manufacturing Co. LLC"" Georgia tariffs import duties supply chain",250,,"[""automotive_and_trade""]",statewide_georgia,query_text_only,,Collect company-named evidence; seed product/location labels are unverified.,[],company_620054e4e188e563c4920e21,Nivel Parts & Manufacturing Co. LLC,"[""Nivel Parts & Manufacturing Co. LLC"", ""nivel parts manufacturing""]","[""gnem_row_127""]",company_discovery,automotive vehicles auto parts,[]
q_company_620054e4e188e563c4920e21_targeted,company_620054e4e188e563c4920e21_targeted,"""Nivel Parts & Manufacturing Co. LLC"" automotive vehicles auto parts tariffs cost sourcing country of origin 2026",251,,"[""automotive_and_trade""]",national_international_context,query_text_only,,Collect company-named evidence; seed product/location labels are unverified.,[],company_620054e4e188e563c4920e21,Nivel Parts & Manufacturing Co. LLC,"[""Nivel Parts & Manufacturing Co. LLC"", ""nivel parts manufacturing""]","[""gnem_row_127""]",company_targeted,automotive vehicles auto parts,[]
q_company_bcc838354309e862758a8371_discovery,company_bcc838354309e862758a8371_discovery,"""Novelis Inc."" Georgia tariffs import duties supply chain",252,,"[""automotive_and_trade""]",statewide_georgia,query_text_only,,Collect company-named evidence; seed product/location labels are unverified.,[],company_bcc838354309e862758a8371,Novelis Inc.,"[""Novelis Inc."", ""novelis""]","[""gnem_row_65"", ""gnem_row_129"", ""gnem_row_130""]",company_discovery,automotive vehicles auto parts,[]
q_company_bcc838354309e862758a8371_targeted,company_bcc838354309e862758a8371_targeted,"""Novelis Inc."" automotive vehicles auto parts tariffs cost sourcing country of origin 2026",253,,"[""automotive_and_trade""]",national_international_context,query_text_only,,Collect company-named evidence; seed product/location labels are unverified.,[],company_bcc838354309e862758a8371,Novelis Inc.,"[""Novelis Inc."", ""novelis""]","[""gnem_row_65"", ""gnem_row_129"", ""gnem_row_130""]",company_targeted,automotive vehicles auto parts,[]
q_company_a51a3f8338d12ca01a577774_discovery,company_a51a3f8338d12ca01a577774_discovery,"""NVH Korea"" Georgia tariffs import duties supply chain",254,,"[""automotive_and_trade""]",statewide_georgia,query_text_only,,Collect company-named evidence; seed product/location labels are unverified.,[],company_a51a3f8338d12ca01a577774,NVH Korea,"[""NVH Korea"", ""nvh korea""]","[""gnem_row_89""]",company_discovery,automotive vehicles auto parts,[]
q_company_a51a3f8338d12ca01a577774_targeted,company_a51a3f8338d12ca01a577774_targeted,"""NVH Korea"" automotive vehicles auto parts tariffs cost sourcing country of origin 2026",255,,"[""automotive_and_trade""]",national_international_context,query_text_only,,Collect company-named evidence; seed product/location labels are unverified.,[],company_a51a3f8338d12ca01a577774,NVH Korea,"[""NVH Korea"", ""nvh korea""]","[""gnem_row_89""]",company_targeted,automotive vehicles auto parts,[]
q_company_a25ed74f86091489db686a03_discovery,company_a25ed74f86091489db686a03_discovery,"""Oneda Corp."" Georgia tariffs import duties supply chain",256,,"[""automotive_and_trade""]",statewide_georgia,query_text_only,,Collect company-named evidence; seed product/location labels are unverified.,[],company_a25ed74f86091489db686a03,Oneda Corp.,"[""Oneda Corp."", ""oneda""]","[""gnem_row_91""]",company_discovery,automotive vehicles auto parts,[]
q_company_a25ed74f86091489db686a03_targeted,company_a25ed74f86091489db686a03_targeted,"""Oneda Corp."" automotive vehicles auto parts tariffs cost sourcing country of origin 2026",257,,"[""automotive_and_trade""]",national_international_context,query_text_only,,Collect company-named evidence; seed product/location labels are unverified.,[],company_a25ed74f86091489db686a03,Oneda Corp.,"[""Oneda Corp."", ""oneda""]","[""gnem_row_91""]",company_targeted,automotive vehicles auto parts,[]
q_company_bce2d26074c9cd4b0409dbc0_discovery,company_bce2d26074c9cd4b0409dbc0_discovery,"""OTR Wheel Engineering Inc."" Georgia tariffs import duties supply chain",258,,"[""automotive_and_trade""]",statewide_georgia,query_text_only,,Collect company-named evidence; seed product/location labels are unverified.,[],company_bce2d26074c9cd4b0409dbc0,OTR Wheel Engineering Inc.,"[""OTR Wheel Engineering Inc."", ""otr wheel engineering""]","[""gnem_row_133""]",company_discovery,automotive vehicles auto parts,[]
q_company_bce2d26074c9cd4b0409dbc0_targeted,company_bce2d26074c9cd4b0409dbc0_targeted,"""OTR Wheel Engineering Inc."" automotive vehicles auto parts tariffs cost sourcing country of origin 2026",259,,"[""automotive_and_trade""]",national_international_context,query_text_only,,Collect company-named evidence; seed product/location labels are unverified.,[],company_bce2d26074c9cd4b0409dbc0,OTR Wheel Engineering Inc.,"[""OTR Wheel Engineering Inc."", ""otr wheel engineering""]","[""gnem_row_133""]",company_targeted,automotive vehicles auto parts,[]
q_company_b2519d425e8c787c3825d2b9_discovery,company_b2519d425e8c787c3825d2b9_discovery,"""Paccar"" Georgia tariffs import duties supply chain",260,,"[""automotive_and_trade""]",statewide_georgia,query_text_only,,Collect company-named evidence; seed product/location labels are unverified.,[],company_b2519d425e8c787c3825d2b9,Paccar,"[""Paccar"", ""paccar""]","[""gnem_row_134""]",company_discovery,automotive vehicles auto parts,[]
q_company_b2519d425e8c787c3825d2b9_targeted,company_b2519d425e8c787c3825d2b9_targeted,"""Paccar"" automotive vehicles auto parts tariffs cost sourcing country of origin 2026",261,,"[""automotive_and_trade""]",national_international_context,query_text_only,,Collect company-named evidence; seed product/location labels are unverified.,[],company_b2519d425e8c787c3825d2b9,Paccar,"[""Paccar"", ""paccar""]","[""gnem_row_134""]",company_targeted,automotive vehicles auto parts,[]
q_company_065f929c58de60436123306d_discovery,company_065f929c58de60436123306d_discovery,"""PAI Industries Inc."" Georgia tariffs import duties supply chain",262,,"[""automotive_and_trade""]",statewide_georgia,query_text_only,,Collect company-named evidence; seed product/location labels are unverified.,[],company_065f929c58de60436123306d,PAI Industries Inc.,"[""PAI Industries Inc."", ""pai industries""]","[""gnem_row_135""]",company_discovery,automotive vehicles auto parts,[]
q_company_065f929c58de60436123306d_targeted,company_065f929c58de60436123306d_targeted,"""PAI Industries Inc."" automotive vehicles auto parts tariffs cost sourcing country of origin 2026",263,,"[""automotive_and_trade""]",national_international_context,query_text_only,,Collect company-named evidence; seed product/location labels are unverified.,[],company_065f929c58de60436123306d,PAI Industries Inc.,"[""PAI Industries Inc."", ""pai industries""]","[""gnem_row_135""]",company_targeted,automotive vehicles auto parts,[]
q_company_d0e4b3968ef99687d30dd1ba_discovery,company_d0e4b3968ef99687d30dd1ba_discovery,"""Pak-Lite Inc."" Georgia tariffs import duties supply chain",264,,"[""automotive_and_trade""]",statewide_georgia,query_text_only,,Collect company-named evidence; seed product/location labels are unverified.,[],company_d0e4b3968ef99687d30dd1ba,Pak-Lite Inc.,"[""Pak-Lite Inc."", ""pak lite""]","[""gnem_row_136""]",company_discovery,automotive vehicles auto parts,[]
q_company_d0e4b3968ef99687d30dd1ba_targeted,company_d0e4b3968ef99687d30dd1ba_targeted,"""Pak-Lite Inc."" automotive vehicles auto parts tariffs cost sourcing country of origin 2026",265,,"[""automotive_and_trade""]",national_international_context,query_text_only,,Collect company-named evidence; seed product/location labels are unverified.,[],company_d0e4b3968ef99687d30dd1ba,Pak-Lite Inc.,"[""Pak-Lite Inc."", ""pak lite""]","[""gnem_row_136""]",company_targeted,automotive vehicles auto parts,[]
q_company_f4939036511c0ee9ade29b46_discovery,company_f4939036511c0ee9ade29b46_discovery,"""Panasonic Automotive Systems Co."" Georgia tariffs import duties supply chain",266,,"[""automotive_and_trade""]",statewide_georgia,query_text_only,,Collect company-named evidence; seed product/location labels are unverified.,[],company_f4939036511c0ee9ade29b46,Panasonic Automotive Systems Co.,"[""Panasonic Automotive Systems Co."", ""panasonic automotive systems""]","[""gnem_row_137"", ""gnem_row_138""]",company_discovery,automotive vehicles auto parts,[]
q_company_f4939036511c0ee9ade29b46_targeted,company_f4939036511c0ee9ade29b46_targeted,"""Panasonic Automotive Systems Co."" automotive vehicles auto parts tariffs cost sourcing country of origin 2026",267,,"[""automotive_and_trade""]",national_international_context,query_text_only,,Collect company-named evidence; seed product/location labels are unverified.,[],company_f4939036511c0ee9ade29b46,Panasonic Automotive Systems Co.,"[""Panasonic Automotive Systems Co."", ""panasonic automotive systems""]","[""gnem_row_137"", ""gnem_row_138""]",company_targeted,automotive vehicles auto parts,[]
q_company_abf2b48f96cf55c66c957e6e_discovery,company_abf2b48f96cf55c66c957e6e_discovery,"""Panduit Corp."" Georgia tariffs import duties supply chain",268,,"[""automotive_and_trade""]",statewide_georgia,query_text_only,,Collect company-named evidence; seed product/location labels are unverified.,[],company_abf2b48f96cf55c66c957e6e,Panduit Corp.,"[""Panduit Corp."", ""panduit""]","[""gnem_row_139""]",company_discovery,automotive vehicles auto parts,[]
q_company_abf2b48f96cf55c66c957e6e_targeted,company_abf2b48f96cf55c66c957e6e_targeted,"""Panduit Corp."" automotive vehicles auto parts tariffs cost sourcing country of origin 2026",269,,"[""automotive_and_trade""]",national_international_context,query_text_only,,Collect company-named evidence; seed product/location labels are unverified.,[],company_abf2b48f96cf55c66c957e6e,Panduit Corp.,"[""Panduit Corp."", ""panduit""]","[""gnem_row_139""]",company_targeted,automotive vehicles auto parts,[]
q_company_58e740dcd9f3598d25e1cf8c_discovery,company_58e740dcd9f3598d25e1cf8c_discovery,"""Peerless-Winsmith Inc."" Georgia tariffs import duties supply chain",270,,"[""automotive_and_trade""]",statewide_georgia,query_text_only,,Collect company-named evidence; seed product/location labels are unverified.,[],company_58e740dcd9f3598d25e1cf8c,Peerless-Winsmith Inc.,"[""Peerless-Winsmith Inc."", ""peerless winsmith""]","[""gnem_row_140""]",company_discovery,automotive vehicles auto parts,[]
q_company_58e740dcd9f3598d25e1cf8c_targeted,company_58e740dcd9f3598d25e1cf8c_targeted,"""Peerless-Winsmith Inc."" automotive vehicles auto parts tariffs cost sourcing country of origin 2026",271,,"[""automotive_and_trade""]",national_international_context,query_text_only,,Collect company-named evidence; seed product/location labels are unverified.,[],company_58e740dcd9f3598d25e1cf8c,Peerless-Winsmith Inc.,"[""Peerless-Winsmith Inc."", ""peerless winsmith""]","[""gnem_row_140""]",company_targeted,automotive vehicles auto parts,[]
q_company_09088da4230e4aa9653a62b0_discovery,company_09088da4230e4aa9653a62b0_discovery,"""Perkins Small Engines LLC"" Georgia tariffs import duties supply chain",272,,"[""automotive_and_trade""]",statewide_georgia,query_text_only,,Collect company-named evidence; seed product/location labels are unverified.,[],company_09088da4230e4aa9653a62b0,Perkins Small Engines LLC,"[""Perkins Small Engines LLC"", ""perkins small engines""]","[""gnem_row_110""]",company_discovery,automotive vehicles auto parts,[]
q_company_09088da4230e4aa9653a62b0_targeted,company_09088da4230e4aa9653a62b0_targeted,"""Perkins Small Engines LLC"" automotive vehicles auto parts tariffs cost sourcing country of origin 2026",273,,"[""automotive_and_trade""]",national_international_context,query_text_only,,Collect company-named evidence; seed product/location labels are unverified.,[],company_09088da4230e4aa9653a62b0,Perkins Small Engines LLC,"[""Perkins Small Engines LLC"", ""perkins small engines""]","[""gnem_row_110""]",company_targeted,automotive vehicles auto parts,[]
q_company_3b08d60cda1e626125460263_discovery,company_3b08d60cda1e626125460263_discovery,"""Peterson Spring"" Georgia tariffs import duties supply chain",274,,"[""automotive_and_trade""]",statewide_georgia,query_text_only,,Collect company-named evidence; seed product/location labels are unverified.,[],company_3b08d60cda1e626125460263,Peterson Spring,"[""Peterson Spring"", ""peterson spring""]","[""gnem_row_114""]",company_discovery,automotive vehicles auto parts,[]
q_company_3b08d60cda1e626125460263_targeted,company_3b08d60cda1e626125460263_targeted,"""Peterson Spring"" automotive vehicles auto parts tariffs cost sourcing country of origin 2026",275,,"[""automotive_and_trade""]",national_international_context,query_text_only,,Collect company-named evidence; seed product/location labels are unverified.,[],company_3b08d60cda1e626125460263,Peterson Spring,"[""Peterson Spring"", ""peterson spring""]","[""gnem_row_114""]",company_targeted,automotive vehicles auto parts,[]
q_company_2d4ba2a74a409a97bbfe7442_discovery,company_2d4ba2a74a409a97bbfe7442_discovery,"""Piedmont Automotive Products Inc."" Georgia tariffs import duties supply chain",276,,"[""automotive_and_trade""]",statewide_georgia,query_text_only,,Collect company-named evidence; seed product/location labels are unverified.,[],company_2d4ba2a74a409a97bbfe7442,Piedmont Automotive Products Inc.,"[""Piedmont Automotive Products Inc."", ""piedmont automotive products""]","[""gnem_row_144""]",company_discovery,automotive vehicles auto parts,[]
q_company_2d4ba2a74a409a97bbfe7442_targeted,company_2d4ba2a74a409a97bbfe7442_targeted,"""Piedmont Automotive Products Inc."" automotive vehicles auto parts tariffs cost sourcing country of origin 2026",277,,"[""automotive_and_trade""]",national_international_context,query_text_only,,Collect company-named evidence; seed product/location labels are unverified.,[],company_2d4ba2a74a409a97bbfe7442,Piedmont Automotive Products Inc.,"[""Piedmont Automotive Products Inc."", ""piedmont automotive products""]","[""gnem_row_144""]",company_targeted,automotive vehicles auto parts,[]
q_company_f5609ab445df94a594136ba8_discovery,company_f5609ab445df94a594136ba8_discovery,"""PIOLAX Corp."" Georgia tariffs import duties supply chain",278,,"[""automotive_and_trade""]",statewide_georgia,query_text_only,,Collect company-named evidence; seed product/location labels are unverified.,[],company_f5609ab445df94a594136ba8,PIOLAX Corp.,"[""PIOLAX Corp."", ""piolax""]","[""gnem_row_116""]",company_discovery,automotive vehicles auto parts,[]
q_company_f5609ab445df94a594136ba8_targeted,company_f5609ab445df94a594136ba8_targeted,"""PIOLAX Corp."" automotive vehicles auto parts tariffs cost sourcing country of origin 2026",279,,"[""automotive_and_trade""]",national_international_context,query_text_only,,Collect company-named evidence; seed product/location labels are unverified.,[],company_f5609ab445df94a594136ba8,PIOLAX Corp.,"[""PIOLAX Corp."", ""piolax""]","[""gnem_row_116""]",company_targeted,automotive vehicles auto parts,[]
q_company_ca4c6bbbf98fac1857c252a1_discovery,company_ca4c6bbbf98fac1857c252a1_discovery,"""Pirelli Tire North America LLC"" Georgia tariffs import duties supply chain",280,,"[""automotive_and_trade""]",statewide_georgia,query_text_only,,Collect company-named evidence; seed product/location labels are unverified.,[],company_ca4c6bbbf98fac1857c252a1,Pirelli Tire North America LLC,"[""Pirelli Tire North America LLC"", ""pirelli tire north america""]","[""gnem_row_118""]",company_discovery,automotive vehicles auto parts,[]
q_company_ca4c6bbbf98fac1857c252a1_targeted,company_ca4c6bbbf98fac1857c252a1_targeted,"""Pirelli Tire North America LLC"" automotive vehicles auto parts tariffs cost sourcing country of origin 2026",281,,"[""automotive_and_trade""]",national_international_context,query_text_only,,Collect company-named evidence; seed product/location labels are unverified.,[],company_ca4c6bbbf98fac1857c252a1,Pirelli Tire North America LLC,"[""Pirelli Tire North America LLC"", ""pirelli tire north america""]","[""gnem_row_118""]",company_targeted,automotive vehicles auto parts,[]
q_company_916426eb70ecce5624bfa654_discovery,company_916426eb70ecce5624bfa654_discovery,"""Porsche Cars North America Inc."" Georgia tariffs import duties supply chain",282,,"[""automotive_and_trade""]",statewide_georgia,query_text_only,,Collect company-named evidence; seed product/location labels are unverified.,[],company_916426eb70ecce5624bfa654,Porsche Cars North America Inc.,"[""Porsche Cars North America Inc."", ""porsche cars north america""]","[""gnem_row_122""]",company_discovery,automotive vehicles auto parts,[]
q_company_916426eb70ecce5624bfa654_targeted,company_916426eb70ecce5624bfa654_targeted,"""Porsche Cars North America Inc."" automotive vehicles auto parts tariffs cost sourcing country of origin 2026",283,,"[""automotive_and_trade""]",national_international_context,query_text_only,,Collect company-named evidence; seed product/location labels are unverified.,[],company_916426eb70ecce5624bfa654,Porsche Cars North America Inc.,"[""Porsche Cars North America Inc."", ""porsche cars north america""]","[""gnem_row_122""]",company_targeted,automotive vehicles auto parts,[]
q_company_d52e9e16bbe521b4e9847297_discovery,company_d52e9e16bbe521b4e9847297_discovery,"""PPG Industries Inc."" Georgia tariffs import duties supply chain",284,,"[""automotive_and_trade""]",statewide_georgia,query_text_only,,Collect company-named evidence; seed product/location labels are unverified.,[],company_d52e9e16bbe521b4e9847297,PPG Industries Inc.,"[""PPG Industries Inc."", ""ppg industries""]","[""gnem_row_148""]",company_discovery,automotive vehicles auto parts,[]
q_company_d52e9e16bbe521b4e9847297_targeted,company_d52e9e16bbe521b4e9847297_targeted,"""PPG Industries Inc."" automotive vehicles auto parts tariffs cost sourcing country of origin 2026",285,,"[""automotive_and_trade""]",national_international_context,query_text_only,,Collect company-named evidence; seed product/location labels are unverified.,[],company_d52e9e16bbe521b4e9847297,PPG Industries Inc.,"[""PPG Industries Inc."", ""ppg industries""]","[""gnem_row_148""]",company_targeted,automotive vehicles auto parts,[]
q_company_29f6309444ab2e1c3472c3a7_discovery,company_29f6309444ab2e1c3472c3a7_discovery,"""QSR Inc."" Georgia tariffs import duties supply chain",286,,"[""automotive_and_trade""]",statewide_georgia,query_text_only,,Collect company-named evidence; seed product/location labels are unverified.,[],company_29f6309444ab2e1c3472c3a7,QSR Inc.,"[""QSR Inc."", ""qsr""]","[""gnem_row_150""]",company_discovery,automotive vehicles auto parts,[]
q_company_29f6309444ab2e1c3472c3a7_targeted,company_29f6309444ab2e1c3472c3a7_targeted,"""QSR Inc."" automotive vehicles auto parts tariffs cost sourcing country of origin 2026",287,,"[""automotive_and_trade""]",national_international_context,query_text_only,,Collect company-named evidence; seed product/location labels are unverified.,[],company_29f6309444ab2e1c3472c3a7,QSR Inc.,"[""QSR Inc."", ""qsr""]","[""gnem_row_150""]",company_targeted,automotive vehicles auto parts,[]
q_company_7dd0e30354ae58e70bc7f1ab_discovery,company_7dd0e30354ae58e70bc7f1ab_discovery,"""Racemark International LLC"" Georgia tariffs import duties supply chain",288,,"[""automotive_and_trade""]",statewide_georgia,query_text_only,,Collect company-named evidence; seed product/location labels are unverified.,[],company_7dd0e30354ae58e70bc7f1ab,Racemark International LLC,"[""Racemark International LLC"", ""racemark international""]","[""gnem_row_151""]",company_discovery,automotive vehicles auto parts,[]
q_company_7dd0e30354ae58e70bc7f1ab_targeted,company_7dd0e30354ae58e70bc7f1ab_targeted,"""Racemark International LLC"" automotive vehicles auto parts tariffs cost sourcing country of origin 2026",289,,"[""automotive_and_trade""]",national_international_context,query_text_only,,Collect company-named evidence; seed product/location labels are unverified.,[],company_7dd0e30354ae58e70bc7f1ab,Racemark International LLC,"[""Racemark International LLC"", ""racemark international""]","[""gnem_row_151""]",company_targeted,automotive vehicles auto parts,[]
q_company_733f406bade7f8e2e5e1a4ac_discovery,company_733f406bade7f8e2e5e1a4ac_discovery,"""RealTruck"" Georgia tariffs import duties supply chain",290,,"[""automotive_and_trade""]",statewide_georgia,query_text_only,,Collect company-named evidence; seed product/location labels are unverified.,[],company_733f406bade7f8e2e5e1a4ac,RealTruck,"[""RealTruck"", ""realtruck""]","[""gnem_row_132""]",company_discovery,automotive vehicles auto parts,[]
q_company_733f406bade7f8e2e5e1a4ac_targeted,company_733f406bade7f8e2e5e1a4ac_targeted,"""RealTruck"" automotive vehicles auto parts tariffs cost sourcing country of origin 2026",291,,"[""automotive_and_trade""]",national_international_context,query_text_only,,Collect company-named evidence; seed product/location labels are unverified.,[],company_733f406bade7f8e2e5e1a4ac,RealTruck,"[""RealTruck"", ""realtruck""]","[""gnem_row_132""]",company_targeted,automotive vehicles auto parts,[]
q_company_bf47a285d281fa0f069e5d46_discovery,company_bf47a285d281fa0f069e5d46_discovery,"""Rivian Automotive"" Georgia tariffs import duties supply chain",292,,"[""automotive_and_trade""]",statewide_georgia,query_text_only,,Collect company-named evidence; seed product/location labels are unverified.,[],company_bf47a285d281fa0f069e5d46,Rivian Automotive,"[""Rivian Automotive"", ""rivian automotive""]","[""gnem_row_153""]",company_discovery,automotive vehicles auto parts,[]
q_company_bf47a285d281fa0f069e5d46_targeted,company_bf47a285d281fa0f069e5d46_targeted,"""Rivian Automotive"" automotive vehicles auto parts tariffs cost sourcing country of origin 2026",293,,"[""automotive_and_trade""]",national_international_context,query_text_only,,Collect company-named evidence; seed product/location labels are unverified.,[],company_bf47a285d281fa0f069e5d46,Rivian Automotive,"[""Rivian Automotive"", ""rivian automotive""]","[""gnem_row_153""]",company_targeted,automotive vehicles auto parts,[]
q_company_12e67d5ae5db170e67a50b2e_discovery,company_12e67d5ae5db170e67a50b2e_discovery,"""Robert Bosch LLC"" Georgia tariffs import duties supply chain",294,,"[""automotive_and_trade""]",statewide_georgia,query_text_only,,Collect company-named evidence; seed product/location labels are unverified.,[],company_12e67d5ae5db170e67a50b2e,Robert Bosch LLC,"[""Robert Bosch LLC"", ""robert bosch""]","[""gnem_row_145""]",company_discovery,automotive vehicles auto parts,[]
q_company_12e67d5ae5db170e67a50b2e_targeted,company_12e67d5ae5db170e67a50b2e_targeted,"""Robert Bosch LLC"" automotive vehicles auto parts tariffs cost sourcing country of origin 2026",295,,"[""automotive_and_trade""]",national_international_context,query_text_only,,Collect company-named evidence; seed product/location labels are unverified.,[],company_12e67d5ae5db170e67a50b2e,Robert Bosch LLC,"[""Robert Bosch LLC"", ""robert bosch""]","[""gnem_row_145""]",company_targeted,automotive vehicles auto parts,[]
q_company_200ebe21e055e72509aa1abc_discovery,company_200ebe21e055e72509aa1abc_discovery,"""SAFT America Inc."" Georgia tariffs import duties supply chain",296,,"[""automotive_and_trade""]",statewide_georgia,query_text_only,,Collect company-named evidence; seed product/location labels are unverified.,[],company_200ebe21e055e72509aa1abc,SAFT America Inc.,"[""SAFT America Inc."", ""saft america""]","[""gnem_row_155""]",company_discovery,automotive vehicles auto parts,[]
q_company_200ebe21e055e72509aa1abc_targeted,company_200ebe21e055e72509aa1abc_targeted,"""SAFT America Inc."" automotive vehicles auto parts tariffs cost sourcing country of origin 2026",297,,"[""automotive_and_trade""]",national_international_context,query_text_only,,Collect company-named evidence; seed product/location labels are unverified.,[],company_200ebe21e055e72509aa1abc,SAFT America Inc.,"[""SAFT America Inc."", ""saft america""]","[""gnem_row_155""]",company_targeted,automotive vehicles auto parts,[]
q_company_e9fd0ec8b547bf4492af2a45_discovery,company_e9fd0ec8b547bf4492af2a45_discovery,"""Sejong Georgia LLC"" Georgia tariffs import duties supply chain",298,,"[""automotive_and_trade""]",statewide_georgia,query_text_only,,Collect company-named evidence; seed product/location labels are unverified.,[],company_e9fd0ec8b547bf4492af2a45,Sejong Georgia LLC,"[""Sejong Georgia LLC"", ""sejong georgia""]","[""gnem_row_156""]",company_discovery,automotive vehicles auto parts,[]
q_company_e9fd0ec8b547bf4492af2a45_targeted,company_e9fd0ec8b547bf4492af2a45_targeted,"""Sejong Georgia LLC"" automotive vehicles auto parts tariffs cost sourcing country of origin 2026",299,,"[""automotive_and_trade""]",statewide_georgia,query_text_only,,Collect company-named evidence; seed product/location labels are unverified.,[],company_e9fd0ec8b547bf4492af2a45,Sejong Georgia LLC,"[""Sejong Georgia LLC"", ""sejong georgia""]","[""gnem_row_156""]",company_targeted,automotive vehicles auto parts,[]
q_company_07bdb7c1d1dbfa2bc94f0282_discovery,company_07bdb7c1d1dbfa2bc94f0282_discovery,"""Seohan Auto USA"" Georgia tariffs import duties supply chain",300,,"[""automotive_and_trade""]",statewide_georgia,query_text_only,,Collect company-named evidence; seed product/location labels are unverified.,[],company_07bdb7c1d1dbfa2bc94f0282,Seohan Auto USA,"[""Seohan Auto USA"", ""seohan auto usa""]","[""gnem_row_157""]",company_discovery,automotive vehicles auto parts,[]
q_company_07bdb7c1d1dbfa2bc94f0282_targeted,company_07bdb7c1d1dbfa2bc94f0282_targeted,"""Seohan Auto USA"" automotive vehicles auto parts tariffs cost sourcing country of origin 2026",301,,"[""automotive_and_trade""]",national_international_context,query_text_only,,Collect company-named evidence; seed product/location labels are unverified.,[],company_07bdb7c1d1dbfa2bc94f0282,Seohan Auto USA,"[""Seohan Auto USA"", ""seohan auto usa""]","[""gnem_row_157""]",company_targeted,automotive vehicles auto parts,[]
q_company_c89f5b7a127c7ebb39ac7795_discovery,company_c89f5b7a127c7ebb39ac7795_discovery,"""Seoyon E-HWA"" Georgia tariffs import duties supply chain",302,,"[""automotive_and_trade""]",statewide_georgia,query_text_only,,Collect company-named evidence; seed product/location labels are unverified.,[],company_c89f5b7a127c7ebb39ac7795,Seoyon E-HWA,"[""Seoyon E-HWA"", ""seoyon e hwa""]","[""gnem_row_158""]",company_discovery,automotive vehicles auto parts,[]
q_company_c89f5b7a127c7ebb39ac7795_targeted,company_c89f5b7a127c7ebb39ac7795_targeted,"""Seoyon E-HWA"" automotive vehicles auto parts tariffs cost sourcing country of origin 2026",303,,"[""automotive_and_trade""]",national_international_context,query_text_only,,Collect company-named evidence; seed product/location labels are unverified.,[],company_c89f5b7a127c7ebb39ac7795,Seoyon E-HWA,"[""Seoyon E-HWA"", ""seoyon e hwa""]","[""gnem_row_158""]",company_targeted,automotive vehicles auto parts,[]
q_company_8888aef32079e2fde2def9b4_discovery,company_8888aef32079e2fde2def9b4_discovery,"""Seoyon E-Hwa Interior Systems"" Georgia tariffs import duties supply chain",304,,"[""automotive_and_trade""]",statewide_georgia,query_text_only,,Collect company-named evidence; seed product/location labels are unverified.,[],company_8888aef32079e2fde2def9b4,Seoyon E-Hwa Interior Systems,"[""Seoyon E-Hwa Interior Systems"", ""seoyon e hwa interior systems""]","[""gnem_row_159""]",company_discovery,automotive vehicles auto parts,[]
q_company_8888aef32079e2fde2def9b4_targeted,company_8888aef32079e2fde2def9b4_targeted,"""Seoyon E-Hwa Interior Systems"" automotive vehicles auto parts tariffs cost sourcing country of origin 2026",305,,"[""automotive_and_trade""]",national_international_context,query_text_only,,Collect company-named evidence; seed product/location labels are unverified.,[],company_8888aef32079e2fde2def9b4,Seoyon E-Hwa Interior Systems,"[""Seoyon E-Hwa Interior Systems"", ""seoyon e hwa interior systems""]","[""gnem_row_159""]",company_targeted,automotive vehicles auto parts,[]
q_company_a3f3c6917807f4d6e5d3818f_discovery,company_a3f3c6917807f4d6e5d3818f_discovery,"""Sewon America Inc."" Georgia tariffs import duties supply chain",306,,"[""automotive_and_trade""]",statewide_georgia,query_text_only,,Collect company-named evidence; seed product/location labels are unverified.,[],company_a3f3c6917807f4d6e5d3818f,Sewon America Inc.,"[""Sewon America Inc."", ""sewon america""]","[""gnem_row_149"", ""gnem_row_152"", ""gnem_row_162""]",company_discovery,automotive vehicles auto parts,[]
q_company_a3f3c6917807f4d6e5d3818f_targeted,company_a3f3c6917807f4d6e5d3818f_targeted,"""Sewon America Inc."" automotive vehicles auto parts tariffs cost sourcing country of origin 2026",307,,"[""automotive_and_trade""]",national_international_context,query_text_only,,Collect company-named evidence; seed product/location labels are unverified.,[],company_a3f3c6917807f4d6e5d3818f,Sewon America Inc.,"[""Sewon America Inc."", ""sewon america""]","[""gnem_row_149"", ""gnem_row_152"", ""gnem_row_162""]",company_targeted,automotive vehicles auto parts,[]
q_company_0840ca72a880ea975df81150_discovery,company_0840ca72a880ea975df81150_discovery,"""SHIROKI North America Inc"" Georgia tariffs import duties supply chain",308,,"[""automotive_and_trade""]",statewide_georgia,query_text_only,,Collect company-named evidence; seed product/location labels are unverified.,[],company_0840ca72a880ea975df81150,SHIROKI North America Inc,"[""SHIROKI North America Inc"", ""shiroki north america""]","[""gnem_row_154""]",company_discovery,automotive vehicles auto parts,[]
q_company_0840ca72a880ea975df81150_targeted,company_0840ca72a880ea975df81150_targeted,"""SHIROKI North America Inc"" automotive vehicles auto parts tariffs cost sourcing country of origin 2026",309,,"[""automotive_and_trade""]",national_international_context,query_text_only,,Collect company-named evidence; seed product/location labels are unverified.,[],company_0840ca72a880ea975df81150,SHIROKI North America Inc,"[""SHIROKI North America Inc"", ""shiroki north america""]","[""gnem_row_154""]",company_targeted,automotive vehicles auto parts,[]
q_company_8df8745aa77e1b6d38397a4e_discovery,company_8df8745aa77e1b6d38397a4e_discovery,"""SKF USA Inc."" Georgia tariffs import duties supply chain",310,,"[""automotive_and_trade""]",statewide_georgia,query_text_only,,Collect company-named evidence; seed product/location labels are unverified.,[],company_8df8745aa77e1b6d38397a4e,SKF USA Inc.,"[""SKF USA Inc."", ""skf usa""]","[""gnem_row_165""]",company_discovery,automotive vehicles auto parts,[]
q_company_8df8745aa77e1b6d38397a4e_targeted,company_8df8745aa77e1b6d38397a4e_targeted,"""SKF USA Inc."" automotive vehicles auto parts tariffs cost sourcing country of origin 2026",311,,"[""automotive_and_trade""]",national_international_context,query_text_only,,Collect company-named evidence; seed product/location labels are unverified.,[],company_8df8745aa77e1b6d38397a4e,SKF USA Inc.,"[""SKF USA Inc."", ""skf usa""]","[""gnem_row_165""]",company_targeted,automotive vehicles auto parts,[]
q_company_2703f483acb6cc525b6a7848_discovery,company_2703f483acb6cc525b6a7848_discovery,"""Solvay Specialty Polymers USA LLC"" Georgia tariffs import duties supply chain",312,,"[""automotive_and_trade""]",statewide_georgia,query_text_only,,Collect company-named evidence; seed product/location labels are unverified.,[],company_2703f483acb6cc525b6a7848,Solvay Specialty Polymers USA LLC,"[""Solvay Specialty Polymers USA LLC"", ""solvay specialty polymers usa""]","[""gnem_row_160""]",company_discovery,automotive vehicles auto parts,[]
q_company_2703f483acb6cc525b6a7848_targeted,company_2703f483acb6cc525b6a7848_targeted,"""Solvay Specialty Polymers USA LLC"" automotive vehicles auto parts tariffs cost sourcing country of origin 2026",313,,"[""automotive_and_trade""]",national_international_context,query_text_only,,Collect company-named evidence; seed product/location labels are unverified.,[],company_2703f483acb6cc525b6a7848,Solvay Specialty Polymers USA LLC,"[""Solvay Specialty Polymers USA LLC"", ""solvay specialty polymers usa""]","[""gnem_row_160""]",company_targeted,automotive vehicles auto parts,[]
q_company_897a9db8aebed83bd2799b36_discovery,company_897a9db8aebed83bd2799b36_discovery,"""Southern Switches Corp."" Georgia tariffs import duties supply chain",314,,"[""automotive_and_trade""]",statewide_georgia,query_text_only,,Collect company-named evidence; seed product/location labels are unverified.,[],company_897a9db8aebed83bd2799b36,Southern Switches Corp.,"[""Southern Switches Corp."", ""southern switches""]","[""gnem_row_167""]",company_discovery,automotive vehicles auto parts,[]
q_company_897a9db8aebed83bd2799b36_targeted,company_897a9db8aebed83bd2799b36_targeted,"""Southern Switches Corp."" automotive vehicles auto parts tariffs cost sourcing country of origin 2026",315,,"[""automotive_and_trade""]",national_international_context,query_text_only,,Collect company-named evidence; seed product/location labels are unverified.,[],company_897a9db8aebed83bd2799b36,Southern Switches Corp.,"[""Southern Switches Corp."", ""southern switches""]","[""gnem_row_167""]",company_targeted,automotive vehicles auto parts,[]
q_company_5851dbb8592edb520cc2ac87_discovery,company_5851dbb8592edb520cc2ac87_discovery,"""SRG Global Inc."" Georgia tariffs import duties supply chain",316,,"[""automotive_and_trade""]",statewide_georgia,query_text_only,,Collect company-named evidence; seed product/location labels are unverified.,[],company_5851dbb8592edb520cc2ac87,SRG Global Inc.,"[""SRG Global Inc."", ""srg global""]","[""gnem_row_168""]",company_discovery,automotive vehicles auto parts,[]
q_company_5851dbb8592edb520cc2ac87_targeted,company_5851dbb8592edb520cc2ac87_targeted,"""SRG Global Inc."" automotive vehicles auto parts tariffs cost sourcing country of origin 2026",317,,"[""automotive_and_trade""]",national_international_context,query_text_only,,Collect company-named evidence; seed product/location labels are unverified.,[],company_5851dbb8592edb520cc2ac87,SRG Global Inc.,"[""SRG Global Inc."", ""srg global""]","[""gnem_row_168""]",company_targeted,automotive vehicles auto parts,[]
q_company_01817ab985f63f3cc976a82f_discovery,company_01817ab985f63f3cc976a82f_discovery,"""Stryten Energy"" Georgia tariffs import duties supply chain",318,,"[""automotive_and_trade""]",statewide_georgia,query_text_only,,Collect company-named evidence; seed product/location labels are unverified.,[],company_01817ab985f63f3cc976a82f,Stryten Energy,"[""Stryten Energy"", ""stryten energy""]","[""gnem_row_169""]",company_discovery,automotive vehicles auto parts,[]
q_company_01817ab985f63f3cc976a82f_targeted,company_01817ab985f63f3cc976a82f_targeted,"""Stryten Energy"" automotive vehicles auto parts tariffs cost sourcing country of origin 2026",319,,"[""automotive_and_trade""]",national_international_context,query_text_only,,Collect company-named evidence; seed product/location labels are unverified.,[],company_01817ab985f63f3cc976a82f,Stryten Energy,"[""Stryten Energy"", ""stryten energy""]","[""gnem_row_169""]",company_targeted,automotive vehicles auto parts,[]
q_company_705c975c0b21d509bfb29018_discovery,company_705c975c0b21d509bfb29018_discovery,"""Suhner Manufacturing Corp."" Georgia tariffs import duties supply chain",320,,"[""automotive_and_trade""]",statewide_georgia,query_text_only,,Collect company-named evidence; seed product/location labels are unverified.,[],company_705c975c0b21d509bfb29018,Suhner Manufacturing Corp.,"[""Suhner Manufacturing Corp."", ""suhner manufacturing""]","[""gnem_row_170""]",company_discovery,automotive vehicles auto parts,[]
q_company_705c975c0b21d509bfb29018_targeted,company_705c975c0b21d509bfb29018_targeted,"""Suhner Manufacturing Corp."" automotive vehicles auto parts tariffs cost sourcing country of origin 2026",321,,"[""automotive_and_trade""]",national_international_context,query_text_only,,Collect company-named evidence; seed product/location labels are unverified.,[],company_705c975c0b21d509bfb29018,Suhner Manufacturing Corp.,"[""Suhner Manufacturing Corp."", ""suhner manufacturing""]","[""gnem_row_170""]",company_targeted,automotive vehicles auto parts,[]
q_company_37a56bc9ae554661c98d2c5e_discovery,company_37a56bc9ae554661c98d2c5e_discovery,"""SungEel Recycling Park Georgia"" Georgia tariffs import duties supply chain",322,,"[""automotive_and_trade""]",statewide_georgia,query_text_only,,Collect company-named evidence; seed product/location labels are unverified.,[],company_37a56bc9ae554661c98d2c5e,SungEel Recycling Park Georgia,"[""SungEel Recycling Park Georgia"", ""sungeel recycling park georgia""]","[""gnem_row_171""]",company_discovery,automotive vehicles auto parts batteries critical minerals lithium graphite,[]
q_company_37a56bc9ae554661c98d2c5e_targeted,company_37a56bc9ae554661c98d2c5e_targeted,"""SungEel Recycling Park Georgia"" automotive vehicles auto parts batteries critical minerals lithium graphite tariffs cost sourcing country of origin 2026",323,,"[""batteries_and_minerals""]",statewide_georgia,query_text_only,,Collect company-named evidence; seed product/location labels are unverified.,[],company_37a56bc9ae554661c98d2c5e,SungEel Recycling Park Georgia,"[""SungEel Recycling Park Georgia"", ""sungeel recycling park georgia""]","[""gnem_row_171""]",company_targeted,automotive vehicles auto parts batteries critical minerals lithium graphite,[]
q_company_f48a5d63b769d5a79766038c_discovery,company_f48a5d63b769d5a79766038c_discovery,"""Superior Essex Inc."" Georgia tariffs import duties supply chain",324,,"[""automotive_and_trade""]",statewide_georgia,query_text_only,,Collect company-named evidence; seed product/location labels are unverified.,[],company_f48a5d63b769d5a79766038c,Superior Essex Inc.,"[""Superior Essex Inc."", ""superior essex""]","[""gnem_row_172""]",company_discovery,automotive vehicles auto parts,[]
q_company_f48a5d63b769d5a79766038c_targeted,company_f48a5d63b769d5a79766038c_targeted,"""Superior Essex Inc."" automotive vehicles auto parts tariffs cost sourcing country of origin 2026",325,,"[""automotive_and_trade""]",national_international_context,query_text_only,,Collect company-named evidence; seed product/location labels are unverified.,[],company_f48a5d63b769d5a79766038c,Superior Essex Inc.,"[""Superior Essex Inc."", ""superior essex""]","[""gnem_row_172""]",company_targeted,automotive vehicles auto parts,[]
q_company_a70d2f26955acf1b5a0306e6_discovery,company_a70d2f26955acf1b5a0306e6_discovery,"""Suzuki Manufacturing of America Corp."" Georgia tariffs import duties supply chain",326,,"[""automotive_and_trade""]",statewide_georgia,query_text_only,,Collect company-named evidence; seed product/location labels are unverified.,[],company_a70d2f26955acf1b5a0306e6,Suzuki Manufacturing of America Corp.,"[""Suzuki Manufacturing of America Corp."", ""suzuki manufacturing of america""]","[""gnem_row_173""]",company_discovery,automotive vehicles auto parts,[]
q_company_a70d2f26955acf1b5a0306e6_targeted,company_a70d2f26955acf1b5a0306e6_targeted,"""Suzuki Manufacturing of America Corp."" automotive vehicles auto parts tariffs cost sourcing country of origin 2026",327,,"[""automotive_and_trade""]",national_international_context,query_text_only,,Collect company-named evidence; seed product/location labels are unverified.,[],company_a70d2f26955acf1b5a0306e6,Suzuki Manufacturing of America Corp.,"[""Suzuki Manufacturing of America Corp."", ""suzuki manufacturing of america""]","[""gnem_row_173""]",company_targeted,automotive vehicles auto parts,[]
q_company_1f5709cc554bb7b9bb9826bf_discovery,company_1f5709cc554bb7b9bb9826bf_discovery,"""TCI Powder Coatings"" Georgia tariffs import duties supply chain",328,,"[""automotive_and_trade""]",statewide_georgia,query_text_only,,Collect company-named evidence; seed product/location labels are unverified.,[],company_1f5709cc554bb7b9bb9826bf,TCI Powder Coatings,"[""TCI Powder Coatings"", ""tci powder coatings""]","[""gnem_row_174""]",company_discovery,automotive vehicles auto parts,[]
q_company_1f5709cc554bb7b9bb9826bf_targeted,company_1f5709cc554bb7b9bb9826bf_targeted,"""TCI Powder Coatings"" automotive vehicles auto parts tariffs cost sourcing country of origin 2026",329,,"[""automotive_and_trade""]",national_international_context,query_text_only,,Collect company-named evidence; seed product/location labels are unverified.,[],company_1f5709cc554bb7b9bb9826bf,TCI Powder Coatings,"[""TCI Powder Coatings"", ""tci powder coatings""]","[""gnem_row_174""]",company_targeted,automotive vehicles auto parts,[]
q_company_3e0686f60c22b008dd5a18cf_discovery,company_3e0686f60c22b008dd5a18cf_discovery,"""TDK Components USA Inc."" Georgia tariffs import duties supply chain",330,,"[""automotive_and_trade""]",statewide_georgia,query_text_only,,Collect company-named evidence; seed product/location labels are unverified.,[],company_3e0686f60c22b008dd5a18cf,TDK Components USA Inc.,"[""TDK Components USA Inc."", ""tdk components usa""]","[""gnem_row_175""]",company_discovery,automotive vehicles auto parts,[]
q_company_3e0686f60c22b008dd5a18cf_targeted,company_3e0686f60c22b008dd5a18cf_targeted,"""TDK Components USA Inc."" automotive vehicles auto parts tariffs cost sourcing country of origin 2026",331,,"[""automotive_and_trade""]",national_international_context,query_text_only,,Collect company-named evidence; seed product/location labels are unverified.,[],company_3e0686f60c22b008dd5a18cf,TDK Components USA Inc.,"[""TDK Components USA Inc."", ""tdk components usa""]","[""gnem_row_175""]",company_targeted,automotive vehicles auto parts,[]
q_company_aaa7f0307f6d78ed3a046f8c_discovery,company_aaa7f0307f6d78ed3a046f8c_discovery,"""TE Connectivity"" Georgia tariffs import duties supply chain",332,,"[""automotive_and_trade""]",statewide_georgia,query_text_only,,Collect company-named evidence; seed product/location labels are unverified.,[],company_aaa7f0307f6d78ed3a046f8c,TE Connectivity,"[""TE Connectivity"", ""te connectivity""]","[""gnem_row_176""]",company_discovery,automotive vehicles auto parts,[]
q_company_aaa7f0307f6d78ed3a046f8c_targeted,company_aaa7f0307f6d78ed3a046f8c_targeted,"""TE Connectivity"" automotive vehicles auto parts tariffs cost sourcing country of origin 2026",333,,"[""automotive_and_trade""]",national_international_context,query_text_only,,Collect company-named evidence; seed product/location labels are unverified.,[],company_aaa7f0307f6d78ed3a046f8c,TE Connectivity,"[""TE Connectivity"", ""te connectivity""]","[""gnem_row_176""]",company_targeted,automotive vehicles auto parts,[]
q_company_c6dcb308bcb598c09e54dacd_discovery,company_c6dcb308bcb598c09e54dacd_discovery,"""Teklas USA"" Georgia tariffs import duties supply chain",334,,"[""automotive_and_trade""]",statewide_georgia,query_text_only,,Collect company-named evidence; seed product/location labels are unverified.,[],company_c6dcb308bcb598c09e54dacd,Teklas USA,"[""Teklas USA"", ""teklas usa""]","[""gnem_row_177""]",company_discovery,automotive vehicles auto parts,[]
q_company_c6dcb308bcb598c09e54dacd_targeted,company_c6dcb308bcb598c09e54dacd_targeted,"""Teklas USA"" automotive vehicles auto parts tariffs cost sourcing country of origin 2026",335,,"[""automotive_and_trade""]",national_international_context,query_text_only,,Collect company-named evidence; seed product/location labels are unverified.,[],company_c6dcb308bcb598c09e54dacd,Teklas USA,"[""Teklas USA"", ""teklas usa""]","[""gnem_row_177""]",company_targeted,automotive vehicles auto parts,[]
q_company_7941a108fa084dfe890ed1d8_discovery,company_7941a108fa084dfe890ed1d8_discovery,"""Textron Specialized Vehicles"" Georgia tariffs import duties supply chain",336,,"[""automotive_and_trade""]",statewide_georgia,query_text_only,,Collect company-named evidence; seed product/location labels are unverified.,[],company_7941a108fa084dfe890ed1d8,Textron Specialized Vehicles,"[""Textron Specialized Vehicles"", ""textron specialized vehicles""]","[""gnem_row_178""]",company_discovery,automotive vehicles auto parts,[]
q_company_7941a108fa084dfe890ed1d8_targeted,company_7941a108fa084dfe890ed1d8_targeted,"""Textron Specialized Vehicles"" automotive vehicles auto parts tariffs cost sourcing country of origin 2026",337,,"[""automotive_and_trade""]",national_international_context,query_text_only,,Collect company-named evidence; seed product/location labels are unverified.,[],company_7941a108fa084dfe890ed1d8,Textron Specialized Vehicles,"[""Textron Specialized Vehicles"", ""textron specialized vehicles""]","[""gnem_row_178""]",company_targeted,automotive vehicles auto parts,[]
q_company_102e1a25f7c6be28624dcef0_discovery,company_102e1a25f7c6be28624dcef0_discovery,"""Thermal Ceramics Inc."" Georgia tariffs import duties supply chain",338,,"[""automotive_and_trade""]",statewide_georgia,query_text_only,,Collect company-named evidence; seed product/location labels are unverified.,[],company_102e1a25f7c6be28624dcef0,Thermal Ceramics Inc.,"[""Thermal Ceramics Inc."", ""thermal ceramics""]","[""gnem_row_179""]",company_discovery,automotive vehicles auto parts,[]
q_company_102e1a25f7c6be28624dcef0_targeted,company_102e1a25f7c6be28624dcef0_targeted,"""Thermal Ceramics Inc."" automotive vehicles auto parts tariffs cost sourcing country of origin 2026",339,,"[""automotive_and_trade""]",national_international_context,query_text_only,,Collect company-named evidence; seed product/location labels are unverified.,[],company_102e1a25f7c6be28624dcef0,Thermal Ceramics Inc.,"[""Thermal Ceramics Inc."", ""thermal ceramics""]","[""gnem_row_179""]",company_targeted,automotive vehicles auto parts,[]
q_company_2abed4e8267cf9012537b79e_discovery,company_2abed4e8267cf9012537b79e_discovery,"""Thomson Plastics Inc."" Georgia tariffs import duties supply chain",340,,"[""automotive_and_trade""]",statewide_georgia,query_text_only,,Collect company-named evidence; seed product/location labels are unverified.,[],company_2abed4e8267cf9012537b79e,Thomson Plastics Inc.,"[""Thomson Plastics Inc."", ""thomson plastics""]","[""gnem_row_180""]",company_discovery,automotive vehicles auto parts,[]
q_company_2abed4e8267cf9012537b79e_targeted,company_2abed4e8267cf9012537b79e_targeted,"""Thomson Plastics Inc."" automotive vehicles auto parts tariffs cost sourcing country of origin 2026",341,,"[""automotive_and_trade""]",national_international_context,query_text_only,,Collect company-named evidence; seed product/location labels are unverified.,[],company_2abed4e8267cf9012537b79e,Thomson Plastics Inc.,"[""Thomson Plastics Inc."", ""thomson plastics""]","[""gnem_row_180""]",company_targeted,automotive vehicles auto parts,[]
q_company_6cbe93bbec566a18e6054681_discovery,company_6cbe93bbec566a18e6054681_discovery,"""TI Fluid Systems"" Georgia tariffs import duties supply chain",342,,"[""automotive_and_trade""]",statewide_georgia,query_text_only,,Collect company-named evidence; seed product/location labels are unverified.,[],company_6cbe93bbec566a18e6054681,TI Fluid Systems,"[""TI Fluid Systems"", ""ti fluid systems""]","[""gnem_row_181"", ""gnem_row_182""]",company_discovery,automotive vehicles auto parts,[]
q_company_6cbe93bbec566a18e6054681_targeted,company_6cbe93bbec566a18e6054681_targeted,"""TI Fluid Systems"" automotive vehicles auto parts tariffs cost sourcing country of origin 2026",343,,"[""automotive_and_trade""]",national_international_context,query_text_only,,Collect company-named evidence; seed product/location labels are unverified.,[],company_6cbe93bbec566a18e6054681,TI Fluid Systems,"[""TI Fluid Systems"", ""ti fluid systems""]","[""gnem_row_181"", ""gnem_row_182""]",company_targeted,automotive vehicles auto parts,[]
q_company_e0551e94478a46a41053fe4e_discovery,company_e0551e94478a46a41053fe4e_discovery,"""Tie Down Engineering"" Georgia tariffs import duties supply chain",344,,"[""automotive_and_trade""]",statewide_georgia,query_text_only,,Collect company-named evidence; seed product/location labels are unverified.,[],company_e0551e94478a46a41053fe4e,Tie Down Engineering,"[""Tie Down Engineering"", ""tie down engineering""]","[""gnem_row_183""]",company_discovery,automotive vehicles auto parts,[]
q_company_e0551e94478a46a41053fe4e_targeted,company_e0551e94478a46a41053fe4e_targeted,"""Tie Down Engineering"" automotive vehicles auto parts tariffs cost sourcing country of origin 2026",345,,"[""automotive_and_trade""]",national_international_context,query_text_only,,Collect company-named evidence; seed product/location labels are unverified.,[],company_e0551e94478a46a41053fe4e,Tie Down Engineering,"[""Tie Down Engineering"", ""tie down engineering""]","[""gnem_row_183""]",company_targeted,automotive vehicles auto parts,[]
q_company_dfea087f5e2dd31c50e24164_discovery,company_dfea087f5e2dd31c50e24164_discovery,"""TN Americas Holding Inc."" Georgia tariffs import duties supply chain",346,,"[""automotive_and_trade""]",statewide_georgia,query_text_only,,Collect company-named evidence; seed product/location labels are unverified.,[],company_dfea087f5e2dd31c50e24164,TN Americas Holding Inc.,"[""TN Americas Holding Inc."", ""tn americas holding""]","[""gnem_row_184""]",company_discovery,automotive vehicles auto parts,[]
q_company_dfea087f5e2dd31c50e24164_targeted,company_dfea087f5e2dd31c50e24164_targeted,"""TN Americas Holding Inc."" automotive vehicles auto parts tariffs cost sourcing country of origin 2026",347,,"[""automotive_and_trade""]",national_international_context,query_text_only,,Collect company-named evidence; seed product/location labels are unverified.,[],company_dfea087f5e2dd31c50e24164,TN Americas Holding Inc.,"[""TN Americas Holding Inc."", ""tn americas holding""]","[""gnem_row_184""]",company_targeted,automotive vehicles auto parts,[]
q_company_caacbd2dc0461ed785c2c708_discovery,company_caacbd2dc0461ed785c2c708_discovery,"""Toyota Industries Group (TACG-TICA)"" Georgia tariffs import duties supply chain",348,,"[""automotive_and_trade""]",statewide_georgia,query_text_only,,Collect company-named evidence; seed product/location labels are unverified.,[],company_caacbd2dc0461ed785c2c708,Toyota Industries Group (TACG-TICA),"[""Toyota Industries Group (TACG-TICA)"", ""toyota industries group tacg tica""]","[""gnem_row_185""]",company_discovery,automotive vehicles auto parts,[]
q_company_caacbd2dc0461ed785c2c708_targeted,company_caacbd2dc0461ed785c2c708_targeted,"""Toyota Industries Group (TACG-TICA)"" automotive vehicles auto parts tariffs cost sourcing country of origin 2026",349,,"[""automotive_and_trade""]",national_international_context,query_text_only,,Collect company-named evidence; seed product/location labels are unverified.,[],company_caacbd2dc0461ed785c2c708,Toyota Industries Group (TACG-TICA),"[""Toyota Industries Group (TACG-TICA)"", ""toyota industries group tacg tica""]","[""gnem_row_185""]",company_targeted,automotive vehicles auto parts,[]
q_company_ee8dbbd4cf1c48979fcf0406_discovery,company_ee8dbbd4cf1c48979fcf0406_discovery,"""Trenton Pressing"" Georgia tariffs import duties supply chain",350,,"[""automotive_and_trade""]",statewide_georgia,query_text_only,,Collect company-named evidence; seed product/location labels are unverified.,[],company_ee8dbbd4cf1c48979fcf0406,Trenton Pressing,"[""Trenton Pressing"", ""trenton pressing""]","[""gnem_row_186""]",company_discovery,automotive vehicles auto parts,[]
q_company_ee8dbbd4cf1c48979fcf0406_targeted,company_ee8dbbd4cf1c48979fcf0406_targeted,"""Trenton Pressing"" automotive vehicles auto parts tariffs cost sourcing country of origin 2026",351,,"[""automotive_and_trade""]",national_international_context,query_text_only,,Collect company-named evidence; seed product/location labels are unverified.,[],company_ee8dbbd4cf1c48979fcf0406,Trenton Pressing,"[""Trenton Pressing"", ""trenton pressing""]","[""gnem_row_186""]",company_targeted,automotive vehicles auto parts,[]
q_company_d6618350a3c99d906f0ee2c2_discovery,company_d6618350a3c99d906f0ee2c2_discovery,"""Trenton Pressing Inc."" Georgia tariffs import duties supply chain",352,,"[""automotive_and_trade""]",statewide_georgia,query_text_only,,Collect company-named evidence; seed product/location labels are unverified.,[],company_d6618350a3c99d906f0ee2c2,Trenton Pressing Inc.,"[""Trenton Pressing Inc."", ""trenton pressing""]","[""gnem_row_187""]",company_discovery,automotive vehicles auto parts,[]
q_company_d6618350a3c99d906f0ee2c2_targeted,company_d6618350a3c99d906f0ee2c2_targeted,"""Trenton Pressing Inc."" automotive vehicles auto parts tariffs cost sourcing country of origin 2026",353,,"[""automotive_and_trade""]",national_international_context,query_text_only,,Collect company-named evidence; seed product/location labels are unverified.,[],company_d6618350a3c99d906f0ee2c2,Trenton Pressing Inc.,"[""Trenton Pressing Inc."", ""trenton pressing""]","[""gnem_row_187""]",company_targeted,automotive vehicles auto parts,[]
q_company_7150fb43251087a238bda4ce_discovery,company_7150fb43251087a238bda4ce_discovery,"""Valeo"" Georgia tariffs import duties supply chain",354,,"[""automotive_and_trade""]",statewide_georgia,query_text_only,,Collect company-named evidence; seed product/location labels are unverified.,[],company_7150fb43251087a238bda4ce,Valeo,"[""Valeo"", ""valeo""]","[""gnem_row_188""]",company_discovery,automotive vehicles auto parts,[]
q_company_7150fb43251087a238bda4ce_targeted,company_7150fb43251087a238bda4ce_targeted,"""Valeo"" automotive vehicles auto parts tariffs cost sourcing country of origin 2026",355,,"[""automotive_and_trade""]",national_international_context,query_text_only,,Collect company-named evidence; seed product/location labels are unverified.,[],company_7150fb43251087a238bda4ce,Valeo,"[""Valeo"", ""valeo""]","[""gnem_row_188""]",company_targeted,automotive vehicles auto parts,[]
q_company_596feb00112a7e34ae91ab24_discovery,company_596feb00112a7e34ae91ab24_discovery,"""Vanguard National Trailer Corp."" Georgia tariffs import duties supply chain",356,,"[""automotive_and_trade""]",statewide_georgia,query_text_only,,Collect company-named evidence; seed product/location labels are unverified.,[],company_596feb00112a7e34ae91ab24,Vanguard National Trailer Corp.,"[""Vanguard National Trailer Corp."", ""vanguard national trailer""]","[""gnem_row_189""]",company_discovery,automotive vehicles auto parts,[]
q_company_596feb00112a7e34ae91ab24_targeted,company_596feb00112a7e34ae91ab24_targeted,"""Vanguard National Trailer Corp."" automotive vehicles auto parts tariffs cost sourcing country of origin 2026",357,,"[""automotive_and_trade""]",national_international_context,query_text_only,,Collect company-named evidence; seed product/location labels are unverified.,[],company_596feb00112a7e34ae91ab24,Vanguard National Trailer Corp.,"[""Vanguard National Trailer Corp."", ""vanguard national trailer""]","[""gnem_row_189""]",company_targeted,automotive vehicles auto parts,[]
q_company_2bc94a6bcf8d11a21a6cf4eb_discovery,company_2bc94a6bcf8d11a21a6cf4eb_discovery,"""Vernay"" Georgia tariffs import duties supply chain",358,,"[""automotive_and_trade""]",statewide_georgia,query_text_only,,Collect company-named evidence; seed product/location labels are unverified.,[],company_2bc94a6bcf8d11a21a6cf4eb,Vernay,"[""Vernay"", ""vernay""]","[""gnem_row_190""]",company_discovery,automotive vehicles auto parts steel aluminum copper tariffs,[]
q_company_2bc94a6bcf8d11a21a6cf4eb_targeted,company_2bc94a6bcf8d11a21a6cf4eb_targeted,"""Vernay"" automotive vehicles auto parts steel aluminum copper tariffs tariffs cost sourcing country of origin 2026",359,,"[""metals""]",national_international_context,query_text_only,,Collect company-named evidence; seed product/location labels are unverified.,[],company_2bc94a6bcf8d11a21a6cf4eb,Vernay,"[""Vernay"", ""vernay""]","[""gnem_row_190""]",company_targeted,automotive vehicles auto parts steel aluminum copper tariffs,[]
q_company_b0f60975ef3d7167cafebe78_discovery,company_b0f60975ef3d7167cafebe78_discovery,"""Vista Metals Corp."" Georgia tariffs import duties supply chain",360,,"[""metals""]",statewide_georgia,query_text_only,,Collect company-named evidence; seed product/location labels are unverified.,[],company_b0f60975ef3d7167cafebe78,Vista Metals Corp.,"[""Vista Metals Corp."", ""vista metals""]","[""gnem_row_191""]",company_discovery,automotive vehicles auto parts,[]
q_company_b0f60975ef3d7167cafebe78_targeted,company_b0f60975ef3d7167cafebe78_targeted,"""Vista Metals Corp."" automotive vehicles auto parts tariffs cost sourcing country of origin 2026",361,,"[""metals""]",national_international_context,query_text_only,,Collect company-named evidence; seed product/location labels are unverified.,[],company_b0f60975ef3d7167cafebe78,Vista Metals Corp.,"[""Vista Metals Corp."", ""vista metals""]","[""gnem_row_191""]",company_targeted,automotive vehicles auto parts,[]
q_company_e8ba5621ee1abfc8fd4637ee_discovery,company_e8ba5621ee1abfc8fd4637ee_discovery,"""Voestalpine Automotive Body Parts Inc."" Georgia tariffs import duties supply chain",362,,"[""automotive_and_trade""]",statewide_georgia,query_text_only,,Collect company-named evidence; seed product/location labels are unverified.,[],company_e8ba5621ee1abfc8fd4637ee,Voestalpine Automotive Body Parts Inc.,"[""Voestalpine Automotive Body Parts Inc."", ""voestalpine automotive body parts""]","[""gnem_row_192""]",company_discovery,automotive vehicles auto parts,[]
q_company_e8ba5621ee1abfc8fd4637ee_targeted,company_e8ba5621ee1abfc8fd4637ee_targeted,"""Voestalpine Automotive Body Parts Inc."" automotive vehicles auto parts tariffs cost sourcing country of origin 2026",363,,"[""automotive_and_trade""]",national_international_context,query_text_only,,Collect company-named evidence; seed product/location labels are unverified.,[],company_e8ba5621ee1abfc8fd4637ee,Voestalpine Automotive Body Parts Inc.,"[""Voestalpine Automotive Body Parts Inc."", ""voestalpine automotive body parts""]","[""gnem_row_192""]",company_targeted,automotive vehicles auto parts,[]
q_company_1b71f48f9617b15b0e014979_discovery,company_1b71f48f9617b15b0e014979_discovery,"""Volvo Cars USA"" Georgia tariffs import duties supply chain",364,,"[""automotive_and_trade""]",statewide_georgia,query_text_only,,Collect company-named evidence; seed product/location labels are unverified.,[],company_1b71f48f9617b15b0e014979,Volvo Cars USA,"[""Volvo Cars USA"", ""volvo cars usa""]","[""gnem_row_193""]",company_discovery,automotive vehicles auto parts,[]
q_company_1b71f48f9617b15b0e014979_targeted,company_1b71f48f9617b15b0e014979_targeted,"""Volvo Cars USA"" automotive vehicles auto parts tariffs cost sourcing country of origin 2026",365,,"[""automotive_and_trade""]",national_international_context,query_text_only,,Collect company-named evidence; seed product/location labels are unverified.,[],company_1b71f48f9617b15b0e014979,Volvo Cars USA,"[""Volvo Cars USA"", ""volvo cars usa""]","[""gnem_row_193""]",company_targeted,automotive vehicles auto parts,[]
q_company_7a96eea5ccf771c156845947_discovery,company_7a96eea5ccf771c156845947_discovery,"""Volvo Group North America"" Georgia tariffs import duties supply chain",366,,"[""automotive_and_trade""]",statewide_georgia,query_text_only,,Collect company-named evidence; seed product/location labels are unverified.,[],company_7a96eea5ccf771c156845947,Volvo Group North America,"[""Volvo Group North America"", ""volvo group north america""]","[""gnem_row_194""]",company_discovery,steel aluminum copper tariffs,[]
q_company_7a96eea5ccf771c156845947_targeted,company_7a96eea5ccf771c156845947_targeted,"""Volvo Group North America"" steel aluminum copper tariffs tariffs cost sourcing country of origin 2026",367,,"[""metals""]",national_international_context,query_text_only,,Collect company-named evidence; seed product/location labels are unverified.,[],company_7a96eea5ccf771c156845947,Volvo Group North America,"[""Volvo Group North America"", ""volvo group north america""]","[""gnem_row_194""]",company_targeted,steel aluminum copper tariffs,[]
q_company_bac57d36c7250058fae99e10_discovery,company_bac57d36c7250058fae99e10_discovery,"""Wabash National Corp."" Georgia tariffs import duties supply chain",368,,"[""automotive_and_trade""]",statewide_georgia,query_text_only,,Collect company-named evidence; seed product/location labels are unverified.,[],company_bac57d36c7250058fae99e10,Wabash National Corp.,"[""Wabash National Corp."", ""wabash national""]","[""gnem_row_195""]",company_discovery,automotive vehicles auto parts,[]
q_company_bac57d36c7250058fae99e10_targeted,company_bac57d36c7250058fae99e10_targeted,"""Wabash National Corp."" automotive vehicles auto parts tariffs cost sourcing country of origin 2026",369,,"[""automotive_and_trade""]",national_international_context,query_text_only,,Collect company-named evidence; seed product/location labels are unverified.,[],company_bac57d36c7250058fae99e10,Wabash National Corp.,"[""Wabash National Corp."", ""wabash national""]","[""gnem_row_195""]",company_targeted,automotive vehicles auto parts,[]
q_company_aacc5e2a4c9fc98b8e2f9d80_discovery,company_aacc5e2a4c9fc98b8e2f9d80_discovery,"""Wheelabrator Group Inc."" Georgia tariffs import duties supply chain",370,,"[""automotive_and_trade""]",statewide_georgia,query_text_only,,Collect company-named evidence; seed product/location labels are unverified.,[],company_aacc5e2a4c9fc98b8e2f9d80,Wheelabrator Group Inc.,"[""Wheelabrator Group Inc."", ""wheelabrator group""]","[""gnem_row_196""]",company_discovery,automotive vehicles auto parts,[]
q_company_aacc5e2a4c9fc98b8e2f9d80_targeted,company_aacc5e2a4c9fc98b8e2f9d80_targeted,"""Wheelabrator Group Inc."" automotive vehicles auto parts tariffs cost sourcing country of origin 2026",371,,"[""automotive_and_trade""]",national_international_context,query_text_only,,Collect company-named evidence; seed product/location labels are unverified.,[],company_aacc5e2a4c9fc98b8e2f9d80,Wheelabrator Group Inc.,"[""Wheelabrator Group Inc."", ""wheelabrator group""]","[""gnem_row_196""]",company_targeted,automotive vehicles auto parts,[]
q_company_3c67e220aad7d9c8ee1929f3_discovery,company_3c67e220aad7d9c8ee1929f3_discovery,"""WIKA USA"" Georgia tariffs import duties supply chain",372,,"[""automotive_and_trade""]",statewide_georgia,query_text_only,,Collect company-named evidence; seed product/location labels are unverified.,[],company_3c67e220aad7d9c8ee1929f3,WIKA USA,"[""WIKA USA"", ""wika usa""]","[""gnem_row_197""]",company_discovery,automotive vehicles auto parts,[]
q_company_3c67e220aad7d9c8ee1929f3_targeted,company_3c67e220aad7d9c8ee1929f3_targeted,"""WIKA USA"" automotive vehicles auto parts tariffs cost sourcing country of origin 2026",373,,"[""automotive_and_trade""]",national_international_context,query_text_only,,Collect company-named evidence; seed product/location labels are unverified.,[],company_3c67e220aad7d9c8ee1929f3,WIKA USA,"[""WIKA USA"", ""wika usa""]","[""gnem_row_197""]",company_targeted,automotive vehicles auto parts,[]
q_company_a61f2691b7ceb2228b2ccd4d_discovery,company_a61f2691b7ceb2228b2ccd4d_discovery,"""Woodbridge Foam Corp."" Georgia tariffs import duties supply chain",374,,"[""automotive_and_trade""]",statewide_georgia,query_text_only,,Collect company-named evidence; seed product/location labels are unverified.,[],company_a61f2691b7ceb2228b2ccd4d,Woodbridge Foam Corp.,"[""Woodbridge Foam Corp."", ""woodbridge foam""]","[""gnem_row_198""]",company_discovery,automotive vehicles auto parts,[]
q_company_a61f2691b7ceb2228b2ccd4d_targeted,company_a61f2691b7ceb2228b2ccd4d_targeted,"""Woodbridge Foam Corp."" automotive vehicles auto parts tariffs cost sourcing country of origin 2026",375,,"[""automotive_and_trade""]",national_international_context,query_text_only,,Collect company-named evidence; seed product/location labels are unverified.,[],company_a61f2691b7ceb2228b2ccd4d,Woodbridge Foam Corp.,"[""Woodbridge Foam Corp."", ""woodbridge foam""]","[""gnem_row_198""]",company_targeted,automotive vehicles auto parts,[]
q_company_aa1a5dfbbcb7e72c4fc98871_discovery,company_aa1a5dfbbcb7e72c4fc98871_discovery,"""Woory Industrial Co."" Georgia tariffs import duties supply chain",376,,"[""automotive_and_trade""]",statewide_georgia,query_text_only,,Collect company-named evidence; seed product/location labels are unverified.,[],company_aa1a5dfbbcb7e72c4fc98871,Woory Industrial Co.,"[""Woory Industrial Co."", ""woory industrial""]","[""gnem_row_199""]",company_discovery,automotive vehicles auto parts,[]
q_company_aa1a5dfbbcb7e72c4fc98871_targeted,company_aa1a5dfbbcb7e72c4fc98871_targeted,"""Woory Industrial Co."" automotive vehicles auto parts tariffs cost sourcing country of origin 2026",377,,"[""automotive_and_trade""]",national_international_context,query_text_only,,Collect company-named evidence; seed product/location labels are unverified.,[],company_aa1a5dfbbcb7e72c4fc98871,Woory Industrial Co.,"[""Woory Industrial Co."", ""woory industrial""]","[""gnem_row_199""]",company_targeted,automotive vehicles auto parts,[]
q_company_74bf2146c064be5012820c17_discovery,company_74bf2146c064be5012820c17_discovery,"""Yachiyo Manufacturing of America LLC"" Georgia tariffs import duties supply chain",378,,"[""automotive_and_trade""]",statewide_georgia,query_text_only,,Collect company-named evidence; seed product/location labels are unverified.,[],company_74bf2146c064be5012820c17,Yachiyo Manufacturing of America LLC,"[""Yachiyo Manufacturing of America LLC"", ""yachiyo manufacturing of america""]","[""gnem_row_200""]",company_discovery,automotive vehicles auto parts,[]
q_company_74bf2146c064be5012820c17_targeted,company_74bf2146c064be5012820c17_targeted,"""Yachiyo Manufacturing of America LLC"" automotive vehicles auto parts tariffs cost sourcing country of origin 2026",379,,"[""automotive_and_trade""]",national_international_context,query_text_only,,Collect company-named evidence; seed product/location labels are unverified.,[],company_74bf2146c064be5012820c17,Yachiyo Manufacturing of America LLC,"[""Yachiyo Manufacturing of America LLC"", ""yachiyo manufacturing of america""]","[""gnem_row_200""]",company_targeted,automotive vehicles auto parts,[]
q_company_3bfce136e09e64002bf1582c_discovery,company_3bfce136e09e64002bf1582c_discovery,"""Yamaha Motor Manufacturing Corp."" Georgia tariffs import duties supply chain",380,,"[""automotive_and_trade""]",statewide_georgia,query_text_only,,Collect company-named evidence; seed product/location labels are unverified.,[],company_3bfce136e09e64002bf1582c,Yamaha Motor Manufacturing Corp.,"[""Yamaha Motor Manufacturing Corp."", ""yamaha motor manufacturing""]","[""gnem_row_201""]",company_discovery,automotive vehicles auto parts,[]
q_company_3bfce136e09e64002bf1582c_targeted,company_3bfce136e09e64002bf1582c_targeted,"""Yamaha Motor Manufacturing Corp."" automotive vehicles auto parts tariffs cost sourcing country of origin 2026",381,,"[""automotive_and_trade""]",national_international_context,query_text_only,,Collect company-named evidence; seed product/location labels are unverified.,[],company_3bfce136e09e64002bf1582c,Yamaha Motor Manufacturing Corp.,"[""Yamaha Motor Manufacturing Corp."", ""yamaha motor manufacturing""]","[""gnem_row_201""]",company_targeted,automotive vehicles auto parts,[]
q_company_efe9bd3c5d9ae8c0879f1258_discovery,company_efe9bd3c5d9ae8c0879f1258_discovery,"""Yazaki North America"" Georgia tariffs import duties supply chain",382,,"[""automotive_and_trade""]",statewide_georgia,query_text_only,,Collect company-named evidence; seed product/location labels are unverified.,[],company_efe9bd3c5d9ae8c0879f1258,Yazaki North America,"[""Yazaki North America"", ""yazaki north america""]","[""gnem_row_202""]",company_discovery,automotive vehicles auto parts,[]
q_company_efe9bd3c5d9ae8c0879f1258_targeted,company_efe9bd3c5d9ae8c0879f1258_targeted,"""Yazaki North America"" automotive vehicles auto parts tariffs cost sourcing country of origin 2026",383,,"[""automotive_and_trade""]",national_international_context,query_text_only,,Collect company-named evidence; seed product/location labels are unverified.,[],company_efe9bd3c5d9ae8c0879f1258,Yazaki North America,"[""Yazaki North America"", ""yazaki north america""]","[""gnem_row_202""]",company_targeted,automotive vehicles auto parts,[]
q_company_df83f1d388dc1cf299de32ec_discovery,company_df83f1d388dc1cf299de32ec_discovery,"""YKK USA Inc."" Georgia tariffs import duties supply chain",384,,"[""automotive_and_trade""]",statewide_georgia,query_text_only,,Collect company-named evidence; seed product/location labels are unverified.,[],company_df83f1d388dc1cf299de32ec,YKK USA Inc.,"[""YKK USA Inc."", ""ykk usa""]","[""gnem_row_203""]",company_discovery,automotive vehicles auto parts,[]
q_company_df83f1d388dc1cf299de32ec_targeted,company_df83f1d388dc1cf299de32ec_targeted,"""YKK USA Inc."" automotive vehicles auto parts tariffs cost sourcing country of origin 2026",385,,"[""automotive_and_trade""]",national_international_context,query_text_only,,Collect company-named evidence; seed product/location labels are unverified.,[],company_df83f1d388dc1cf299de32ec,YKK USA Inc.,"[""YKK USA Inc."", ""ykk usa""]","[""gnem_row_203""]",company_targeted,automotive vehicles auto parts,[]
q_company_8d222dd0a0807029704fdce6_discovery,company_8d222dd0a0807029704fdce6_discovery,"""ZF Gainesville LLC"" Georgia tariffs import duties supply chain",386,,"[""automotive_and_trade""]",statewide_georgia,query_text_only,,Collect company-named evidence; seed product/location labels are unverified.,[],company_8d222dd0a0807029704fdce6,ZF Gainesville LLC,"[""ZF Gainesville LLC"", ""zf gainesville""]","[""gnem_row_204"", ""gnem_row_205"", ""gnem_row_206""]",company_discovery,automotive vehicles auto parts,[]
q_company_8d222dd0a0807029704fdce6_targeted,company_8d222dd0a0807029704fdce6_targeted,"""ZF Gainesville LLC"" automotive vehicles auto parts tariffs cost sourcing country of origin 2026",387,,"[""automotive_and_trade""]",national_international_context,query_text_only,,Collect company-named evidence; seed product/location labels are unverified.,[],company_8d222dd0a0807029704fdce6,ZF Gainesville LLC,"[""ZF Gainesville LLC"", ""zf gainesville""]","[""gnem_row_204"", ""gnem_row_205"", ""gnem_row_206""]",company_targeted,automotive vehicles auto parts,[]
q_policyquery_7f5dfd37b0571aba57f95b92,policyquery_7f5dfd37b0571aba57f95b92,automobiles auto parts Section 232 effective date status 2026,388,,"[""automotive_and_trade""]",national_international_context,query_text_only,,Primary-authority verification shared across company dossiers; applicability must be established separately.,[],,,[],[],shared_policy_verification,automobiles auto parts Section 232,"[""cbp.gov"", ""federalregister.gov"", ""ustr.gov"", ""usitc.gov"", ""trade.gov""]"
q_policyquery_674da3345b06fe290ac2e055,policyquery_674da3345b06fe290ac2e055,automobiles auto parts Section 232 country of origin exemptions exclusions,389,,"[""automotive_and_trade""]",national_international_context,query_text_only,,Primary-authority verification shared across company dossiers; applicability must be established separately.,[],,,[],[],shared_policy_verification,automobiles auto parts Section 232,"[""cbp.gov"", ""federalregister.gov"", ""ustr.gov"", ""usitc.gov"", ""trade.gov""]"
q_policyquery_954ccc78af0d73fc3e7ca62f,policyquery_954ccc78af0d73fc3e7ca62f,automobiles auto parts Section 232 HTS Chapter 99 product scope,390,,"[""automotive_and_trade""]",national_international_context,query_text_only,,Primary-authority verification shared across company dossiers; applicability must be established separately.,[],,,[],[],shared_policy_verification,automobiles auto parts Section 232,"[""cbp.gov"", ""federalregister.gov"", ""ustr.gov"", ""usitc.gov"", ""trade.gov""]"
q_policyquery_a58aababb56181982268ca18,policyquery_a58aababb56181982268ca18,automobiles auto parts Section 232 duty stacking valuation rates,391,,"[""automotive_and_trade""]",national_international_context,query_text_only,,Primary-authority verification shared across company dossiers; applicability must be established separately.,[],,,[],[],shared_policy_verification,automobiles auto parts Section 232,"[""cbp.gov"", ""federalregister.gov"", ""ustr.gov"", ""usitc.gov"", ""trade.gov""]"
q_policyquery_6d9d7149a292548dbe1e9eff,policyquery_6d9d7149a292548dbe1e9eff,steel aluminum copper derivatives Section 232 effective date status 2026,392,,"[""metals""]",national_international_context,query_text_only,,Primary-authority verification shared across company dossiers; applicability must be established separately.,[],,,[],[],shared_policy_verification,steel aluminum copper derivatives Section 232,"[""cbp.gov"", ""federalregister.gov"", ""ustr.gov"", ""usitc.gov"", ""trade.gov""]"
q_policyquery_4c8746c0d048e87aa446f11d,policyquery_4c8746c0d048e87aa446f11d,steel aluminum copper derivatives Section 232 country of origin exemptions exclusions,393,,"[""metals""]",national_international_context,query_text_only,,Primary-authority verification shared across company dossiers; applicability must be established separately.,[],,,[],[],shared_policy_verification,steel aluminum copper derivatives Section 232,"[""cbp.gov"", ""federalregister.gov"", ""ustr.gov"", ""usitc.gov"", ""trade.gov""]"
q_policyquery_b21a118a76d0f0b478694244,policyquery_b21a118a76d0f0b478694244,steel aluminum copper derivatives Section 232 HTS Chapter 99 product scope,394,,"[""metals""]",national_international_context,query_text_only,,Primary-authority verification shared across company dossiers; applicability must be established separately.,[],,,[],[],shared_policy_verification,steel aluminum copper derivatives Section 232,"[""cbp.gov"", ""federalregister.gov"", ""ustr.gov"", ""usitc.gov"", ""trade.gov""]"
q_policyquery_100d0a36fcd92bbba490ad19,policyquery_100d0a36fcd92bbba490ad19,steel aluminum copper derivatives Section 232 duty stacking valuation rates,395,,"[""metals""]",national_international_context,query_text_only,,Primary-authority verification shared across company dossiers; applicability must be established separately.,[],,,[],[],shared_policy_verification,steel aluminum copper derivatives Section 232,"[""cbp.gov"", ""federalregister.gov"", ""ustr.gov"", ""usitc.gov"", ""trade.gov""]"
q_policyquery_cd0154c2728bc2ef687a533e,policyquery_cd0154c2728bc2ef687a533e,batteries graphite critical minerals Section 301 effective date status 2026,396,,"[""batteries_and_minerals""]",national_international_context,query_text_only,,Primary-authority verification shared across company dossiers; applicability must be established separately.,[],,,[],[],shared_policy_verification,batteries graphite critical minerals Section 301,"[""cbp.gov"", ""federalregister.gov"", ""ustr.gov"", ""usitc.gov"", ""trade.gov""]"
q_policyquery_eef63218d4451112e73ec86f,policyquery_eef63218d4451112e73ec86f,batteries graphite critical minerals Section 301 country of origin exemptions exclusions,397,,"[""batteries_and_minerals""]",national_international_context,query_text_only,,Primary-authority verification shared across company dossiers; applicability must be established separately.,[],,,[],[],shared_policy_verification,batteries graphite critical minerals Section 301,"[""cbp.gov"", ""federalregister.gov"", ""ustr.gov"", ""usitc.gov"", ""trade.gov""]"
q_policyquery_3827a24cd0eece8aa720bd42,policyquery_3827a24cd0eece8aa720bd42,batteries graphite critical minerals Section 301 HTS Chapter 99 product scope,398,,"[""batteries_and_minerals""]",national_international_context,query_text_only,,Primary-authority verification shared across company dossiers; applicability must be established separately.,[],,,[],[],shared_policy_verification,batteries graphite critical minerals Section 301,"[""cbp.gov"", ""federalregister.gov"", ""ustr.gov"", ""usitc.gov"", ""trade.gov""]"
q_policyquery_bf291238c304c87c4cb725e4,policyquery_bf291238c304c87c4cb725e4,batteries graphite critical minerals Section 301 duty stacking valuation rates,399,,"[""batteries_and_minerals""]",national_international_context,query_text_only,,Primary-authority verification shared across company dossiers; applicability must be established separately.,[],,,[],[],shared_policy_verification,batteries graphite critical minerals Section 301,"[""cbp.gov"", ""federalregister.gov"", ""ustr.gov"", ""usitc.gov"", ""trade.gov""]"
q_policyquery_1bc990b604c4c42341ce7d2e,policyquery_1bc990b604c4c42341ce7d2e,printed circuit boards PCB Section 301 exclusions effective date status 2026,400,,"[""pcbs_and_electronics""]",national_international_context,query_text_only,,Primary-authority verification shared across company dossiers; applicability must be established separately.,[],,,[],[],shared_policy_verification,printed circuit boards PCB Section 301 exclusions,"[""cbp.gov"", ""federalregister.gov"", ""ustr.gov"", ""usitc.gov"", ""trade.gov""]"
q_policyquery_85d8e81c874ffdd68f0a858b,policyquery_85d8e81c874ffdd68f0a858b,printed circuit boards PCB Section 301 exclusions country of origin exemptions exclusions,401,,"[""pcbs_and_electronics""]",national_international_context,query_text_only,,Primary-authority verification shared across company dossiers; applicability must be established separately.,[],,,[],[],shared_policy_verification,printed circuit boards PCB Section 301 exclusions,"[""cbp.gov"", ""federalregister.gov"", ""ustr.gov"", ""usitc.gov"", ""trade.gov""]"
q_policyquery_337933230f622a95b2001a52,policyquery_337933230f622a95b2001a52,printed circuit boards PCB Section 301 exclusions HTS Chapter 99 product scope,402,,"[""pcbs_and_electronics""]",national_international_context,query_text_only,,Primary-authority verification shared across company dossiers; applicability must be established separately.,[],,,[],[],shared_policy_verification,printed circuit boards PCB Section 301 exclusions,"[""cbp.gov"", ""federalregister.gov"", ""ustr.gov"", ""usitc.gov"", ""trade.gov""]"
q_policyquery_2e7e441a7b59149a1cdbde7c,policyquery_2e7e441a7b59149a1cdbde7c,printed circuit boards PCB Section 301 exclusions duty stacking valuation rates,403,,"[""pcbs_and_electronics""]",national_international_context,query_text_only,,Primary-authority verification shared across company dossiers; applicability must be established separately.,[],,,[],[],shared_policy_verification,printed circuit boards PCB Section 301 exclusions,"[""cbp.gov"", ""federalregister.gov"", ""ustr.gov"", ""usitc.gov"", ""trade.gov""]"
q_policyquery_f72e5e9f759a8e2f959a2b20,policyquery_f72e5e9f759a8e2f959a2b20,LCD OLED display modules HTS classification Section 301 effective date status 2026,404,,"[""displays""]",national_international_context,query_text_only,,Primary-authority verification shared across company dossiers; applicability must be established separately.,[],,,[],[],shared_policy_verification,LCD OLED display modules HTS classification Section 301,"[""cbp.gov"", ""federalregister.gov"", ""ustr.gov"", ""usitc.gov"", ""trade.gov""]"
q_policyquery_2328ce6862090ff5a3dd9e62,policyquery_2328ce6862090ff5a3dd9e62,LCD OLED display modules HTS classification Section 301 country of origin exemptions exclusions,405,,"[""displays""]",national_international_context,query_text_only,,Primary-authority verification shared across company dossiers; applicability must be established separately.,[],,,[],[],shared_policy_verification,LCD OLED display modules HTS classification Section 301,"[""cbp.gov"", ""federalregister.gov"", ""ustr.gov"", ""usitc.gov"", ""trade.gov""]"
q_policyquery_d8bd51d339d0f264e09d1e67,policyquery_d8bd51d339d0f264e09d1e67,LCD OLED display modules HTS classification Section 301 HTS Chapter 99 product scope,406,,"[""displays""]",national_international_context,query_text_only,,Primary-authority verification shared across company dossiers; applicability must be established separately.,[],,,[],[],shared_policy_verification,LCD OLED display modules HTS classification Section 301,"[""cbp.gov"", ""federalregister.gov"", ""ustr.gov"", ""usitc.gov"", ""trade.gov""]"
q_policyquery_9ffb7a03f16d302464df6aae,policyquery_9ffb7a03f16d302464df6aae,LCD OLED display modules HTS classification Section 301 duty stacking valuation rates,407,,"[""displays""]",national_international_context,query_text_only,,Primary-authority verification shared across company dossiers; applicability must be established separately.,[],,,[],[],shared_policy_verification,LCD OLED display modules HTS classification Section 301,"[""cbp.gov"", ""federalregister.gov"", ""ustr.gov"", ""usitc.gov"", ""trade.gov""]"
