pair_id,claim_ids,query_ids,classification,reason,requires_current_authority_verification,assessment_method,resolved,source_urls,original_model_classification,latest_local_model_classification,review_status,model_label_reason_check_required,sector,review_id,reviewer,source_quotes_supported,company_applicability,current_legal_applicability_verified,textual_conflict_cleared
conflict_73ed9eae2c470a84ea487a22,"[""claim_75699b58d4a4a2ba52a18d45"", ""claim_7ef1be2f456cb3167f67f86e""]","[""q_1""]",complementary_or_no_conflict,"Both claims identify the same product (permanent magnets), duty rate (25%), and effective date (2026) with consistent scope regarding US tariffs on Chinese imports.",False,local_Qwen_scope_review_not_manual_verification,False,"[""https://mobilitynotes.com/summary-of-ev-related-u-s-tariffs-on-chinese-imports"", ""https://source.benchmarkminerals.com/article/us-hikes-tariffs-to-further-isolate-china-from-its-ev-supply-chain-ambitions""]",complementary_or_no_conflict,complementary_or_no_conflict,model_review_provisional,False,,,,,,,
conflict_682b82e18725d50b1934a6f4,"[""claim_3aaef49225ee66f61880d6b4"", ""claim_561297003919197e9789fa5e""]","[""q_100""]",different_products_origins_or_programs,"Claim 1 cites specific AD/CVD rates (72.85%-186.84%) for container chassis from Thailand/Vietnam, while Claim 2 references a different set of rates (76.91% and 9.65%-10.72%) and a future effective date in April 2026, indicating differing scope or policy stages.",True,local_Qwen_scope_review_not_manual_verification,False,"[""https://www.wiley.law/pressrelease-ITC-Finds-Unfairly-Traded-Imports-of-Container-Chassis-and-Subassemblies-from-Mexico-Thailand-and-Vietnam-Injure-the-US-Industry"", ""https://www.wiley.law/pressrelease-ITC-Finds-Unfairly-Traded-Imports-of-Container-Chassis-and-Subassemblies-from-Mexico-Thailand-and-Vietnam-Injure-the-US-Industry""]",different_products_origins_or_programs,different_products_origins_or_programs,model_review_provisional,False,,,,,,,
conflict_3126c562a04ee8a33c1b2b58,"[""claim_1442868f58ad1e767d1c1d84"", ""claim_166f1aac956478a646394d27""]","[""q_104""]",different_products_origins_or_programs,"Claim 1 lists an official HTS code for aluminum castings (7616995160), whereas Claim 2 describes a specific reclassification case involving steering knuckles from China under Section 301, representing different product applications and tariff triggers.",False,local_Qwen_scope_review_not_manual_verification,False,"[""https://www.trade.gov/aluminum-products-hts-codes"", ""https://www.hexinmusu.com/en/hs-code-for-aluminum-castings.html""]",different_products_origins_or_programs,different_products_origins_or_programs,model_review_provisional,False,,,,,,,
conflict_edd42463d90cf1f93597a693,"[""claim_1442868f58ad1e767d1c1d84"", ""claim_170a08b818b56ce241e7bf24""]","[""q_104""]",different_products_origins_or_programs,"Claim 1 provides an official HTS code for aluminum castings, while Claim 2 details a specific reclassification of LED heat sink castings from lighting parts to aluminum castings, illustrating different product scenarios rather than conflicting data.",False,local_Qwen_scope_review_not_manual_verification,False,"[""https://www.trade.gov/aluminum-products-hts-codes"", ""https://www.hexinmusu.com/en/hs-code-for-aluminum-castings.html""]",different_products_origins_or_programs,different_products_origins_or_programs,model_review_provisional,False,,,,,,,
conflict_65752001ed5f1223a6fffd05,"[""claim_1442868f58ad1e767d1c1d84"", ""claim_4bc4bf78921bfd29cbf4a278""]","[""q_104""]",different_products_origins_or_programs,"Claim 1 cites an official HTS code for aluminum castings, while Claim 2 describes a reclassification of transmission housings from automotive parts to aluminum castings with different duty implications, indicating distinct product scopes.",False,local_Qwen_scope_review_not_manual_verification,False,"[""https://www.trade.gov/aluminum-products-hts-codes"", ""https://www.hexinmusu.com/en/hs-code-for-aluminum-castings.html""]",different_products_origins_or_programs,different_products_origins_or_programs,model_review_provisional,False,,,,,,,
conflict_a0cd357948062e7fb77bba69,"[""claim_166f1aac956478a646394d27"", ""claim_170a08b818b56ce241e7bf24""]","[""q_104""]",different_products_origins_or_programs,"Claim 1 involves steering knuckles reclassified to automotive parts triggering Section 301, while Claim 2 involves LED heat sinks reclassified to aluminum castings; these are distinct product cases with different tariff outcomes.",False,local_Qwen_scope_review_not_manual_verification,False,"[""https://www.hexinmusu.com/en/hs-code-for-aluminum-castings.html"", ""https://www.hexinmusu.com/en/hs-code-for-aluminum-castings.html""]",different_products_origins_or_programs,different_products_origins_or_programs,model_review_provisional,False,,,,,,,
conflict_9fcf8d5e9b0266ed5b56a917,"[""claim_166f1aac956478a646394d27"", ""claim_4bc4bf78921bfd29cbf4a278""]","[""q_104""]",different_products_origins_or_programs,"Claim 1 concerns steering knuckles reclassified to automotive parts with a 25% Section 301 duty, while Claim 2 concerns transmission housings reclassified from automotive parts with a significant rate difference; these are different product scenarios.",False,local_Qwen_scope_review_not_manual_verification,False,"[""https://www.hexinmusu.com/en/hs-code-for-aluminum-castings.html"", ""https://www.hexinmusu.com/en/hs-code-for-aluminum-castings.html""]",different_products_origins_or_programs,different_products_origins_or_programs,model_review_provisional,False,,,,,,,
conflict_06904f01f6afde46b74a6532,"[""claim_170a08b818b56ce241e7bf24"", ""claim_4bc4bf78921bfd29cbf4a278""]","[""q_104""]",different_products_origins_or_programs,"Claim 1 describes LED heat sink castings reclassified to aluminum castings, while Claim 2 describes transmission housings reclassified from automotive parts; these are distinct product cases with different tariff implications.",False,local_Qwen_scope_review_not_manual_verification,False,"[""https://www.hexinmusu.com/en/hs-code-for-aluminum-castings.html"", ""https://www.hexinmusu.com/en/hs-code-for-aluminum-castings.html""]",different_products_origins_or_programs,different_products_origins_or_programs,model_review_provisional,False,,,,,,,
conflict_0b88897580bfd4991e34afc1,"[""claim_0fc222aad0072d03c6011d4e"", ""claim_2367d62151bc330db9653b8a""]","[""q_107""]",complementary_or_no_conflict,Deterministic exact normalized quotation identity; current applicability remains unverified.,False,local_Qwen_scope_review_not_manual_verification,False,"[""https://www.whitehouse.gov/presidential-actions/2025/07/adjusting-imports-of-copper-into-the-united-states"", ""https://www.federalregister.gov/documents/2025/08/05/2025-14893/adjusting-imports-of-copper-into-the-united-states""]",complementary_or_no_conflict,complementary_or_no_conflict,exact_quote_identity_check,False,,,,,,,
conflict_b69e0332cb464e59675bbaa9,"[""claim_6fd384fea5196f82e6a7071f"", ""claim_81b8d17d9ecdf1b6884b0fce""]","[""q_108""]",complementary_or_no_conflict,"Claim 1 states Section 301 tariffs for Chinese wire harnesses range from 7.5% to 35%, while Claim 2 specifies a 30% total duty (5% base + 25% Section 301) for the same product origin; the specific rate falls within the stated range.",False,local_Qwen_scope_review_not_manual_verification,False,"[""https://www.hoohawirecable.com/article/en/Article-Understanding-the-HS-Code-for-Wire-Harnesses.html"", ""https://wireharnessproduction.com/blog/cable-assembly-hs-code-guide""]",complementary_or_no_conflict,complementary_or_no_conflict,model_review_provisional,False,,,,,,,
conflict_2cf692571d17ccfb48744e83,"[""claim_81b8d17d9ecdf1b6884b0fce"", ""claim_e4e6cf75296b1b8d4739e925""]","[""q_108""]",complementary_or_no_conflict,Both claims address HTS 8544.30.0000 with a 30% total rate (5% base + 25% Section 301). The second claim adds detail regarding a different product (HTS 8544.42.2000) but does not contradict the first.,False,local_Qwen_scope_review_not_manual_verification,False,"[""https://wireharnessproduction.com/blog/cable-assembly-hs-code-guide"", ""https://wireharnessproduction.com/blog/cable-assembly-hs-code-guide""]",complementary_or_no_conflict,complementary_or_no_conflict,model_review_provisional,False,,,,,,,
conflict_1947a91dff2e37913cb39654,"[""claim_81b8d17d9ecdf1b6884b0fce"", ""claim_fac5ff3ce34a0e09ef87467f""]","[""q_108""]",complementary_or_no_conflict,Both claims state the same duty calculation for HTS 8544.30.0000 (5% base + 25% Section 301 = 30%) with identical effective dates and product scope.,False,local_Qwen_scope_review_not_manual_verification,False,"[""https://wireharnessproduction.com/blog/cable-assembly-hs-code-guide"", ""https://wireharnessproduction.com/blog/cable-assembly-hs-code-guide""]",complementary_or_no_conflict,complementary_or_no_conflict,model_review_provisional,False,,,,,,,
conflict_9e092bd63270c4988886183b,"[""claim_e4e6cf75296b1b8d4739e925"", ""claim_fac5ff3ce34a0e09ef87467f""]","[""q_108""]",complementary_or_no_conflict,"Both claims agree on the 30% rate for HTS 8544.30.0000. The first claim provides additional data for a different product (HTS 8544.42.2000), creating no conflict.",False,local_Qwen_scope_review_not_manual_verification,False,"[""https://wireharnessproduction.com/blog/cable-assembly-hs-code-guide"", ""https://wireharnessproduction.com/blog/cable-assembly-hs-code-guide""]",complementary_or_no_conflict,complementary_or_no_conflict,model_review_provisional,False,,,,,,,
conflict_a173bf6f31ede0e87f94696c,"[""claim_2668eff389267c477943b028"", ""claim_80006a6480521b25c8392356""]","[""q_109""]",apparent_same_scope_conflict,"One claim states a 153.4% tariff for battery imports in April 2025, while the other states tariffs can be as high as 34%. These specific rates for the same product category and timeframe are incompatible.",True,local_Qwen_scope_review_not_manual_verification,False,"[""https://manlybattery.com/battery-tools-and-resources/usa-import-duty-calculator"", ""https://manlybattery.com/battery-tools-and-resources/usa-import-duty-calculator""]",apparent_same_scope_conflict,apparent_same_scope_conflict,model_review_provisional,False,,,,,,,
conflict_39b1814f6ee632a42a3747e6,"[""claim_29704d61a95ec0bbd1e978f5"", ""claim_41cc0b7738b0506c13ad7ab8""]","[""q_111""]",different_products_origins_or_programs,"One claim specifies 'battery parts' while the other specifies 'lithium-ion EV batteries'. Although both cite a 25% rate in 2024, the product scopes differ.",False,local_Qwen_scope_review_not_manual_verification,False,"[""https://tradedatamonitor.com/datanews/the-u-s-announced-new-tariffs-on-18-billion-worth-of-imports-of-goods-from-china"", ""https://tradedatamonitor.com/datanews/the-u-s-announced-new-tariffs-on-18-billion-worth-of-imports-of-goods-from-china""]",different_products_origins_or_programs,different_products_origins_or_programs,model_review_provisional,False,,,,,,,
conflict_87848b0528c05d0b58ef1aa5,"[""claim_29704d61a95ec0bbd1e978f5"", ""claim_475690f3aa13934007d4c319""]","[""q_111""]",different_products_origins_or_programs,"One claim refers to 'battery parts' generally, while the other specifies 'lithium-ion EV batteries'. The product scopes are distinct despite matching rates and dates.",False,local_Qwen_scope_review_not_manual_verification,False,"[""https://tradedatamonitor.com/datanews/the-u-s-announced-new-tariffs-on-18-billion-worth-of-imports-of-goods-from-china"", ""https://mobilitynotes.com/summary-of-ev-related-u-s-tariffs-on-chinese-imports""]",different_products_origins_or_programs,different_products_origins_or_programs,model_review_provisional,False,,,,,,,
conflict_8fb9ef41b041cc20c1a45203,"[""claim_41cc0b7738b0506c13ad7ab8"", ""claim_475690f3aa13934007d4c319""]","[""q_111""]",complementary_or_no_conflict,"Both claims describe the same tariff increase for 'lithium-ion EV batteries' from 7.5% to 25% in 2024, with consistent product scope and timing.",False,local_Qwen_scope_review_not_manual_verification,False,"[""https://tradedatamonitor.com/datanews/the-u-s-announced-new-tariffs-on-18-billion-worth-of-imports-of-goods-from-china"", ""https://mobilitynotes.com/summary-of-ev-related-u-s-tariffs-on-chinese-imports""]",complementary_or_no_conflict,complementary_or_no_conflict,model_review_provisional,False,,,,,,,
conflict_39ccfca5e3902725bfde840a,"[""claim_0edd32ae7238317d02c99494"", ""claim_4d2016ac2ee34ca961b92590""]","[""q_113""]",complementary_or_no_conflict,"Both claims cite the same official source regarding a 25% rate for 'Lithium-ion electrical vehicle batteries' in 2024, with one providing more detailed HTSUS subheading descriptions.",False,local_Qwen_scope_review_not_manual_verification,False,"[""https://ustr.gov/sites/default/files/Section%20301%20Modifications%20Determination%20FRN%20(Sept%2012%202024)%20(FINAL).pdf"", ""https://ustr.gov/sites/default/files/Section%20301%20Modifications%20Determination%20FRN%20(Sept%2012%202024)%20(FINAL).pdf""]",complementary_or_no_conflict,complementary_or_no_conflict,model_review_provisional,False,,,,,,,
conflict_f71bbc8da5457b8aacb4fe6f,"[""claim_3116103aa53305af925e68a1"", ""claim_34c4b53fb043f3928b862bea""]","[""q_113""]",complementary_or_no_conflict,"Both claims agree on a 25% rate for 'Lithium-ion non-EV batteries' effective in 2026, with one specifying the exact start date of January 1, 2026.",False,local_Qwen_scope_review_not_manual_verification,False,"[""https://ustr.gov/sites/default/files/Section%20301%20Modifications%20Determination%20FRN%20(Sept%2012%202024)%20(FINAL).pdf"", ""https://www.millercanfield.com/resources-USTR-Starts-New-Section-301-Tariffs.html""]",complementary_or_no_conflict,complementary_or_no_conflict,model_review_provisional,False,,,,,,,
conflict_1b74d8309b35d58e5f7ef0f3,"[""claim_4f3162a9fd4448cd89a23b80"", ""claim_a3531de3e25510b8b2243002""]","[""q_113""]",complementary_or_no_conflict,Deterministic exact normalized quotation identity; current applicability remains unverified.,False,local_Qwen_scope_review_not_manual_verification,False,"[""https://ustr.gov/sites/default/files/Section%20301%20Modifications%20Determination%20FRN%20(Sept%2012%202024)%20(FINAL).pdf"", ""https://ustr.gov/sites/default/files/Section%20301%20Modifications%20Determination%20FRN%20(Sept%2012%202024)%20(FINAL).pdf""]",complementary_or_no_conflict,complementary_or_no_conflict,exact_quote_identity_check,False,,,,,,,
conflict_63f3ddf5690dbef14b3d7c82,"[""claim_34c4b53fb043f3928b862bea"", ""claim_555e4864663b741d973c4612""]","[""q_113""]",complementary_or_no_conflict,"Both claims describe the same tariff increase for Lithium-ion non-EV batteries from 7.5% to 25% effective January 1, 2026, under Section 301.",False,local_Qwen_scope_review_not_manual_verification,False,"[""https://www.millercanfield.com/resources-USTR-Starts-New-Section-301-Tariffs.html"", ""https://www.whitecase.com/insight-alert/united-states-finalizes-section-301-tariff-increases-imports-china""]",complementary_or_no_conflict,complementary_or_no_conflict,model_review_provisional,False,,,,,,,
conflict_74cfbeb534300fd27337996f,"[""claim_07f0f96cbd33759d32be38c6"", ""claim_bbe5745eacc1459ff4113e55""]","[""q_114""]",different_dates_or_policy_stages,"Claims differ on the effective date for Lithium-ion EV battery tariff increases: one cites August 1, 2024, while the other cites September 27, 2024.",True,local_Qwen_scope_review_not_manual_verification,False,"[""https://www.millercanfield.com/resources-USTR-Starts-New-Section-301-Tariffs.html"", ""https://ustariffrates.com/section-301-tariffs""]",different_dates_or_policy_stages,different_dates_or_policy_stages,model_review_provisional,False,,,,,,,
conflict_1164e44fa06747e0aae81206,"[""claim_325bf2720141d0cb54a84ebf"", ""claim_91e89cfd4f29beb08191c2d9""]","[""q_115""]",complementary_or_no_conflict,"Both claims identify a 3.4% ad valorem duty rate for lithium-ion batteries, with one specifying an HTS subheading and the other referencing MFN status.",False,local_Qwen_scope_review_not_manual_verification,False,"[""https://www.customsmobile.com/rulings/docview?doc_id=NY+N335323&highlight=8507.60.0010%2A"", ""https://www.szaspower.com/industry-news/lithium-ion-battery-hs-code-guide.html""]",complementary_or_no_conflict,complementary_or_no_conflict,model_review_provisional,False,,,,,,,
conflict_0a1ec76a03691d5698ad5f70,"[""claim_2f9e3100f3ea4817f3975588"", ""claim_956c59f7d0d4a7a792676360""]","[""q_116""]",different_products_origins_or_programs,"Claims refer to different tariff rates (15% vs 10%) potentially applying to different contexts or programs, with one unspecified and the other linked to a forced-labor tier for South Korea.",True,local_Qwen_scope_review_not_manual_verification,False,"[""https://www.reddit.com/r/electricvehicles/comments/1mp1jzn/exclusive_us_ev_battery_imports_from_korea_top"", ""https://www.tariffstool.com/tariffs-on-energy-batteries""]",different_products_origins_or_programs,different_products_origins_or_programs,model_review_provisional,False,,,,,,,
conflict_72172c4b2597fe985bb22ab7,"[""claim_2f9e3100f3ea4817f3975588"", ""claim_aef983ee3922e0eb247d06bb""]","[""q_116""]",complementary_or_no_conflict,"Claims are compatible as one notes a 15% tax previously paid and the other clarifies that South Korean batteries face a 10% forced-labor tariff, suggesting distinct or layered obligations.",False,local_Qwen_scope_review_not_manual_verification,False,"[""https://www.reddit.com/r/electricvehicles/comments/1mp1jzn/exclusive_us_ev_battery_imports_from_korea_top"", ""https://www.tariffstool.com/tariffs-on-energy-batteries""]",complementary_or_no_conflict,complementary_or_no_conflict,model_review_provisional,False,,,,,,,
conflict_906b958cbd422c9b50a57dd2,"[""claim_2df978fd731f273bd1be9638"", ""claim_db53444c1ddda362bf5bb1d4""]","[""q_116""]",complementary_or_no_conflict,"Claims address different origins and programs: one specifies 25% Section 301 tariffs for Chinese batteries, while the other details standard MFN duties and Section 232 overlays for South Korean imports.",False,local_Qwen_scope_review_not_manual_verification,False,"[""https://ustariffrates.com/import/batteries/from/south-korea"", ""https://ustariffrates.com/import/batteries/from/south-korea""]",complementary_or_no_conflict,complementary_or_no_conflict,model_review_provisional,False,,,,,,,
conflict_30e6a2f49b38e03d78cd18f8,"[""claim_448d77df58ac2e037cecbcbf"", ""claim_c252d650293f8ac18eb9d015""]","[""q_117""]",different_products_origins_or_programs,"Claims differ in scope: one cites a 64.9% cumulative rate for ESS cells from China, while the other describes a 28.4% rate for general lithium-ion batteries under Section 301.",True,local_Qwen_scope_review_not_manual_verification,False,"[""https://acculonenergy.com/the-tariff-tangle-china-trade-the-battery-industry-in-2025"", ""https://ustariffrates.com/products/batteries""]",different_products_origins_or_programs,different_products_origins_or_programs,model_review_provisional,False,,,,,,,
conflict_0e97062777bb72b57e4da27f,"[""claim_c252d650293f8ac18eb9d015"", ""claim_d19f508ad3e769aa45b372fc""]","[""q_117""]",different_products_origins_or_programs,"Claims describe different tariff rates (28.4% vs 58%) for potentially different battery types or timeframes, with one specifying Chinese imports and the other EV batteries in 2025.",True,local_Qwen_scope_review_not_manual_verification,False,"[""https://ustariffrates.com/products/batteries"", ""https://acculonenergy.com/the-tariff-tangle-china-trade-the-battery-industry-in-2025""]",different_products_origins_or_programs,different_products_origins_or_programs,model_review_provisional,False,,,,,,,
conflict_4d698d35c1282dc6090b3fff,"[""claim_1ff954c8f70d7307cac143c2"", ""claim_ea670334fd653593a9167e08""]","[""q_117""]",complementary_or_no_conflict,"Claims are consistent: one details a 25% legacy duty plus a new 12.5% duty, while the other confirms the 25% rate for covered non-EV batteries in 2026.",False,local_Qwen_scope_review_not_manual_verification,False,"[""https://www.large-battery.com/blog/us-tariff-on-chinese-lithium-ion-batteries"", ""https://www.large-battery.com/blog/us-tariff-on-chinese-lithium-ion-batteries""]",complementary_or_no_conflict,complementary_or_no_conflict,model_review_provisional,False,,,,,,,
conflict_0e63dda33f29c6ee337ac3b4,"[""claim_34151d0d22bacb19e43b4c38"", ""claim_f88d3930b672fc8824471568""]","[""q_119""]",complementary_or_no_conflict,"Both claims cite the same CBP ruling that assembling battery cells into packs does not constitute a substantial transformation, with one providing more detail on the reasoning.",False,local_Qwen_scope_review_not_manual_verification,False,"[""https://www.customsmobile.com/rulings/docview?doc_id=HQ+H316545&highlight=HQ+H316545"", ""https://www.cmtradelaw.com/2023/01/customs-ruling-of-the-week-country-of-origin-of-battery-modules-and-battery-packs-and-the-applicability-of-certain-trade-remedies-under-section-301""]",complementary_or_no_conflict,complementary_or_no_conflict,model_review_provisional,False,,,,,,,
conflict_f0ea7b65d21dd461bcb74b8b,"[""claim_34151d0d22bacb19e43b4c38"", ""claim_ce51c8abeeeec079cae18327""]","[""q_119""]",different_products_origins_or_programs,"Claim 1 states a general CBP holding that battery cell assembly into packs does not result in substantial transformation, while Claim 2 describes specific multi-step assembly processes for modules and packs in Canada. The claims address different scopes: one is a legal principle on transformation, the other is a factual description of a process in a specific location.",False,local_Qwen_scope_review_not_manual_verification,False,"[""https://www.customsmobile.com/rulings/docview?doc_id=HQ+H316545&highlight=HQ+H316545"", ""https://www.cmtradelaw.com/2023/01/customs-ruling-of-the-week-country-of-origin-of-battery-modules-and-battery-packs-and-the-applicability-of-certain-trade-remedies-under-section-301""]",different_products_origins_or_programs,different_products_origins_or_programs,model_review_provisional,False,,,,,,,
conflict_3bed5bec0559634f484952ed,"[""claim_4715c0403ceaec4aec5004a8"", ""claim_a0a1474a00d3dbcfaeb2bd87""]","[""q_12""]",different_dates_or_policy_stages,"Claim 1 refers to projected costs for 'this year' (2025 context), while Claim 2 refers to absorbed costs from 'last quarter'. The claims describe different timeframes and financial statuses (projected vs. historical absorption) rather than contradictory facts.",False,local_Qwen_scope_review_not_manual_verification,False,"[""https://www.reuters.com/business/media-telecom/automakers-have-resisted-raising-car-prices-because-tariffs-that-might-not-last-2025-09-18"", ""https://www.coxautoinc.com/insights-hub/the-trump-tariff-stance-has-shifted-where-are-we-now""]",different_dates_or_policy_stages,different_dates_or_policy_stages,model_review_provisional,False,,,,,,,
conflict_06d358de74b3e1ed7ab1ef3b,"[""claim_986192c016bd36c03d2609fc"", ""claim_da11a29346cbc00ec5115cf4""]","[""q_122""]",different_dates_or_policy_stages,"Claim 1 states a tariff 'took effect' in January 2025, while Claim 2 states the Commerce Department 'plans to impose' the levy. One describes an effective measure, the other a proposed or planned action, indicating different stages of policy implementation.",False,local_Qwen_scope_review_not_manual_verification,False,"[""https://www.totexmfg.com/battery-pack-tariffs-oem-2026"", ""https://www.nytimes.com/2025/07/17/business/trump-graphite-tariff-electric-vehicles.html""]",different_dates_or_policy_stages,different_dates_or_policy_stages,model_review_provisional,False,,,,,,,
conflict_9dc86166b020793d88f96bae,"[""claim_986192c016bd36c03d2609fc"", ""claim_b1e785342c7d06a52038496d""]","[""q_122""]",complementary_or_no_conflict,"Claim 1 cites a 93.5% tariff on Chinese graphite taking effect, while Claim 2 cites a provisional decision to impose a 93.5% anti-dumping tariff on active anode material (AAM) from China. Both reference the same rate and origin for related products, with one noting a specific product category (AAM) and status (provisional), which complements the broader graphite tariff claim.",False,local_Qwen_scope_review_not_manual_verification,False,"[""https://www.totexmfg.com/battery-pack-tariffs-oem-2026"", ""https://www.energy-storage.news/us-imposes-93-5-tariff-on-chinese-battery-anode-products-but-bess-spared""]",complementary_or_no_conflict,complementary_or_no_conflict,model_review_provisional,False,,,,,,,
conflict_0cdece981790ed06e4938103,"[""claim_7bc403bf66ff8e9d400a1f09"", ""claim_d542b4df559832603f5b3d62""]","[""q_126""]",different_products_origins_or_programs,"The NOVONIX paragraph explicitly distinguishes artificial graphite/natural graphite powder exclusion removal in June 2024 from natural flake graphite increases in 2026. The generic secondary table collapses those distinctions. Product form and exclusion status, as well as dates, explain why these cannot be treated as conflicting generic graphite rates.",False,assistant_direct_source_context_review,False,"[""https://ustariffrates.com/section-301-tariffs"", ""https://www.novonixgroup.com/news/united-states-government-to-reinstate-section-301-import-tariffs-on-artificial-graphite-from-china""]",different_dates_or_policy_stages,different_dates_or_policy_stages,manual_cached_context_review,False,batteries_and_minerals,MC05,assistant_direct_source_context_review,True,not_established,False,True
conflict_5700f64b3885d84b0a175968,"[""claim_54569a9f9c3187ea4f1ea135"", ""claim_affa707db57513b0e3796a3a""]","[""q_127""]",complementary_or_no_conflict,"Claim 1 mentions high tariffs on synthetic graphite generally, while Claim 2 specifies the rate as 55% (composed of 25% Section 301, 20% IEEPA, and 10% universal) effective until August 12. The specific breakdown in Claim 2 supports the general statement in Claim 1.",False,local_Qwen_scope_review_not_manual_verification,False,"[""https://www.fastmarkets.com/insights/navigating-china-graphite-import-tariffs"", ""https://www.fastmarkets.com/insights/navigating-china-graphite-import-tariffs""]",complementary_or_no_conflict,complementary_or_no_conflict,model_review_provisional,False,,,,,,,
conflict_8c0e7de816012547f8d880a1,"[""claim_019b33cc19520d531d58ee0f"", ""claim_33cc8973ec8f9b96af11498a""]","[""q_13""]",complementary_or_no_conflict,"Both claims state that a 25% product tariff is imposed on cars, car parts, steel, and aluminum. The second claim adds context about a 10% base tariff for trading partners, but the core assertion regarding the 25% tariff is identical.",False,local_Qwen_scope_review_not_manual_verification,False,"[""https://www.iebrain.com/mediacoverage/automotive-supply-chain-localization-transformative-step-amid-tariff-wars"", ""https://www.autocarpro.in/opinion-column/automotive-supply-chain-localization-transformative-step-amid-tariff-wars-126555""]",complementary_or_no_conflict,complementary_or_no_conflict,model_review_provisional,False,,,,,,,
conflict_5fbb2b491a308f06ac90c32b,"[""claim_49c30a5467fc7f46a917bd9d"", ""claim_fcff30c0a699f697487c67b5""]","[""q_13""]",complementary_or_no_conflict,Deterministic exact normalized quotation identity; current applicability remains unverified.,False,local_Qwen_scope_review_not_manual_verification,False,"[""https://www.iebrain.com/mediacoverage/automotive-supply-chain-localization-transformative-step-amid-tariff-wars"", ""https://www.autocarpro.in/opinion-column/automotive-supply-chain-localization-transformative-step-amid-tariff-wars-126555""]",complementary_or_no_conflict,complementary_or_no_conflict,exact_quote_identity_check,False,,,,,,,
conflict_b82344b603d6abf54e7412d6,"[""claim_c0a17657e7fdba3435141fb1"", ""claim_cdfc61f4a4e6c398f9bbe07e""]","[""q_13""]",complementary_or_no_conflict,Deterministic exact normalized quotation identity; current applicability remains unverified.,False,local_Qwen_scope_review_not_manual_verification,False,"[""https://www.autocarpro.in/opinion-column/automotive-supply-chain-localization-transformative-step-amid-tariff-wars-126555"", ""https://www.iebrain.com/mediacoverage/automotive-supply-chain-localization-transformative-step-amid-tariff-wars""]",complementary_or_no_conflict,complementary_or_no_conflict,exact_quote_identity_check,False,,,,,,,
conflict_805c31b4a186a4f1dbf663ea,"[""claim_4eb9995315f0524c678e0209"", ""claim_e5edc106ac926a07fcf7931e""]","[""q_13""]",complementary_or_no_conflict,Deterministic exact normalized quotation identity; current applicability remains unverified.,False,local_Qwen_scope_review_not_manual_verification,False,"[""https://www.iebrain.com/mediacoverage/automotive-supply-chain-localization-transformative-step-amid-tariff-wars"", ""https://www.autocarpro.in/opinion-column/automotive-supply-chain-localization-transformative-step-amid-tariff-wars-126555""]",complementary_or_no_conflict,complementary_or_no_conflict,exact_quote_identity_check,False,,,,,,,
conflict_e841fecf14adc0eb1d1ec1bb,"[""claim_0120f1b8a49bc9f86ad63f51"", ""claim_ae8bae53524c9b38bee9fc7c""]","[""q_132""]",apparent_same_scope_conflict,"Claim 1 states the total tariff on Chinese lithium hydroxide is 28.7%, while Claim 2 states lithium hydroxide remains unaffected by the new tariff. These claims regarding the same product and origin are mutually exclusive.",True,local_Qwen_scope_review_not_manual_verification,False,"[""https://www.criticalmb.com/p/reciprocal-tariffs-exemptions-and"", ""https://www.criticalmb.com/p/reciprocal-tariffs-exemptions-and""]",apparent_same_scope_conflict,apparent_same_scope_conflict,model_review_provisional,False,,,,,,,
conflict_fab9aacd4adcdf8ffb4c3c9e,"[""claim_93926e3b8743a34b0850d46a"", ""claim_ae8bae53524c9b38bee9fc7c""]","[""q_132""]",different_products_origins_or_programs,"Claim 1 describes a specific Section 301 action imposing an additional 25% tariff on Chinese lithium hydroxide, whereas Claim 2 states the product is unaffected by 'the new tariff' (likely referring to a reciprocal or different program). The claims address different tariff programs or interpretations of 'new tariff'.",True,local_Qwen_scope_review_not_manual_verification,False,"[""https://www.criticalmb.com/p/reciprocal-tariffs-exemptions-and"", ""https://www.criticalmb.com/p/reciprocal-tariffs-exemptions-and""]",different_products_origins_or_programs,different_products_origins_or_programs,model_review_provisional,False,,,,,,,
conflict_34a451e27d8b40e011878d3d,"[""claim_26ae4965620e6a0f1898de67"", ""claim_917cbe1174ba0cf73edd28c4""]","[""q_136""]",different_dates_or_policy_stages,"Claim 1 states tariffs on critical minerals are effective September 27, 2024, while Claim 2 states tariffs on natural graphite and permanent magnets go into effect January 1, 2026. The dates differ significantly.",True,local_Qwen_scope_review_not_manual_verification,False,"[""https://www.globaltradeandsanctionslaw.com/ustr-section-301-tariffs-chinese-imports-focus-strategic-sectors"", ""https://www.globaltradeandsanctionslaw.com/ustr-section-301-tariffs-chinese-imports-focus-strategic-sectors""]",different_dates_or_policy_stages,different_dates_or_policy_stages,model_review_provisional,False,,,,,,,
conflict_7881254f965c20a041aebda3,"[""claim_26ae4965620e6a0f1898de67"", ""claim_bde9aa0ab5b3e43bc84f96be""]","[""q_136""]",complementary_or_no_conflict,"Both claims refer to the same effective date (January 1, 2026), duty rate (25%), and products (natural graphite/permanent magnets) from the same source document. They are consistent.",False,local_Qwen_scope_review_not_manual_verification,False,"[""https://www.globaltradeandsanctionslaw.com/ustr-section-301-tariffs-chinese-imports-focus-strategic-sectors"", ""https://www.globaltradeandsanctionslaw.com/ustr-section-301-tariffs-chinese-imports-focus-strategic-sectors""]",complementary_or_no_conflict,complementary_or_no_conflict,model_review_provisional,False,,,,,,,
conflict_dbe2001cee373b9f113ed7dd,"[""claim_947348e4da2088f618e7d845"", ""claim_a9e4eecfb4b7ed67e77beb47""]","[""q_136""]",complementary_or_no_conflict,Deterministic exact normalized quotation identity; current applicability remains unverified.,False,local_Qwen_scope_review_not_manual_verification,False,"[""https://www.globaltradeandsanctionslaw.com/ustr-section-301-tariffs-chinese-imports-focus-strategic-sectors"", ""https://www.globaltradeandsanctionslaw.com/ustr-section-301-tariffs-chinese-imports-focus-strategic-sectors""]",complementary_or_no_conflict,complementary_or_no_conflict,exact_quote_identity_check,False,,,,,,,
conflict_a96ae160efe856a60b3c8875,"[""claim_917cbe1174ba0cf73edd28c4"", ""claim_947348e4da2088f618e7d845""]","[""q_136""]",different_dates_or_policy_stages,"Claim 1 sets the effective date for natural graphite tariffs at January 1, 2026, while Claim 2 sets the effective date for critical minerals (including natural graphite) at September 27, 2024. The dates are incompatible.",True,local_Qwen_scope_review_not_manual_verification,False,"[""https://www.globaltradeandsanctionslaw.com/ustr-section-301-tariffs-chinese-imports-focus-strategic-sectors"", ""https://www.globaltradeandsanctionslaw.com/ustr-section-301-tariffs-chinese-imports-focus-strategic-sectors""]",different_dates_or_policy_stages,different_dates_or_policy_stages,model_review_provisional,False,,,,,,,
conflict_cb888c1866d1b309b8aff7a0,"[""claim_947348e4da2088f618e7d845"", ""claim_bde9aa0ab5b3e43bc84f96be""]","[""q_136""]",different_dates_or_policy_stages,"Claim 1 states critical minerals tariffs are effective September 27, 2024, while Claim 2 states permanent magnets tariffs go into effect January 1, 2026. The dates differ.",True,local_Qwen_scope_review_not_manual_verification,False,"[""https://www.globaltradeandsanctionslaw.com/ustr-section-301-tariffs-chinese-imports-focus-strategic-sectors"", ""https://www.globaltradeandsanctionslaw.com/ustr-section-301-tariffs-chinese-imports-focus-strategic-sectors""]",different_dates_or_policy_stages,different_dates_or_policy_stages,model_review_provisional,False,,,,,,,
conflict_4a2e47f043fe7e9a62276c64,"[""claim_917cbe1174ba0cf73edd28c4"", ""claim_a9e4eecfb4b7ed67e77beb47""]","[""q_136""]",different_dates_or_policy_stages,"Claim 1 states natural graphite tariffs are effective January 1, 2026, while Claim 2 states natural graphite (as a critical mineral) tariffs are effective September 27, 2024. The dates conflict.",True,local_Qwen_scope_review_not_manual_verification,False,"[""https://www.globaltradeandsanctionslaw.com/ustr-section-301-tariffs-chinese-imports-focus-strategic-sectors"", ""https://www.globaltradeandsanctionslaw.com/ustr-section-301-tariffs-chinese-imports-focus-strategic-sectors""]",different_dates_or_policy_stages,different_dates_or_policy_stages,model_review_provisional,False,,,,,,,
conflict_e0b88184ad78934bd8d92597,"[""claim_a9e4eecfb4b7ed67e77beb47"", ""claim_bde9aa0ab5b3e43bc84f96be""]","[""q_136""]",different_dates_or_policy_stages,"Claim 1 states natural graphite tariffs are effective September 27, 2024, while Claim 2 states permanent magnets tariffs go into effect January 1, 2026. The dates differ.",True,local_Qwen_scope_review_not_manual_verification,False,"[""https://www.globaltradeandsanctionslaw.com/ustr-section-301-tariffs-chinese-imports-focus-strategic-sectors"", ""https://www.globaltradeandsanctionslaw.com/ustr-section-301-tariffs-chinese-imports-focus-strategic-sectors""]",different_dates_or_policy_stages,different_dates_or_policy_stages,model_review_provisional,False,,,,,,,
conflict_efc910c7821b5843976dae5e,"[""claim_32913e594f8f395b1346f2e4"", ""claim_3c3b496b353085f4e2f46d80""]","[""q_137""]",apparent_same_scope_conflict,"Claim 1 lists HTSUS subheading 2826.90.9010 as a classification for LiPF6, while Claim 2 lists 2826.90.9090. These are distinct and mutually exclusive codes for the same product in this context.",True,local_Qwen_scope_review_not_manual_verification,False,"[""https://www.internationaltradeinsights.com/2026/03/petition-summary-lithium-hexafluorophosphate-from-the-peoples-republic-of-china"", ""https://www.barnesrichardson.com/adcvd-petitions-announced-on-lithium-battery-chemicals-from-china""]",apparent_same_scope_conflict,apparent_same_scope_conflict,model_review_provisional,False,,,,,,,
conflict_88312652b0d3436238047f8f,"[""claim_32913e594f8f395b1346f2e4"", ""claim_9c03d2af8955b2fbff20b307""]","[""q_137""]",complementary_or_no_conflict,"Both claims identify the same set of alternative HTSUS subheadings (2826.90.9090, 3824.91.0000, 3824.99.9397) for subject merchandise; one notes a typical classification while the other lists alternatives, creating no incompatibility.",False,local_Qwen_scope_review_not_manual_verification,False,"[""https://www.internationaltradeinsights.com/2026/03/petition-summary-lithium-hexafluorophosphate-from-the-peoples-republic-of-china"", ""https://www.strtrade.com/trade-news-resources/str-trade-report/advisories/lithium-compounds-could-be-subject-to-ad-cvd-duties""]",complementary_or_no_conflict,complementary_or_no_conflict,model_review_provisional,False,,,,,,,
conflict_176dc552a0810b7c302d8f90,"[""claim_3c3b496b353085f4e2f46d80"", ""claim_9c03d2af8955b2fbff20b307""]","[""q_137""]",complementary_or_no_conflict,Claim 1 identifies a specific subheading (2826.90.9010) while Claim 2 confirms this as the typical classification and adds alternative possibilities; the claims are consistent.,False,local_Qwen_scope_review_not_manual_verification,False,"[""https://www.barnesrichardson.com/adcvd-petitions-announced-on-lithium-battery-chemicals-from-china"", ""https://www.strtrade.com/trade-news-resources/str-trade-report/advisories/lithium-compounds-could-be-subject-to-ad-cvd-duties""]",complementary_or_no_conflict,complementary_or_no_conflict,model_review_provisional,False,,,,,,,
conflict_a680bd6c7bca663dcb1ba556,"[""claim_3c3b496b353085f4e2f46d80"", ""claim_5da1a56dbc5d77ff5013605e""]","[""q_137""]",complementary_or_no_conflict,Claim 1 specifies one subheading (2826.90.9010) while Claim 2 lists alternative subheadings including 3824.91.0000; the claims describe different but compatible classification possibilities for the same merchandise.,False,local_Qwen_scope_review_not_manual_verification,False,"[""https://www.barnesrichardson.com/adcvd-petitions-announced-on-lithium-battery-chemicals-from-china"", ""https://www.internationaltradeinsights.com/2026/03/petition-summary-lithium-hexafluorophosphate-from-the-peoples-republic-of-china""]",complementary_or_no_conflict,complementary_or_no_conflict,model_review_provisional,False,,,,,,,
conflict_1591060fd092040b577c2875,"[""claim_5da1a56dbc5d77ff5013605e"", ""claim_9c03d2af8955b2fbff20b307""]","[""q_137""]",complementary_or_no_conflict,"Both claims list the identical set of alternative HTSUS subheadings (2826.90.9090, 3824.91.0000, 3824.99.9397) for subject merchandise without contradiction.",False,local_Qwen_scope_review_not_manual_verification,False,"[""https://www.internationaltradeinsights.com/2026/03/petition-summary-lithium-hexafluorophosphate-from-the-peoples-republic-of-china"", ""https://www.strtrade.com/trade-news-resources/str-trade-report/advisories/lithium-compounds-could-be-subject-to-ad-cvd-duties""]",complementary_or_no_conflict,complementary_or_no_conflict,model_review_provisional,False,,,,,,,
conflict_7ba792c6737df856611a8e38,"[""claim_3c3b496b353085f4e2f46d80"", ""claim_b0ea16702e33296adf7ea934""]","[""q_137""]",complementary_or_no_conflict,Claim 1 specifies a primary subheading (2826.90.9010) while Claim 2 lists alternative subheadings including 3824.99.9397; the claims are compatible as they describe different classification options.,False,local_Qwen_scope_review_not_manual_verification,False,"[""https://www.barnesrichardson.com/adcvd-petitions-announced-on-lithium-battery-chemicals-from-china"", ""https://www.internationaltradeinsights.com/2026/03/petition-summary-lithium-hexafluorophosphate-from-the-peoples-republic-of-china""]",complementary_or_no_conflict,complementary_or_no_conflict,model_review_provisional,False,,,,,,,
conflict_9d126e3b5785de2b6cf7a16c,"[""claim_9c03d2af8955b2fbff20b307"", ""claim_b0ea16702e33296adf7ea934""]","[""q_137""]",complementary_or_no_conflict,"Both claims list the identical set of alternative HTSUS subheadings (2826.90.9090, 3824.91.0000, 3824.99.9397) for subject merchandise without contradiction.",False,local_Qwen_scope_review_not_manual_verification,False,"[""https://www.strtrade.com/trade-news-resources/str-trade-report/advisories/lithium-compounds-could-be-subject-to-ad-cvd-duties"", ""https://www.internationaltradeinsights.com/2026/03/petition-summary-lithium-hexafluorophosphate-from-the-peoples-republic-of-china""]",complementary_or_no_conflict,complementary_or_no_conflict,model_review_provisional,False,,,,,,,
conflict_95608fba9fcf3ced1fab0c45,"[""claim_053ba938a30cca1a0168ce69"", ""claim_b145b01d89343e53516ffc4a""]","[""q_139""]",different_products_origins_or_programs,"Claim 1 refers to Section 301 List 4A tariffs on finished batteries with a general increase since 2024, while Claim 2 references specific rates (25% vs 7.5%) from the first Trump Administration for parts versus batteries; these address different tariff programs and timeframes.",False,local_Qwen_scope_review_not_manual_verification,False,"[""https://www.gaiadynamics.ai/hs-code-lookup/us/battery"", ""https://www.prba.org/press-releases/us-cbp-lithium-tariff-reclassification-10231""]",different_products_origins_or_programs,different_products_origins_or_programs,model_review_provisional,False,,,,,,,
conflict_a93f4f55d24c35fab3a3902d,"[""claim_aee9d189334d62ef6333c006"", ""claim_e20398c7f198070ccede8c3a""]","[""q_14""]",complementary_or_no_conflict,"Claim 1 states a target of 100,000 jobs including direct and indirect opportunities, while Claim 2 clarifies that 14,000 are direct full-time jobs with over 100,000 total direct and indirect; the figures are consistent.",False,local_Qwen_scope_review_not_manual_verification,False,"[""https://www.automotivelogistics.media/supply-chain/automotive-logistics-and-supply-chains-in-2025-tariff-turmoil-investment-uncertainty-and-further-cost-pressures/649740"", ""https://www.automotivelogistics.media/supply-chain/automotive-logistics-and-supply-chains-in-2025-tariff-turmoil-investment-uncertainty-and-further-cost-pressures/649740""]",complementary_or_no_conflict,complementary_or_no_conflict,model_review_provisional,False,,,,,,,
conflict_e2a602fbef207ad5e777df62,"[""claim_6b1f78583b25a579ac5b46db"", ""claim_bac0e286215f32b459973683""]","[""q_14""]",different_dates_or_policy_stages,"Claim 1 describes a tariff policy effective from April 3, 2025, while Claim 2 reports that the policy was reneged upon on April 9, 2025; this represents a chronological progression of policy status rather than a contradiction.",False,local_Qwen_scope_review_not_manual_verification,False,"[""https://www.automotivelogistics.media/supply-chain/automotive-logistics-and-supply-chains-in-2025-tariff-turmoil-investment-uncertainty-and-further-cost-pressures/649740"", ""https://www.automotivelogistics.media/supply-chain/automotive-logistics-and-supply-chains-in-2025-tariff-turmoil-investment-uncertainty-and-further-cost-pressures/649740""]",different_dates_or_policy_stages,different_dates_or_policy_stages,model_review_provisional,False,,,,,,,
conflict_7aa1217e3fa145a0eb7f432a,"[""claim_04bc8e24cf5f1d98dc062615"", ""claim_3e4cc3cf1179211f96d30fba""]","[""q_140""]",complementary_or_no_conflict,"Claim 1 specifies a 90% duty rate for de minimis exemptions removed in April 2025, while Claim 2 notes tariffs reaching up to 104% for specific lithium-ion cells starting in 2025; the claims describe different tariff measures or rates within the same timeframe without contradiction.",False,local_Qwen_scope_review_not_manual_verification,False,"[""https://manlybattery.com/battery-tariffs"", ""https://manlybattery.com/battery-tariffs""]",complementary_or_no_conflict,complementary_or_no_conflict,model_review_provisional,False,,,,,,,
conflict_d4fe7b6e7be3522b83627fca,"[""claim_04bc8e24cf5f1d98dc062615"", ""claim_ad6a823271f7e74c8a91684c""]","[""q_140""]",different_products_origins_or_programs,"Claim 1 addresses de minimis exemptions for packages under $800 from China, while Claim 2 lists upstream battery materials (cathodes, anodes, etc.) without specifying the tariff mechanism or origin context; they address different aspects of a policy.",False,local_Qwen_scope_review_not_manual_verification,False,"[""https://manlybattery.com/battery-tariffs"", ""https://manlybattery.com/battery-tariffs""]",different_products_origins_or_programs,different_products_origins_or_programs,model_review_provisional,False,,,,,,,
conflict_59666e336ece0cd58f984732,"[""claim_04853cc6a0188f55f6d0e175"", ""claim_48ccb3cab78042423847ea3a""]","[""q_144""]",apparent_same_scope_conflict,"Both claims cite HTSUS subheadings for aluminum foil but list conflicting codes: Claim 1 includes 7607.11.6000 while Claim 2 lists 7607.11.6090 for the same product scope, creating a direct contradiction in classification.",True,local_Qwen_scope_review_not_manual_verification,False,"[""https://www.federalregister.gov/documents/2023/10/02/2023-21653/certain-aluminum-foil-from-the-peoples-republic-of-china-continuation-of-antidumping-and"", ""https://content.govdelivery.com/accounts/USDHSCBP/bulletins/2a75b2c""]",apparent_same_scope_conflict,apparent_same_scope_conflict,model_review_provisional,False,,,,,,,
conflict_8cd079d6a3405d7b461e7c2e,"[""claim_1fde0113c49851106611218b"", ""claim_dd2cb3423f689d5e87535cf4""]","[""q_148""]",different_products_origins_or_programs,"Claim 1 refers to 'battery parts' generally, whereas Claim 2 specifies 'lithium ion EV batteries'; while rates are identical, the product scope differs.",False,local_Qwen_scope_review_not_manual_verification,False,"[""https://www.youtube.com/watch?v=MFT-KOrTJOo"", ""https://www.youtube.com/watch?v=MFT-KOrTJOo""]",different_products_origins_or_programs,different_products_origins_or_programs,model_review_provisional,False,,,,,,,
conflict_8c950466ea8de592056b0d7b,"[""claim_094455516e5c6de27b068c9b"", ""claim_1ce853bb7ec29184c5ff250b""]","[""q_149""]",different_products_origins_or_programs,"Claim 1 describes machines for aligning/adhering silicon ingots, while Claim 2 describes diamond wire saws; both share HTS 8486.10.0000 but describe distinct manufacturing equipment.",False,local_Qwen_scope_review_not_manual_verification,False,"[""https://ustr.gov/sites/default/files/Section%20301%20Modifications%20Determination%20FRN%20(Sept%2012%202024)%20(FINAL).pdf"", ""https://www.federalregister.gov/documents/2024/09/18/2024-21217/notice-of-modification-chinas-acts-policies-and-practices-related-to-technology-transfer""]",different_products_origins_or_programs,different_products_origins_or_programs,model_review_provisional,False,,,,,,,
conflict_7baae0a4aa4ccdd1468a6584,"[""claim_2ab61f7a21621289c263dbd3"", ""claim_2d2b9ee759ad0e43f08f7c75""]","[""q_149""]",complementary_or_no_conflict,"Claim 1 establishes the process for exclusions under heading 9903.88.02, and Claim 2 details the specific determination that duties do not apply to certain products of China under that same framework; they are consistent procedural steps.",False,local_Qwen_scope_review_not_manual_verification,False,"[""https://ustr.gov/sites/default/files/Section%20301%20Modifications%20Determination%20FRN%20(Sept%2012%202024)%20(FINAL).pdf"", ""https://ustr.gov/sites/default/files/Section%20301%20Modifications%20Determination%20FRN%20(Sept%2012%202024)%20(FINAL).pdf""]",complementary_or_no_conflict,complementary_or_no_conflict,model_review_provisional,False,,,,,,,
conflict_49ca2d9c9f452f0213620213,"[""claim_037023c4288b85a36ba166e2"", ""claim_c6fce8e77a05612154c22bc4""]","[""q_152""]",apparent_same_scope_conflict,"Claim 1 states magnets are exempt by omission, while Claim 2 explicitly states NdFeB and SmCo magnets are not included in exemptions and will face tariffs; these claims contradict regarding the tariff status of magnets.",True,local_Qwen_scope_review_not_manual_verification,False,"[""https://www.adamasintel.com/us-reciprocal-tariffs-to-hit-rare-earth-magnets-upstream-products-exempt"", ""https://www.adamasintel.com/us-reciprocal-tariffs-to-hit-rare-earth-magnets-upstream-products-exempt""]",apparent_same_scope_conflict,apparent_same_scope_conflict,model_review_provisional,False,,,,,,,
conflict_ecd9d03855af8b5e5dd6b118,"[""claim_037023c4288b85a36ba166e2"", ""claim_9d0c30c09bf3d9c28c224363""]","[""q_152""]",different_products_origins_or_programs,"Claim 1 discusses exemptions for specific products (magnets) under a reciprocal tariff program, while Claim 2 establishes a general 10% rate for all countries; they address different scopes (specific exemption vs. general baseline).",False,local_Qwen_scope_review_not_manual_verification,False,"[""https://www.adamasintel.com/us-reciprocal-tariffs-to-hit-rare-earth-magnets-upstream-products-exempt"", ""https://www.adamasintel.com/us-reciprocal-tariffs-to-hit-rare-earth-magnets-upstream-products-exempt""]",different_products_origins_or_programs,different_products_origins_or_programs,model_review_provisional,False,,,,,,,
conflict_2cd4a7f68d3f4f9b21a1d823,"[""claim_9d0c30c09bf3d9c28c224363"", ""claim_c6fce8e77a05612154c22bc4""]","[""q_152""]",different_products_origins_or_programs,"Claim 2 establishes a general 10% tariff effective April 5, 2025, while Claim 1 discusses specific exemptions for rare earth products; the claims address different scopes (general rate vs. specific exclusions).",False,local_Qwen_scope_review_not_manual_verification,False,"[""https://www.adamasintel.com/us-reciprocal-tariffs-to-hit-rare-earth-magnets-upstream-products-exempt"", ""https://www.adamasintel.com/us-reciprocal-tariffs-to-hit-rare-earth-magnets-upstream-products-exempt""]",different_products_origins_or_programs,different_products_origins_or_programs,model_review_provisional,False,,,,,,,
conflict_4cc337c892b63af539f46e27,"[""claim_36f68853e2be5e56fed5cea8"", ""claim_6c3f60733655cbc875361060""]","[""q_153""]",apparent_same_scope_conflict,"Claim 1 asserts a firm +25% tariff on magnets effective 1/1/2026, while Claim 2 states sintered NdFeB magnets were explicitly excluded from Executive Tariffs; these claims contradict regarding the applicability of tariffs to specific magnets.",True,local_Qwen_scope_review_not_manual_verification,False,"[""https://www.duramag.com/techtalk/magnet-news/understanding-the-2026-section-301-tariffs-on-permanent-magnets-what-the-market-needs-to-know"", ""https://www.duramag.com/techtalk/magnet-news/understanding-the-2026-section-301-tariffs-on-permanent-magnets-what-the-market-needs-to-know""]",apparent_same_scope_conflict,apparent_same_scope_conflict,model_review_provisional,False,,,,,,,
conflict_1abddeeaef71a7960b9f40e3,"[""claim_2e95a57d21722a23a499a394"", ""claim_fb797d05d19da081fa853c3d""]","[""q_154""]",complementary_or_no_conflict,"Claim 1 explains the impact of an additional 25% tariff on commercial magnets, and Claim 2 confirms the specific +25% rate for magnets effective 1/1/2026; they are consistent in stating the rate and timing.",False,local_Qwen_scope_review_not_manual_verification,False,"[""https://www.duramag.com/techtalk/magnet-news/understanding-the-2026-section-301-tariffs-on-permanent-magnets-what-the-market-needs-to-know"", ""https://www.duramag.com/techtalk/magnet-news/understanding-the-2026-section-301-tariffs-on-permanent-magnets-what-the-market-needs-to-know""]",complementary_or_no_conflict,complementary_or_no_conflict,model_review_provisional,False,,,,,,,
conflict_5fc3e55ae6c5270836f3dd02,"[""claim_30d66b2753d1901940017600"", ""claim_425690d5f290c41a2334dfa1""]","[""q_155""]",different_products_origins_or_programs,"Claims describe different sets of restricted minerals (gallium, germanium, antimony, graphite vs. tungsten, tellurium, bismuth, indium, molybdenum) and lack a shared effective date in the text to establish incompatibility.",False,local_Qwen_scope_review_not_manual_verification,False,"[""https://economics.td.com/us-trade-critical-minerals"", ""https://techpolicy.press/trumps-tariffs-are-harming-us-critical-mineral-supply-chains""]",different_products_origins_or_programs,different_products_origins_or_programs,model_review_provisional,False,,,,,,,
conflict_2825581399d59ed1c3d03dfb,"[""claim_5869bc6451f0a068ed546a05"", ""claim_776a5a4814db38fcd02d34f8""]","[""q_155""]",complementary_or_no_conflict,Deterministic exact normalized quotation identity; current applicability remains unverified.,False,local_Qwen_scope_review_not_manual_verification,False,"[""https://economics.td.com/us-trade-critical-minerals"", ""https://economics.td.com/us-trade-critical-minerals""]",different_dates_or_policy_stages,different_dates_or_policy_stages,exact_quote_identity_check,False,,,,,,,
conflict_d812ba9a7f058f0a65f30f98,"[""claim_61367a74593fc2d7c0972a1d"", ""claim_6bc4755c63e3c9653d0a1481""]","[""q_155""]",different_products_origins_or_programs,"One claim refers to a 10% tariff on Chinese goods in February, while the other details a specific April 2, 2025 program with varying rates (35% for China, 10% for others), representing distinct policy stages or scopes.",False,local_Qwen_scope_review_not_manual_verification,False,"[""https://www.cfr.org/articles/us-critical-minerals-dilemma-what-know"", ""https://techpolicy.press/trumps-tariffs-are-harming-us-critical-mineral-supply-chains""]",different_products_origins_or_programs,different_products_origins_or_programs,model_review_provisional,False,,,,,,,
conflict_8cc6455b10efe95d3ea42d13,"[""claim_0af0eec1652d261deea40549"", ""claim_3730f1b64c2335f057b01a6f""]","[""q_156""]",complementary_or_no_conflict,"Both claims originate from the same source and date (July 24, 2026); one states Taiwan is at 10%, while the other confirms this alongside new rates for China, Thailand, and Vietnam.",False,local_Qwen_scope_review_not_manual_verification,False,"[""https://www.mclpcb.com/blog/important-tariff-update"", ""https://www.mclpcb.com/blog/important-tariff-update""]",complementary_or_no_conflict,complementary_or_no_conflict,model_review_provisional,False,,,,,,,
conflict_bdb1d33f1c4fe9ffe6d4101d,"[""claim_3730f1b64c2335f057b01a6f"", ""claim_37de17ae58010a5e737ab437""]","[""q_156""]",complementary_or_no_conflict,"Both claims address 2L and 4L FR-4 PCBs from China with a resulting duty of 12.5%, though one attributes it to a specific Section 301 calculation and the other to general U.S. PCB tariff rates.",False,local_Qwen_scope_review_not_manual_verification,False,"[""https://www.mclpcb.com/blog/important-tariff-update"", ""https://www.sunshinepcbgroup.com/resources/tariff-rates""]",complementary_or_no_conflict,complementary_or_no_conflict,model_review_provisional,False,,,,,,,
conflict_8d360fb03a35b17a5b366f44,"[""claim_3730f1b64c2335f057b01a6f"", ""claim_41b60d62f8f7cabbdfa56ee0""]","[""q_156""]",apparent_same_scope_conflict,"Claims contradict on the duty rate for 2- and 4-layer rigid PCBs from China, citing 12.5% in one instance and 125% in the other for the same product and effective date.",True,local_Qwen_scope_review_not_manual_verification,False,"[""https://www.mclpcb.com/blog/important-tariff-update"", ""https://www.mclpcb.com/blog/important-tariff-update""]",apparent_same_scope_conflict,apparent_same_scope_conflict,model_review_provisional,False,,,,,,,
conflict_676cf3ce8f58b09d096c5891,"[""claim_37de17ae58010a5e737ab437"", ""claim_41b60d62f8f7cabbdfa56ee0""]","[""q_156""]",apparent_same_scope_conflict,"Claims contradict on the duty rate for 2L and 4L FR-4 PCBs from China, citing a total of 12.5% in one instance and 125% in the other.",True,local_Qwen_scope_review_not_manual_verification,False,"[""https://www.sunshinepcbgroup.com/resources/tariff-rates"", ""https://www.mclpcb.com/blog/important-tariff-update""]",apparent_same_scope_conflict,apparent_same_scope_conflict,model_review_provisional,False,,,,,,,
conflict_0e7c1508c125b4fd86af999e,"[""claim_9913e94372cbed7a84caf8b3"", ""claim_d1db7eda41a0a5387880f59b""]","[""q_156""]",different_dates_or_policy_stages,"One claim references a general tariff implementation in April 2025, while the other specifies a detailed interim deal with rates effective May 14, 2025, suggesting a timeline progression.",False,local_Qwen_scope_review_not_manual_verification,False,"[""https://www.icape-group.com/pcb-tariff-information"", ""https://www.icape-group.com/pcb-tariff-information""]",different_dates_or_policy_stages,different_dates_or_policy_stages,model_review_provisional,False,,,,,,,
conflict_1ff8b45f553fc9c5051807bc,"[""claim_c5abe13683506282c371019f"", ""claim_d1db7eda41a0a5387880f59b""]","[""q_156""]",complementary_or_no_conflict,"The claims are consistent; one specifies a 55% rate for single-sided PCBs, which aligns with the other claim's '55% other' category for non-DS/4Layer products.",False,local_Qwen_scope_review_not_manual_verification,False,"[""https://www.icape-group.com/pcb-tariff-information"", ""https://www.icape-group.com/pcb-tariff-information""]",complementary_or_no_conflict,complementary_or_no_conflict,model_review_provisional,False,,,,,,,
conflict_0fd5ddda0b8f459075f9771a,"[""claim_1aac89febd49a591bee51071"", ""claim_520387f61c7275e8fe6ed93b""]","[""q_157""]",apparent_same_scope_conflict,"Claims contradict on the duty rate for bare PCBs from China under HTS 8534.00.0040, citing 'free' in one instance and '25 percent ad valorem' in the other.",True,local_Qwen_scope_review_not_manual_verification,False,"[""https://www.queenems.com/blog/pcb-tariff-china-2026-how-to-reduce-import-duties-by-70"", ""https://www.customsmobile.com/rulings/docview?doc_id=NY+N336087&highlight=8534.00.00%2A""]",apparent_same_scope_conflict,apparent_same_scope_conflict,model_review_provisional,False,,,,,,,
conflict_da640e03865ad6b42fb8c7ff,"[""claim_520387f61c7275e8fe6ed93b"", ""claim_f9391f81e19c65695cda55f5""]","[""q_157""]",different_products_origins_or_programs,"Claim 1 cites a specific Section 301 ruling for unpopulated PCBs with a 25% duty rate, while Claim 2 provides a general classification statement for bare PCBs under HTS 8534 as duty-free. The claims differ in scope (specific ruling vs. general heading) and program application (Section 301 specific vs. base tariff), making them non-contradictory.",False,local_Qwen_scope_review_not_manual_verification,False,"[""https://www.customsmobile.com/rulings/docview?doc_id=NY+N336087&highlight=8534.00.00%2A"", ""https://www.gaiadynamics.ai/hs-code-lookup/us/printed-circuit-board""]",different_products_origins_or_programs,different_products_origins_or_programs,model_review_provisional,False,,,,,,,
conflict_c90eaebcfbc236fb1cb1b7ac,"[""claim_07e2ab418abcaf378a5b6f81"", ""claim_9fcfae8a48fedb34512a2b1a""]","[""q_159""]",apparent_same_scope_conflict,"Claim 1 states a 25% Section 301 tariff applies to China-origin PCBs, whereas Claim 2 asserts an additional 20% duty effective March 4, 2025. The claims present conflicting duty rates (25% vs. 20%) for the same product origin and category without clarifying if they are cumulative or alternative measures.",True,local_Qwen_scope_review_not_manual_verification,False,"[""https://www.ourpcb.com/blog/china-us-pcb-tariffs-2026"", ""https://www.linkedin.com/posts/greg-papandrew-5025834_%F0%9D%97%A7%F0%9D%97%94%F0%9D%97%A5%F0%9D%97%9C%F0%9D%97%99%F0%9D%97%99-%F0%9D%97%A8%F0%9D%97%A3%F0%9D%97%97%F0%9D%97%94%F0%9D%97%A7%F0%9D%97%98-%F0%9D%97%A6%F0%9D%97%A2%F0%9D%97%9F%F0%9D%97%A8%F0%9D%97%A7%F0%9D%97%9C%F0%9D%97%A2%F0%9D%97%A1-activity-7302659128592617473-FCFp""]",apparent_same_scope_conflict,apparent_same_scope_conflict,model_review_provisional,False,,,,,,,
conflict_54894c18062076dddcf6be69,"[""claim_02c31f868d0d1e19390a1848"", ""claim_2708cb9a3703e8a250d16a0a""]","[""q_160""]",apparent_same_scope_conflict,"Claim 1 attributes a 15% duty rate to Korean automotive imports under Section 232, while Claim 2 states a 25% rate applies to auto parts from countries without trade agreements. The claims conflict on the specific rate applied to Korean automotive products.",True,local_Qwen_scope_review_not_manual_verification,False,"[""https://keia.org/analysis/tariffs-on-korean-imports-implications-for-u-s-manufacturing-and-investment"", ""https://ustariffrates.com/import/auto-parts/from/south-korea""]",apparent_same_scope_conflict,apparent_same_scope_conflict,model_review_provisional,False,,,,,,,
conflict_6a3c96165644ea0b23c1aaf1,"[""claim_2708cb9a3703e8a250d16a0a"", ""claim_370508071b9b2675ba4f87cb""]","[""q_160""]",complementary_or_no_conflict,"Claim 2 states a general 25% rate for auto parts from non-agreement countries, while Claim 1 specifies a reduced 15% rate for Korean products (implying an agreement or specific reduction). The claims are compatible as one describes a general rule and the other a specific exception or reduction.",False,local_Qwen_scope_review_not_manual_verification,False,"[""https://ustariffrates.com/import/auto-parts/from/south-korea"", ""https://keia.org/analysis/tariffs-on-korean-imports-implications-for-u-s-manufacturing-and-investment""]",complementary_or_no_conflict,complementary_or_no_conflict,model_review_provisional,False,,,,,,,
conflict_9cf7ee9ed754a169708318eb,"[""claim_02c31f868d0d1e19390a1848"", ""claim_f322cd52b92257bbd9f3c36b""]","[""q_160""]",different_products_origins_or_programs,"Claim 1 refers to Section 232 tariffs on Korean automotive imports at 15%, while Claim 2 describes a general range of 0% to 6% for auto parts from South Korea. The claims differ in scope (specific tariff program vs. general duty rates) and do not necessarily contradict.",False,local_Qwen_scope_review_not_manual_verification,False,"[""https://keia.org/analysis/tariffs-on-korean-imports-implications-for-u-s-manufacturing-and-investment"", ""https://ustariffrates.com/import/auto-parts/from/south-korea""]",different_products_origins_or_programs,different_products_origins_or_programs,model_review_provisional,False,,,,,,,
conflict_e2a128123eeea468694a386e,"[""claim_00427a56e30008a6fb64ebda"", ""claim_9e36cf7b5e28d5bda059b0b9""]","[""q_164""]",different_dates_or_policy_stages,"Claim 1 describes a conditional expiry of an exemption at the end of May (relative to March 2025), while Claim 2 states exclusions have been extended through November 10, 2026. These represent different stages of policy progression (expiry vs. extension) rather than a direct conflict.",False,local_Qwen_scope_review_not_manual_verification,False,"[""https://www.linkedin.com/posts/greg-papandrew-5025834_%F0%9D%97%A7%F0%9D%97%94%F0%9D%97%A5%F0%9D%97%9C%F0%9D%97%99%F0%9D%97%99-%F0%9D%97%A8%F0%9D%97%A3%F0%9D%97%97%F0%9D%97%94%F0%9D%97%A7%F0%9D%97%98-%F0%9D%97%A6%F0%9D%97%A2%F0%9D%97%9F%F0%9D%97%A8%F0%9D%97%A7%F0%9D%97%9C%F0%9D%97%A2%F0%9D%97%A1-activity-7302659128592617473-FCFp"", ""https://www.bestfpc.com/news/the-ultimate-guide-to-flex-pcb-pricing-in-2026.html""]",different_dates_or_policy_stages,different_dates_or_policy_stages,model_review_provisional,False,,,,,,,
conflict_0c11ea23325e08d306b0743d,"[""claim_00427a56e30008a6fb64ebda"", ""claim_c64b0d138f4c8069736baad7""]","[""q_164""]",different_dates_or_policy_stages,"The older social post says expiration at the end of May unless renewed; the later vendor page reports extension through November 10, 2026. A conditional expiry and reported renewal are compatible. Neither cached source verifies the precise current exclusion scope; verify the official notice before applying.",False,assistant_direct_source_context_review,False,"[""https://www.linkedin.com/posts/greg-papandrew-5025834_%F0%9D%97%A7%F0%9D%97%94%F0%9D%97%A5%F0%9D%97%9C%F0%9D%97%99%F0%9D%97%99-%F0%9D%97%A8%F0%9D%97%A3%F0%9D%97%97%F0%9D%97%94%F0%9D%97%A7%F0%9D%97%98-%F0%9D%97%A6%F0%9D%97%A2%F0%9D%97%9F%F0%9D%97%A8%F0%9D%97%A7%F0%9D%97%9C%F0%9D%97%A2%F0%9D%97%A1-activity-7302659128592617473-FCFp"", ""https://www.bestfpc.com/news/the-ultimate-guide-to-flex-pcb-pricing-in-2026.html""]",apparent_same_scope_conflict,different_dates_or_policy_stages,manual_cached_context_review,False,pcbs_and_electronics,MC06,assistant_direct_source_context_review,True,not_established,False,True
conflict_f710ecac9828aef50eb3ab75,"[""claim_00427a56e30008a6fb64ebda"", ""claim_d8d09b08d816b3b378d7df3f""]","[""q_164""]",different_dates_or_policy_stages,"Claim 1 outlines a conditional expiry at the end of May, while Claim 2 confirms an extension through November 10, 2026. The claims are compatible as they describe the lifecycle of the exemption from potential expiry to confirmed extension.",False,local_Qwen_scope_review_not_manual_verification,False,"[""https://www.linkedin.com/posts/greg-papandrew-5025834_%F0%9D%97%A7%F0%9D%97%94%F0%9D%97%A5%F0%9D%97%9C%F0%9D%97%99%F0%9D%97%99-%F0%9D%97%A8%F0%9D%97%A3%F0%9D%97%97%F0%9D%97%94%F0%9D%97%A7%F0%9D%97%98-%F0%9D%97%A6%F0%9D%97%A2%F0%9D%97%9F%F0%9D%97%A8%F0%9D%97%A7%F0%9D%97%9C%F0%9D%97%A2%F0%9D%97%A1-activity-7302659128592617473-FCFp"", ""https://www.bestfpc.com/news/the-ultimate-guide-to-flex-pcb-pricing-in-2026.html""]",different_dates_or_policy_stages,different_dates_or_policy_stages,model_review_provisional,False,,,,,,,
conflict_1865a6fe270b72dd3fc143c8,"[""claim_8361c7f7ee41012c3797def1"", ""claim_9e36cf7b5e28d5bda059b0b9""]","[""q_164""]",different_dates_or_policy_stages,"Claim 1 states a conditional expiry at the end of May, while Claim 2 confirms an extension through November 10, 2026. The claims reflect different policy stages (expiry vs. extension) rather than a contradiction.",False,local_Qwen_scope_review_not_manual_verification,False,"[""https://www.linkedin.com/posts/greg-papandrew-5025834_%F0%9D%97%A7%F0%9D%97%94%F0%9D%97%A5%F0%9D%97%9C%F0%9D%97%99%F0%9D%97%99-%F0%9D%97%A8%F0%9D%97%A3%F0%9D%97%97%F0%9D%97%94%F0%9D%97%A7%F0%9D%97%98-%F0%9D%97%A6%F0%9D%97%A2%F0%9D%97%9F%F0%9D%97%A8%F0%9D%97%A7%F0%9D%97%9C%F0%9D%97%A2%F0%9D%97%A1-activity-7302659128592617473-FCFp"", ""https://www.bestfpc.com/news/the-ultimate-guide-to-flex-pcb-pricing-in-2026.html""]",different_dates_or_policy_stages,different_dates_or_policy_stages,model_review_provisional,False,,,,,,,
conflict_51356ee5ed8cb64f074f9381,"[""claim_8361c7f7ee41012c3797def1"", ""claim_c64b0d138f4c8069736baad7""]","[""q_164""]",different_dates_or_policy_stages,"Claim 1 describes a conditional expiry at the end of May, while Claim 2 confirms an extension through November 10, 2026. The claims are consistent as they represent a sequence where the initial expiry was followed by an extension.",False,local_Qwen_scope_review_not_manual_verification,False,"[""https://www.linkedin.com/posts/greg-papandrew-5025834_%F0%9D%97%A7%F0%9D%97%94%F0%9D%97%A5%F0%9D%97%9C%F0%9D%97%99%F0%9D%97%99-%F0%9D%97%A8%F0%9D%97%A3%F0%9D%97%97%F0%9D%97%94%F0%9D%97%A7%F0%9D%97%98-%F0%9D%97%A6%F0%9D%97%A2%F0%9D%97%9F%F0%9D%97%A8%F0%9D%97%A7%F0%9D%97%9C%F0%9D%97%A2%F0%9D%97%A1-activity-7302659128592617473-FCFp"", ""https://www.bestfpc.com/news/the-ultimate-guide-to-flex-pcb-pricing-in-2026.html""]",different_dates_or_policy_stages,different_dates_or_policy_stages,model_review_provisional,False,,,,,,,
conflict_cd0177d1250b0d1f718ce166,"[""claim_8361c7f7ee41012c3797def1"", ""claim_d8d09b08d816b3b378d7df3f""]","[""q_164""]",different_dates_or_policy_stages,"Claim 1 states an exemption expires end of May (conditional on non-renewal), while Claim 2 states an extension through November 2026. These represent a conditional expiry and a subsequent renewal/extension, which are compatible policy stages rather than a direct conflict.",True,local_Qwen_scope_review_not_manual_verification,False,"[""https://www.linkedin.com/posts/greg-papandrew-5025834_%F0%9D%97%A7%F0%9D%97%94%F0%9D%97%A5%F0%9D%97%9C%F0%9D%97%99%F0%9D%97%99-%F0%9D%97%A8%F0%9D%97%A3%F0%9D%97%97%F0%9D%97%94%F0%9D%97%A7%F0%9D%97%98-%F0%9D%97%A6%F0%9D%97%A2%F0%9D%97%9F%F0%9D%97%A8%F0%9D%97%A7%F0%9D%97%9C%F0%9D%97%A2%F0%9D%97%A1-activity-7302659128592617473-FCFp"", ""https://www.bestfpc.com/news/the-ultimate-guide-to-flex-pcb-pricing-in-2026.html""]",different_dates_or_policy_stages,different_dates_or_policy_stages,model_review_provisional,False,,,,,,,
conflict_50314181e34eacb95c9fb6a7,"[""claim_588525d31ec109613755a8b6"", ""claim_ae316680d31d83cc1aff89e3""]","[""q_164""]",different_products_origins_or_programs,"Claim 1 specifies a 25% Section 301 tariff for flex/non-FR4 PCBs (no exemption) plus a 10% IEEPA tariff, whereas Claim 2 asserts a blanket 20% duty on all Chinese PCBs effective March 2025. The programs (Section 301/IEEPA vs. unspecified 20% duty), rates, and scope differ.",True,local_Qwen_scope_review_not_manual_verification,False,"[""https://www.bestfpc.com/news/the-ultimate-guide-to-flex-pcb-pricing-in-2026.html"", ""https://www.linkedin.com/posts/greg-papandrew-5025834_%F0%9D%97%A7%F0%9D%97%94%F0%9D%97%A5%F0%9D%97%9C%F0%9D%97%99%F0%9D%97%99-%F0%9D%97%A8%F0%9D%97%A3%F0%9D%97%97%F0%9D%97%94%F0%9D%97%A7%F0%9D%97%98-%F0%9D%97%A6%F0%9D%97%A2%F0%9D%97%9F%F0%9D%97%A8%F0%9D%97%A7%F0%9D%97%9C%F0%9D%97%A2%F0%9D%97%A1-activity-7302659128592617473-FCFp""]",different_products_origins_or_programs,different_products_origins_or_programs,model_review_provisional,False,,,,,,,
conflict_a9de3c499ef41fe841d5d4df,"[""claim_aa0a2b18dc458e27aa90fc4d"", ""claim_ae316680d31d83cc1aff89e3""]","[""q_164""]",different_products_origins_or_programs,"Claim 1 describes a 25% Section 301 tariff plus 10% IEEPA for specific PCB types, while Claim 2 asserts a uniform 20% duty on all Chinese PCBs. The tariff programs and rates are distinct.",True,local_Qwen_scope_review_not_manual_verification,False,"[""https://www.bestfpc.com/news/the-ultimate-guide-to-flex-pcb-pricing-in-2026.html"", ""https://www.linkedin.com/posts/greg-papandrew-5025834_%F0%9D%97%A7%F0%9D%97%94%F0%9D%97%A5%F0%9D%97%9C%F0%9D%97%99%F0%9D%97%99-%F0%9D%97%A8%F0%9D%97%A3%F0%9D%97%97%F0%9D%97%94%F0%9D%97%A7%F0%9D%97%98-%F0%9D%97%A6%F0%9D%97%A2%F0%9D%97%9F%F0%9D%97%A8%F0%9D%97%A7%F0%9D%97%9C%F0%9D%97%A2%F0%9D%97%A1-activity-7302659128592617473-FCFp""]",different_products_origins_or_programs,different_products_origins_or_programs,model_review_provisional,False,,,,,,,
conflict_d446725c77e588638b0ca532,"[""claim_0000c077fce6295378000a0b"", ""claim_36785787fdf226e5c814581d""]","[""q_165""]",apparent_same_scope_conflict,"Claim 1 states a 10% universal tariff applies to most goods, while Claim 2 explicitly states there are no U.S. tariffs on PCB imports specifically. These claims contradict regarding the existence of a specific tariff for the product category.",True,local_Qwen_scope_review_not_manual_verification,False,"[""https://emsginc.com/resources/how-tariffs-are-affecting-the-pcb-circuit-board-industry"", ""https://emsginc.com/resources/how-tariffs-are-affecting-the-pcb-circuit-board-industry""]",apparent_same_scope_conflict,apparent_same_scope_conflict,model_review_provisional,False,,,,,,,
conflict_c3e38f5cd14cd4627342821f,"[""claim_36785787fdf226e5c814581d"", ""claim_f3674f104e3b68976491740a""]","[""q_165""]",apparent_same_scope_conflict,"Claim 1 states there are no U.S. tariffs on PCB imports, while Claim 2 lists a 55% duty rate for Flexible PCBs under an updated tariff program. These claims are incompatible regarding the existence and rate of duties.",True,local_Qwen_scope_review_not_manual_verification,False,"[""https://emsginc.com/resources/how-tariffs-are-affecting-the-pcb-circuit-board-industry"", ""https://www.icape-group.com/pcb-tariff-information""]",apparent_same_scope_conflict,apparent_same_scope_conflict,model_review_provisional,False,,,,,,,
conflict_246faa06f735953bf785c839,"[""claim_1681c3c9e0a1715fda77d8aa"", ""claim_40dfab1bd9b5468535413704""]","[""q_166""]",apparent_same_scope_conflict,"Claim 1 describes a total effective tariff of approximately 35% (25% Section 301 + 10% IEEPA) for flex/rigid-flex PCBs, while Claim 2 lists a single 55% duty rate for Flexible PCBs. The rates and program structures differ significantly.",True,local_Qwen_scope_review_not_manual_verification,False,"[""https://www.bestfpc.com/news/the-ultimate-guide-to-flex-pcb-pricing-in-2026.html"", ""https://www.icape-group.com/pcb-tariff-information""]",apparent_same_scope_conflict,apparent_same_scope_conflict,model_review_provisional,False,,,,,,,
conflict_effe07ae1739c8142d8f67e1,"[""claim_21afb38dbc8a2deb81855cb2"", ""claim_40dfab1bd9b5468535413704""]","[""q_166""]",apparent_same_scope_conflict,"Claim 1 states a 25% Section 301 tariff for flex/non-FR4 PCBs, while Claim 2 lists a 55% duty rate for Flexible PCBs. The rates and applicable programs are contradictory.",True,local_Qwen_scope_review_not_manual_verification,False,"[""https://www.bestfpc.com/news/the-ultimate-guide-to-flex-pcb-pricing-in-2026.html"", ""https://www.icape-group.com/pcb-tariff-information""]",apparent_same_scope_conflict,apparent_same_scope_conflict,model_review_provisional,False,,,,,,,
conflict_982346ecc00e499d7dd34018,"[""claim_794b9cf091048dcf39e6423f"", ""claim_ab79e0ce6a25e948f546ab12""]","[""q_168""]",complementary_or_no_conflict,"Claim 1 establishes a provisional anti-dumping duty on Copper Clad Laminates, while Claim 2 provides specific exporter rates (Doosan at 26.67%) within that same proceeding. The claims are consistent and complementary.",False,local_Qwen_scope_review_not_manual_verification,False,"[""https://dgtr.gov.in/sites/default/files/2024-06/PreliminaryFindings_14.pdf"", ""https://dgtr.gov.in/sites/default/files/2024-06/PreliminaryFindings_14.pdf""]",complementary_or_no_conflict,complementary_or_no_conflict,model_review_provisional,False,,,,,,,
conflict_df41aa8d1b82b59a5ece55aa,"[""claim_ab79e0ce6a25e948f546ab12"", ""claim_ffe1c430f02e2d0110b68197""]","[""q_168""]",apparent_same_scope_conflict,"Claim 1 lists a duty rate of 26.67% for M/s DOOSAN Corporation, while Claim 2 lists 29.49% for the same entity (M/s DOOSAN Corp) in the same document context. The rates are numerically incompatible.",True,local_Qwen_scope_review_not_manual_verification,False,"[""https://dgtr.gov.in/sites/default/files/2024-06/PreliminaryFindings_14.pdf"", ""https://dgtr.gov.in/sites/default/files/2024-06/PreliminaryFindings_14.pdf""]",apparent_same_scope_conflict,apparent_same_scope_conflict,model_review_provisional,False,,,,,,,
conflict_117fe0bdb55a7979312eb051,"[""claim_63485d49ff19f3c892b3cd84"", ""claim_e8be1d0e7592c57a409e1966""]","[""q_177""]",different_products_origins_or_programs,"Claim 1 discusses a specific 45% tariff on Chinese windshield wipers effective May 3, while Claim 2 lists general levy rates for countries (China 34%, EU 20%) announced in April. The products and specific effective dates/rates differ.",True,local_Qwen_scope_review_not_manual_verification,False,"[""https://www.asashop.org/2025/04/04/understanding-the-new-tariffs-and-their-potential-impact-on-auto-repairers"", ""https://www.asashop.org/2025/04/04/understanding-the-new-tariffs-and-their-potential-impact-on-auto-repairers""]",different_products_origins_or_programs,different_products_origins_or_programs,model_review_provisional,False,,,,,,,
conflict_9b3d8bafd4b4589696a468db,"[""claim_1814f1486ad1db5ee5a4fb75"", ""claim_4dfcf864b7bd49a740be88ae""]","[""q_179""]",apparent_same_scope_conflict,"Claim 1 states PCBA components assembled in the US result in substantial transformation, while Claim 2 states final assembly in China does not change name, character, or use. These present contradictory conclusions on the same product (PCBA) and process (assembly) regarding origin determination.",True,local_Qwen_scope_review_not_manual_verification,False,"[""https://rulings.cbp.gov/ruling/735306"", ""https://www.regulations.gov/document/USCBP-2024-0016-0001""]",apparent_same_scope_conflict,apparent_same_scope_conflict,model_review_provisional,False,,,,,,,
conflict_e60e68bdbfa7599973b821c2,"[""claim_30ff734629c86cf97ece229a"", ""claim_5d8dfce2aaa61030f4c7a55f""]","[""q_181""]",apparent_same_scope_conflict,"Claim 1 asserts a 25% tariff rate for automobiles under Section 232 effective in 2025, whereas Claim 2 states the duty rate is currently 15% for cars from specific regions and remains in force. The rates (25% vs 15%) and scope (all imports vs specific regions) conflict.",True,local_Qwen_scope_review_not_manual_verification,False,"[""https://www.congress.gov/crs-product/IN12545"", ""https://www.kbb.com/tariffs""]",apparent_same_scope_conflict,apparent_same_scope_conflict,model_review_provisional,False,,,,,,,
conflict_3ea8a5f4da0f5b37dee7498f,"[""claim_30ff734629c86cf97ece229a"", ""claim_741a5f0bc51887e0963b841d""]","[""q_181""]",apparent_same_scope_conflict,"Claim 1 claims a 25% tariff on U.S. imports of automobiles and parts under Section 232 in 2025, while Claim 2 states auto imports from the EU, Japan, and South Korea face a 15% total. The duty rates (25% vs 15%) and scope (general vs specific regions) are incompatible.",True,local_Qwen_scope_review_not_manual_verification,False,"[""https://www.congress.gov/crs-product/IN12545"", ""https://www.congress.gov/crs-product/IN12545""]",apparent_same_scope_conflict,apparent_same_scope_conflict,model_review_provisional,False,,,,,,,
conflict_035cd4ff4930cadb8a6e79e7,"[""claim_5d8dfce2aaa61030f4c7a55f"", ""claim_b2a4e3acb2a0cc3fca8542db""]","[""q_181""]",apparent_same_scope_conflict,"Claim 1 states duties are now 15% on cars from Europe, South Korea, and Japan. Claim 2 announces a 25% tariff on all cars built outside the U.S. The rates (15% vs 25%) and scope (specific regions vs all foreign-built) contradict.",True,local_Qwen_scope_review_not_manual_verification,False,"[""https://www.kbb.com/tariffs"", ""https://www.kbb.com/tariffs""]",apparent_same_scope_conflict,apparent_same_scope_conflict,model_review_provisional,False,,,,,,,
conflict_12acddc47fb77d1d36a468b7,"[""claim_741a5f0bc51887e0963b841d"", ""claim_b2a4e3acb2a0cc3fca8542db""]","[""q_181""]",apparent_same_scope_conflict,"Claim 1 specifies a 15% total tariff for auto imports from the EU, Japan, and South Korea. Claim 2 announces a 25% tariff on all cars built outside the U.S. The rates (15% vs 25%) and scope (specific regions vs global) are incompatible.",True,local_Qwen_scope_review_not_manual_verification,False,"[""https://www.congress.gov/crs-product/IN12545"", ""https://www.kbb.com/tariffs""]",apparent_same_scope_conflict,apparent_same_scope_conflict,model_review_provisional,False,,,,,,,
conflict_31512eb7092ca0d71a8995da,"[""claim_4a1b64e798f18b7e3c03ca1c"", ""claim_a06f25609e7d6892f8808dfd""]","[""q_183""]",different_products_origins_or_programs,"Claim 1 classifies 'Automotive display modules without systems-on-chips' under HTSUS 8528.59.25xx, while Claim 2 classifies a '14-inch flexible LCD-based display module using OLED backlight technology' under HTS 8524.11.90.00. The products have different technical specifications (SoC presence, backlight type) leading to different classifications.",False,local_Qwen_scope_review_not_manual_verification,False,"[""https://omdia.tech.informa.com/om135783/display-dynamics--may-2025-us-automotive-tariff-analysis-and-its-impact-on-automotive-displays"", ""https://tariffs.wove.com/us/tariff/8524.11.90.00/14-inch-flexible-oled-lcd-hybrid-module""]",different_products_origins_or_programs,different_products_origins_or_programs,model_review_provisional,False,,,,,,,
conflict_a57780565482b2b948a1372f,"[""claim_c9b0d26f6115207615d607f3"", ""claim_f504c73b33d4e08c19fb865d""]","[""q_188""]",apparent_same_scope_conflict,"Claim 1 classifies a HUD under HTSUS subheading 8531.80.90 based on GRI rules, while Claim 2 reports an import of a Head Up Display under HS Code 85269190. The same product type is assigned to different tariff headings.",True,local_Qwen_scope_review_not_manual_verification,False,"[""https://www.tarifflens.ai/rulings/H304224"", ""https://www.zauba.com/import-head+up+display/hs-code-85269190-hs-code.html""]",apparent_same_scope_conflict,apparent_same_scope_conflict,model_review_provisional,False,,,,,,,
conflict_ab140e20a5db0fec29df840c,"[""claim_75699b58d4a4a2ba52a18d45"", ""claim_c285a022a64271a2eab3d11a""]","[""q_19"", ""q_307"", ""q_5""]",complementary_or_no_conflict,Deterministic exact normalized quotation identity; current applicability remains unverified.,False,local_Qwen_scope_review_not_manual_verification,False,"[""https://mobilitynotes.com/summary-of-ev-related-u-s-tariffs-on-chinese-imports"", ""https://mobilitynotes.com/summary-of-ev-related-u-s-tariffs-on-chinese-imports""]",complementary_or_no_conflict,complementary_or_no_conflict,exact_quote_identity_check,False,,,,,,,
conflict_154a5c554faf8f3955e50ac0,"[""claim_12b283d65114c014e5f15732"", ""claim_6edeba07cb0873e118bb5b78""]","[""q_192""]",apparent_same_scope_conflict,Claim 1 states an LCD display for auto/marine/industrial applications was classified in heading 8531. Claim 2 states a subject LCD display module is classified in heading 8528. The same product type (LCD display) is assigned to different headings.,True,local_Qwen_scope_review_not_manual_verification,False,"[""https://www.customsmobile.com/rulings/docview?doc_id=HQ+H325872&highlight=category%3AClassification"", ""https://www.customsmobile.com/rulings/docview?doc_id=HQ+H325872&highlight=category%3AClassification""]",apparent_same_scope_conflict,apparent_same_scope_conflict,model_review_provisional,False,,,,,,,
conflict_5c7693230239d1e702e5867f,"[""claim_6edeba07cb0873e118bb5b78"", ""claim_76ddf850e9a24897e7cfb519""]","[""q_192""]",apparent_same_scope_conflict,Claim 1 classifies an LCD display module in heading 8528. Claim 2 states CBP classified automotive LCD modules used as radio/message displays in heading 8531. The same product category is assigned to different headings.,True,local_Qwen_scope_review_not_manual_verification,False,"[""https://www.customsmobile.com/rulings/docview?doc_id=HQ+H325872&highlight=category%3AClassification"", ""https://www.customsmobile.com/rulings/docview?doc_id=HQ+H325872&highlight=category%3AClassification""]",apparent_same_scope_conflict,apparent_same_scope_conflict,model_review_provisional,False,,,,,,,
conflict_2af92e5cfac0fcb9a7288c7e,"[""claim_6edeba07cb0873e118bb5b78"", ""claim_d1fd8b73c4da9a6e55cf051d""]","[""q_192""]",different_products_origins_or_programs,"The ruling’s holding classifies its subject video-capable LCD module under 8528. The other passage cites the distinct December 2020 heads-up signaling-display ruling as a comparator under 8531. Product function differs. The signatory and CBP are not companies, and the current holding’s free general duty rate cannot be transferred to the comparator.",False,assistant_direct_source_context_review,False,"[""https://www.customsmobile.com/rulings/docview?doc_id=HQ+H325872&highlight=category%3AClassification"", ""https://www.customsmobile.com/rulings/docview?doc_id=HQ+H325872&highlight=category%3AClassification""]",apparent_same_scope_conflict,different_products_origins_or_programs,manual_cached_context_review,False,displays,MC07,assistant_direct_source_context_review,True,not_established,False,True
conflict_64e19311d182b544dd4d67bc,"[""claim_6edeba07cb0873e118bb5b78"", ""claim_ea27829fd6af40788cd129b9""]","[""q_192""]",different_products_origins_or_programs,"Claim 1 refers to a generic LCD display module classified under heading 8528, whereas Claim 2 specifically references NY N306705 classifying 'LCD indicator panels for automobiles' under heading 8531. The specific product descriptions and resulting classifications differ.",False,local_Qwen_scope_review_not_manual_verification,False,"[""https://www.customsmobile.com/rulings/docview?doc_id=HQ+H325872&highlight=category%3AClassification"", ""https://www.customsmobile.com/rulings/docview?doc_id=HQ+H325872&highlight=category%3AClassification""]",different_products_origins_or_programs,different_products_origins_or_programs,model_review_provisional,False,,,,,,,
conflict_5f7cd22dc07be6a4955bfea5,"[""claim_72f11023dc47220745f6b32e"", ""claim_93b77e471e6e89244a0b1a88""]","[""q_193""]",complementary_or_no_conflict,"Claim 1 details the calculation for a combined duty rate of 15% for South Korean automobiles under Section 232, while Claim 2 reports the resulting 15% tariff status as implemented. Both claims describe the same outcome and policy application.",False,local_Qwen_scope_review_not_manual_verification,False,"[""https://content.govdelivery.com/accounts/USDHSCBP/bulletins/3fe2566"", ""https://www.youtube.com/watch?v=0trOeEANSKs""]",complementary_or_no_conflict,complementary_or_no_conflict,model_review_provisional,False,,,,,,,
conflict_aed923bcd88e5aa964b90476,"[""claim_0d23f000b5d0be94c8b9c6f6"", ""claim_dc96049be2ad952982d40eaf""]","[""q_194""]",complementary_or_no_conflict,"Claim 1 identifies a 25% tariff on foreign automobiles, and Claim 2 confirms this same 25% rate alongside a separate threatened reciprocal tariff. The claims are consistent regarding the specific sectoral tariff.",False,local_Qwen_scope_review_not_manual_verification,False,"[""https://www.newsfromthestates.com/article/us-japan-trade-deal-sets-15-tax-imported-vehicles-550b-investment-us"", ""https://www.newsfromthestates.com/article/us-japan-trade-deal-sets-15-tax-imported-vehicles-550b-investment-us""]",complementary_or_no_conflict,complementary_or_no_conflict,model_review_provisional,False,,,,,,,
conflict_8b41fd4263363f8d25f5d703,"[""claim_028d1c5d8c80d2d267d7387b"", ""claim_7bc5f8964422e027e5ca2221""]","[""q_194""]",different_dates_or_policy_stages,"Claim 1 states an agreement on a 15% tariff, while Claim 2 references a previous rate of 27.5%. The difference reflects a policy change or reduction rather than a contradiction in scope.",False,local_Qwen_scope_review_not_manual_verification,False,"[""https://www.newsfromthestates.com/article/us-japan-trade-deal-sets-15-tax-imported-vehicles-550b-investment-us"", ""https://www.youtube.com/watch?v=Z1tBMyx8rPU""]",different_dates_or_policy_stages,different_dates_or_policy_stages,model_review_provisional,False,,,,,,,
conflict_2c1daada4cd132d968286b35,"[""claim_29f0d7830a4384a24d3a3633"", ""claim_cf2fe71d4a07f6b4d882184d""]","[""q_198""]",different_products_origins_or_programs,"Claim 1 provides a general range of 25-30% for PCBs, while Claim 2 specifies distinct rates (30% for DS/4Layer, 55% for others) with specific effective and expiration dates. The claims differ in specificity and product categorization.",False,local_Qwen_scope_review_not_manual_verification,False,"[""https://blog.matric.com/china-tariffs-on-electronics-manufacturers"", ""https://www.icape-group.com/pcb-tariff-information""]",different_products_origins_or_programs,different_products_origins_or_programs,model_review_provisional,False,,,,,,,
conflict_aa3de39ca6a3183390b7093b,"[""claim_6895fc2376c9a257563df81d"", ""claim_cf2fe71d4a07f6b4d882184d""]","[""q_198""]",complementary_or_no_conflict,"Claim 1 states new tariffs were implemented in April 2025, and Claim 2 provides the specific rates and dates (starting May 14, 2025) for those same PCB imports. The claims align on the policy implementation.",False,local_Qwen_scope_review_not_manual_verification,False,"[""https://www.icape-group.com/pcb-tariff-information"", ""https://www.icape-group.com/pcb-tariff-information""]",complementary_or_no_conflict,complementary_or_no_conflict,model_review_provisional,False,,,,,,,
conflict_90a92dbb0a225095cea71151,"[""claim_0728551e1ef3ac679ae0cf62"", ""claim_3191cfa240904643194c9262""]","[""q_2""]",different_dates_or_policy_stages,"Claim 1 cites a proclamation effective April 3 for automobiles and parts, while Claim 2 specifies a separate effective date of May 3 for the auto parts tariff. The dates indicate sequential or distinct implementation stages.",False,local_Qwen_scope_review_not_manual_verification,False,"[""https://www.automotive-fleet.com/news/tariff-update-may-30-tariff-shifts-shake-up-auto-industry-as-legal-trade-battles-evolve"", ""https://www.automotive-fleet.com/news/tariff-update-may-30-tariff-shifts-shake-up-auto-industry-as-legal-trade-battles-evolve""]",different_dates_or_policy_stages,different_dates_or_policy_stages,model_review_provisional,False,,,,,,,
conflict_41dd0d9a2b68f2c6cf20b53c,"[""claim_1fcaebabb2dc8dab408c64a5"", ""claim_3bcbfa5acd6572abcda72a7b""]","[""q_2""]",complementary_or_no_conflict,"Claim 1 states a 25% tariff applies to non-USMCA goods from Canada and Mexico. Claim 2 confirms this 25% rate was applied to those specific imports alongside other duties, showing consistency.",False,local_Qwen_scope_review_not_manual_verification,False,"[""https://www.automotive-fleet.com/news/tariff-update-may-30-tariff-shifts-shake-up-auto-industry-as-legal-trade-battles-evolve"", ""https://www.automotive-fleet.com/news/tariff-update-may-30-tariff-shifts-shake-up-auto-industry-as-legal-trade-battles-evolve""]",complementary_or_no_conflict,complementary_or_no_conflict,model_review_provisional,False,,,,,,,
conflict_b3cea13a34206119f94eb413,"[""claim_004b9b23667a1f7edf15dc4e"", ""claim_8f6500b9c31e85c37795c67e""]","[""q_202""]",different_dates_or_policy_stages,"Claim 1 describes a specific 10% surcharge imposed under Section 122 which is currently under appeal, while Claim 2 defines the statutory maximum rate of 15% for that authority. The claims describe the specific application versus the general legal limit.",False,local_Qwen_scope_review_not_manual_verification,False,"[""https://www.atlanticcouncil.org/programs/geoeconomics-center/trump-tariff-tracker"", ""https://budgetlab.yale.edu/research/state-us-tariffs-scotus-ruling-update""]",different_dates_or_policy_stages,different_dates_or_policy_stages,model_review_provisional,False,,,,,,,
conflict_0e69b77d6c0aa193487dfce9,"[""claim_066610d6d05d3a62acbebe4f"", ""claim_250cdcd554dab0d700e6239e""]","[""q_202""]",complementary_or_no_conflict,"Both claims address the same Supreme Court ruling on IEEPA authority. The first states the general 6-3 ruling, while the second provides specific details on the date (Feb 20, 2026) and the invalidated tariffs (reciprocal and fentanyl-related). They are consistent in scope and outcome.",False,local_Qwen_scope_review_not_manual_verification,False,"[""https://www.shapiro.com/tariffs/tariff-news/current-tariffs"", ""https://www.atlanticcouncil.org/programs/geoeconomics-center/trump-tariff-tracker""]",complementary_or_no_conflict,complementary_or_no_conflict,model_review_provisional,False,,,,,,,
conflict_cc3f75b0be49300ad6a814ab,"[""claim_28f461033b1950871fac3ae4"", ""claim_543555a92dfac25f9a498cb5""]","[""q_204""]",different_products_origins_or_programs,"Claim 1 describes a Section 122 global surcharge (10%) that expired on July 24, 2026, with specific exclusions including electronics. Claim 2 refers to reciprocal tariffs excluding electronics. These are distinct tariff programs (Section 122 vs. Reciprocal) with different effective dates and scopes, not contradictory.",False,local_Qwen_scope_review_not_manual_verification,False,"[""https://zonos.com/docs/guides/us-tariff-changes"", ""https://zonos.com/docs/guides/us-tariff-changes""]",different_products_origins_or_programs,different_products_origins_or_programs,model_review_provisional,False,,,,,,,
conflict_fadfa57aaf70295a6bdaebc4,"[""claim_d6242ec9e801d72aaa1e25a2"", ""claim_e91ac6b0b65f0c3e7db9c1e4""]","[""q_21""]",different_products_origins_or_programs,"Claim 1 specifies a 45% tariff on Chinese goods (windshield wipers) effective May 3. Claim 2 specifies a 34% levy on China and a 25% rate on Thai tires. The claims address different countries of origin (China vs. Thailand) and potentially different product categories or calculation methods, representing distinct scenarios rather than a conflict.",False,local_Qwen_scope_review_not_manual_verification,False,"[""https://www.asashop.org/2025/04/04/understanding-the-new-tariffs-and-their-potential-impact-on-auto-repairers"", ""https://www.asashop.org/2025/04/04/understanding-the-new-tariffs-and-their-potential-impact-on-auto-repairers""]",different_products_origins_or_programs,different_products_origins_or_programs,model_review_provisional,False,,,,,,,
conflict_8971909c331290f7b68a5472,"[""claim_403462270e5cdb8a13f131ef"", ""claim_47112914e93f90cbbe933651""]","[""q_210""]",different_dates_or_policy_stages,"Claim 1 states exclusions extend through May 31, 2025. Claim 2 states the deadline for submitting requests is March 31, 2025. These refer to different stages of the policy lifecycle (validity period vs. submission deadline) and are compatible.",False,local_Qwen_scope_review_not_manual_verification,False,"[""https://www.federalregister.gov/documents/2024/10/17/2024-23880/procedures-for-requests-to-exclude-certain-machinery-used-in-domestic-manufacturing-from-actions"", ""https://ustr.gov/about-us/policy-offices/press-office/press-releases/2024/october/ustr-opens-exclusion-process-certain-machinery-used-domestic-manufacturing""]",different_dates_or_policy_stages,different_dates_or_policy_stages,model_review_provisional,False,,,,,,,
conflict_4407f6161b3870420d3cb337,"[""claim_403462270e5cdb8a13f131ef"", ""claim_ba16d5bae81f41a41fc0e9cc""]","[""q_210""]",complementary_or_no_conflict,"Both claims state that exclusions are valid through May 31, 2025. Claim 1 cites the Federal Register regarding the effective start date, while Claim 2 (from a law firm) confirms the expiration date. The information is identical regarding the validity period.",False,local_Qwen_scope_review_not_manual_verification,False,"[""https://www.federalregister.gov/documents/2024/10/17/2024-23880/procedures-for-requests-to-exclude-certain-machinery-used-in-domestic-manufacturing-from-actions"", ""https://www.hklaw.com/en/insights/publications/2024/12/continuing-trend-section-301-machinery-exclusion""]",complementary_or_no_conflict,complementary_or_no_conflict,model_review_provisional,False,,,,,,,
conflict_e01972f481b4cbdc88298f73,"[""claim_47112914e93f90cbbe933651"", ""claim_5fbead0f36a89a07fded9c90""]","[""q_210""]",complementary_or_no_conflict,"Claim 1 states the submission deadline is March 31, 2025. Claim 2 states exclusions extend through May 31, 2025. These refer to different dates within the same policy process (submission vs. expiration) and are not contradictory.",False,local_Qwen_scope_review_not_manual_verification,False,"[""https://ustr.gov/about-us/policy-offices/press-office/press-releases/2024/october/ustr-opens-exclusion-process-certain-machinery-used-domestic-manufacturing"", ""https://www.federalregister.gov/documents/2024/10/17/2024-23880/procedures-for-requests-to-exclude-certain-machinery-used-in-domestic-manufacturing-from-actions""]",complementary_or_no_conflict,complementary_or_no_conflict,model_review_provisional,False,,,,,,,
conflict_7843620334e430f7a3c9d2be,"[""claim_039794f0b09de89383719235"", ""claim_a973f21d553542cb1cddb2ee""]","[""q_211""]",complementary_or_no_conflict,Claim 1 mentions the proposal of 19 temporary exclusions for solar manufacturing equipment. Claim 2 reiterates this and adds that 312 subheadings were eligible for consideration. The second claim provides more detail on the same action without contradicting the first.,False,local_Qwen_scope_review_not_manual_verification,False,"[""https://www.federalregister.gov/documents/2024/09/18/2024-21217/notice-of-modification-chinas-acts-policies-and-practices-related-to-technology-transfer"", ""https://www.federalregister.gov/documents/2024/09/18/2024-21217/notice-of-modification-chinas-acts-policies-and-practices-related-to-technology-transfer""]",complementary_or_no_conflict,complementary_or_no_conflict,model_review_provisional,False,,,,,,,
conflict_8fe926d53dff81fd596cf94c,"[""claim_3cc17b0347eba3a1d9f1cfc1"", ""claim_8ac6fae45d2f50818344facb""]","[""q_211""]",apparent_same_scope_conflict,"Claim 1 states USTR granted 14 exclusions for solar manufacturing equipment effective Jan 1, 2024. Claim 2 states USTR determined not to adopt five exclusions covering solar manufacturing equipment for modules. These claims present contradictory outcomes regarding the status of specific solar equipment exclusions (granted vs. not adopted).",True,local_Qwen_scope_review_not_manual_verification,False,"[""https://www.strtrade.com/trade-news-resources/tariff-actions-resources/section-301-tariffs-on-china"", ""https://www.federalregister.gov/documents/2024/09/18/2024-21217/notice-of-modification-chinas-acts-policies-and-practices-related-to-technology-transfer""]",apparent_same_scope_conflict,apparent_same_scope_conflict,model_review_provisional,False,,,,,,,
conflict_85fb8b275787df277606b3c3,"[""claim_09a379c12ef29e7791d39999"", ""claim_12bd65580741739c2b5c8bb0""]","[""q_213""]",apparent_same_scope_conflict,Claim 1 states a substantial transformation occurred for EV battery packs. Claim 2 states that assembling battery cells into packs does not constitute substantial transformation based on prior rulings. These present directly opposing conclusions on the same product classification issue.,True,local_Qwen_scope_review_not_manual_verification,False,"[""https://rulings.cbp.gov/ruling/H155115"", ""https://www.cmtradelaw.com/2023/01/customs-ruling-of-the-week-country-of-origin-of-battery-modules-and-battery-packs-and-the-applicability-of-certain-trade-remedies-under-section-301""]",apparent_same_scope_conflict,apparent_same_scope_conflict,model_review_provisional,False,,,,,,,
conflict_0c11224fb54e0f6e3b1b7667,"[""claim_12bd65580741739c2b5c8bb0"", ""claim_399142074bc05e0764b3471a""]","[""q_213""]",different_products_origins_or_programs,"Claim 1 states that assembling battery cells into packs does not constitute substantial transformation. Claim 2 states that assembling a glider and other components constitutes a substantial transformation for a TCE vehicle. These claims address different products (battery packs vs. TCE vehicles) and different assembly processes, so they are not contradictory.",False,local_Qwen_scope_review_not_manual_verification,False,"[""https://www.cmtradelaw.com/2023/01/customs-ruling-of-the-week-country-of-origin-of-battery-modules-and-battery-packs-and-the-applicability-of-certain-trade-remedies-under-section-301"", ""https://rulings.cbp.gov/ruling/H155115""]",different_products_origins_or_programs,different_products_origins_or_programs,model_review_provisional,False,,,,,,,
conflict_387df46b63bf50492746aa9e,"[""claim_a20faa1e84a70dab16bff1fb"", ""claim_eb751fb4a50270c700539d20""]","[""q_217""]",complementary_or_no_conflict,"Both claims reference the same CJEU judgment (Nov 19, 2020) and Article 8.1.c of the Customs Valuation Agreement; one describes the scope of the ruling while the other confirms the specific application to royalties, showing consistency rather than contradiction.",False,local_Qwen_scope_review_not_manual_verification,False,"[""https://dscustomsandtrade.com/tag/customs-valuation"", ""https://dscustomsandtrade.com/tag/customs-valuation""]",complementary_or_no_conflict,complementary_or_no_conflict,model_review_provisional,False,,,,,,,
conflict_4d03ee5956fc703300539c15,"[""claim_3f7c9285e050f98e1e2481f9"", ""claim_b2e169216fa3901d5abe61e0""]","[""q_219""]",complementary_or_no_conflict,Deterministic exact normalized quotation identity; current applicability remains unverified.,False,local_Qwen_scope_review_not_manual_verification,False,"[""https://www.globalatlanta.com/strategies-for-tariff-relief-how-georgia-companies-can-avoid-trade-war-paralysis"", ""https://www.globalatlanta.com/strategies-for-tariff-relief-how-georgia-companies-can-avoid-trade-war-paralysis""]",complementary_or_no_conflict,complementary_or_no_conflict,exact_quote_identity_check,False,,,,,,,
conflict_4180e1e1a409ea40d60859ad,"[""claim_3f7c9285e050f98e1e2481f9"", ""claim_dcc35c78e8358bc846d87723""]","[""q_219""]",complementary_or_no_conflict,Deterministic exact normalized quotation identity; current applicability remains unverified.,False,local_Qwen_scope_review_not_manual_verification,False,"[""https://www.globalatlanta.com/strategies-for-tariff-relief-how-georgia-companies-can-avoid-trade-war-paralysis"", ""https://www.globalatlanta.com/strategies-for-tariff-relief-how-georgia-companies-can-avoid-trade-war-paralysis""]",complementary_or_no_conflict,complementary_or_no_conflict,exact_quote_identity_check,False,,,,,,,
conflict_aefaee1a244283d05356857d,"[""claim_8592777e804c179fd61395ec"", ""claim_fadfaec0d508c64e74e160e8""]","[""q_221""]",complementary_or_no_conflict,"One claim states 10% tariffs were imposed under Section 122, while the other confirms a 10 percent surcharge under Section 122 remains in effect despite IEEPA strikes; they describe the same rate and authority without contradiction.",False,local_Qwen_scope_review_not_manual_verification,False,"[""https://www.naftz.org/ftz-trade-and-tariffs"", ""https://www.totexmfg.com/battery-pack-tariffs-oem-2026""]",complementary_or_no_conflict,complementary_or_no_conflict,model_review_provisional,False,,,,,,,
conflict_b89046341baaeb1d075992cc,"[""claim_1cdffd44eda1030a5a2e6c22"", ""claim_e0356b40b3734bcd80a59a3c""]","[""q_222""]",complementary_or_no_conflict,"Both claims describe the same mechanism (bonded warehouses) allowing duty deferral for up to five years; one focuses on capital freeing while the other defines the facility authorization, showing complementary descriptions of the same program.",False,local_Qwen_scope_review_not_manual_verification,False,"[""https://geodis.com/us-en/resources/blog/warehousing-and-value-added-logistics-expertise/bonded-warehouses-manage-us-tariffs"", ""https://geodis.com/us-en/resources/blog/warehousing-and-value-added-logistics-expertise/bonded-warehouses-manage-us-tariffs""]",complementary_or_no_conflict,complementary_or_no_conflict,model_review_provisional,False,,,,,,,
conflict_aaf04e90646c7f36e04fa779,"[""claim_692b636f9baed45fb8020c5d"", ""claim_7b02e8c7f7d196a24bd6f974""]","[""q_223""]",complementary_or_no_conflict,"Both claims state that duty drawback is unavailable for duties imposed under a specific proclamation; one cites the 25% Section 232 tariff context while the other quotes the proclamation text directly, confirming the same restriction.",False,local_Qwen_scope_review_not_manual_verification,False,"[""https://www.troutman.com/insights/new-section-232-tariffs-on-automobiles-and-automotive-parts"", ""https://www.whitehouse.gov/presidential-actions/2025/03/adjusting-imports-of-automobiles-and-autombile-parts-into-the-united-states""]",complementary_or_no_conflict,complementary_or_no_conflict,model_review_provisional,False,,,,,,,
conflict_4d62f6f7c5f7c69afcba8632,"[""claim_17d9d5acac764e7c3132b929"", ""claim_ca3c11a8b4c09c26a4d3badc""]","[""q_226""]",complementary_or_no_conflict,"Both claims report the Supreme Court striking down IEEPA reciprocal tariffs on February 20, 2026; one notes the vacatur of exclusions while the other confirms the cessation of collection, describing the same legal outcome.",False,local_Qwen_scope_review_not_manual_verification,False,"[""https://gingercontrol.com/blog/9802-9801-us-content-goods-returned-duty-program"", ""https://gingercontrol.com/blog/9802-9801-us-content-goods-returned-duty-program""]",complementary_or_no_conflict,complementary_or_no_conflict,model_review_provisional,False,,,,,,,
conflict_a8d4e57b1dc625aba3b383d6,"[""claim_786ce385316cee5582e6ea53"", ""claim_976c5a757176b7c658b5e0dd""]","[""q_226""]",complementary_or_no_conflict,"Both claims state Section 232 duties on steel and aluminum are raised to 50% effective February 1, 2026; one notes they are unaffected by court rulings while the other simply states the rate and date, showing agreement.",False,local_Qwen_scope_review_not_manual_verification,False,"[""https://gingercontrol.com/blog/9802-9801-us-content-goods-returned-duty-program"", ""https://gingercontrol.com/blog/9802-9801-us-content-goods-returned-duty-program""]",complementary_or_no_conflict,complementary_or_no_conflict,model_review_provisional,False,,,,,,,
conflict_cfa905c3764dee5887185b3b,"[""claim_0289f9e8b07a82c1bd107479"", ""claim_3e251d4aa883695c03265dd0""]","[""q_228""]",complementary_or_no_conflict,"One claim warns against CBP fees for refunds (identifying scams), while the other explains that refunds include duties plus interest netted with additional duties; they address different aspects of the refund process without contradiction.",False,local_Qwen_scope_review_not_manual_verification,False,"[""https://www.cbp.gov/trade/programs-administration/trade-remedies/ieepa-duty-refunds"", ""https://www.cbp.gov/trade/programs-administration/trade-remedies/ieepa-duty-refunds""]",complementary_or_no_conflict,complementary_or_no_conflict,model_review_provisional,False,,,,,,,
conflict_9603552150e821a49ff2eafd,"[""claim_0e137a8c4bae7f244636f0b5"", ""claim_d0a08e84d91003b681287e73""]","[""q_228""]",complementary_or_no_conflict,"One claim suggests CBP protest procedures may not be valid for liquidated entries pre-Supreme Court ruling, while the other distinguishes between CAPE Phase 1 refunds and formal protests for other entries; they describe different procedural pathways rather than conflicting facts.",False,local_Qwen_scope_review_not_manual_verification,False,"[""https://www.buchalter.com/insights/after-learning-resources-v-trump-strategic-paths-to-recovering-unliquidated-ieepa-tariffs-through-post-summary-corrections"", ""https://ayarlaw.com/tariff-refund-resources/cbp-protest-tariff-refund""]",complementary_or_no_conflict,complementary_or_no_conflict,model_review_provisional,False,,,,,,,
conflict_9ae49d9df909b82059730fc2,"[""claim_3cd59a45ba081d3ed5fe4f57"", ""claim_581d3c4b5b7ac7a04ed6e3ba""]","[""q_228""]",complementary_or_no_conflict,"Claim 1 defines the temporal deadline for corrections (300 days/15 days prior to liquidation), while Claim 2 describes the procedural mechanism (PSC via ABI/ACE) used to effectuate such corrections; they address different aspects of the same process.",False,local_Qwen_scope_review_not_manual_verification,False,"[""https://www.buchalter.com/insights/after-learning-resources-v-trump-strategic-paths-to-recovering-unliquidated-ieepa-tariffs-through-post-summary-corrections"", ""https://www.buchalter.com/insights/after-learning-resources-v-trump-strategic-paths-to-recovering-unliquidated-ieepa-tariffs-through-post-summary-corrections""]",complementary_or_no_conflict,complementary_or_no_conflict,model_review_provisional,False,,,,,,,
conflict_839be51dc08bc863c4e58663,"[""claim_591d8d016f8262cccced7c79"", ""claim_5ec099604d74bd0b523451d9""]","[""q_228""]",complementary_or_no_conflict,"Claim 1 states the general rule that the 180-day window does not pause, while Claim 2 explains a specific procedural tool (protective protest) used to preserve rights during uncertainty; the tool operates within the framework of the rule rather than contradicting it.",False,local_Qwen_scope_review_not_manual_verification,False,"[""https://ayarlaw.com/tariff-refund-resources/cbp-protest-tariff-refund"", ""https://ayarlaw.com/tariff-refund-resources/cbp-protest-tariff-refund""]",complementary_or_no_conflict,complementary_or_no_conflict,model_review_provisional,False,,,,,,,
conflict_3fa6b515d3b38b1530f1dbee,"[""claim_6c401d7bd87b9dba4880064b"", ""claim_a05916217d9f61ab7bfc4744""]","[""q_228""]",complementary_or_no_conflict,"Claim 1 establishes the substantive legal basis for a refund (Supreme Court ruling on IEEPA authority), while Claim 2 establishes the procedural prerequisite for court review (filing a protest); both are necessary conditions for a successful outcome.",False,local_Qwen_scope_review_not_manual_verification,False,"[""https://ayarlaw.com/tariff-refund-resources/cbp-protest-tariff-refund"", ""https://ayarlaw.com/tariff-refund-resources/cbp-protest-tariff-refund""]",complementary_or_no_conflict,complementary_or_no_conflict,model_review_provisional,False,,,,,,,
conflict_1ea7e045f189af6d4093c832,"[""claim_01bc05efc78f31e61bc56a96"", ""claim_71a18d50068330564d6bdaa5""]","[""q_229""]",different_products_origins_or_programs,"Claim 1 describes unassembled vehicle chassis and components, whereas Claim 2 describes seamless steel mechanical pipe; these are distinct product categories with different specifications.",False,local_Qwen_scope_review_not_manual_verification,False,"[""https://www.federalregister.gov/documents/2026/03/02/2026-04124/notice-of-scope-ruling-applications-filed-in-antidumping-and-countervailing-duty-proceedings"", ""https://www.federalregister.gov/documents/2026/03/02/2026-04124/notice-of-scope-ruling-applications-filed-in-antidumping-and-countervailing-duty-proceedings""]",different_products_origins_or_programs,different_products_origins_or_programs,model_review_provisional,False,,,,,,,
conflict_e83165a875e394d23e2d727e,"[""claim_2356539914cde015fcc78110"", ""claim_5e99c1ec566329c52e0a1cc5""]","[""q_229""]",complementary_or_no_conflict,"Claim 1 provides a specific example where aluminum components are subject to AD/CVD and non-aluminum are not, while Claim 2 states the general rule; they are consistent in scope and application.",False,local_Qwen_scope_review_not_manual_verification,False,"[""https://www.cbp.gov/trade/priority-issues/adcvd/antidumping-and-countervailing-duties-adcvd-frequently-asked-questions"", ""https://www.cbp.gov/trade/priority-issues/adcvd/antidumping-and-countervailing-duties-adcvd-frequently-asked-questions""]",complementary_or_no_conflict,complementary_or_no_conflict,model_review_provisional,False,,,,,,,
conflict_c6f637b49ed3be3205dd4106,"[""claim_71a18d50068330564d6bdaa5"", ""claim_a7b3bebe57830e6f88b04210""]","[""q_229""]",different_products_origins_or_programs,"Claim 1 specifies seamless steel mechanical pipe with WT 0.250-1.50 inches and OD 2.375-14.0 inches, while Claim 2 specifies seamless mechanical pipe with different dimensions (WT 0.118-0.75 inches, OD 1.50-9.625 inches) and additional API specifications.",False,local_Qwen_scope_review_not_manual_verification,False,"[""https://www.federalregister.gov/documents/2026/03/02/2026-04124/notice-of-scope-ruling-applications-filed-in-antidumping-and-countervailing-duty-proceedings"", ""https://www.federalregister.gov/documents/2026/03/02/2026-04124/notice-of-scope-ruling-applications-filed-in-antidumping-and-countervailing-duty-proceedings""]",different_products_origins_or_programs,different_products_origins_or_programs,model_review_provisional,False,,,,,,,
conflict_23695132344c2386193677bd,"[""claim_12a6f0273c23858cd241f69f"", ""claim_2dd1990bad82b1a0e1beabd5""]","[""q_23""]",different_dates_or_policy_stages,"Claim 1 refers to a past event in 2025 where tariffs caused volume reductions, while Claim 2 refers to a future or current expectation of a new record despite tariff uncertainty; they describe different temporal stages.",False,local_Qwen_scope_review_not_manual_verification,False,"[""https://www.automotivelogistics.media/vehicle-logistics/us-tariffs-dent-vehicle-growth-at-brunswick-in-2025/2653646"", ""https://thebrunswicknews.com/news/local_news/port-sets-new-record-with-auto-arrivals/article_0eae1bb7-83e0-413c-a99a-8504ea8543ea.html""]",different_dates_or_policy_stages,different_dates_or_policy_stages,model_review_provisional,False,,,,,,,
conflict_f7190367155db1df2dc98059,"[""claim_37b968dc9cda365eeedb1f44"", ""claim_4765824d2160ad91112f9819""]","[""q_231""]",complementary_or_no_conflict,"Claim 1 describes cost-cutting measures taken by suppliers, while Claim 2 notes that negotiation results vary and some can pass costs on; these represent different outcomes or strategies within the same context of cost increases.",False,local_Qwen_scope_review_not_manual_verification,False,"[""https://www.fti-andersch.com/en/insights/high-impact-customer-negotiations-in-times-of-huge-cost-increases"", ""https://www.fti-andersch.com/en/insights/high-impact-customer-negotiations-in-times-of-huge-cost-increases""]",complementary_or_no_conflict,complementary_or_no_conflict,model_review_provisional,False,,,,,,,
conflict_e9f7e250d9bbc45d6f3dc2dd,"[""claim_69a030abcf8d3f69bfaf9c92"", ""claim_d7ef2756a749765457ae67c7""]","[""q_231""]",complementary_or_no_conflict,"Claim 1 states that only 40% of makers could raise prices to offset costs, while Claim 2 specifies the tariff rate (15%) causing those costs; the low pass-through rate is consistent with the existence of a specific tariff increase.",False,local_Qwen_scope_review_not_manual_verification,False,"[""https://www.alojapan.com/1437336/japan-auto-parts-suppliers-struggle-to-pass-on-trump-tariff-costs-nikkei-survey"", ""https://www.alojapan.com/1437336/japan-auto-parts-suppliers-struggle-to-pass-on-trump-tariff-costs-nikkei-survey""]",complementary_or_no_conflict,complementary_or_no_conflict,model_review_provisional,False,,,,,,,
conflict_9a5abfed8c9da1940ddee172,"[""claim_199b2ddbde9b1e7d8e6842a8"", ""claim_9042ca7b535523c5b28d7e1a""]","[""q_235""]",complementary_or_no_conflict,"Claim 1 states Hyundai is exploring expansion to 800,000 units, while Claim 2 provides specific details from a CEO interview regarding the review of capacity increases from 500,000 to between 700,000 and 800,000; they are consistent statements.",False,local_Qwen_scope_review_not_manual_verification,False,"[""https://finance.biggo.com/news/7c816f70-187d-4f54-84d6-c8c8f26bacb6"", ""https://finance.biggo.com/news/7c816f70-187d-4f54-84d6-c8c8f26bacb6""]",complementary_or_no_conflict,complementary_or_no_conflict,model_review_provisional,False,,,,,,,
conflict_827625fc9e3b855d60f1a9f0,"[""claim_d119bc054e534700289d9dc8"", ""claim_f121c6ae83cb279d26a53bd6""]","[""q_235""]",different_products_origins_or_programs,"Claim 1 refers to general auto industry tariffs taking effect 'this week' without specifying a rate or origin, while Claim 2 specifies a 15% tariff on South Korean imports. The lack of specific product/origin alignment in the first claim prevents a direct conflict; they address different scopes.",False,local_Qwen_scope_review_not_manual_verification,False,"[""https://www.facebook.com/quartznews/posts/hyundai-is-weighing-a-massive-expansion-of-its-georgia-car-plant-citing-tariffs-/1419057173423430"", ""https://finance.biggo.com/news/7c816f70-187d-4f54-84d6-c8c8f26bacb6""]",different_products_origins_or_programs,different_products_origins_or_programs,model_review_provisional,False,,,,,,,
conflict_f859327e3bbffd4df395d307,"[""claim_91e310682eb7020e1489d176"", ""claim_9312f7b923c808a1a6a60acb""]","[""q_236""]",complementary_or_no_conflict,Deterministic exact normalized quotation identity; current applicability remains unverified.,False,local_Qwen_scope_review_not_manual_verification,False,"[""https://blogs.tradlinx.com/shifting-gears-how-tariffs-and-trade-wars-are-rewiring-the-automotive-supply-chain"", ""https://blogs.tradlinx.com/shifting-gears-how-tariffs-and-trade-wars-are-rewiring-the-automotive-supply-chain""]",complementary_or_no_conflict,complementary_or_no_conflict,exact_quote_identity_check,False,,,,,,,
conflict_bcf85b67eafad54fed67ef62,"[""claim_6ca3cfd95d9ca149f551f677"", ""claim_b3e64e31e04f93c56b117540""]","[""q_236""]",complementary_or_no_conflict,"Claim 1 states tariffs were 'raised' on EVs and solar panels, while Claim 2 specifies the action as 'quadrupled' on Chinese EVs and increased taxes on solar panels. These are consistent descriptions of the same policy action with varying levels of detail.",False,local_Qwen_scope_review_not_manual_verification,False,"[""https://www.ajc.com/news/business/how-will-new-chinese-tariffs-affect-georgia-business-its-complicated/7XZZOOZMUVH6TPWP2ZJY74GIFQ"", ""https://www.ajc.com/news/business/how-will-new-chinese-tariffs-affect-georgia-business-its-complicated/7XZZOOZMUVH6TPWP2ZJY74GIFQ""]",complementary_or_no_conflict,complementary_or_no_conflict,model_review_provisional,False,,,,,,,
conflict_e9f6a34bfb55bfa6a547d81b,"[""claim_3bb5982d357506707d154214"", ""claim_7ca957ed2a8d8c86c801dd0e""]","[""q_238""]",complementary_or_no_conflict,"Claim 1 notes most batteries are produced in China, and Claim 2 states Chinese suppliers produce over 70% of all EV batteries. Both claims align on the dominance of China in battery production without contradiction.",False,local_Qwen_scope_review_not_manual_verification,False,"[""https://www.c2es.org/document/securing-the-critical-battery-materials-supply-chain-in-the-southeast-united-states"", ""https://www.c2es.org/document/securing-the-critical-battery-materials-supply-chain-in-the-southeast-united-states""]",complementary_or_no_conflict,complementary_or_no_conflict,model_review_provisional,False,,,,,,,
conflict_6957538c5a7fcd195958ffd0,"[""claim_907ba6bf60e5e5986042718f"", ""claim_9af3e5b325880203e1bdd631""]","[""q_238""]",complementary_or_no_conflict,"Claim 1 outlines requirements for U.S. or FTA country origins, while Claim 2 notes China controls the raw materials market. These are complementary facts regarding supply chain constraints and regulatory requirements, not conflicting claims.",False,local_Qwen_scope_review_not_manual_verification,False,"[""https://www.coxautoinc.com/mobility/wp-content/uploads/sites/11/2022/09/EV_Battery_Whitepaper.pdf"", ""https://www.coxautoinc.com/mobility/wp-content/uploads/sites/11/2022/09/EV_Battery_Whitepaper.pdf""]",complementary_or_no_conflict,complementary_or_no_conflict,model_review_provisional,False,,,,,,,
conflict_3af51f330c4d4854504671ee,"[""claim_5bb5d449626fbc4790742ef5"", ""claim_aeec262d58c34f96687a4bd4""]","[""q_240""]",different_dates_or_policy_stages,"Claim 1 refers to an 'October 15' expiration of a truce, while Claim 2 refers to a 'mid-October' expiration. These represent the same policy stage (expiration) with slightly different date descriptors, not a conflict.",False,local_Qwen_scope_review_not_manual_verification,False,"[""https://www.ajot.com/premium/ajot-china-imports-surge-ahead-of-tariff-deadlines"", ""https://www.ajot.com/premium/ajot-china-imports-surge-ahead-of-tariff-deadlines""]",different_dates_or_policy_stages,different_dates_or_policy_stages,model_review_provisional,False,,,,,,,
conflict_1c6be60b9f5d777d1910f6fd,"[""claim_4fe721ce28109ed4bbdef5d7"", ""claim_8ce1add578a55174ca86d095""]","[""q_241""]",different_dates_or_policy_stages,"Claim 1 reports a 7.5% decline in GPA volume for 2025, while Claim 2 reports a 14.3% fall in shipments and an 11.8% fiscal year decline as of October 2025. The differing metrics (volume vs. shipment value/percentage) and timeframes indicate different reporting stages rather than a direct conflict.",False,local_Qwen_scope_review_not_manual_verification,False,"[""https://www.savannahnow.com/story/news/local/2026/01/28/georgia-ports-authority-weathers-year-of-tariffs-with-strong-performance/88382339007"", ""https://www.bizjournals.com/atlanta/news/2025/10/01/georgia-ports-august-tariffs.html""]",different_dates_or_policy_stages,different_dates_or_policy_stages,model_review_provisional,False,,,,,,,
conflict_48668629a4f9200e3d8ef700,"[""claim_0b79b1d31aa3506dc4d14bf3"", ""claim_51992e560d852026aae487e5""]","[""q_242""]",different_products_origins_or_programs,"Claim 1 cites Proclamation 10908 effective April 3, 2025, for automobiles and parts. Claim 2 cites Section 232 guidance effective May 3, 2025, specifically for automobile parts. The different effective dates and specific product scopes (autos vs. parts) indicate distinct policy stages.",False,local_Qwen_scope_review_not_manual_verification,False,"[""https://www.ghy.com/trade-compliance/us-to-apply-a-25-tariff-on-imports-of-autos-and-parts"", ""https://content.govdelivery.com/accounts/USDHSCBP/bulletins/3de7ef9""]",different_products_origins_or_programs,different_products_origins_or_programs,model_review_provisional,False,,,,,,,
conflict_c080e372e564bb0b6c33dd96,"[""claim_412020137629721ca450ce54"", ""claim_97f7e1cc80cf2984ca879c23""]","[""q_242""]",complementary_or_no_conflict,"Claim 1 states auto parts are exempt from reciprocal duties under Section 232, and Claim 2 confirms that the specific HTS heading exempts these products. Both claims describe the same exemption mechanism consistently.",False,local_Qwen_scope_review_not_manual_verification,False,"[""https://www.cbp.gov/trade/programs-administration/entry-summary/section-232-additional-faqs-autos"", ""https://www.cbp.gov/trade/programs-administration/entry-summary/section-232-additional-faqs-autos""]",complementary_or_no_conflict,complementary_or_no_conflict,model_review_provisional,False,,,,,,,
conflict_e185222be00af5f917943fa5,"[""claim_60bd21591628a7a8e4991de3"", ""claim_f6ac4b1d7acd7bd3895f7f02""]","[""q_242""]",complementary_or_no_conflict,"Claim 1 lists commercial vehicles subject to Section 232 duties, and Claim 2 details that parts for these same vehicle types are also covered under Section 232 measures. The claims describe the scope of coverage for vehicles and their parts consistently.",False,local_Qwen_scope_review_not_manual_verification,False,"[""https://www.cbp.gov/trade/programs-administration/entry-summary/section-232-additional-faqs-autos"", ""https://content.govdelivery.com/accounts/USDHSCBP/bulletins/3de7ef9""]",complementary_or_no_conflict,complementary_or_no_conflict,model_review_provisional,False,,,,,,,
conflict_e849cc22ac9a2ee1c873e778,"[""claim_0f9fcb863cf90559e90eccad"", ""claim_d657e93da637a61c8c10690c""]","[""q_242""]",complementary_or_no_conflict,"Claim 1 states duties under HTS 9903.94.05 are in addition to other rates, while Claim 2 confirms eligibility for HTS 9903.94.06 for USMCA parts; these refer to different specific subheadings and do not contradict.",False,local_Qwen_scope_review_not_manual_verification,False,"[""https://content.govdelivery.com/accounts/USDHSCBP/bulletins/3de7ef9"", ""https://www.cbp.gov/trade/programs-administration/entry-summary/section-232-additional-faqs-autos""]",complementary_or_no_conflict,complementary_or_no_conflict,model_review_provisional,False,,,,,,,
conflict_5ca8aa4a5572050f334fb135,"[""claim_a28cf5fb8e0a8dab4fa13469"", ""claim_cb029ce235aafafc634fd769""]","[""q_242""]",different_products_origins_or_programs,"Claim 1 addresses drawback ineligibility for duties under Presidential Proclamation 10908, while Claim 2 describes calculation methods for additional tariffs on automobile parts from specific foreign regions; the subjects and mechanisms differ.",False,local_Qwen_scope_review_not_manual_verification,False,"[""https://content.govdelivery.com/accounts/USDHSCBP/bulletins/3de7ef9"", ""https://www.ghy.com/trade-compliance/us-to-apply-a-25-tariff-on-imports-of-autos-and-parts""]",different_products_origins_or_programs,different_products_origins_or_programs,model_review_provisional,False,,,,,,,
conflict_de885368d1f8b3907d615ded,"[""claim_2dc224d6876a1e0cde999f62"", ""claim_34dc8aa7c7efd881491b19fa""]","[""q_243""]",different_dates_or_policy_stages,"Claim 1 references tariffs that are 'already implemented' or have 'come into effect', whereas Claim 2 refers to 'announced tariffs' where exemptions might still be pending; these represent different stages of policy implementation.",False,local_Qwen_scope_review_not_manual_verification,False,"[""https://www.govinfo.gov/content/pkg/CHRG-115shrg40897/html/CHRG-115shrg40897.htm"", ""https://www.govinfo.gov/content/pkg/CHRG-115shrg40897/html/CHRG-115shrg40897.htm""]",different_dates_or_policy_stages,different_dates_or_policy_stages,model_review_provisional,False,,,,,,,
conflict_6789389a3c555e0157ee2c40,"[""claim_1c8e30cc3fdb762f58391784"", ""claim_266dae3c15241cf4221c22f4""]","[""q_243""]",different_products_origins_or_programs,"Claim 1 cites a price range of $1,400 to $7,000 per vehicle without specifying the tariff program, while Claim 2 attributes a specific $400 increase solely to steel and aluminum tariffs; these are distinct estimates for potentially different scopes.",False,local_Qwen_scope_review_not_manual_verification,False,"[""https://www.govinfo.gov/content/pkg/CHRG-115shrg40897/html/CHRG-115shrg40897.htm"", ""https://www.govinfo.gov/content/pkg/CHRG-115shrg40897/html/CHRG-115shrg40897.htm""]",different_products_origins_or_programs,different_products_origins_or_programs,model_review_provisional,False,,,,,,,
conflict_3c5d98d197c117e1a5023d48,"[""claim_040e85c79e17b110585e15d7"", ""claim_2b7cd1b433c890bb33dcf1c8""]","[""q_243""]",complementary_or_no_conflict,"Claim 1 predicts a loss of 117,000 jobs and $66.5 billion revenue under a 25-percent tariff scenario, while Claim 2 calculates a net loss of 158,000 jobs accounting for gains in other sectors; these are different metrics (gross vs net) from the same source context.",False,local_Qwen_scope_review_not_manual_verification,False,"[""https://www.govinfo.gov/content/pkg/CHRG-115shrg40897/html/CHRG-115shrg40897.htm"", ""https://www.govinfo.gov/content/pkg/CHRG-115shrg40897/html/CHRG-115shrg40897.htm""]",complementary_or_no_conflict,complementary_or_no_conflict,model_review_provisional,False,,,,,,,
conflict_83dd178a7e7237e2f820ebd6,"[""claim_266dae3c15241cf4221c22f4"", ""claim_2a16231407701d08010ebdfe""]","[""q_243""]",different_products_origins_or_programs,"Claim 1 estimates a $400 price increase from steel and aluminum tariffs generally, while Claim 2 cites a specific testimony of a $2,000 average increase for domestically produced cars; these refer to different cost impacts or scopes.",False,local_Qwen_scope_review_not_manual_verification,False,"[""https://www.govinfo.gov/content/pkg/CHRG-115shrg40897/html/CHRG-115shrg40897.htm"", ""https://www.govinfo.gov/content/pkg/CHRG-115shrg40897/html/CHRG-115shrg40897.htm""]",different_products_origins_or_programs,different_products_origins_or_programs,model_review_provisional,False,,,,,,,
conflict_598bbb128ae8c7900d42ce4b,"[""claim_267d59b60a01e97cb3bd905f"", ""claim_2932ae5f4faa5974a5196f0d""]","[""q_243""]",complementary_or_no_conflict,"Claim 1 discusses sourcing of steel for vehicle production by Honda North America, while Claim 2 mentions transmission manufacturing at Honda plants in Georgia; these describe different operational aspects of the same company.",False,local_Qwen_scope_review_not_manual_verification,False,"[""https://www.govinfo.gov/content/pkg/CHRG-115shrg40897/html/CHRG-115shrg40897.htm"", ""https://www.govinfo.gov/content/pkg/CHRG-115shrg40897/html/CHRG-115shrg40897.htm""]",complementary_or_no_conflict,complementary_or_no_conflict,model_review_provisional,False,,,,,,,
conflict_28e0d756e6f6f687f897e61c,"[""claim_02c0a159872d5a6a51639ca6"", ""claim_275c05d186b10cfc69491626""]","[""q_244""]",complementary_or_no_conflict,"Claim 1 states a 25 percent IEEPA tariff applies unless USMCA origin is met, while Claim 2 notes that avoiding Section 301 tariffs does not exempt vehicles from the 25 percent Section 232 tariff; these describe concurrent but distinct tariff obligations.",False,local_Qwen_scope_review_not_manual_verification,False,"[""https://scholarship.law.duke.edu/cgi/viewcontent.cgi?article=1618&context=djcil"", ""https://scholarship.law.duke.edu/cgi/viewcontent.cgi?article=1618&context=djcil""]",complementary_or_no_conflict,complementary_or_no_conflict,model_review_provisional,False,,,,,,,
conflict_9275a22ca4fd65aab5f7fcf0,"[""claim_43a6b60c8646d24ae10b8a8b"", ""claim_c8395b727700d0db203a2a95""]","[""q_244""]",complementary_or_no_conflict,Both claims are identical in stating that OEMs assembling in Mexico can source Chinese components without triggering Section 301 tariffs provided they avoid CKD logistics structures.,False,local_Qwen_scope_review_not_manual_verification,False,"[""https://scholarship.law.duke.edu/cgi/viewcontent.cgi?article=1618&context=djcil"", ""https://scholarship.law.duke.edu/cgi/viewcontent.cgi?article=1618&context=djcil""]",complementary_or_no_conflict,complementary_or_no_conflict,model_review_provisional,False,,,,,,,
conflict_9cb3b44ede21e6872626da80,"[""claim_26b5d58dc736d5cb6c27c98a"", ""claim_9cef2271ef92b9cbe35f6ffe""]","[""q_245""]",different_products_origins_or_programs,"Claim 1 refers to an expansion of steel and aluminum tariffs effective March 12, 2025, while Claim 2 describes a threatened 25 percent tariff on all Mexican imports including cars; these are distinct policy proposals or programs.",False,local_Qwen_scope_review_not_manual_verification,False,"[""https://www.oxfordenergy.org/wpcms/wp-content/uploads/2025/04/OEF-144.pdf"", ""https://www.oxfordenergy.org/wpcms/wp-content/uploads/2025/04/OEF-144.pdf""]",different_products_origins_or_programs,different_products_origins_or_programs,model_review_provisional,False,,,,,,,
conflict_2c3222fa9749dc8ec02f7466,"[""claim_46c5774e2e5a60ecac3c6125"", ""claim_9705454db93a43b5c45cdfd7""]","[""q_245""]",different_products_origins_or_programs,"Claim 1 specifies a 25% tariff on graphite effective Jan 1, 2026, while Claim 2 refers to an increase in battery cell import duty from 25%; these address distinct products (graphite vs. battery cells) and potentially different programs or stages.",True,local_Qwen_scope_review_not_manual_verification,False,"[""https://www.oxfordenergy.org/wpcms/wp-content/uploads/2025/04/OEF-144.pdf"", ""https://www.oxfordenergy.org/wpcms/wp-content/uploads/2025/04/OEF-144.pdf""]",different_products_origins_or_programs,different_products_origins_or_programs,model_review_provisional,False,,,,,,,
conflict_06efd6b124cdf2722955c780,"[""claim_05f9b23d75d4df36f13caa2b"", ""claim_27ffd97a434e824f31c041f3""]","[""q_246""]",complementary_or_no_conflict,"Both claims originate from the same official document (Sept 12, 2024 FRN) regarding Lithium-ion EV batteries with a 25% rate effective in 2024; they describe the same policy action using slightly different phrasing.",False,local_Qwen_scope_review_not_manual_verification,False,"[""https://ustr.gov/sites/default/files/Section%20301%20Modifications%20Determination%20FRN%20(Sept%2012%202024)%20(FINAL).pdf"", ""https://ustr.gov/sites/default/files/Section%20301%20Modifications%20Determination%20FRN%20(Sept%2012%202024)%20(FINAL).pdf""]",complementary_or_no_conflict,complementary_or_no_conflict,model_review_provisional,False,,,,,,,
conflict_bb3ddd12a8855a4d4674865e,"[""claim_05f9b23d75d4df36f13caa2b"", ""claim_89ab631f951f7bb08ae93728""]","[""q_246""]",complementary_or_no_conflict,"Both claims cite the same official document and describe the same 25% tariff increase for Lithium-ion EV batteries effective in 2024, with one providing a more specific product description.",False,local_Qwen_scope_review_not_manual_verification,False,"[""https://ustr.gov/sites/default/files/Section%20301%20Modifications%20Determination%20FRN%20(Sept%2012%202024)%20(FINAL).pdf"", ""https://ustr.gov/sites/default/files/Section%20301%20Modifications%20Determination%20FRN%20(Sept%2012%202024)%20(FINAL).pdf""]",complementary_or_no_conflict,complementary_or_no_conflict,model_review_provisional,False,,,,,,,
conflict_8a3224a9e684bff2401b2aea,"[""claim_25f7ae794f7c3b0461347566"", ""claim_2698904000c113653a1ad4de""]","[""q_246"", ""q_477""]",complementary_or_no_conflict,Deterministic exact normalized quotation identity; current applicability remains unverified.,False,local_Qwen_scope_review_not_manual_verification,False,"[""https://ustr.gov/sites/default/files/Section%20301%20Modifications%20Determination%20FRN%20(Sept%2012%202024)%20(FINAL).pdf"", ""https://ustr.gov/sites/default/files/Section%20301%20Modifications%20Determination%20FRN%20(Sept%2012%202024)%20(FINAL).pdf""]",complementary_or_no_conflict,complementary_or_no_conflict,exact_quote_identity_check,False,,,,,,,
conflict_6569848ca065b84ee0bc3c51,"[""claim_60f11b6c8c0a602b93e3bad0"", ""claim_a6b44b2206f3d7b9289ff3e1""]","[""q_248""]",complementary_or_no_conflict,"Both claims describe the same exemption for auto parts under Section 232 and reciprocal duties effective May 3, 2025, citing the same legal authority (EO 14257) and HTS code.",False,local_Qwen_scope_review_not_manual_verification,False,"[""https://www.cbp.gov/trade/programs-administration/entry-summary/section-232-additional-faqs-autos"", ""http://cbp.gov/trade/programs-administration/entry-summary/section-232-additional-faqs-autos""]",complementary_or_no_conflict,complementary_or_no_conflict,model_review_provisional,False,,,,,,,
conflict_f2b9c88ea92f2aba846c1c97,"[""claim_60f11b6c8c0a602b93e3bad0"", ""claim_be752cc890b1b33f4da76cf9""]","[""q_248""]",complementary_or_no_conflict,"Both claims state the same exemption for auto parts under Section 232 and reciprocal duties effective May 3, 2025, with one including an announcement date of April 2, 2025.",False,local_Qwen_scope_review_not_manual_verification,False,"[""https://www.cbp.gov/trade/programs-administration/entry-summary/section-232-additional-faqs-autos"", ""https://www.cbp.gov/trade/programs-administration/entry-summary/section-232-additional-faqs-autos/faqs""]",complementary_or_no_conflict,complementary_or_no_conflict,model_review_provisional,False,,,,,,,
conflict_7b76f3b448cc0320b863b6d2,"[""claim_a6b44b2206f3d7b9289ff3e1"", ""claim_be752cc890b1b33f4da76cf9""]","[""q_248""]",complementary_or_no_conflict,Deterministic exact normalized quotation identity; current applicability remains unverified.,False,local_Qwen_scope_review_not_manual_verification,False,"[""http://cbp.gov/trade/programs-administration/entry-summary/section-232-additional-faqs-autos"", ""https://www.cbp.gov/trade/programs-administration/entry-summary/section-232-additional-faqs-autos/faqs""]",complementary_or_no_conflict,complementary_or_no_conflict,exact_quote_identity_check,False,,,,,,,
conflict_a4f2035ebf2fdbec0f6ee3d4,"[""claim_3cd18acdd655483e1ea85210"", ""claim_9b7443da9108707ae38c80cc""]","[""q_25""]",different_dates_or_policy_stages,"Claim 1 states a 25% tariff took effect April 3, 2025 for automobiles and May 3, 2025 for parts. Claim 2 specifies the Proclamation was issued March 26, 2025, with an effective date of May 3, 2025 for parts; the dates refer to issuance vs. specific effective stages.",True,local_Qwen_scope_review_not_manual_verification,False,"[""https://www.ghy.com/trade-compliance/us-to-apply-a-25-tariff-on-imports-of-autos-and-parts"", ""https://content.govdelivery.com/accounts/USDHSCBP/bulletins/3de7ef9""]",different_dates_or_policy_stages,different_dates_or_policy_stages,model_review_provisional,False,,,,,,,
conflict_f5c57af55260f5b75cced51a,"[""claim_5db8f135b1cef76d20b5d6de"", ""claim_5de1cc2e501fed5724ce58a2""]","[""q_25""]",complementary_or_no_conflict,"Both claims from the same source state that Section 232 duties are not drawback-eligible while Section 301 is, presenting consistent information on duty recovery rules.",True,local_Qwen_scope_review_not_manual_verification,False,"[""https://gingercontrol.com/industries/automotive-parts"", ""https://gingercontrol.com/industries/automotive-parts""]",complementary_or_no_conflict,complementary_or_no_conflict,model_review_provisional,False,,,,,,,
conflict_4f8f14a0a2ec7a61a3993192,"[""claim_03f89f404b869a08693acec9"", ""claim_d513d5594c2e8cbe38207641""]","[""q_251""]",complementary_or_no_conflict,"Both claims confirm that goods subject to Section 232 tariffs on autos/parts are excepted from IEEPA Reciprocal duties under heading 9903.01.33, citing the same legal framework.",False,local_Qwen_scope_review_not_manual_verification,False,"[""https://www.cbp.gov/trade/programs-administration/trade-remedies/IEEPA-FAQ"", ""https://www.cbp.gov/trade/programs-administration/trade-remedies/IEEPA-FAQ""]",complementary_or_no_conflict,complementary_or_no_conflict,model_review_provisional,False,,,,,,,
conflict_aad706939ef0ccad8bcd4a49,"[""claim_0727546ba221f30ea7a1d90f"", ""claim_ee9a1995c02498d62b7e43a2""]","[""q_251""]",complementary_or_no_conflict,"Both claims describe the same exemption for auto parts under HTS 9903.01.33 regarding Section 232 duties and reciprocal tariffs, with no contradictory elements.",False,local_Qwen_scope_review_not_manual_verification,False,"[""https://www.cbp.gov/trade/programs-administration/entry-summary/section-232-additional-faqs-autos"", ""https://www.cbp.gov/trade/programs-administration/entry-summary/section-232-additional-faqs-autos""]",complementary_or_no_conflict,complementary_or_no_conflict,model_review_provisional,False,,,,,,,
conflict_69e9522e307f54312537301f,"[""claim_0bc99fb3d163e036eae5fe0b"", ""claim_2de1588a853d01b609bf0859""]","[""q_253""]",different_dates_or_policy_stages,"One claim describes an expected publication in February 2026 for changes submitted by July 2025, while the other cites the effective date of the 2026 Basic Edition as January 1, 2026; these represent different stages or dates within the same policy timeline.",False,local_Qwen_scope_review_not_manual_verification,False,"[""https://hts.usitc.gov/reststop/file?filename=Preface&release=2026HTSBasic"", ""https://hts.usitc.gov/reststop/file?filename=Preface&release=2026HTSBasic""]",different_dates_or_policy_stages,different_dates_or_policy_stages,model_review_provisional,False,,,,,,,
conflict_79ef765190f383fc3b506c3e,"[""claim_05339ba824bab7aaaae88a87"", ""claim_06949adb44ec92a388219b44""]","[""q_253""]",complementary_or_no_conflict,"Both claims reference the same 2026 HTS General Note regarding USMCA, with one specifying page 78 and the other page 41, indicating complementary details rather than conflict.",False,local_Qwen_scope_review_not_manual_verification,False,"[""https://hts.usitc.gov/reststop/file?filename=General+Note+11&release=2026HTSBasic"", ""https://hts.usitc.gov/reststop/file?filename=General+Note+11&release=2026HTSBasic""]",complementary_or_no_conflict,complementary_or_no_conflict,model_review_provisional,False,,,,,,,
conflict_1f499168cee93458d17d36e4,"[""claim_32ca8a4a20a2e42f68539e80"", ""claim_42fb2bf627541474d3fe53ad""]","[""q_255""]",complementary_or_no_conflict,Deterministic exact normalized quotation identity; current applicability remains unverified.,False,local_Qwen_scope_review_not_manual_verification,False,"[""https://www.federalregister.gov/documents/2026/06/04/2026-11314/further-adjusting-the-tariff-regimes-for-imports-of-aluminum-steel-and-copper-into-the-united-states"", ""https://www.federalregister.gov/documents/2026/06/04/2026-11314/further-adjusting-the-tariff-regimes-for-imports-of-aluminum-steel-and-copper-into-the-united-states""]",complementary_or_no_conflict,complementary_or_no_conflict,exact_quote_identity_check,False,,,,,,,
conflict_6468b22584bc6cc1825ab77e,"[""claim_c3e065b14ffa4a2085253964"", ""claim_ff2b4113a57b5b53a2a2932b""]","[""q_260""]",complementary_or_no_conflict,"Both claims state that USMCA-compliant automobile parts remain tariff-free until a process is established for non-U.S. content, with no contradictory information.",False,local_Qwen_scope_review_not_manual_verification,False,"[""https://www.whitehouse.gov/fact-sheets/2025/03/fact-sheet-president-donald-j-trump-adjusts-imports-of-automobiles-and-automobile-parts-into-the-united-states"", ""https://www.whitehouse.gov/presidential-actions/2025/03/adjusting-imports-of-automobiles-and-autombile-parts-into-the-united-states""]",complementary_or_no_conflict,complementary_or_no_conflict,model_review_provisional,False,,,,,,,
conflict_e0842f9aa2cec3b373bb47d5,"[""claim_0c31254f2320012a8a03c8ce"", ""claim_f686903d603d134bfc32642b""]","[""q_260""]",complementary_or_no_conflict,"Both claims describe the mechanism for USMCA automobile importers to certify U.S. content so that tariffs apply only to non-U.S. value, presenting consistent information.",False,local_Qwen_scope_review_not_manual_verification,False,"[""https://www.whitehouse.gov/fact-sheets/2025/03/fact-sheet-president-donald-j-trump-adjusts-imports-of-automobiles-and-automobile-parts-into-the-united-states"", ""https://www.whitehouse.gov/presidential-actions/2025/03/adjusting-imports-of-automobiles-and-autombile-parts-into-the-united-states""]",complementary_or_no_conflict,complementary_or_no_conflict,model_review_provisional,False,,,,,,,
conflict_23ad378f20ef3b9afa8046c2,"[""claim_6c9dc3fcb772212ca77c2e8d"", ""claim_7cc7343ff77dee95cbb1e727""]","[""q_261""]",different_products_origins_or_programs,"One claim addresses specific components (body shell, battery pack) from China requiring assembly in Country A, while the other defines origin for battery modules/packs as China, Japan, or Korea depending on cell manufacturing; these address different product scopes and origin determination criteria.",False,local_Qwen_scope_review_not_manual_verification,False,"[""https://rulings.cbp.gov/ruling/H330647"", ""https://rulings.cbp.gov/ruling/N329847""]",different_products_origins_or_programs,different_products_origins_or_programs,model_review_provisional,False,,,,,,,
conflict_e866e8cba2e111aa5240ed68,"[""claim_981795600f10a474ec6966a5"", ""claim_e2ab032169044afe27433d77""]","[""q_261""]",complementary_or_no_conflict,"Both claims from the same ruling (H229157) conclude that electric vehicles/trucks/vans with U.S. origin components are of U.S. origin, differing only in specific component lists but agreeing on the conclusion.",False,local_Qwen_scope_review_not_manual_verification,False,"[""https://rulings.cbp.gov/ruling/H229157"", ""https://rulings.cbp.gov/ruling/H229157""]",complementary_or_no_conflict,complementary_or_no_conflict,model_review_provisional,False,,,,,,,
conflict_c16b4a0ff6c3d2dab342d1f8,"[""claim_1814f1486ad1db5ee5a4fb75"", ""claim_3c4de2c412b39d8cd81eb5e3""]","[""q_262""]",complementary_or_no_conflict,"One claim applies a specific company's (Distributed Processing Technology) assembly rationale to a board, while the other cites the general Customs ruling establishing that such assembly constitutes substantial transformation; they are consistent.",False,local_Qwen_scope_review_not_manual_verification,False,"[""https://rulings.cbp.gov/ruling/735306"", ""https://rulings.cbp.gov/ruling/735306""]",complementary_or_no_conflict,complementary_or_no_conflict,model_review_provisional,False,,,,,,,
conflict_dc5b88758acaea919879aad2,"[""claim_2282ab175a642ad8bd914032"", ""claim_e3644d42dcd1845f65966b2c""]","[""q_262""]",complementary_or_no_conflict,Deterministic exact normalized quotation identity; current applicability remains unverified.,False,local_Qwen_scope_review_not_manual_verification,False,"[""https://rulings.cbp.gov/ruling/H331515"", ""https://rulings.cbp.gov/ruling/H304910""]",complementary_or_no_conflict,complementary_or_no_conflict,exact_quote_identity_check,False,,,,,,,
conflict_aabc497a04719fba336c8bfd,"[""claim_b30fd525f326139a39fb8b53"", ""claim_f85790fdccc706ca9b3ae2b0""]","[""q_262""]",complementary_or_no_conflict,Both claims cite the same substantial transformation finding for SMT and Wave Soldering processes on PCBs from different CBP rulings (H304910 and H331515) without contradictory facts.,False,local_Qwen_scope_review_not_manual_verification,False,"[""https://rulings.cbp.gov/ruling/H304910"", ""https://rulings.cbp.gov/ruling/H331515""]",complementary_or_no_conflict,complementary_or_no_conflict,model_review_provisional,False,,,,,,,
conflict_5eef7f4b7055b53afbb3e4cb,"[""claim_5cf5a0d013c75eb2a97bef94"", ""claim_e54f0f34d4742fa82cf65e1a""]","[""q_263""]",different_products_origins_or_programs,"Claims address different product scopes: one specifies LCD modules limited to signaling classified under 8531, while the other addresses general LCD modules classified under 9013.80.90.",False,local_Qwen_scope_review_not_manual_verification,False,"[""https://rulings.cbp.gov/ruling/h325872"", ""https://rulings.cbp.gov/ruling/H303926""]",different_products_origins_or_programs,different_products_origins_or_programs,model_review_provisional,False,,,,,,,
conflict_acfe2dfe5bc4a121398ac7ee,"[""claim_a6d1d600e2c2960e8defed06"", ""claim_e9e37bfa6a49d2488570089a""]","[""q_264""]",different_products_origins_or_programs,"Claims classify different specific motor assemblies (Beam E-Axle vs. X83F E-Axle) under distinct HTSUS subheadings based on output power differences, not a contradiction.",False,local_Qwen_scope_review_not_manual_verification,False,"[""https://rulings.cbp.gov/ruling/N329048"", ""https://rulings.cbp.gov/ruling/N329048""]",different_products_origins_or_programs,different_products_origins_or_programs,model_review_provisional,False,,,,,,,
conflict_d23e61a92f59804be710f240,"[""claim_6af482f7664689b333764261"", ""claim_f25ca1d0289a09ca61ebc75b""]","[""q_269""]",complementary_or_no_conflict,"Both claims originate from the same LG Energy Solution press release, with one being a subset of the other regarding tariff impacts on battery supplies effective in 2026.",False,local_Qwen_scope_review_not_manual_verification,False,"[""https://news.lgensol.com/company-news/press-releases/3587"", ""https://news.lgensol.com/company-news/press-releases/3587""]",complementary_or_no_conflict,complementary_or_no_conflict,model_review_provisional,False,,,,,,,
conflict_587ae2e9c70e14ed76e24452,"[""claim_0ab7863dbb7c91a2ffd43a41"", ""claim_d119bc054e534700289d9dc8""]","[""q_27""]",different_dates_or_policy_stages,"One claim references a specific tariff program with rates (10% base, 25% on cars) affecting sentiment in March 2025, while the other refers to tariffs taking effect 'this week' without specifying rates or dates.",False,local_Qwen_scope_review_not_manual_verification,False,"[""https://www.csmonitor.com/Business/2025/0408/tariffs-hyundai-auto-factory-jobs-georgia"", ""https://www.facebook.com/quartznews/posts/hyundai-is-weighing-a-massive-expansion-of-its-georgia-car-plant-citing-tariffs-/1419057173423430""]",different_dates_or_policy_stages,different_dates_or_policy_stages,model_review_provisional,False,,,,,,,
conflict_d741336965f1db069f8af006,"[""claim_9a3a34bbd9eb2677ebfc8220"", ""claim_a9601dff52cb1decf4742cc6""]","[""q_27""]",complementary_or_no_conflict,Both claims describe the same impact of Trump administration tariffs on American BOA costs initiated 'this spring' from the same source article.,False,local_Qwen_scope_review_not_manual_verification,False,"[""https://www.ajc.com/business/georgia-auto-sector-fears-tariff-damage/lT9ZkTnli54RJltUfZT2OI"", ""https://www.ajc.com/business/georgia-auto-sector-fears-tariff-damage/lT9ZkTnli54RJltUfZT2OI""]",complementary_or_no_conflict,complementary_or_no_conflict,model_review_provisional,False,,,,,,,
conflict_2f7bece4c0b508a927f431e2,"[""claim_9a3a34bbd9eb2677ebfc8220"", ""claim_bd3b304ebf60fae2b659af2e""]","[""q_27""]",complementary_or_no_conflict,The second claim is a direct excerpt of the relevant portion of the first claim regarding steel imports and tariff costs for American BOA.,False,local_Qwen_scope_review_not_manual_verification,False,"[""https://www.ajc.com/business/georgia-auto-sector-fears-tariff-damage/lT9ZkTnli54RJltUfZT2OI"", ""https://www.ajc.com/business/georgia-auto-sector-fears-tariff-damage/lT9ZkTnli54RJltUfZT2OI""]",complementary_or_no_conflict,complementary_or_no_conflict,model_review_provisional,False,,,,,,,
conflict_636136bbe2b174b670ea6a66,"[""claim_9a3a34bbd9eb2677ebfc8220"", ""claim_dcc91f9a596db1921d1bb936""]","[""q_27""]",complementary_or_no_conflict,"The second claim is a subset of the first, both confirming Trump administration tariffs raised costs for American BOA starting 'this spring'.",False,local_Qwen_scope_review_not_manual_verification,False,"[""https://www.ajc.com/business/georgia-auto-sector-fears-tariff-damage/lT9ZkTnli54RJltUfZT2OI"", ""https://www.ajc.com/business/georgia-auto-sector-fears-tariff-damage/lT9ZkTnli54RJltUfZT2OI""]",complementary_or_no_conflict,complementary_or_no_conflict,model_review_provisional,False,,,,,,,
conflict_7b5b0089e2a8a08df10edb09,"[""claim_a9601dff52cb1decf4742cc6"", ""claim_bd3b304ebf60fae2b659af2e""]","[""q_27""]",complementary_or_no_conflict,Both claims describe the same tariff impact on American BOA from the Trump administration in 'this spring' with consistent details.,False,local_Qwen_scope_review_not_manual_verification,False,"[""https://www.ajc.com/business/georgia-auto-sector-fears-tariff-damage/lT9ZkTnli54RJltUfZT2OI"", ""https://www.ajc.com/business/georgia-auto-sector-fears-tariff-damage/lT9ZkTnli54RJltUfZT2OI""]",complementary_or_no_conflict,complementary_or_no_conflict,model_review_provisional,False,,,,,,,
conflict_2b0f5ddb3b2abd0c1b00ba5a,"[""claim_a9601dff52cb1decf4742cc6"", ""claim_dcc91f9a596db1921d1bb936""]","[""q_27""]",complementary_or_no_conflict,Both claims cite the same tariff program (Trump administration) and effective date ('this spring') regarding cost increases for American BOA.,False,local_Qwen_scope_review_not_manual_verification,False,"[""https://www.ajc.com/business/georgia-auto-sector-fears-tariff-damage/lT9ZkTnli54RJltUfZT2OI"", ""https://www.ajc.com/business/georgia-auto-sector-fears-tariff-damage/lT9ZkTnli54RJltUfZT2OI""]",complementary_or_no_conflict,complementary_or_no_conflict,model_review_provisional,False,,,,,,,
conflict_cec53e6ec98457970ea4616f,"[""claim_bd3b304ebf60fae2b659af2e"", ""claim_dcc91f9a596db1921d1bb936""]","[""q_27""]",complementary_or_no_conflict,"Both claims originate from the same article and date, describing the same Trump administration tariff impact on costs; one is a subset of the other.",False,local_Qwen_scope_review_not_manual_verification,False,"[""https://www.ajc.com/business/georgia-auto-sector-fears-tariff-damage/lT9ZkTnli54RJltUfZT2OI"", ""https://www.ajc.com/business/georgia-auto-sector-fears-tariff-damage/lT9ZkTnli54RJltUfZT2OI""]",complementary_or_no_conflict,complementary_or_no_conflict,model_review_provisional,False,,,,,,,
conflict_3b57e7b99241631965bef308,"[""claim_360aecd2b453e171841b5dfd"", ""claim_d0f6fdcfd0403b14659dede7""]","[""q_270""]",complementary_or_no_conflict,"Both claims are from the same SEC filing describing general tariff risks; one mentions imposition/increase while the other mentions cost impacts, which are consistent.",False,local_Qwen_scope_review_not_manual_verification,False,"[""https://www.sec.gov/Archives/edgar/data/1049502/000119312526066820/mksi-20251231.htm"", ""https://www.sec.gov/Archives/edgar/data/1049502/000119312526066820/mksi-20251231.htm""]",complementary_or_no_conflict,complementary_or_no_conflict,model_review_provisional,False,,,,,,,
conflict_933337380f5217c9d49e9164,"[""claim_7efb90be5ba3a5fa5eaba63c"", ""claim_9fe8368b5af653f652f8e046""]","[""q_271""]",complementary_or_no_conflict,Deterministic exact normalized quotation identity; current applicability remains unverified.,False,local_Qwen_scope_review_not_manual_verification,False,"[""https://www.oxfordenergy.org/wpcms/wp-content/uploads/2025/04/OEF-144.pdf"", ""https://www.oxfordenergy.org/wpcms/wp-content/uploads/2025/04/OEF-144.pdf""]",complementary_or_no_conflict,complementary_or_no_conflict,exact_quote_identity_check,False,,,,,,,
conflict_e6f7ef308713642502eb516a,"[""claim_7efb90be5ba3a5fa5eaba63c"", ""claim_a22d41e8d640b5e1909c2805""]","[""q_271""]",complementary_or_no_conflict,Deterministic exact normalized quotation identity; current applicability remains unverified.,False,local_Qwen_scope_review_not_manual_verification,False,"[""https://www.oxfordenergy.org/wpcms/wp-content/uploads/2025/04/OEF-144.pdf"", ""https://www.oxfordenergy.org/wpcms/wp-content/uploads/2025/04/OEF-144.pdf""]",complementary_or_no_conflict,complementary_or_no_conflict,exact_quote_identity_check,False,,,,,,,
conflict_a9eecb3e73b25343016789f4,"[""claim_7efb90be5ba3a5fa5eaba63c"", ""claim_a6bdae5b69c03709cd954e8a""]","[""q_271""]",complementary_or_no_conflict,Deterministic exact normalized quotation identity; current applicability remains unverified.,False,local_Qwen_scope_review_not_manual_verification,False,"[""https://www.oxfordenergy.org/wpcms/wp-content/uploads/2025/04/OEF-144.pdf"", ""https://www.oxfordenergy.org/wpcms/wp-content/uploads/2025/04/OEF-144.pdf""]",complementary_or_no_conflict,complementary_or_no_conflict,exact_quote_identity_check,False,,,,,,,
conflict_51bf9a8c4fb1bb764842521f,"[""claim_3efe5110aa884dd444bc8b29"", ""claim_450651bea681424476107aee""]","[""q_272""]",different_dates_or_policy_stages,"One claim reports a specific cost impact ($200k/month) from initiated tariffs, while the other describes a proposed 25% tariff under Section 232 announced on March 26; one is a reported outcome, the other a policy proposal.",True,local_Qwen_scope_review_not_manual_verification,False,"[""https://www.ajc.com/business/georgia-auto-sector-fears-tariff-damage/lT9ZkTnli54RJltUfZT2OI"", ""https://www.wipfli.com/insights/articles/trumps-proposed-auto-tariffs-impact-on-the-supply-chain-and-consumers""]",different_dates_or_policy_stages,different_dates_or_policy_stages,model_review_provisional,False,,,,,,,
conflict_af69dfc24a3bcca903c9ee27,"[""claim_bd3b304ebf60fae2b659af2e"", ""claim_c4858a488fe5562499bf36ba""]","[""q_272""]",complementary_or_no_conflict,"Both claims are from the same article; one provides context about the company (American BOA) while the other repeats the cost impact statement, which is consistent.",False,local_Qwen_scope_review_not_manual_verification,False,"[""https://www.ajc.com/business/georgia-auto-sector-fears-tariff-damage/lT9ZkTnli54RJltUfZT2OI"", ""https://www.ajc.com/business/georgia-auto-sector-fears-tariff-damage/lT9ZkTnli54RJltUfZT2OI""]",complementary_or_no_conflict,complementary_or_no_conflict,model_review_provisional,False,,,,,,,
conflict_f5c2f570fc16dddbfd03c52e,"[""claim_08f71857a1d126cdda90560c"", ""claim_85936db30dbfbbda7dc396ce""]","[""q_274""]",complementary_or_no_conflict,"Both claims describe the same tariff event: steel and aluminum tariffs rising, with one specifying the 25% rate on steel and the other detailing the increase from 10% to 25% for aluminum.",False,local_Qwen_scope_review_not_manual_verification,False,"[""https://www.npr.org/2025/03/12/nx-s1-5325933/steel-aluminum-tariffs-autos"", ""https://www.npr.org/2025/03/12/nx-s1-5325933/steel-aluminum-tariffs-autos""]",complementary_or_no_conflict,complementary_or_no_conflict,model_review_provisional,False,,,,,,,
conflict_284c8242d2fc8f7a0faec598,"[""claim_24183eb6783ead0ab0a8c1e3"", ""claim_3efe5110aa884dd444bc8b29""]","[""q_274""]",complementary_or_no_conflict,"Both claims are from the same article; one identifies the company (American BOA) and the other repeats the cost impact statement, which is consistent.",False,local_Qwen_scope_review_not_manual_verification,False,"[""https://www.ajc.com/business/georgia-auto-sector-fears-tariff-damage/lT9ZkTnli54RJltUfZT2OI"", ""https://www.ajc.com/business/georgia-auto-sector-fears-tariff-damage/lT9ZkTnli54RJltUfZT2OI""]",complementary_or_no_conflict,complementary_or_no_conflict,model_review_provisional,False,,,,,,,
conflict_e38e51722d1667d28d72a766,"[""claim_2640566dc8a526e3a8ecae6f"", ""claim_cc8a57e441eb6ccfbd108954""]","[""q_274""]",complementary_or_no_conflict,"Both claims describe the same 25% tariff event on steel and aluminum; one cites executive orders as authority while the other cites national security grounds, which are consistent justifications.",False,local_Qwen_scope_review_not_manual_verification,False,"[""https://www.wardsauto.com/news/archive-auto-tariffs-trump-steel-aluminum-automotive/739872"", ""https://www.npr.org/2025/03/12/nx-s1-5325933/steel-aluminum-tariffs-autos""]",complementary_or_no_conflict,complementary_or_no_conflict,model_review_provisional,False,,,,,,,
conflict_47d6fbe2c07140b13e1fee4a,"[""claim_2643c6f665efab9027675e2a"", ""claim_e6c6fb37b1fccc0c0c001bfa""]","[""q_274""]",different_products_origins_or_programs,"Claim 1 specifies suspended tariffs on cars/parts from Canada/Mexico, while Claim 2 discusses steel sourcing from Europe; different products and origins make them non-contradictory.",False,local_Qwen_scope_review_not_manual_verification,False,"[""https://www.npr.org/2025/03/12/nx-s1-5325933/steel-aluminum-tariffs-autos"", ""https://www.ajc.com/business/georgia-auto-sector-fears-tariff-damage/lT9ZkTnli54RJltUfZT2OI""]",different_products_origins_or_programs,different_products_origins_or_programs,model_review_provisional,False,,,,,,,
conflict_5c0b38363a8d22d8439376b1,"[""claim_a00b48ac56807dd15a3dd0ec"", ""claim_b22a6ba9b6a421c07d6fc80a""]","[""q_274""]",complementary_or_no_conflict,"Claim 1 states tariffs impact vehicle manufacturing due to steel/aluminum use, while Claim 2 notes suppliers have international sources; these are complementary observations on impact and sourcing.",False,local_Qwen_scope_review_not_manual_verification,False,"[""https://www.wardsauto.com/news/archive-auto-tariffs-trump-steel-aluminum-automotive/739872"", ""https://www.wardsauto.com/news/archive-auto-tariffs-trump-steel-aluminum-automotive/739872""]",complementary_or_no_conflict,complementary_or_no_conflict,model_review_provisional,False,,,,,,,
conflict_b6a9fe325fb520ee41b4b61a,"[""claim_3be5545253060985e7b73183"", ""claim_76a96aa95a61147c7b50f93a""]","[""q_275""]",complementary_or_no_conflict,"Both claims describe the same 25% Section 232 tariff on autos/parts signed by President Trump; one uses 'In 2025' and the other 'Today', indicating consistent policy description.",False,local_Qwen_scope_review_not_manual_verification,False,"[""https://www.congress.gov/crs-product/IN12545"", ""https://www.whitehouse.gov/fact-sheets/2025/03/fact-sheet-president-donald-j-trump-adjusts-imports-of-automobiles-and-automobile-parts-into-the-united-states""]",complementary_or_no_conflict,complementary_or_no_conflict,model_review_provisional,False,,,,,,,
conflict_e7f2a45ba0b52222407d8bf9,"[""claim_b531b191fcd0b4213d6244b9"", ""claim_ddef72466cf375331ca358fc""]","[""q_275""]",complementary_or_no_conflict,"Claim 1 specifies a 10% rate for UK auto imports, while Claim 2 specifies a 15% rate for EU/Japan/South Korea; different origins result in different rates, not a conflict.",False,local_Qwen_scope_review_not_manual_verification,False,"[""https://www.congress.gov/crs-product/IN12545"", ""https://www.congress.gov/crs-product/IN12545""]",complementary_or_no_conflict,complementary_or_no_conflict,model_review_provisional,False,,,,,,,
conflict_df9d6a557b5c276248027d57,"[""claim_308073f842561b19f797bd14"", ""claim_fad80ef1d770b9ca909779cd""]","[""q_276""]",different_products_origins_or_programs,"Claim 1 refers to a pre-existing 2.5% base duty, while Claim 2 describes new proposed tariffs (10% base/25% on cars); these describe different tariff layers or stages.",False,local_Qwen_scope_review_not_manual_verification,False,"[""https://www.ledger-enquirer.com/news/politics-government/article302957479.html"", ""https://www.csmonitor.com/Business/2025/0408/tariffs-hyundai-auto-factory-jobs-georgia""]",different_products_origins_or_programs,different_products_origins_or_programs,model_review_provisional,False,,,,,,,
conflict_67b422bfcdc9e572978d6fa0,"[""claim_b101d12ca13a6fc08e611b84"", ""claim_fad80ef1d770b9ca909779cd""]","[""q_276""]",different_products_origins_or_programs,"Claim 1 states German brands face 25% tariffs, while Claim 2 describes a general base of 10% and 25% on imported cars; the specific application to German brands aligns with the general rule rather than contradicting it.",False,local_Qwen_scope_review_not_manual_verification,False,"[""https://www.ledger-enquirer.com/news/politics-government/article302957479.html"", ""https://www.csmonitor.com/Business/2025/0408/tariffs-hyundai-auto-factory-jobs-georgia""]",different_products_origins_or_programs,different_products_origins_or_programs,model_review_provisional,False,,,,,,,
conflict_3062de425f1d49316c768674,"[""claim_2f3d237c9b719d09d27c8182"", ""claim_d73b3edd172ed7a0ddb72f5d""]","[""q_277""]",different_dates_or_policy_stages,"Claim 1 refers to 'proposed' tariffs as a threat, while Claim 2 quotes Trump stating Hyundai will pay no tariffs due to US production; this reflects a policy stage progression from proposal to exemption.",False,local_Qwen_scope_review_not_manual_verification,False,"[""https://insideevs.com/news/755058/hyundai-metaplant-georgia-ioniq-tariffs"", ""https://gfmag.com/capital-raising-corporate-finance/hyundai-avoids-trump-tariffs""]",different_dates_or_policy_stages,different_dates_or_policy_stages,model_review_provisional,False,,,,,,,
conflict_3099f0f3b1ad4f538274a47d,"[""claim_9d7ff450165afcda138909d2"", ""claim_e877d18451c1dd72ad8521f4""]","[""q_277""]",complementary_or_no_conflict,"Claim 1 details a $9 billion pledge for production capacity, while Claim 2 references a $21 billion cost to sidestep tariff threats; these likely refer to the same or related financial commitments without contradiction.",False,local_Qwen_scope_review_not_manual_verification,False,"[""https://gfmag.com/capital-raising-corporate-finance/hyundai-avoids-trump-tariffs"", ""https://gfmag.com/capital-raising-corporate-finance/hyundai-avoids-trump-tariffs""]",complementary_or_no_conflict,complementary_or_no_conflict,model_review_provisional,False,,,,,,,
conflict_bba9004b469a14e8a7bf87db,"[""claim_095e704f924af4663dc38e3c"", ""claim_bb1aedd6cb3862dc515485db""]","[""q_278""]",complementary_or_no_conflict,"Claim 1 notes the Hyundai Metaplant benefits from current 25% tariffs by not relying on imports, while Claim 2 states Trump announced steep tariffs to push assembly lines; these are consistent regarding the tariff's existence and intent.",False,local_Qwen_scope_review_not_manual_verification,False,"[""https://www.wjcl.com/article/hyundai-20-billion-positive-impact-hyundai-metaplant-bryan-county/64290033"", ""https://www.ajc.com/news/business/georgias-auto-plants-wont-protect-from-tariff-price-hikes-experts-say/NNSAAH2QXNEGRHG5NU4SGTQLWE""]",complementary_or_no_conflict,complementary_or_no_conflict,model_review_provisional,False,,,,,,,
conflict_7fe00276a0e2a14494324ef7,"[""claim_7807462600ace973dec08451"", ""claim_b5a165fc5c2ed88edb25e117""]","[""q_28""]",different_dates_or_policy_stages,"Claim 1 reports a 7.5% decline in 2025 volume, while Claim 2 reports a 14.3% fall for autos/machinery and an 11.8% total decline for the fiscal year to date; these represent different metrics or timeframes within the same period.",False,local_Qwen_scope_review_not_manual_verification,False,"[""https://www.savannahnow.com/story/news/local/2026/01/28/georgia-ports-authority-weathers-year-of-tariffs-with-strong-performance/88382339007"", ""https://www.bizjournals.com/atlanta/news/2025/10/01/georgia-ports-august-tariffs.html""]",different_dates_or_policy_stages,different_dates_or_policy_stages,model_review_provisional,False,,,,,,,
conflict_7e9650e3102267a48ab4d05a,"[""claim_4850ee8660d2809092f0d50b"", ""claim_d9021dcc7320bd5b8a989d52""]","[""q_280""]",different_products_origins_or_programs,"Claim 1 describes a general 10% tariff on imports from all countries, while Claim 2 specifies a distinct 25% tariff program targeting automobiles and parts; these are different product scopes and rates.",False,local_Qwen_scope_review_not_manual_verification,False,"[""https://pro.stateaffairs.com/ga/politics/georgia-tariffs-cars-lockheed-china"", ""https://pro.stateaffairs.com/ga/politics/georgia-tariffs-cars-lockheed-china""]",different_products_origins_or_programs,different_products_origins_or_programs,model_review_provisional,False,,,,,,,
conflict_a6fbdea1bcf02ff12c33299a,"[""claim_4800b20174305de509ef16e1"", ""claim_61d39b47ebb60777d567b81a""]","[""q_281""]",complementary_or_no_conflict,"Claim 1 announces a 25% tariff on auto imports, and Claim 2 states that Hyundai's Georgia plant dodged this specific announced tariff; the claims are consistent regarding the existence of the tariff and its impact.",False,local_Qwen_scope_review_not_manual_verification,False,"[""https://www.teslarati.com/hyundai-georgia-plant-vs-trump-tariffs"", ""https://www.teslarati.com/hyundai-georgia-plant-vs-trump-tariffs""]",complementary_or_no_conflict,complementary_or_no_conflict,model_review_provisional,False,,,,,,,
conflict_b6ea8658d1cbe437036e37a1,"[""claim_61d39b47ebb60777d567b81a"", ""claim_656c2224370896d2f64b4418""]","[""q_281""]",complementary_or_no_conflict,"Claim 2 states the plant dodged announced tariffs, and Claim 3 quotes the CEO confirming that cars produced there are exempted; these claims align on the exemption status for domestic production.",False,local_Qwen_scope_review_not_manual_verification,False,"[""https://www.teslarati.com/hyundai-georgia-plant-vs-trump-tariffs"", ""https://www.teslarati.com/hyundai-georgia-plant-vs-trump-tariffs""]",complementary_or_no_conflict,complementary_or_no_conflict,model_review_provisional,False,,,,,,,
conflict_85ba0affb0d2fdab3bb362b5,"[""claim_1c37d651c18ae4a47cf24d48"", ""claim_4ff970e9d3b059c3eb177ede""]","[""q_282""]",different_products_origins_or_programs,"Claim 1 refers to a proposed tariff on imported automobiles, while Claim 2 describes a separate Commerce Department investigation into national security threats which could lead to additional tariffs; these are distinct policy mechanisms.",False,local_Qwen_scope_review_not_manual_verification,False,"[""https://www.govinfo.gov/content/pkg/CHRG-115shrg40897/html/CHRG-115shrg40897.htm"", ""https://www.govinfo.gov/content/pkg/CHRG-115shrg40897/html/CHRG-115shrg40897.htm""]",different_products_origins_or_programs,different_products_origins_or_programs,model_review_provisional,False,,,,,,,
conflict_0354e5b1a481222c6544f07c,"[""claim_096ce87a2edd87e2c78e328e"", ""claim_a4c4c082b80235eeb3cea69c""]","[""q_283""]",different_products_origins_or_programs,"Claim 1 specifies a tariff on imported EVs and components from China, whereas Claim 2 refers to pending tariffs on Chinese imports generally and a separate 25% automobile levy affecting the aftermarket sector; the scopes differ.",False,local_Qwen_scope_review_not_manual_verification,False,"[""https://aspire.usu.edu/july-25-market-intelligence"", ""https://www.linkedin.com/posts/jcmillerjr_supplychain-tariffs-automotiveaftermarket-activity-7331644499019948033-WS6f""]",different_products_origins_or_programs,different_products_origins_or_programs,model_review_provisional,False,,,,,,,
conflict_a6210d244bab0cafa60006f5,"[""claim_106ba8c57fae649136d69988"", ""claim_47fa233f5daa1df11f9d1275""]","[""q_284""]",different_dates_or_policy_stages,"Claim 1 describes the announcement of a 25% tariff on Chinese imports, while Claim 2 states that this policy was reneged upon in April 2025; this represents a progression from enactment to cancellation.",False,local_Qwen_scope_review_not_manual_verification,False,"[""https://kpmg.com/kpmg-us/content/dam/kpmg/pdf/2025/navigating-future-of-localization-automotive.pdf"", ""https://www.automotivelogistics.media/supply-chain/automotive-logistics-and-supply-chains-in-2025-tariff-turmoil-investment-uncertainty-and-further-cost-pressures/649740""]",different_dates_or_policy_stages,different_dates_or_policy_stages,model_review_provisional,False,,,,,,,
conflict_83b05a92467f0ca8107bee4a,"[""claim_1137d0ade7c7734984ff66c9"", ""claim_88df961ee76aaae76520b3c0""]","[""q_284""]",different_dates_or_policy_stages,"Claim 2 establishes a tariff effective April 3, 2025, while Claim 1 states the tariff will be applied to automotive components starting May 3, 2025; this indicates a staged implementation of the same policy.",False,local_Qwen_scope_review_not_manual_verification,False,"[""https://www.automotivelogistics.media/supply-chain/automotive-logistics-and-supply-chains-in-2025-tariff-turmoil-investment-uncertainty-and-further-cost-pressures/649740"", ""https://www.automotivelogistics.media/supply-chain/automotive-logistics-and-supply-chains-in-2025-tariff-turmoil-investment-uncertainty-and-further-cost-pressures/649740""]",different_dates_or_policy_stages,different_dates_or_policy_stages,model_review_provisional,False,,,,,,,
conflict_6244f2fdb661c5f16f69ed0e,"[""claim_6090b282db8ce1e4b4308d39"", ""claim_73d4f02dd03d081f85d06e5b""]","[""q_286""]",complementary_or_no_conflict,"Claim 1 identifies a proposed 25% tariff on Mexican auto imports, and Claim 2 reiterates the threat of 25% tariffs to the export model; both claims refer to the same proposed policy impact.",False,local_Qwen_scope_review_not_manual_verification,False,"[""https://www.oxfordenergy.org/wpcms/wp-content/uploads/2025/04/OEF-144.pdf"", ""https://www.oxfordenergy.org/wpcms/wp-content/uploads/2025/04/OEF-144.pdf""]",complementary_or_no_conflict,complementary_or_no_conflict,model_review_provisional,False,,,,,,,
conflict_e049b97495a3320a59af898c,"[""claim_8422ff035225263dd9894625"", ""claim_97ad2525e9a8a9797fffff5d""]","[""q_286""]",different_products_origins_or_programs,"Claim 1 details a tariff regime on steel, aluminum, and auto parts, while Claim 2 discusses the uncertainty of IRA tax credits; these are distinct legal authorities and policy areas.",False,local_Qwen_scope_review_not_manual_verification,False,"[""https://www.oxfordenergy.org/wpcms/wp-content/uploads/2025/04/OEF-144.pdf"", ""https://rhg.com/research/clean-investment-monitor-us-clean-energy-supply-chains""]",different_products_origins_or_programs,different_products_origins_or_programs,model_review_provisional,False,,,,,,,
conflict_cfce9ab41dd2c02db37be561,"[""claim_a297793c24c91e464d871c76"", ""claim_d8a68fa35a8fdd1a192a7c44""]","[""q_287""]",different_dates_or_policy_stages,"Claim 1 states the White House initially established reciprocal tariffs, while Claim 2 notes a subsequent announcement to delay enforcing these specific tariffs for 90 days; this reflects a change in policy timing.",False,local_Qwen_scope_review_not_manual_verification,False,"[""https://pro.stateaffairs.com/ga/politics/georgia-tariffs-cars-lockheed-china"", ""https://pro.stateaffairs.com/ga/politics/georgia-tariffs-cars-lockheed-china""]",different_dates_or_policy_stages,different_dates_or_policy_stages,model_review_provisional,False,,,,,,,
conflict_75da76535aa05fddf2a618cc,"[""claim_422b9eae29dfb1f489b1b175"", ""claim_fad80ef1d770b9ca909779cd""]","[""q_287""]",different_products_origins_or_programs,"Claim 1 discusses tariffs on steel/aluminum from China affecting Lockheed Martin, while Claim 2 discusses a base tariff program (10%) and specific car tariffs (25%) affecting consumer sentiment. The products (steel/aluminum vs cars), origins (China vs unspecified/all goods), and specific duty rates differ.",False,local_Qwen_scope_review_not_manual_verification,False,"[""https://pro.stateaffairs.com/ga/politics/georgia-tariffs-cars-lockheed-china"", ""https://www.csmonitor.com/Business/2025/0408/tariffs-hyundai-auto-factory-jobs-georgia""]",different_products_origins_or_programs,different_products_origins_or_programs,model_review_provisional,False,,,,,,,
conflict_84904b8185af95e56bcbfd37,"[""claim_bb5bb59ac60b68f5ce5d6f24"", ""claim_d0e45eae1412c47ae478e05e""]","[""q_289""]",different_products_origins_or_programs,"Claim 1 refers generally to 'Trump administration's tariffs' accelerating localization, while Claim 2 specifically cites a 'Tariff threat' affecting EV production lines at Hyundai. The scope differs between general tariff impacts on strategy versus specific product (EV) and program status (threat vs implemented).",False,local_Qwen_scope_review_not_manual_verification,False,"[""https://finance.biggo.com/news/7c816f70-187d-4f54-84d6-c8c8f26bacb6"", ""https://thecurrentga.org/2025/03/31/tariff-threat-casts-shadow-over-hyundais-plant-opening-party-in-bryan-county""]",different_products_origins_or_programs,different_products_origins_or_programs,model_review_provisional,False,,,,,,,
conflict_77ca66c690a62c7608b1337a,"[""claim_88a570ccde6dea7869832eb2"", ""claim_bf99a7e56719a997c17ae1ce""]","[""q_290""]",complementary_or_no_conflict,"Claim 1 states South Korean auto tariffs fluctuated between 15% and 25%, while Claim 2 specifies a 15% tariff on South Korean imports. The specific rate in Claim 2 falls within the range described in Claim 1, indicating they are consistent rather than contradictory.",False,local_Qwen_scope_review_not_manual_verification,False,"[""https://www.automotivemanufacturingsolutions.com/news/hyundai-commits-to-north-american-manufacturing-scale-with-36-new-models-localised-supply-chain/2640816"", ""https://finance.biggo.com/news/7c816f70-187d-4f54-84d6-c8c8f26bacb6""]",complementary_or_no_conflict,complementary_or_no_conflict,model_review_provisional,False,,,,,,,
conflict_744c24edadf0664d908fe9f3,"[""claim_b71c4cae4dd2491f2ff66da8"", ""claim_e97435fc7f544dbf1fa0c567""]","[""q_290""]",complementary_or_no_conflict,"Both claims describe the same event: the announcement of a 25% tariff on imported vehicles by the Trump Administration in Georgia around March 29, 2025. Claim 1 mentions the visit timing and specific tariff rate, while Claim 2 confirms the authority and rate.",False,local_Qwen_scope_review_not_manual_verification,False,"[""https://www.youtube.com/watch?v=u1XBETuQbVE"", ""https://www.youtube.com/watch?v=u1XBETuQbVE""]",complementary_or_no_conflict,complementary_or_no_conflict,model_review_provisional,False,,,,,,,
conflict_b838efb0eb69f03bf14d20c9,"[""claim_9bcfdb2f3df0c91950283408"", ""claim_e9df5e110291e243c53e9219""]","[""q_291""]",complementary_or_no_conflict,Claim 1 states Trump ordered a 25% import tax on steel and aluminum. Claim 2 states Hyundai Steel faces a hit from 25% US tariffs on foreign steel and aluminum. Both claims align on the duty rate (25%) and the product category (steel/aluminum).,False,local_Qwen_scope_review_not_manual_verification,False,"[""https://www.bbc.com/news/articles/cgkmvdz144vo"", ""https://www.kedglobal.com/automobiles/newsView/ked202503250003""]",complementary_or_no_conflict,complementary_or_no_conflict,model_review_provisional,False,,,,,,,
conflict_3385c2ff4c26b73d3615a129,"[""claim_19f4f2691f2dac3aa83fc9cb"", ""claim_e3bb2ecd1dd8619095bf04c1""]","[""q_292""]",complementary_or_no_conflict,"Both claims refer to the same announcement of a 25% tariff on vehicles imported into the US by the Trump Administration. Claim 1 mentions the timing and authority, while Claim 2 adds context about Hyundai's facility in Savannah.",False,local_Qwen_scope_review_not_manual_verification,False,"[""https://www.youtube.com/watch?v=u1XBETuQbVE"", ""https://www.youtube.com/watch?v=u1XBETuQbVE""]",complementary_or_no_conflict,complementary_or_no_conflict,model_review_provisional,False,,,,,,,
conflict_12a2a06b2c7fd008311b636a,"[""claim_3037a49073b144d99fa82354"", ""claim_6e2a687ab38ca19b0283e7e6""]","[""q_292""]",complementary_or_no_conflict,"Claim 1 describes the Hyundai Motor Group Metaplant America (HM GMA) and its production capacity. Claim 2 provides the full name, location (Ellabell, Bryan County, Georgia), and confirms it is an EV production site. The claims are consistent in identifying the facility.",False,local_Qwen_scope_review_not_manual_verification,False,"[""https://www.youtube.com/watch?v=u1XBETuQbVE"", ""https://en.wikipedia.org/wiki/Hyundai_Motor_Group_Metaplant_America""]",complementary_or_no_conflict,complementary_or_no_conflict,model_review_provisional,False,,,,,,,
conflict_fc58b65443e223bc3a88ea2f,"[""claim_22e8b1bfcdce7dde7744ad88"", ""claim_dfb479d42e157790c66371d0""]","[""q_293""]",apparent_same_scope_conflict,"Claim 1 states Hyundai will 'not have to pay any tariffs', while Claim 2 states Hyundai has paid billions in levies due to 25% tariffs on imported vehicles from South Korea. These claims are directly contradictory regarding the existence and payment of tariffs for Hyundai.",True,local_Qwen_scope_review_not_manual_verification,False,"[""https://www.wita.org/blogs/hyundais-investment-korea"", ""https://www.cnbc.com/2025/12/03/trump-south-korea-tariffs-vehicles-hyundai-gm.html""]",apparent_same_scope_conflict,apparent_same_scope_conflict,model_review_provisional,False,,,,,,,
conflict_e54b7edc49d2978cbd1fbb5e,"[""claim_3943b55a03a42bce91511100"", ""claim_dfb479d42e157790c66371d0""]","[""q_293""]",different_dates_or_policy_stages,"Claim 1 describes a plan to lower tariffs to 15% from South Korea, while Claim 2 describes the imposition of 25% tariffs in the spring. These represent different stages of policy (initial imposition vs subsequent reduction) rather than a direct contradiction on the same date.",True,local_Qwen_scope_review_not_manual_verification,False,"[""https://www.cnbc.com/2025/12/03/trump-south-korea-tariffs-vehicles-hyundai-gm.html"", ""https://www.cnbc.com/2025/12/03/trump-south-korea-tariffs-vehicles-hyundai-gm.html""]",different_dates_or_policy_stages,different_dates_or_policy_stages,model_review_provisional,False,,,,,,,
conflict_fe85458cbc7fc834657eb720,"[""claim_0f7c77129786fba1bc07d1db"", ""claim_f220f942c7976b8b947afe61""]","[""q_295""]",complementary_or_no_conflict,"Claim 1 quantifies the tariff cost per vehicle as almost 5 million won ($3,600). Claim 2 attributes this cost to a 'hefty 25 percent tariff'. The specific monetary value in Claim 1 is consistent with the rate described in Claim 2.",False,local_Qwen_scope_review_not_manual_verification,False,"[""https://www.koreajoongangdaily.com/business/hyundai-in-a-catch-22-as-it-absorbs-us-tariffs-while-toyota-volkswagen-benefit-from-deals/12005889"", ""https://www.koreajoongangdaily.com/business/hyundai-in-a-catch-22-as-it-absorbs-us-tariffs-while-toyota-volkswagen-benefit-from-deals/12005889""]",complementary_or_no_conflict,complementary_or_no_conflict,model_review_provisional,False,,,,,,,
conflict_aa02906e011f9f2d3ca21eca,"[""claim_a21b5ab11c948e265a308585"", ""claim_f220f942c7976b8b947afe61""]","[""q_295""]",complementary_or_no_conflict,"Both claims reference the same 25 percent tariff imposed by the Trump administration affecting Hyundai. One calculates the cost on a specific model, while the other describes the company bearing costs; they are consistent.",False,local_Qwen_scope_review_not_manual_verification,False,"[""https://www.koreajoongangdaily.com/business/hyundai-in-a-catch-22-as-it-absorbs-us-tariffs-while-toyota-volkswagen-benefit-from-deals/12005889"", ""https://www.koreajoongangdaily.com/business/hyundai-in-a-catch-22-as-it-absorbs-us-tariffs-while-toyota-volkswagen-benefit-from-deals/12005889""]",complementary_or_no_conflict,complementary_or_no_conflict,model_review_provisional,False,,,,,,,
conflict_6ff968a83877e8e2c9d05bde,"[""claim_f06e6eebac352f909c42817b"", ""claim_fe19d13fc32f82dd3edb5a52""]","[""q_296""]",different_dates_or_policy_stages,"One claim states a 25% tariff was imposed in 2025 under Section 232, while the other references a 2019 meeting that inspired plans for an exemption. The dates and policy stages (imposition vs. historical inspiration for exemption) differ.",False,local_Qwen_scope_review_not_manual_verification,False,"[""https://www.congress.gov/crs-product/IN12545"", ""https://gfmag.com/capital-raising-corporate-finance/hyundai-avoids-trump-tariffs""]",different_dates_or_policy_stages,different_dates_or_policy_stages,model_review_provisional,False,,,,,,,
conflict_be9e98f07753b2a9c26c0b36,"[""claim_8d181378560e6bbaf8deff60"", ""claim_ce986aa363a97e10c290f08c""]","[""q_297""]",complementary_or_no_conflict,Deterministic exact normalized quotation identity; current applicability remains unverified.,False,local_Qwen_scope_review_not_manual_verification,False,"[""https://www.reuters.com/business/autos-transportation/hyundai-steels-6-bln-us-investment-draws-investor-ire-tests-seouls-tariff-2025-04-22"", ""https://www.reuters.com/business/autos-transportation/hyundai-steels-6-bln-us-investment-draws-investor-ire-tests-seouls-tariff-2025-04-22""]",complementary_or_no_conflict,complementary_or_no_conflict,exact_quote_identity_check,False,,,,,,,
conflict_5f37342aaa561ec6d4ab57b0,"[""claim_4eae5564ea3331360cddaf93"", ""claim_f23cdbb154359e566856ab49""]","[""q_297""]",different_dates_or_policy_stages,"One claim quotes Trump stating tariffs work and Hyundai will not pay them due to US production, while the other notes the investment plan had not gone further than an announcement as of April 2025 with ongoing negotiations for exemptions. This reflects a progression from statement to status.",False,local_Qwen_scope_review_not_manual_verification,False,"[""https://www.manufacturingdive.com/news/hyundai-investment-us-tariffs-trump-steel-louisiana/743377"", ""https://www.reuters.com/business/autos-transportation/hyundai-steels-6-bln-us-investment-draws-investor-ire-tests-seouls-tariff-2025-04-22""]",different_dates_or_policy_stages,different_dates_or_policy_stages,model_review_provisional,False,,,,,,,
conflict_b2d32a4180b081e78eb514c7,"[""claim_22db82fb02b873f711749b9f"", ""claim_42b0cc400d3076046cc32cf5""]","[""q_298""]",different_dates_or_policy_stages,"One claim asserts the Georgia plant would be exempt from tariffs, while the other (dated 2018) states proposed tariffs would hit Kia and put jobs at risk. The first reflects a specific facility status or future expectation, while the second reflects a threat during a proposal stage.",False,local_Qwen_scope_review_not_manual_verification,False,"[""https://www.youtube.com/watch?v=wWzZYMAbgJw"", ""https://www.kuaf.com/2018-07-27/trumps-proposed-auto-tariffs-threaten-kia-plant-in-georgia""]",different_dates_or_policy_stages,different_dates_or_policy_stages,model_review_provisional,False,,,,,,,
conflict_ccffa54f871938f0be66ece0,"[""claim_3d72bb3f09894ba8583d30df"", ""claim_42b0cc400d3076046cc32cf5""]","[""q_298""]",different_dates_or_policy_stages,"One claim states cars assembled in the US are not subject to tariffs, while the other (2018) discusses proposed tariffs threatening the plant. The first addresses the operational status of US-assembled vehicles, the second a threat during a proposal phase.",False,local_Qwen_scope_review_not_manual_verification,False,"[""https://www.youtube.com/watch?v=wWzZYMAbgJw"", ""https://www.kuaf.com/2018-07-27/trumps-proposed-auto-tariffs-threaten-kia-plant-in-georgia""]",different_dates_or_policy_stages,different_dates_or_policy_stages,model_review_provisional,False,,,,,,,
conflict_3716815c938531897c24a253,"[""claim_9fd4dbf380f168f762fdd8a6"", ""claim_c70e2134c171b53d9b2b5242""]","[""q_298""]",different_products_origins_or_programs,"One claim discusses Japanese car maker Honda moving production due to 25% tariffs, while the other discusses South Korean vehicles with duties falling from 25% to 15% in a November 2025 deal. The products and origins differ.",False,local_Qwen_scope_review_not_manual_verification,False,"[""https://www.youtube.com/watch?v=wWzZYMAbgJw"", ""https://www.military.com/how-kia-quietly-built-the-most-tariff-proof-car-factory-in-america""]",different_products_origins_or_programs,different_products_origins_or_programs,model_review_provisional,False,,,,,,,
conflict_a12981220d2c9853972bb851,"[""claim_3931b232a7a58f9ed19c3af3"", ""claim_df3a7c8630aeb9ca54fc1ff3""]","[""q_299""]",different_dates_or_policy_stages,"One claim refers to new tariffs looming in 2018, while the other references a November 2025 trade deal where duties fell from 25% to 15%. The dates and policy stages (looming threat vs. post-deal reduction) differ.",False,local_Qwen_scope_review_not_manual_verification,False,"[""https://www.npr.org/2018/07/27/631839199/trumps-proposed-auto-tariffs-threaten-kia-plant-in-georgia"", ""https://www.military.com/how-kia-quietly-built-the-most-tariff-proof-car-factory-in-america""]",different_dates_or_policy_stages,different_dates_or_policy_stages,model_review_provisional,False,,,,,,,
conflict_19ae95af038b68ab7a4dda63,"[""claim_490ebed0b3a7abc4269f8064"", ""claim_7df5f5983e29704d00399b2f""]","[""q_299""]",different_dates_or_policy_stages,"One claim states the Georgia plant would be exempt from tariffs, while the other notes Kia was reeling from US tariffs in 2025 costing $2.3 billion. The first suggests an exemption status, the second a financial impact during a specific year.",False,local_Qwen_scope_review_not_manual_verification,False,"[""https://www.youtube.com/watch?v=wWzZYMAbgJw"", ""https://www.military.com/how-kia-quietly-built-the-most-tariff-proof-car-factory-in-america""]",different_dates_or_policy_stages,different_dates_or_policy_stages,model_review_provisional,False,,,,,,,
conflict_5acc6887206274d4d1deafa4,"[""claim_388815c909f649b5d8b40400"", ""claim_bcd4f8f9df02215f2ed9926b""]","[""q_302""]",complementary_or_no_conflict,"One claim states the industry braces for 25% auto tariffs, while the other quotes the Executive Chairman stating cars produced at the new plant will be exempt. The exemption claim complements the general tariff context.",False,local_Qwen_scope_review_not_manual_verification,False,"[""https://news.dealershipguy.com/p/hyundai-s-new-georgia-megaplant-opens-as-u-s-tariffs-loom-2025-03-31"", ""https://news.dealershipguy.com/p/hyundai-s-new-georgia-megaplant-opens-as-u-s-tariffs-loom-2025-03-31""]",complementary_or_no_conflict,complementary_or_no_conflict,model_review_provisional,False,,,,,,,
conflict_038396d4d059f876e0c3638c,"[""claim_06125bce75957cbf400062f6"", ""claim_1de9119f093b58a46a3432c5""]","[""q_303""]",complementary_or_no_conflict,"Both claims describe Hanon Systems' operations in Georgia; one notes an existing Alabama plant and expansion, the other announces a new Georgia factory. They address different facilities and are not contradictory.",False,local_Qwen_scope_review_not_manual_verification,False,"[""https://apnews.com/article/hyundai-georgia-auto-supplier-hanon-systems-00a71f69f77fb36cf5f41f8e9a263fce"", ""https://apnews.com/article/hyundai-georgia-auto-supplier-hanon-systems-00a71f69f77fb36cf5f41f8e9a263fce""]",complementary_or_no_conflict,complementary_or_no_conflict,model_review_provisional,False,,,,,,,
conflict_87c1cf4af57bd46107273ab4,"[""claim_15d65c7e59d8b4ef2e1c6a67"", ""claim_512e2110ffb8b8e09e4c8354""]","[""q_303""]",complementary_or_no_conflict,"Both claims originate from the same press release regarding Duckyang. One identifies the company's global customers, while the other specifies the investment for its first U.S. facility in Jackson County. They are consistent.",False,local_Qwen_scope_review_not_manual_verification,False,"[""https://gov.georgia.gov/press-releases/2021-05-20/gov-kemp-announces-korean-automotive-manufacturer-duckyang-open-companys"", ""https://gov.georgia.gov/press-releases/2021-05-20/gov-kemp-announces-korean-automotive-manufacturer-duckyang-open-companys""]",complementary_or_no_conflict,complementary_or_no_conflict,model_review_provisional,False,,,,,,,
conflict_ad636d4adeab0c46621b8ce7,"[""claim_7d7b12456d558acba8fed8df"", ""claim_9e63c14d758b027e1e0d0a6a""]","[""q_303""]",different_products_origins_or_programs,"One claim concerns a specific facility location for Duckyang (South Korean origin), while the other states a general prohibition on goods from North Korea. The origins and products differ, so there is no conflict.",False,local_Qwen_scope_review_not_manual_verification,False,"[""https://gov.georgia.gov/press-releases/2021-05-20/gov-kemp-announces-korean-automotive-manufacturer-duckyang-open-companys"", ""https://www.everycrsreport.com/reports/R41868.html""]",different_products_origins_or_programs,different_products_origins_or_programs,model_review_provisional,False,,,,,,,
conflict_1ea48b94d0a61ef89ad247c2,"[""claim_640ad95161b5d5e31d55a963"", ""claim_a023f991b2d1e7854412ac35""]","[""q_303""]",different_dates_or_policy_stages,"One claim describes the current KORUS FTA requirements, while the other refers to a 'proposed' KORUS FTA. The distinction between an existing agreement and a proposal indicates different policy stages.",False,local_Qwen_scope_review_not_manual_verification,False,"[""https://www.everycrsreport.com/reports/R41868.html"", ""https://www.everycrsreport.com/reports/R41868.html""]",different_dates_or_policy_stages,different_dates_or_policy_stages,model_review_provisional,False,,,,,,,
conflict_3512dc45512cf438aa3ea4af,"[""claim_8b4a4ebeccf825b420f1108b"", ""claim_b69c17b8d6cf7401fb22ffdc""]","[""q_303""]",complementary_or_no_conflict,"Both claims concern Hanon Systems. One lists existing supply relationships with plants in Alabama and Georgia, while the other announces a specific new plant construction in Statesboro. They are compatible.",False,local_Qwen_scope_review_not_manual_verification,False,"[""https://apnews.com/article/hyundai-georgia-auto-supplier-hanon-systems-00a71f69f77fb36cf5f41f8e9a263fce"", ""https://apnews.com/article/hyundai-georgia-auto-supplier-hanon-systems-00a71f69f77fb36cf5f41f8e9a263fce""]",complementary_or_no_conflict,complementary_or_no_conflict,model_review_provisional,False,,,,,,,
conflict_3725ceac14c2c265168f14de,"[""claim_2c459b3e25009d9ef46099bb"", ""claim_e1578b8044f522c2f4142bd1""]","[""q_304"", ""q_307""]",complementary_or_no_conflict,Both claims describe tariff increases under Section 301 effective in 2024. One applies to EVs (rising to 100%) and the other to lithium-ion batteries (rising to 25%). They address different products within the same program.,False,local_Qwen_scope_review_not_manual_verification,False,"[""https://mobilitynotes.com/summary-of-ev-related-u-s-tariffs-on-chinese-imports"", ""https://mobilitynotes.com/summary-of-ev-related-u-s-tariffs-on-chinese-imports""]",complementary_or_no_conflict,complementary_or_no_conflict,model_review_provisional,False,,,,,,,
conflict_49d16bed2c9eaa77c7d98347,"[""claim_1e7396e2a49cf1ece483646e"", ""claim_99c23c2e371b083b288808e8""]","[""q_305""]",different_dates_or_policy_stages,"One claim cites a 25% tariff effective May 3, 2025, while the other cites Section 232 tariffs on auto parts effective October 1, 2025. The different effective dates indicate distinct policy stages or implementations.",False,local_Qwen_scope_review_not_manual_verification,False,"[""https://www.kelleydrye.com/viewpoints/blogs/trade-and-manufacturing-monitor/tariff-update-list-of-products-covered-by-the-autos-tariffs"", ""https://www.trade.gov/press-release/department-commerce-announces-new-auto-parts-tariff-inclusions-process""]",different_dates_or_policy_stages,different_dates_or_policy_stages,model_review_provisional,False,,,,,,,
conflict_174e9482fdc1666058ff55e3,"[""claim_823011cda73df7db64593f44"", ""claim_d3b6962d542d6a38abd3bdbb""]","[""q_305""]",complementary_or_no_conflict,"One claim states the publication date of a Presidential Proclamation (April 3, 2025), and the other specifies the tariff rate and effective date for covered vehicles under that same proclamation. They are consistent.",False,local_Qwen_scope_review_not_manual_verification,False,"[""https://www.kelleydrye.com/viewpoints/blogs/trade-and-manufacturing-monitor/tariff-update-list-of-products-covered-by-the-autos-tariffs"", ""https://www.kelleydrye.com/viewpoints/blogs/trade-and-manufacturing-monitor/tariff-update-list-of-products-covered-by-the-autos-tariffs""]",complementary_or_no_conflict,complementary_or_no_conflict,model_review_provisional,False,,,,,,,
conflict_3a2707b1c42617542ccad7ce,"[""claim_823011cda73df7db64593f44"", ""claim_9560b95926ffba8ceed6fa4e""]","[""q_305""]",different_dates_or_policy_stages,"One claim references a proclamation published on April 3, 2025, while the other references a prior proclamation by President Trump dated March 26, 2025. The different dates suggest a sequence of actions or distinct proclamations.",False,local_Qwen_scope_review_not_manual_verification,False,"[""https://www.kelleydrye.com/viewpoints/blogs/trade-and-manufacturing-monitor/tariff-update-list-of-products-covered-by-the-autos-tariffs"", ""https://www.trade.gov/press-release/department-commerce-announces-new-auto-parts-tariff-inclusions-process""]",different_dates_or_policy_stages,different_dates_or_policy_stages,model_review_provisional,False,,,,,,,
conflict_ac33155f3efb5d74f0a24770,"[""claim_2a69bb341e46bbe21b79479e"", ""claim_ddef72466cf375331ca358fc""]","[""q_306""]",complementary_or_no_conflict,"Both claims state that auto imports from the EU and Japan face a 15% rate. One mentions select UK vehicles at 10%, while the other groups EU, Japan, and South Korea at 15%. The claims are consistent regarding the 15% rate.",False,local_Qwen_scope_review_not_manual_verification,False,"[""https://blogs.tradlinx.com/auto-tariffs-101-how-u-s-car-import-duties-really-work-in-2025"", ""https://www.congress.gov/crs-product/IN12545""]",complementary_or_no_conflict,complementary_or_no_conflict,model_review_provisional,False,,,,,,,
conflict_18762b623260e81312674658,"[""claim_163df575e5b1b27bb1497884"", ""claim_facd8b598d9d8b7ed160f900""]","[""q_308""]",different_dates_or_policy_stages,"Claim 1 specifies an offset period ending April 30, 2026, while Claim 2 extends validity for autos assembled through April 30, 2027. These represent sequential policy stages rather than a direct contradiction.",False,local_Qwen_scope_review_not_manual_verification,False,"[""https://www.trade.gov/press-release/department-commerce-announces-new-auto-tariff-offset-process"", ""https://www.trade.gov/press-release/department-commerce-announces-new-auto-tariff-offset-process""]",different_dates_or_policy_stages,different_dates_or_policy_stages,model_review_provisional,False,,,,,,,
conflict_004c2d1931e8a189cf629bc7,"[""claim_412020137629721ca450ce54"", ""claim_aae340ff52f3a36cdc438396""]","[""q_308""]",complementary_or_no_conflict,"Claim 1 defines an exemption for specific auto parts under Section 232 duties effective May 3, 2025, while Claim 2 confirms a 25% tariff on those same parts under the same program and date. The claims describe the duty structure and its exceptions simultaneously.",False,local_Qwen_scope_review_not_manual_verification,False,"[""https://www.cbp.gov/trade/programs-administration/entry-summary/section-232-additional-faqs-autos"", ""https://www.trade.gov/press-release/department-commerce-announces-new-auto-tariff-offset-process""]",complementary_or_no_conflict,complementary_or_no_conflict,model_review_provisional,False,,,,,,,
conflict_2d0aea24f7f9fbe8f4c8a07a,"[""claim_1842022f5f33c482a7ba2b4b"", ""claim_da2dcab1571a982f3f3e9028""]","[""q_309""]",complementary_or_no_conflict,"Both claims state the tariff start date is May 3, 2025. Claim 1 mentions a carveout for USMCA parts pending mechanism finalization, and Claim 2 elaborates that this exemption applies until a process is established by Commerce and CBP. They are consistent.",False,local_Qwen_scope_review_not_manual_verification,False,"[""https://www.foley.com/insights/publications/2025/04/auto-sector-company-new-automotive-tariffs"", ""https://www.foley.com/insights/publications/2025/04/auto-sector-company-new-automotive-tariffs""]",complementary_or_no_conflict,complementary_or_no_conflict,model_review_provisional,False,,,,,,,
conflict_483eff3ef75aacce5ba105b2,"[""claim_397c612ad8d3b9e56cbc0b1f"", ""claim_8fb303c3a80d87e7b05018bd""]","[""q_309""]",complementary_or_no_conflict,Deterministic exact normalized quotation identity; current applicability remains unverified.,False,local_Qwen_scope_review_not_manual_verification,False,"[""https://public-inspection.federalregister.gov/2025-05930.pdf"", ""https://public-inspection.federalregister.gov/2025-05930.pdf""]",complementary_or_no_conflict,complementary_or_no_conflict,exact_quote_identity_check,False,,,,,,,
conflict_a66107bd632ae77e2c4170f8,"[""claim_e4f93b1e38d5f159ee3d1540"", ""claim_fb242165b023dbe88ae4a2fb""]","[""q_309""]",complementary_or_no_conflict,"Claim 1 describes a comprehensive 25% tariff on specific vehicle types effective April 3, 2025. Claim 2 specifies the calculation (applicable subheading + 25%) for program 9903.94.01 with the same rate and date. They describe the same policy action.",False,local_Qwen_scope_review_not_manual_verification,False,"[""https://www.foley.com/insights/publications/2025/04/auto-sector-company-new-automotive-tariffs"", ""https://public-inspection.federalregister.gov/2025-05930.pdf""]",complementary_or_no_conflict,complementary_or_no_conflict,model_review_provisional,False,,,,,,,
conflict_93939c4fe7835d379de24281,"[""claim_241d5d48cb8b4065fe9d233f"", ""claim_5509a54ae49555736ba15d98""]","[""q_31""]",complementary_or_no_conflict,Claim 1 states cars produced at the Georgia plant are exempt from tariffs. Claim 2 states the plant dodged announced tariffs on imported vehicles and parts. Both claims align in asserting that production at this specific facility avoids the tariff burden.,False,local_Qwen_scope_review_not_manual_verification,False,"[""https://www.teslarati.com/hyundai-georgia-plant-vs-trump-tariffs"", ""https://www.teslarati.com/hyundai-georgia-plant-vs-trump-tariffs""]",complementary_or_no_conflict,complementary_or_no_conflict,model_review_provisional,False,,,,,,,
conflict_7d242bb9f6f036c3f721dc4c,"[""claim_241d5d48cb8b4065fe9d233f"", ""claim_e9b23f6a44d0a10ce9ce4d68""]","[""q_31""]",different_products_origins_or_programs,"Claim 1 discusses exemption from tariffs for produced cars. Claim 2 discusses a 'Customer Assurance' program regarding price maintenance and complimentary maintenance ending June 2, which is a distinct policy response to tariffs rather than a tariff rate or exemption claim itself.",False,local_Qwen_scope_review_not_manual_verification,False,"[""https://www.teslarati.com/hyundai-georgia-plant-vs-trump-tariffs"", ""https://www.caranddriver.com/news/a64375899/automakers-trump-tariff-response""]",different_products_origins_or_programs,different_products_origins_or_programs,model_review_provisional,False,,,,,,,
conflict_04160343f404508cb32f2708,"[""claim_1d21e400d3f8c64ba5dde38f"", ""claim_1f9dc6f9dcf2b8e8e0691886""]","[""q_310""]",different_dates_or_policy_stages,"Claim 1 mentions credits equal to 3.75% of MSRP without a specific date range in the snippet, while Claim 2 specifies a 2.5% credit for the period 2026-27 (May 1, 2026 to April 30, 2027) and implies the 3.75% applies to 2025-26. They describe different stages of a transition.",False,local_Qwen_scope_review_not_manual_verification,False,"[""https://www.thompsonhinesmartrade.com/2025/04/white-house-amends-automobile-parts-tariffs-to-ease-burden-on-u-s-automakers"", ""https://www.thompsonhinesmartrade.com/2025/04/white-house-amends-automobile-parts-tariffs-to-ease-burden-on-u-s-automakers""]",different_dates_or_policy_stages,different_dates_or_policy_stages,model_review_provisional,False,,,,,,,
conflict_9541680d944ebce0c170fbfd,"[""claim_64a0be9681d4336ef878872f"", ""claim_9039d913db542b25c47e6ea0""]","[""q_310""]",different_dates_or_policy_stages,"Claim 1 describes a 3.75% offset for autos assembled April 3, 2025, to April 30, 2026. Claim 2 describes a subsequent 2.5% offset for autos assembled May 1, 2026, to April 30, 2027. These are sequential policy stages.",False,local_Qwen_scope_review_not_manual_verification,False,"[""https://www.plantemoran.com/explore-our-thinking/insight/2025/05/adjusting-automobile-and-automobile-parts-tariffs-action"", ""https://www.whitehouse.gov/presidential-actions/2025/04/amendments-to-adjusting-imports-of-automobiles-and-automobile-parts-into-the-united-states""]",different_dates_or_policy_stages,different_dates_or_policy_stages,model_review_provisional,False,,,,,,,
conflict_75349958bdbc8c8c08ca349b,"[""claim_596a58c6f7f3b13a69d9ce99"", ""claim_9039d913db542b25c47e6ea0""]","[""q_311""]",different_dates_or_policy_stages,"Claim 1 cites a 3.75% offset valid from April 5, 2025, through April 30, 2030. Claim 2 cites a 2.5% offset for the specific period May 1, 2026, to April 30, 2027. The later claim represents a specific stage or amendment within the broader timeframe of the first.",False,local_Qwen_scope_review_not_manual_verification,False,"[""https://www.federalregister.gov/documents/2026/05/15/2026-09782/amending-the-procedures-to-administer-import-adjustment-offset-amounts-for-certain-imports-of"", ""https://www.whitehouse.gov/presidential-actions/2025/04/amendments-to-adjusting-imports-of-automobiles-and-automobile-parts-into-the-united-states""]",different_dates_or_policy_stages,different_dates_or_policy_stages,model_review_provisional,False,,,,,,,
conflict_3dae9a3d4e82a70672819f7d,"[""claim_9039d913db542b25c47e6ea0"", ""claim_a0bb7087cfcd67fde808054f""]","[""q_311""]",complementary_or_no_conflict,"Both claims describe the same import adjustment offset mechanism with identical rates (2.5%), effective dates (May 1, 2026), and expiration dates (April 30, 2027) for automobiles assembled in the US.",False,local_Qwen_scope_review_not_manual_verification,False,"[""https://www.whitehouse.gov/presidential-actions/2025/04/amendments-to-adjusting-imports-of-automobiles-and-automobile-parts-into-the-united-states"", ""https://www.trade.gov/press-release/department-commerce-announces-new-auto-tariff-offset-process""]",complementary_or_no_conflict,complementary_or_no_conflict,model_review_provisional,False,,,,,,,
conflict_d065eb9aefbd6e47ab4b5ea7,"[""claim_67bd0d01b357e3642b1a053b"", ""claim_f6ecb0f1f9d7fb544193404f""]","[""q_312""]",different_dates_or_policy_stages,"One claim cites a proclamation issued March 26, 2025, while the other describes a proposed regulation allowing retroactive extension for imports on or after April 3, 2025; these represent different policy stages and dates.",True,local_Qwen_scope_review_not_manual_verification,False,"[""https://www.federalregister.gov/documents/2025/05/20/2025-08917/procedures-for-submissions-by-importers-of-automobiles-qualifying-for-preferential-tariff-treatment"", ""https://www.federalregister.gov/documents/2025/05/20/2025-08917/procedures-for-submissions-by-importers-of-automobiles-qualifying-for-preferential-tariff-treatment""]",different_dates_or_policy_stages,different_dates_or_policy_stages,model_review_provisional,False,,,,,,,
conflict_6846e97d828fdfbee25dc514,"[""claim_078e7082229dda559eb142d8"", ""claim_600788deebbdd6168a63ede8""]","[""q_312""]",complementary_or_no_conflict,"Both claims confirm a 25% tariff on auto parts effective May 3, 2025; one additionally notes the automobile tariff effective April 3, 2025, which is consistent rather than contradictory.",False,local_Qwen_scope_review_not_manual_verification,False,"[""https://www.trade.gov/press-release/department-commerce-announces-new-auto-tariff-offset-process"", ""https://www.federalregister.gov/documents/2025/05/20/2025-08917/procedures-for-submissions-by-importers-of-automobiles-qualifying-for-preferential-tariff-treatment""]",complementary_or_no_conflict,complementary_or_no_conflict,model_review_provisional,False,,,,,,,
conflict_d271695f64d4eb1e0b85c849,"[""claim_9be0456ee416afb3a0cfe4f7"", ""claim_c8d620d507914aa530f9edd8""]","[""q_312""]",complementary_or_no_conflict,Both claims state identical eligibility criteria: only USMCA-qualifying vehicles from Mexico and Canada may apply the additional tariff exclusively to non-U.S. content.,False,local_Qwen_scope_review_not_manual_verification,False,"[""https://www.federalregister.gov/documents/2025/05/20/2025-08917/procedures-for-submissions-by-importers-of-automobiles-qualifying-for-preferential-tariff-treatment"", ""https://www.federalregister.gov/documents/2025/05/20/2025-08917/procedures-for-submissions-by-importers-of-automobiles-qualifying-for-preferential-tariff-treatment""]",complementary_or_no_conflict,complementary_or_no_conflict,model_review_provisional,False,,,,,,,
conflict_f93e649bb830b723d43bba85,"[""claim_b8affe397043ad88778b23e8"", ""claim_ef51deac8255c77617fc6781""]","[""q_312""]",complementary_or_no_conflict,Deterministic exact normalized quotation identity; current applicability remains unverified.,False,local_Qwen_scope_review_not_manual_verification,False,"[""https://www.federalregister.gov/documents/2025/05/20/2025-08917/procedures-for-submissions-by-importers-of-automobiles-qualifying-for-preferential-tariff-treatment"", ""https://www.federalregister.gov/documents/2025/05/20/2025-08917/procedures-for-submissions-by-importers-of-automobiles-qualifying-for-preferential-tariff-treatment""]",complementary_or_no_conflict,complementary_or_no_conflict,exact_quote_identity_check,False,,,,,,,
conflict_ef1c086b04d016e644ad0df5,"[""claim_32b753e30e77e09d6cb403bf"", ""claim_c523f32161ad5b8eb4b5d62f""]","[""q_312""]",complementary_or_no_conflict,"The claims describe sequential procedural steps (submission windows followed by a 60-day review period) for the same Section 232 tariff program, not conflicting facts.",False,local_Qwen_scope_review_not_manual_verification,False,"[""https://www.whitecase.com/insight-alert/commerce-department-opens-new-automobile-parts-section-232-tariff-inclusions-process"", ""https://www.whitecase.com/insight-alert/commerce-department-opens-new-automobile-parts-section-232-tariff-inclusions-process""]",complementary_or_no_conflict,complementary_or_no_conflict,model_review_provisional,False,,,,,,,
conflict_c232b4f5d5c3e7a2e88d8a7f,"[""claim_035802c6a30a1c0e956a7cc1"", ""claim_a3b4846f4cd8e94e931cff67""]","[""q_313""]",complementary_or_no_conflict,"One claim explains the deferral benefit of bonded warehouses, while the other specifies the rate determination rule (rate at withdrawal); these are complementary aspects of the same mechanism.",False,local_Qwen_scope_review_not_manual_verification,False,"[""https://geodis.com/us-en/resources/blog/warehousing-and-value-added-logistics-expertise/bonded-warehouses-manage-us-tariffs"", ""https://geodis.com/us-en/resources/blog/warehousing-and-value-added-logistics-expertise/bonded-warehouses-manage-us-tariffs""]",complementary_or_no_conflict,complementary_or_no_conflict,model_review_provisional,False,,,,,,,
conflict_6b8c0cc31fb66cb5a904509e,"[""claim_59cd0e4ed1748a67581f7292"", ""claim_d7448557ad6496feb0279f1a""]","[""q_313""]",different_products_origins_or_programs,"One claim discusses Section 301 merchandise in FTZs locking rates at admission, while the other discusses bonded warehouses allowing payment of lower rates upon withdrawal; these are distinct tariff programs with different mechanics.",False,local_Qwen_scope_review_not_manual_verification,False,"[""https://www.platton.ai/insights/warehouse-and-fulfilment/mitigating-tariff-impacts-bonded-warehouses-ftz"", ""https://geodis.com/us-en/resources/blog/warehousing-and-value-added-logistics-expertise/bonded-warehouses-manage-us-tariffs""]",different_products_origins_or_programs,different_products_origins_or_programs,model_review_provisional,False,,,,,,,
conflict_db5bb72c2fb7b73842ea8782,"[""claim_08e557ced3646a64c0872dcd"", ""claim_cc7f0ca2c35375c8b8d6a49a""]","[""q_314""]",different_dates_or_policy_stages,"One claim states a 50% rate effective Jan 1, 2026, while the other describes a proposed 12.5% rate announced June 2, 2026; the latter is a future proposal and does not contradict the former as an existing or past measure.",True,local_Qwen_scope_review_not_manual_verification,False,"[""https://www.china-briefing.com/news/us-china-tariff-rates-2025"", ""https://www.china-briefing.com/news/us-china-tariff-rates-2025""]",different_dates_or_policy_stages,different_dates_or_policy_stages,model_review_provisional,False,,,,,,,
conflict_09c05dc31bfb3ca71ed496d7,"[""claim_dc90fe23d8bcecbbf24a15d7"", ""claim_f375be7bf84463b9427a10e3""]","[""q_314""]",different_products_origins_or_programs,"One claim specifies a 25% Section 232 tariff on automotive parts effective May 3, 2025, while the other describes a broader March 26, 2025 announcement of 25% tariffs on all partners (including existing Section 301 measures) effective April 3, 2025; these refer to different programs and effective dates.",True,local_Qwen_scope_review_not_manual_verification,False,"[""https://www.plantemoran.com/explore-our-thinking/insight/2025/05/adjusting-automobile-and-automobile-parts-tariffs-action"", ""https://www.china-briefing.com/news/us-china-tariff-rates-2025""]",different_products_origins_or_programs,different_products_origins_or_programs,model_review_provisional,False,,,,,,,
conflict_ee892a75c1e51db0257cdc4f,"[""claim_4cae026b60f7ead8b5c017d6"", ""claim_dc90fe23d8bcecbbf24a15d7""]","[""q_314""]",complementary_or_no_conflict,"Claim 1 describes a specific offset mechanism (3.75% of MSRP) for vehicles assembled in the US during a transition period, while Claim 2 establishes the underlying 25% tariff on parts effective May 3, 2025. The offset is designed to mitigate the impact of the tariff described in the second claim, making them compatible rather than contradictory.",True,local_Qwen_scope_review_not_manual_verification,False,"[""https://www.plantemoran.com/explore-our-thinking/insight/2025/05/adjusting-automobile-and-automobile-parts-tariffs-action"", ""https://www.plantemoran.com/explore-our-thinking/insight/2025/05/adjusting-automobile-and-automobile-parts-tariffs-action""]",complementary_or_no_conflict,complementary_or_no_conflict,model_review_provisional,False,,,,,,,
conflict_1bfe6deebbd61631c503e6a0,"[""claim_08e557ced3646a64c0872dcd"", ""claim_f22c832c18a6a6ef391a8b40""]","[""q_314""]",different_products_origins_or_programs,"Claim 1 specifies a 50% rate under the Section 301 Four-Year Review effective January 1, 2026, while Claim 2 states EV tariffs increased to 100 percent. These refer to different duty rates and potentially different product scopes or specific tariff programs (general review vs. specific EV rate), indicating distinct policy applications rather than a direct conflict.",True,local_Qwen_scope_review_not_manual_verification,False,"[""https://www.china-briefing.com/news/us-china-tariff-rates-2025"", ""https://www.china-briefing.com/news/us-china-tariff-rates-2025""]",different_products_origins_or_programs,different_products_origins_or_programs,model_review_provisional,False,,,,,,,
conflict_c078fd67d9087f7ce3c8ef09,"[""claim_a73276c55de1fcb7327a360e"", ""claim_f375be7bf84463b9427a10e3""]","[""q_314""]",different_dates_or_policy_stages,"Claim 1 refers to tariffs implemented in 2018-2019 remaining in effect, whereas Claim 2 describes a new announcement on March 26, 2025, for a 25% tariff effective April 3, 2025. The claims address different time periods and policy stages (historical vs. future/announced), representing a progression rather than a contradiction.",True,local_Qwen_scope_review_not_manual_verification,False,"[""https://www.autocare.org/government-relations/current-issues/tariffs-and-trade/section-301-china-tariffs"", ""https://www.china-briefing.com/news/us-china-tariff-rates-2025""]",different_dates_or_policy_stages,different_dates_or_policy_stages,model_review_provisional,False,,,,,,,
conflict_7c870efed4130e810f1a1cff,"[""claim_3f13b8da010ef4af85986987"", ""claim_a0882bd2ad4fa0f4ff69f770""]","[""q_315""]",complementary_or_no_conflict,"Claim 1 cites a 2016 CIT ruling regarding flashlight assembly, while Claim 2 cites a 2020 CBP ruling concerning automotive windshield wiper pumps. Both rulings involve the company Energizer Battery and establish that simple assembly does not constitute substantial transformation, supporting a consistent legal principle across different product types and dates.",True,local_Qwen_scope_review_not_manual_verification,False,"[""https://www.tradelawcounsel.com/country-of-origin"", ""https://www.tradelawcounsel.com/country-of-origin""]",complementary_or_no_conflict,complementary_or_no_conflict,model_review_provisional,False,,,,,,,
conflict_763751c7487f8eb745f0842e,"[""claim_54b8195cf9f24eb7468c173d"", ""claim_ec838f2e0f7dc789c5886acf""]","[""q_315""]",complementary_or_no_conflict,"Claim 1 states that simple assembly operations do not result in substantial transformation for control arms, referencing CBP ruling N357277. Claim 2 confirms this same ruling (N357277) and its conclusion regarding the origin of control arms remaining with the ball joint assembly. The claims are identical in substance and reference.",True,local_Qwen_scope_review_not_manual_verification,False,"[""https://gingercontrol.com/blog/country-of-origin-determination-rules"", ""https://gingercontrol.com/blog/country-of-origin-determination-rules""]",complementary_or_no_conflict,complementary_or_no_conflict,model_review_provisional,False,,,,,,,
conflict_29f1cbffbd2876e85b43644b,"[""claim_876a5bf08daf218cbe115428"", ""claim_aff7d3a0c5c7c295ed1d03e6""]","[""q_316""]",complementary_or_no_conflict,Deterministic exact normalized quotation identity; current applicability remains unverified.,True,local_Qwen_scope_review_not_manual_verification,False,"[""https://www.camtomx.com/en/blog/hts-classification-automotive-parts-guide"", ""https://www.camtomx.com/en/blog/hts-classification-automotive-parts-guide""]",apparent_same_scope_conflict,apparent_same_scope_conflict,exact_quote_identity_check,False,,,,,,,
conflict_3b51c7d72c44fde7128a8783,"[""claim_2c459b3e25009d9ef46099bb"", ""claim_cbe69d9e4ccf199bba99e944""]","[""q_317""]",different_dates_or_policy_stages,"Claim 1 states tariffs rose from 25% to 100% in 2024. Claim 2 details a sequence: Biden imposed 100% in May 2024, followed by Trump raising it further (to 145%-245%, then reduced to 135%). The claims describe a progression of tariff rates over time rather than a static contradiction.",True,local_Qwen_scope_review_not_manual_verification,False,"[""https://mobilitynotes.com/summary-of-ev-related-u-s-tariffs-on-chinese-imports"", ""https://www.nature.com/articles/s44168-025-00330-6""]",different_dates_or_policy_stages,different_dates_or_policy_stages,model_review_provisional,False,,,,,,,
conflict_25ad480ce849a85f6590a0f2,"[""claim_30c63ef11da3430bb246822d"", ""claim_e1578b8044f522c2f4142bd1""]","[""q_317""]",complementary_or_no_conflict,Claim 1 announces a tariff increase on lithium-ion batteries from 7.5% to 25% in 2024 as part of a broader $18 billion package. Claim 2 confirms the specific rate change for lithium-ion EV batteries rising from 7.5% to 25% in 2024. The claims are consistent and complementary.,True,local_Qwen_scope_review_not_manual_verification,False,"[""https://interactanalysis.com/insight/us-tariff-increases-what-is-the-impact-on-the-us-and-china-markets-for-electric-vehicles-and-li-ion-batteries"", ""https://mobilitynotes.com/summary-of-ev-related-u-s-tariffs-on-chinese-imports""]",complementary_or_no_conflict,complementary_or_no_conflict,model_review_provisional,False,,,,,,,
conflict_a95c204184e85e3f5c12d0e3,"[""claim_0bc99aa701ad093c811b7990"", ""claim_44407dfa3f06d5487c3e9902""]","[""q_318""]",complementary_or_no_conflict,"Claim 1 determines origin as Korea for an assembly where both cores are produced in Korea. Claim 2 determines origin as China for an assembly where both cores are of Chinese origin. The claims address different factual scenarios (Scenario 2 vs Scenario 1) with different input origins, leading to different but logically consistent outcomes.",True,local_Qwen_scope_review_not_manual_verification,False,"[""https://www.customsmobile.com/rulings/docview?doc_id=H313371"", ""https://www.customsmobile.com/rulings/docview?doc_id=H313371""]",complementary_or_no_conflict,complementary_or_no_conflict,model_review_provisional,False,,,,,,,
conflict_357ad1eba99a4aae892c3ece,"[""claim_40225326ec85c253be9635d8"", ""claim_a81b542b05fc740703092afe""]","[""q_319""]",different_products_origins_or_programs,"Claim 1 lists general HS tariff lines for EV parts (batteries, motors). Claim 2 specifies a particular duty rate (25%) applicable to products of China under a specific HTSUS subheading (8501.53.40) via U.S. Note 20. The claims address different levels of specificity (general classification vs. specific origin-based duty application) and do not contradict.",True,local_Qwen_scope_review_not_manual_verification,False,"[""https://www.usitc.gov/publications/332/working_papers/ev_paper_05072024_ec_working_paper_series.pdf"", ""https://www.customsmobile.com/rulings/docview?doc_id=HQ+H329719&highlight=8501.53%2A""]",different_products_origins_or_programs,different_products_origins_or_programs,model_review_provisional,False,,,,,,,
conflict_324b563bce4d84fe26d4699f,"[""claim_853abe770c7fc6fd55f849c0"", ""claim_9d39200c1a656429bbf99301""]","[""q_319""]",complementary_or_no_conflict,"Both claims reference the same legal precedent (HQ 955037) and EN 85.01 regarding electric motors with additional components, confirming consistent classification principles rather than contradicting each other.",False,local_Qwen_scope_review_not_manual_verification,False,"[""https://rulings.cbp.gov/ruling/N322256"", ""https://rulings.cbp.gov/ruling/N322256""]",complementary_or_no_conflict,complementary_or_no_conflict,model_review_provisional,False,,,,,,,
conflict_da49d45a433ca6767d6472af,"[""claim_9c46088dab5ec0a4dcf45013"", ""claim_9e51275190bb6fe98f671ed0""]","[""q_319""]",complementary_or_no_conflict,"The first claim defines the composition of Electrical Drive Units, while the second concludes they are AC motors; these statements describe product features and classification conclusions that are logically consistent.",False,local_Qwen_scope_review_not_manual_verification,False,"[""https://rulings.cbp.gov/ruling/N322256"", ""https://rulings.cbp.gov/ruling/N322256""]",complementary_or_no_conflict,complementary_or_no_conflict,model_review_provisional,False,,,,,,,
conflict_205b5718ebbb6329041d579e,"[""claim_9d39200c1a656429bbf99301"", ""claim_b6b7c70e50fd11feebae6d73""]","[""q_319""]",complementary_or_no_conflict,"Claim 1 cites longstanding precedence for EN 85.01, and Claim 2 cites HQ 086832 (1990) supporting the same principle that motors remain classifiable as motors despite attached articles; they reinforce the same legal interpretation.",False,local_Qwen_scope_review_not_manual_verification,False,"[""https://rulings.cbp.gov/ruling/N322256"", ""https://rulings.cbp.gov/ruling/N322256""]",complementary_or_no_conflict,complementary_or_no_conflict,model_review_provisional,False,,,,,,,
conflict_70229faab690f715b9e43450,"[""claim_a81b542b05fc740703092afe"", ""claim_e316ef34e56c4eb4898823aa""]","[""q_319""]",complementary_or_no_conflict,"Claim 1 establishes the duty rate and origin condition for a specific HTS subheading, while Claim 2 specifies the required Chapter 99 reporting code for that same importation; they describe different administrative requirements for the same scenario.",False,local_Qwen_scope_review_not_manual_verification,False,"[""https://www.customsmobile.com/rulings/docview?doc_id=HQ+H329719&highlight=8501.53%2A"", ""https://www.customsmobile.com/rulings/docview?doc_id=HQ+H329719&highlight=8501.53%2A""]",complementary_or_no_conflict,complementary_or_no_conflict,model_review_provisional,False,,,,,,,
conflict_6588a99fd520004dccd66bf3,"[""claim_136e500cc705311c3955288d"", ""claim_41cd440699495d6451ea2f47""]","[""q_320""]",complementary_or_no_conflict,"Both claims describe the scope of tariff application regarding US content: one notes exclusions for US-made content, and the other specifies that tariffs apply to non-US content under USMCA; these are consistent descriptions of the same policy mechanism.",False,local_Qwen_scope_review_not_manual_verification,False,"[""https://www.govtech.com/transportation/will-tariffs-upend-electric-vehicle-adoption-in-the-u-s"", ""https://blog.greenenergyconsumers.org/blog/what-the-car-tariffs-mean-for-electric-vehicles""]",complementary_or_no_conflict,complementary_or_no_conflict,model_review_provisional,False,,,,,,,
conflict_c4e9f22da1e514ef87a3b7c7,"[""claim_2c0631f960f2669cb7c16a3d"", ""claim_daae00d66d437b0bdc56c9d7""]","[""q_320""]",apparent_same_scope_conflict,"Claim 1 states Section 232 tariffs on steel, aluminum, and copper are unchanged at 50 percent, while Claim 2 cites a duty rate of 25% for the same Section 232 tariffs; these rates are incompatible for the same scope.",True,local_Qwen_scope_review_not_manual_verification,False,"[""https://www.geartechnology.com/after-the-ruling"", ""https://www.govtech.com/transportation/will-tariffs-upend-electric-vehicle-adoption-in-the-u-s""]",apparent_same_scope_conflict,apparent_same_scope_conflict,model_review_provisional,False,,,,,,,
conflict_3337b688f4d6f3033c22933d,"[""claim_3941441be626eb7b32fdcdfd"", ""claim_fa85d5046586f4e48245fe96""]","[""q_320""]",different_dates_or_policy_stages,"Claim 1 refers to a decision invalidating reciprocal and fentanyl-related tariffs, while Claim 2 refers to a March 26, 2025 announcement of new 25% tariffs on cars; these represent distinct policy actions or stages rather than a direct contradiction.",False,local_Qwen_scope_review_not_manual_verification,False,"[""https://www.geartechnology.com/after-the-ruling"", ""https://blog.greenenergyconsumers.org/blog/what-the-car-tariffs-mean-for-electric-vehicles""]",different_dates_or_policy_stages,different_dates_or_policy_stages,model_review_provisional,False,,,,,,,
conflict_104962a0b96c50834c573cb5,"[""claim_d9abae9827d07d6c7251af97"", ""claim_f03e261b7b613d72c178cfe7""]","[""q_320""]",complementary_or_no_conflict,"Claim 1 specifies that raw steel products in Chapters 72 and 73 are assessed on total value, while Claim 2 clarifies that derivative products outside those chapters are assessed only on content; these define complementary scopes of application.",False,local_Qwen_scope_review_not_manual_verification,False,"[""https://www.geartechnology.com/after-the-ruling"", ""https://www.geartechnology.com/after-the-ruling""]",complementary_or_no_conflict,complementary_or_no_conflict,model_review_provisional,False,,,,,,,
conflict_1c5d0757072aa9cc87be7f8b,"[""claim_2cda86cf2c6dd6b2099719aa"", ""claim_2f50e6950b199fc376a31b14""]","[""q_320""]",different_products_origins_or_programs,"Claim 1 discusses General Motors' imports from Mexico, while Claim 2 discusses Ford Motor Co.'s imports from Mexico and China; they describe different companies and product origins without conflicting.",False,local_Qwen_scope_review_not_manual_verification,False,"[""https://www.govtech.com/transportation/will-tariffs-upend-electric-vehicle-adoption-in-the-u-s"", ""https://www.govtech.com/transportation/will-tariffs-upend-electric-vehicle-adoption-in-the-u-s""]",different_products_origins_or_programs,different_products_origins_or_programs,model_review_provisional,False,,,,,,,
conflict_dc64d3cedcfb850808c68495,"[""claim_124138c0ee9c8a105a1e8f25"", ""claim_1368ab8f4c302cce55438c98""]","[""q_321""]",complementary_or_no_conflict,Both claims cite the exact same HTS code (8708504110) and product description for drive axles from the same source; they are identical in scope and content.,False,local_Qwen_scope_review_not_manual_verification,False,"[""https://www.trade.gov/automotive-parts-tariff-codes"", ""https://www.trade.gov/automotive-parts-tariff-codes""]",complementary_or_no_conflict,complementary_or_no_conflict,model_review_provisional,False,,,,,,,
conflict_01fffa31fdf77ff3229a253f,"[""claim_40a16d11907bc954cf47c6b1"", ""claim_46af334c136f2b41f710b3a5""]","[""q_321""]",different_products_origins_or_programs,"Claims cite distinct HTS codes (8708508000 vs 8708505000) for different product descriptions ('NESOI' vs 'OF 8703'), indicating separate tariff classifications rather than a contradiction.",False,local_Qwen_scope_review_not_manual_verification,False,"[""https://www.trade.gov/automotive-parts-tariff-codes"", ""https://www.trade.gov/automotive-parts-tariff-codes""]",different_products_origins_or_programs,different_products_origins_or_programs,model_review_provisional,False,,,,,,,
conflict_f333a9df68e6c2d800889d95,"[""claim_4e521fcea04f7c5b4cf86f39"", ""claim_d1b1ce5399e2d5ebd07c7759""]","[""q_321""]",different_products_origins_or_programs,"Claims reference different HTS codes (8708506100 vs 8708500050) for drive axles, suggesting distinct product scopes or classification levels rather than a direct conflict.",False,local_Qwen_scope_review_not_manual_verification,False,"[""https://www.trade.gov/automotive-parts-tariff-codes"", ""https://www.trade.gov/automotive-parts-tariff-codes""]",different_products_origins_or_programs,different_products_origins_or_programs,model_review_provisional,False,,,,,,,
conflict_4fcba7126590eb157a10061b,"[""claim_67ba12c8f253e2266425338e"", ""claim_80b5ddba3241f746c98b6b81""]","[""q_321"", ""q_78""]",complementary_or_no_conflict,"Both claims cite the identical HTS code (8708504150) and product description ('NON-DRIVING AXLES AND PARTS FOR VEHICLES,NESOI'), showing consistent information.",False,local_Qwen_scope_review_not_manual_verification,False,"[""https://www.trade.gov/automotive-parts-tariff-codes"", ""https://www.trade.gov/automotive-parts-tariff-codes""]",complementary_or_no_conflict,complementary_or_no_conflict,model_review_provisional,False,,,,,,,
conflict_69b5426445a54908fec769a8,"[""claim_bba87e1e5662b52499bb6320"", ""claim_dd981ea60fa2ba16855561fc""]","[""q_321""]",different_products_origins_or_programs,"Claims address different product categories: drive axles (HTS 8708500050) versus parts and accessories for drive axles (HTS 8708507200), indicating distinct scopes.",False,local_Qwen_scope_review_not_manual_verification,False,"[""https://www.trade.gov/automotive-parts-tariff-codes"", ""https://www.trade.gov/automotive-parts-tariff-codes""]",different_products_origins_or_programs,different_products_origins_or_programs,model_review_provisional,False,,,,,,,
conflict_507386b1ce8de044d7007c52,"[""claim_793120f4f8f8e22cad9bf0f9"", ""claim_fad18719610e432bed619e8c""]","[""q_322""]",complementary_or_no_conflict,"Both claims agree on the effective date of May 3, 2025; one specifies the time and source (Federal Register) while the other adds program details (Section 232), which are compatible.",False,local_Qwen_scope_review_not_manual_verification,False,"[""https://www.federalregister.gov/documents/2025/05/02/2025-07833/amendments-to-adjusting-imports-of-automobiles-and-automobile-parts-into-the-united-states"", ""https://tglobeconsultants.com/importing-auto-parts-into-us""]",complementary_or_no_conflict,complementary_or_no_conflict,model_review_provisional,False,,,,,,,
conflict_3b106938e6160c5b4969e8b8,"[""claim_85446b9a416b5ac882dd6b29"", ""claim_d796aa7ca1ac3dbce05c8cd9""]","[""q_322""]",apparent_same_scope_conflict,"Claims contradict on the duty rate for covered parts: one states 25 percent while the other asserts the rate is 27.5 percent or higher, with the latter citing a later announcement date (2026).",True,local_Qwen_scope_review_not_manual_verification,False,"[""https://tglobeconsultants.com/importing-auto-parts-into-us"", ""https://tglobeconsultants.com/importing-auto-parts-into-us""]",apparent_same_scope_conflict,apparent_same_scope_conflict,model_review_provisional,False,,,,,,,
conflict_31422776b11fe71fb7a0d7e5,"[""claim_85446b9a416b5ac882dd6b29"", ""claim_f3eeb833ec111cc07d16c2d1""]","[""q_322""]",different_products_origins_or_programs,"Claims discuss different aspects: one describes a 25 percent tariff on a broad range of auto parts, while the other specifies a 2.5% base rate for engines (HTS 8407), likely referring to standard duties rather than the specific Section 232 tariff.",False,local_Qwen_scope_review_not_manual_verification,False,"[""https://tglobeconsultants.com/importing-auto-parts-into-us"", ""https://tglobeconsultants.com/importing-auto-parts-into-us""]",different_products_origins_or_programs,different_products_origins_or_programs,model_review_provisional,False,,,,,,,
conflict_a7b50540b8464c35fbbbe6e3,"[""claim_12a48df233f67bf202e1a2ce"", ""claim_8c443534df6a79b7f627e704""]","[""q_322""]",complementary_or_no_conflict,"Both claims describe USMCA-qualifying parts as receiving tariff-free or shielded treatment from the 25 percent Section 232 tariff during a transition period, presenting consistent information.",False,local_Qwen_scope_review_not_manual_verification,False,"[""https://tglobeconsultants.com/importing-auto-parts-into-us"", ""https://tglobeconsultants.com/importing-auto-parts-into-us""]",complementary_or_no_conflict,complementary_or_no_conflict,model_review_provisional,False,,,,,,,
conflict_0959ab9efaf7c889062de9df,"[""claim_85446b9a416b5ac882dd6b29"", ""claim_e1687c3912ad6ae0ddf8b1b2""]","[""q_322""]",complementary_or_no_conflict,"Claims are compatible: one states a 25 percent tariff applies generally, while the other clarifies a specific provision where it applies only to non-US content for USMCA-qualifying parts.",False,local_Qwen_scope_review_not_manual_verification,False,"[""https://tglobeconsultants.com/importing-auto-parts-into-us"", ""https://tglobeconsultants.com/importing-auto-parts-into-us""]",complementary_or_no_conflict,complementary_or_no_conflict,model_review_provisional,False,,,,,,,
conflict_35241e99b8cc0187595a3ae8,"[""claim_0b79b1d31aa3506dc4d14bf3"", ""claim_88c54c312cd7a8bd7c1574eb""]","[""q_323""]",different_products_origins_or_programs,"Claims reference different tariff programs (Proclamation 10908 vs Section 232) and distinct effective dates (April 3, 2025 for autos vs May 3, 2025 for parts), indicating separate measures.",False,local_Qwen_scope_review_not_manual_verification,False,"[""https://www.ghy.com/trade-compliance/us-to-apply-a-25-tariff-on-imports-of-autos-and-parts"", ""https://content.govdelivery.com/accounts/USDHSCBP/bulletins/3de7ef9""]",different_products_origins_or_programs,different_products_origins_or_programs,model_review_provisional,False,,,,,,,
conflict_624d020642e996183ac65c65,"[""claim_1580f846531543fa6031c370"", ""claim_ae5893a6e864c7cc33cad0f5""]","[""q_323""]",complementary_or_no_conflict,Both claims reference HTS 8708948000 for steering wheel parts and accessories. The first claim uses a truncated product name while the second provides the full description; they describe the same tariff code without contradiction.,False,local_Qwen_scope_review_not_manual_verification,False,"[""https://www.trade.gov/automotive-parts-tariff-codes"", ""https://www.trade.gov/automotive-parts-tariff-codes""]",complementary_or_no_conflict,complementary_or_no_conflict,model_review_provisional,False,,,,,,,
conflict_9197e1b9b8810468ed753874,"[""claim_2c9fbef149904ba96002e627"", ""claim_32bdcc2ffb34c4c3d2e5a9ca""]","[""q_323""]",complementary_or_no_conflict,"Both claims reference HTS 8708945000. The first claim lists 'Steering Wheel, Column' while the second provides a broader description including steering boxes and vehicles; the specific items in the first are subsets of the second, indicating no conflict.",False,local_Qwen_scope_review_not_manual_verification,False,"[""https://www.trade.gov/automotive-parts-tariff-codes"", ""https://www.trade.gov/automotive-parts-tariff-codes""]",complementary_or_no_conflict,complementary_or_no_conflict,model_review_provisional,False,,,,,,,
conflict_f6f5805539bad57f13440f5a,"[""claim_8637d00c95701bd806e8a547"", ""claim_a7a1eea3bc9679ca14a18cb8""]","[""q_323""]",complementary_or_no_conflict,Deterministic exact normalized quotation identity; current applicability remains unverified.,False,local_Qwen_scope_review_not_manual_verification,False,"[""https://www.trade.gov/automotive-parts-tariff-codes"", ""https://www.trade.gov/automotive-parts-tariff-codes""]",complementary_or_no_conflict,complementary_or_no_conflict,exact_quote_identity_check,False,,,,,,,
conflict_aa103280a8d0aca82acea18f,"[""claim_8ffe4639206d75ab2b77c146"", ""claim_d71123781deea156f839afec""]","[""q_323""]",complementary_or_no_conflict,Claim 1 lists HTS 8708945000 for steering wheels/columns. Claim 2 lists both 8708945000 and 8708948000. The inclusion of an additional code in the second claim does not contradict the first; they are complementary listings.,False,local_Qwen_scope_review_not_manual_verification,False,"[""https://www.trade.gov/automotive-parts-tariff-codes"", ""https://www.trade.gov/automotive-parts-tariff-codes""]",complementary_or_no_conflict,complementary_or_no_conflict,model_review_provisional,False,,,,,,,
conflict_1722f4c463ce91ec2e7cef1b,"[""claim_05d73a6cf66e66e425a6b1ad"", ""claim_20c824bcab312dfe820f9730""]","[""q_324""]",different_products_origins_or_programs,"Claim 1 cites HTS 8708805000 for suspension shock absorbers, while Claim 2 cites HTS 8708800050. The HTS codes differ (digits 5 and 5 vs 0 and 5 in the middle), indicating distinct product classifications or potential data entry variations that represent different scopes.",False,local_Qwen_scope_review_not_manual_verification,False,"[""https://www.trade.gov/automotive-parts-tariff-codes"", ""https://www.trade.gov/automotive-parts-tariff-codes""]",different_products_origins_or_programs,different_products_origins_or_programs,model_review_provisional,False,,,,,,,
conflict_9e92f694a2ee28727d3338ce,"[""claim_26c6ba6e1b8ed7c4689ace98"", ""claim_a380110478b3a180cc603e85""]","[""q_324""]",complementary_or_no_conflict,Claim 1 lists HTS 7320100000 for leaf springs. Claim 2 lists the same code for leaf springs and adds 7320201000 for helical springs. The claims are complementary as one expands the list without contradicting the other.,False,local_Qwen_scope_review_not_manual_verification,False,"[""https://www.trade.gov/automotive-parts-tariff-codes"", ""https://www.trade.gov/automotive-parts-tariff-codes""]",complementary_or_no_conflict,complementary_or_no_conflict,model_review_provisional,False,,,,,,,
conflict_02f9f3cab6bd97a7280e27fd,"[""claim_2957461912683befa6e35de0"", ""claim_f2bfd50add5e0c3fe4e23723""]","[""q_324""]",complementary_or_no_conflict,Both claims cite HTS 7320201000 with identical product descriptions ('HELICAL SPRINGS SUITBLE FR MOTOR-VEHCL SUSP IR/STL'). The claims are consistent.,False,local_Qwen_scope_review_not_manual_verification,False,"[""https://www.trade.gov/automotive-parts-tariff-codes"", ""https://www.trade.gov/automotive-parts-tariff-codes""]",complementary_or_no_conflict,complementary_or_no_conflict,model_review_provisional,False,,,,,,,
conflict_435a8a970c8bab8c4dc7fe07,"[""claim_32ff9fdd128ac44bcd655fe9"", ""claim_bcbb737af0214ef77d088447""]","[""q_324""]",different_products_origins_or_programs,Claim 1 cites HTS 7320106015 for leaf springs with specific thickness criteria. Claim 2 cites HTS 7320100015 for a different description of leaf springs. The distinct HTS codes indicate different product classifications or sub-categories.,False,local_Qwen_scope_review_not_manual_verification,False,"[""https://www.trade.gov/automotive-parts-tariff-codes"", ""https://www.trade.gov/automotive-parts-tariff-codes""]",different_products_origins_or_programs,different_products_origins_or_programs,model_review_provisional,False,,,,,,,
conflict_aedfc15e9afb76c8adbbd1f1,"[""claim_3759e097a9c2e15b42bd5bb7"", ""claim_c9a4e8b1e0a76dddf5994a06""]","[""q_324""]",complementary_or_no_conflict,Both claims reference HTS 8708807000. Claim 1 uses 'Suspension Systems Parts' and Claim 2 uses 'PARTS AND ACESSORIES FOR SUSPENSION SYSTEMS'. These are semantically equivalent descriptions of the same tariff code.,False,local_Qwen_scope_review_not_manual_verification,False,"[""https://www.trade.gov/automotive-parts-tariff-codes"", ""https://www.trade.gov/automotive-parts-tariff-codes""]",complementary_or_no_conflict,complementary_or_no_conflict,model_review_provisional,False,,,,,,,
conflict_6cafc25b14d09ecc8af0baae,"[""claim_060e0fd3f4737ded9134552d"", ""claim_1a608217a156464feb12e761""]","[""q_325""]",different_products_origins_or_programs,"Claim 1 lists HTS 8708390000 (Other Brakes) and 8708401000 (Gear Boxes). Claim 2 lists HTS 8708300050 (Brakes and servo-brakes, parts of 8701, 8705). The HTS codes differ (870839 vs 870830), indicating different product scopes or classifications.",False,local_Qwen_scope_review_not_manual_verification,False,"[""https://www.trade.gov/automotive-parts-tariff-codes"", ""https://www.trade.gov/automotive-parts-tariff-codes""]",different_products_origins_or_programs,different_products_origins_or_programs,model_review_provisional,False,,,,,,,
conflict_6fbba16174034f0bc0bce2c9,"[""claim_356d222c0e8f2ebed111ed93"", ""claim_5c722caf9929d3d4bd2a2c1c""]","[""q_325""]",different_products_origins_or_programs,"Claims cite distinct HTS codes (8708305040 vs 8708300010) for mounted brake linings, indicating different product classifications or sub-classifications rather than a direct contradiction.",False,local_Qwen_scope_review_not_manual_verification,False,"[""https://www.trade.gov/automotive-parts-tariff-codes"", ""https://www.trade.gov/automotive-parts-tariff-codes""]",different_products_origins_or_programs,different_products_origins_or_programs,model_review_provisional,False,,,,,,,
conflict_df449e96ff4db2b0748a47ce,"[""claim_4174ec5a48cd9ac78094e3a3"", ""claim_ed8eb5fb55b53d5de8d41401""]","[""q_325""]",different_products_origins_or_programs,"Claims reference different HTS codes (8708305020 vs 8708395010) for brake drums, suggesting distinct product scopes or classifications rather than conflicting data.",False,local_Qwen_scope_review_not_manual_verification,False,"[""https://www.trade.gov/automotive-parts-tariff-codes"", ""https://www.trade.gov/automotive-parts-tariff-codes""]",different_products_origins_or_programs,different_products_origins_or_programs,model_review_provisional,False,,,,,,,
conflict_e2480504f1ca4e26dd1d391f,"[""claim_1e1fa11617ac61e2772005de"", ""claim_49f44e58c07820c638478a91""]","[""q_325""]",complementary_or_no_conflict,"Both claims cite a 2.5% duty rate for brake parts; one references a specific ruling and the other an HS code, showing consistent data rather than conflict.",False,local_Qwen_scope_review_not_manual_verification,False,"[""https://rulings.cbp.gov/ruling/N103820"", ""https://dutiable.io/hs-code/automotive-accessories/brake-pad-disc""]",complementary_or_no_conflict,complementary_or_no_conflict,model_review_provisional,False,,,,,,,
conflict_816a62adc9755cfaff3290f4,"[""claim_c308d1201ac96188ee64fdae"", ""claim_d02d3ad57f4f7f0c7faacce8""]","[""q_325""]",complementary_or_no_conflict,"Claims are complementary: one notes potential anti-dumping margins on top of MFN rates, while the other references Section 301 tariffs; both describe additional duties without contradiction.",False,local_Qwen_scope_review_not_manual_verification,False,"[""https://dutiable.io/hs-code/automotive-accessories/brake-pad-disc"", ""https://dutiable.io/hs-code/automotive-accessories/brake-pad-disc""]",complementary_or_no_conflict,complementary_or_no_conflict,model_review_provisional,False,,,,,,,
conflict_5b286a65e1534f0e20cc35d1,"[""claim_08d020b3a0876288003bc022"", ""claim_4763e0f32943344972376ce0""]","[""q_326""]",different_products_origins_or_programs,"Claims describe different product scopes under the same HTS code (8708998115): one is a general 'Wheel Hub Units' category, while the other specifies 'DOUBLE FLANGED WHEEL HUB UNITS NOT INC BALL BEARIN'.",False,local_Qwen_scope_review_not_manual_verification,False,"[""https://www.trade.gov/automotive-parts-tariff-codes"", ""https://www.trade.gov/automotive-parts-tariff-codes""]",different_products_origins_or_programs,different_products_origins_or_programs,model_review_provisional,False,,,,,,,
conflict_3077548bd632dccb5d9319e1,"[""claim_1d1e7a7d9aee158d65ab4f31"", ""claim_8e8341ad01d5a044cb26f10e""]","[""q_326""]",complementary_or_no_conflict,Deterministic exact normalized quotation identity; current applicability remains unverified.,False,local_Qwen_scope_review_not_manual_verification,False,"[""https://www.trade.gov/automotive-parts-tariff-codes"", ""https://www.trade.gov/automotive-parts-tariff-codes""]",complementary_or_no_conflict,complementary_or_no_conflict,exact_quote_identity_check,False,,,,,,,
conflict_65c56fca8ee6ef51f503a941,"[""claim_1dbec31042b7e7a546c63075"", ""claim_87cd9030e4fcf3805a68031f""]","[""q_326""]",different_products_origins_or_programs,"Claims cite the same HTS code (8708998015) but differ in specificity: one is a general 'Wheel Hub Units' category, while the other specifies 'DOUBLE FLANGED WHEEL HUB UNITS NOT INC BALL BEARIN'.",False,local_Qwen_scope_review_not_manual_verification,False,"[""https://www.trade.gov/automotive-parts-tariff-codes"", ""https://www.trade.gov/automotive-parts-tariff-codes""]",different_products_origins_or_programs,different_products_origins_or_programs,model_review_provisional,False,,,,,,,
conflict_ce923bde15e1e828617751a1,"[""claim_200aee60d3b25dc1610efd79"", ""claim_ceeccd2c6d875df2288fe00b""]","[""q_326""]",different_products_origins_or_programs,"Claims cite different HTS codes (8708998115 vs 8708998015) for the same product description ('DOUBLE FLANGED WHEEL HUB UNITS NOT INC BALL BEARIN'), indicating a discrepancy in classification scope.",False,local_Qwen_scope_review_not_manual_verification,False,"[""https://www.trade.gov/automotive-parts-tariff-codes"", ""https://www.trade.gov/automotive-parts-tariff-codes""]",different_products_origins_or_programs,different_products_origins_or_programs,model_review_provisional,False,,,,,,,
conflict_ead03bd49db41809cd5c1f21,"[""claim_24d01fb486d0cf24e77f7f7c"", ""claim_baed69434304a7548b870f6b""]","[""q_326""]",complementary_or_no_conflict,"Claims describe the same ruling document: one identifies the subject (wheel hub assembly from China) and the other details the physical composition, providing consistent context.",False,local_Qwen_scope_review_not_manual_verification,False,"[""https://www.customsmobile.com/rulings/docview?doc_id=818084"", ""https://www.customsmobile.com/rulings/docview?doc_id=818084""]",complementary_or_no_conflict,complementary_or_no_conflict,model_review_provisional,False,,,,,,,
conflict_31e9c193f3a6375c76a5101a,"[""claim_3ec77a74fbdf963fe9219b97"", ""claim_8ea409b44a2683c54c7b7e74""]","[""q_327""]",different_dates_or_policy_stages,"Claims describe different stages of a policy: one mentions 'considering' relief with a 3.75% credit, while the other cites signed executive orders for a 15% rebate against 25% tariffs.",True,local_Qwen_scope_review_not_manual_verification,False,"[""https://digitaldealer.com/news/us-tariff-tracker-impact-automaker-response/164521"", ""https://digitaldealer.com/news/us-tariff-tracker-impact-automaker-response/164521""]",different_dates_or_policy_stages,different_dates_or_policy_stages,model_review_provisional,False,,,,,,,
conflict_0cfe2533ddc084e0e79cf479,"[""claim_62240d460debdebe0d751aeb"", ""claim_65fd3a5a88199dc7f5cb7df9""]","[""q_327""]",complementary_or_no_conflict,"Both claims describe the same 25% tariff effective May 3 targeting safety-critical components. Claim 1 lists specific items (airbags, windshields, mirrors, seat belts) while Claim 2 adds batteries and seats but confirms identical program details.",False,local_Qwen_scope_review_not_manual_verification,False,"[""https://www.automotive-fleet.com/news/tariff-update-may-30-tariff-shifts-shake-up-auto-industry-as-legal-trade-battles-evolve"", ""https://www.automotive-fleet.com/news/tariff-update-may-30-tariff-shifts-shake-up-auto-industry-as-legal-trade-battles-evolve""]",complementary_or_no_conflict,complementary_or_no_conflict,model_review_provisional,False,,,,,,,
conflict_90dd7faec77181ad89646931,"[""claim_35fa0188bb8f7442a9ffd657"", ""claim_3e4052016b7c68f36bfa9156""]","[""q_327""]",different_dates_or_policy_stages,"Claim 1 cites an April 2 effective date for a general 25% tariff on cars. Claim 2 clarifies a staged implementation: April 3 for fully assembled vehicles and May 3 for auto parts, indicating a progression rather than a contradiction.",False,local_Qwen_scope_review_not_manual_verification,False,"[""https://digitaldealer.com/news/us-tariff-tracker-impact-automaker-response/164521"", ""https://www.asashop.org/2025/04/04/understanding-the-new-tariffs-and-their-potential-impact-on-auto-repairers""]",different_dates_or_policy_stages,different_dates_or_policy_stages,model_review_provisional,False,,,,,,,
conflict_da5d3b102298eec3eafaecbc,"[""claim_3c635fb6456af5d96ef59f23"", ""claim_415e56d153b2e7101f7203a4""]","[""q_327""]",complementary_or_no_conflict,"Claim 1 describes an exemption expiring April 2 for autos/parts from Mexico/Canada. Claim 2 confirms a one-month exemption granted to U.S. automakers, consistent with the timeline and scope described in Claim 1.",False,local_Qwen_scope_review_not_manual_verification,False,"[""https://www.asashop.org/2025/04/04/understanding-the-new-tariffs-and-their-potential-impact-on-auto-repairers"", ""https://www.automotive-fleet.com/news/tariff-update-may-30-tariff-shifts-shake-up-auto-industry-as-legal-trade-battles-evolve""]",complementary_or_no_conflict,complementary_or_no_conflict,model_review_provisional,False,,,,,,,
conflict_ecf6dd76f9b6b817ceff4ef2,"[""claim_3e4052016b7c68f36bfa9156"", ""claim_5660f160c83adcce52497d18""]","[""q_327""]",different_products_origins_or_programs,"Claim 1 details a 25% tariff on automobiles/parts effective April/May. Claim 2 describes a separate 10% global tariff set for February 2026 with specific exemptions for passenger vehicles, representing distinct programs and dates.",False,local_Qwen_scope_review_not_manual_verification,False,"[""https://www.asashop.org/2025/04/04/understanding-the-new-tariffs-and-their-potential-impact-on-auto-repairers"", ""https://digitaldealer.com/news/us-tariff-tracker-impact-automaker-response/164521""]",different_products_origins_or_programs,different_products_origins_or_programs,model_review_provisional,False,,,,,,,
conflict_d2704c1cb3943a02716c24c5,"[""claim_0500ac75b01ee29cdde914c3"", ""claim_bc62a9ffc8da215971654d71""]","[""q_328""]",complementary_or_no_conflict,Deterministic exact normalized quotation identity; current applicability remains unverified.,False,local_Qwen_scope_review_not_manual_verification,False,"[""https://www.automotivelogistics.media/supply-chain/tariff-analysis-deep-dive-the-most-important-changes-for-the-auto-industry/663875"", ""https://www.automotivelogistics.media/supply-chain/tariff-analysis-deep-dive-the-most-important-changes-for-the-auto-industry/663875""]",complementary_or_no_conflict,complementary_or_no_conflict,exact_quote_identity_check,False,,,,,,,
conflict_f53b6436d2ec6c1893a099f7,"[""claim_7b49ad8735108d5143ed01f7"", ""claim_b1ba152847766d3efe91d8cb""]","[""q_328""]",complementary_or_no_conflict,"Claim 1 states a March 12 imposition of 25% tariffs on steel and aluminum. Claim 2 confirms the return of the full 25% tariff on steel and a raise to 25% for aluminum starting March 12, 2025.",False,local_Qwen_scope_review_not_manual_verification,False,"[""https://www.automotive-fleet.com/news/tariff-update-may-30-tariff-shifts-shake-up-auto-industry-as-legal-trade-battles-evolve"", ""https://www.everstream.ai/articles/navigate-tariff-risk-automotive-sc-mapping""]",complementary_or_no_conflict,complementary_or_no_conflict,model_review_provisional,False,,,,,,,
conflict_f98a18912fdd4778b4c7147d,"[""claim_041d393ef6f27745f181758c"", ""claim_9328a19861edb7d910932453""]","[""q_329""]",complementary_or_no_conflict,"Claim 1 identifies tariffs on seat belts and airbags. Claim 2 lists a broader set of safety parts including airbags, bumpers, seat belts, glass, mirrors, and lighting, confirming the inclusion of items mentioned in Claim 1.",False,local_Qwen_scope_review_not_manual_verification,False,"[""https://www.autonews.com/manufacturing/an-trump-tariffs-safety-airbags-0415"", ""https://motorillustrated.com/engines-airbags-tires-among-dozens-of-auto-parts-now-subject-to-u-s-import-tariffs/151892""]",complementary_or_no_conflict,complementary_or_no_conflict,model_review_provisional,False,,,,,,,
conflict_74855e3ad4823d8ded6f5c79,"[""claim_19f4f2691f2dac3aa83fc9cb"", ""claim_35a7086502cde743177852ce""]","[""q_33""]",different_products_origins_or_programs,"Claim 1 refers to a general 25% tariff on vehicles imported into the US. Claim 2 specifies a negotiated reduction of duties on automobile imports from South Korea specifically to 15%, representing a distinct origin-based program.",False,local_Qwen_scope_review_not_manual_verification,False,"[""https://www.youtube.com/watch?v=u1XBETuQbVE"", ""https://www.usatoday.com/story/cars/news/2025/09/18/hyundai-production-shift-us-tariffs/86221578007""]",different_products_origins_or_programs,different_products_origins_or_programs,model_review_provisional,False,,,,,,,
conflict_04d6af20be90d8b4997437b3,"[""claim_35a7086502cde743177852ce"", ""claim_8b549be3aef0216ba1c79d57""]","[""q_33""]",different_dates_or_policy_stages,"Claim 1 cites a current 25% tariff rate as the basis for financial guidance. Claim 2 reports a future reduction to 15% announced on July 30, indicating a transition from the current rate to a new rate.",False,local_Qwen_scope_review_not_manual_verification,False,"[""https://www.usatoday.com/story/cars/news/2025/09/18/hyundai-production-shift-us-tariffs/86221578007"", ""https://www.usatoday.com/story/cars/news/2025/09/18/hyundai-production-shift-us-tariffs/86221578007""]",different_dates_or_policy_stages,different_dates_or_policy_stages,model_review_provisional,False,,,,,,,
conflict_3b5d5ace08f003335b1d5ee9,"[""claim_1d3c0463abe24d8798e50739"", ""claim_5ad19b243bbd6f93ca25fcf8""]","[""q_330""]",complementary_or_no_conflict,"Claim 1 states the 25% tariff will apply to non-U.S. content under USMCA. Claim 2 clarifies that compliant parts remain tariff-free until a process is established to apply tariffs to that same non-U.S. content, describing the implementation mechanism.",False,local_Qwen_scope_review_not_manual_verification,False,"[""https://www.whitehouse.gov/fact-sheets/2025/03/fact-sheet-president-donald-j-trump-adjusts-imports-of-automobiles-and-automobile-parts-into-the-united-states"", ""https://www.whitehouse.gov/fact-sheets/2025/03/fact-sheet-president-donald-j-trump-adjusts-imports-of-automobiles-and-automobile-parts-into-the-united-states""]",complementary_or_no_conflict,complementary_or_no_conflict,model_review_provisional,False,,,,,,,
conflict_ea6080bc0b788d9054bc49d9,"[""claim_2a30503b1002b59ad8290200"", ""claim_8dfd82076fa466385ff46fd0""]","[""q_330""]",different_dates_or_policy_stages,"Claim 1 describes an expanded scope including 150 categories (e.g., bumpers, tires) while Claim 2 references the original limited list; this represents a policy update over time rather than a direct contradiction.",False,local_Qwen_scope_review_not_manual_verification,False,"[""https://www.whitehouse.gov/fact-sheets/2025/03/fact-sheet-president-donald-j-trump-adjusts-imports-of-automobiles-and-automobile-parts-into-the-united-states"", ""https://www.asashop.org/2025/04/04/understanding-the-new-tariffs-and-their-potential-impact-on-auto-repairers""]",different_dates_or_policy_stages,different_dates_or_policy_stages,model_review_provisional,False,,,,,,,
conflict_af857285d822c9cbfe797a6b,"[""claim_2e1b68227c782e4eb2c8e60f"", ""claim_e62364e29d7dcdf043561e04""]","[""q_331""]",different_products_origins_or_programs,"Claim 1 classifies P.V.C. car mats under HTS 8708.29.0060, while Claim 2 classifies fabric covered plates (MPP-HD) under HTS 5705.00.2030; these are distinct products with different tariff codes.",False,local_Qwen_scope_review_not_manual_verification,False,"[""https://www.customsmobile.com/rulings/docview?doc_id=NY+879779"", ""https://www.customsmobile.com/rulings/docview?doc_id=NY+I89766&highlight=5705.00%2A""]",different_products_origins_or_programs,different_products_origins_or_programs,model_review_provisional,False,,,,,,,
conflict_7527c05a49a21e459dd8c87d,"[""claim_2e1b68227c782e4eb2c8e60f"", ""claim_d928493a343c4ba6d1cc424d""]","[""q_331""]",complementary_or_no_conflict,"Claim 1 provides a specific HTS classification and duty rate for P.V.C. car mats, while Claim 2 discusses textile category designations and quota exemptions; these address different regulatory aspects of the same or similar goods.",False,local_Qwen_scope_review_not_manual_verification,False,"[""https://www.customsmobile.com/rulings/docview?doc_id=NY+879779"", ""https://www.customsmobile.com/rulings/docview?doc_id=NY+I89766&highlight=5705.00%2A""]",complementary_or_no_conflict,complementary_or_no_conflict,model_review_provisional,False,,,,,,,
conflict_e8261acb044d1b25dd11f043,"[""claim_0b35ac406f6fe01468e14159"", ""claim_715b3000e4909bda3ddecb75""]","[""q_332""]",complementary_or_no_conflict,"Both claims reference the same effective date (April 3, 2025) and duty rate (25%) for automobiles; Claim 1 cites the legal authority while Claim 2 details the specific vehicle types covered.",False,local_Qwen_scope_review_not_manual_verification,False,"[""https://www.plasticsindustry.org/blog/tariffs-on-autos-and-parts-accelerate-the-ripple-effect-for-u-s-plastics"", ""https://www.honigman.com/alert-2917""]",complementary_or_no_conflict,complementary_or_no_conflict,model_review_provisional,False,,,,,,,
conflict_4dc8899cf4cc290a9cc5ed8f,"[""claim_1ca6a1dd0bf31a74f9b17f90"", ""claim_c9502ed7689e55382a25f415""]","[""q_332""]",complementary_or_no_conflict,"Both claims reference the same effective date (May 3, 2025) for automobile parts; Claim 1 notes an expansion of policy while Claim 2 specifies the exact parts and rate.",False,local_Qwen_scope_review_not_manual_verification,False,"[""https://www.plasticsindustry.org/blog/tariffs-on-autos-and-parts-accelerate-the-ripple-effect-for-u-s-plastics"", ""https://www.honigman.com/alert-2917""]",complementary_or_no_conflict,complementary_or_no_conflict,model_review_provisional,False,,,,,,,
conflict_f60add7ced96f23871c557e2,"[""claim_2d4d61c9787daff8eddf2fea"", ""claim_fcff4e4bec5f8370c356f0f9""]","[""q_332""]",complementary_or_no_conflict,Claim 1 states USMCA vehicles benefit from preferential tariffs while non-qualifying ones face 25% duties; Claim 2 clarifies that the specific duty is additive to existing free trade agreement rates.,False,local_Qwen_scope_review_not_manual_verification,False,"[""https://www.plasticsindustry.org/blog/tariffs-on-autos-and-parts-accelerate-the-ripple-effect-for-u-s-plastics"", ""https://content.govdelivery.com/accounts/USDHSCBP/bulletins/3de7ef9""]",complementary_or_no_conflict,complementary_or_no_conflict,model_review_provisional,False,,,,,,,
conflict_38c39bd82b14c14dcb3a9aae,"[""claim_2d4d61c9787daff8eddf2fea"", ""claim_eb2a352262c3077c084f2c90""]","[""q_332""]",complementary_or_no_conflict,Claim 1 distinguishes between USMCA and non-USMCA goods regarding the 25% duty; Claim 2 confirms that other duties (AD/CVD) remain applicable in addition to the specific heading duty.,False,local_Qwen_scope_review_not_manual_verification,False,"[""https://www.plasticsindustry.org/blog/tariffs-on-autos-and-parts-accelerate-the-ripple-effect-for-u-s-plastics"", ""https://content.govdelivery.com/accounts/USDHSCBP/bulletins/3de7ef9""]",complementary_or_no_conflict,complementary_or_no_conflict,model_review_provisional,False,,,,,,,
conflict_ccefa8359284ef657bb7a027,"[""claim_4ab906b692df55aa7c7bb7e1"", ""claim_d505637c33db30539bf1d487""]","[""q_332""]",different_dates_or_policy_stages,"Claim 1 cites an announcement date of March 26, 2025, while Claim 2 specifies the effective date for the duty as May 3, 2025; these represent sequential stages of policy implementation.",False,local_Qwen_scope_review_not_manual_verification,False,"[""https://www.honigman.com/alert-2917"", ""https://content.govdelivery.com/accounts/USDHSCBP/bulletins/3de7ef9""]",different_dates_or_policy_stages,different_dates_or_policy_stages,model_review_provisional,False,,,,,,,
conflict_02f33f5182af57e47ddfff75,"[""claim_56645736c71e8be73fa2e20b"", ""claim_a117a3e855f756d50fa2203c""]","[""q_333""]",complementary_or_no_conflict,"Both quotations describe bumper stampings under the same numerical code. The first occurs under a Schedule B export-code heading: it does not establish a US import HTS classification. Qwen returned a conflict label with reason ""false""; that label is rejected. Full cached document headings confirm that the second quotation also belongs to Schedule B Codes for Exports; both import-HTS field assignments are removed.",False,assistant_direct_source_context_review,False,"[""https://www.trade.gov/automotive-parts-tariff-codes"", ""https://www.trade.gov/automotive-parts-tariff-codes""]",apparent_same_scope_conflict,complementary_or_no_conflict,manual_cached_context_review,False,automotive_and_trade,MC01,assistant_direct_source_context_review,True,not_established,False,True
conflict_6f3b9e481731556041be1ef3,"[""claim_760de05c1fd739403222765e"", ""claim_e618a569def29e38947ca70d""]","[""q_333""]",different_products_origins_or_programs,"Claim 1 references HTS code 8708103010 for 'STAMPINGS OF BUMPERS', while Claim 2 references HTS code 8708100010 for 'Stampings of bumpers and parts'; these are distinct tariff classifications.",False,local_Qwen_scope_review_not_manual_verification,False,"[""https://www.trade.gov/automotive-parts-tariff-codes"", ""https://www.trade.gov/automotive-parts-tariff-codes""]",different_products_origins_or_programs,different_products_origins_or_programs,model_review_provisional,False,,,,,,,
conflict_7a32409da6bac753bccff672,"[""claim_836c9fa48dd797ea55eecf40"", ""claim_a29024f866fedd6f2f73598f""]","[""q_333""]",complementary_or_no_conflict,"Both claims reference the same HTS code 8708100050 for bumpers and parts from headings 8701-8705. One uses a descriptive dash format while the other uses a bullet point, but they describe identical scope and product.",False,local_Qwen_scope_review_not_manual_verification,False,"[""https://www.trade.gov/automotive-parts-tariff-codes"", ""https://www.trade.gov/automotive-parts-tariff-codes""]",complementary_or_no_conflict,complementary_or_no_conflict,model_review_provisional,False,,,,,,,
conflict_64c99bf6f1a3f4e779f218ce,"[""claim_836c9fa48dd797ea55eecf40"", ""claim_b4d47ea565c059252e6b9956""]","[""q_333""]",complementary_or_no_conflict,"Both claims cite the exact same HTS code 8708100050 and product description 'Bumpers and parts, nesoi'. The only difference is capitalization (lowercase vs uppercase), which does not constitute a conflict in scope or policy.",False,local_Qwen_scope_review_not_manual_verification,False,"[""https://www.trade.gov/automotive-parts-tariff-codes"", ""https://www.trade.gov/automotive-parts-tariff-codes""]",complementary_or_no_conflict,complementary_or_no_conflict,model_review_provisional,False,,,,,,,
conflict_d44eaccec8c3c0cdb6b52586,"[""claim_a29024f866fedd6f2f73598f"", ""claim_b4d47ea565c059252e6b9956""]","[""q_333""]",complementary_or_no_conflict,"Both claims identify the same code 8708100050 and product scope. One specifies 'Bumpers and Parts' while the other provides the full statutory description 'BUMPERS AND PARTS, NESOI...'. These are consistent descriptions of the same item.",False,local_Qwen_scope_review_not_manual_verification,False,"[""https://www.trade.gov/automotive-parts-tariff-codes"", ""https://www.trade.gov/automotive-parts-tariff-codes""]",complementary_or_no_conflict,complementary_or_no_conflict,model_review_provisional,False,,,,,,,
conflict_38758f58e2d642580e3ab374,"[""claim_3d3ed88bb5e05f3e08bc9072"", ""claim_75139dee8e4d31964346893a""]","[""q_333""]",complementary_or_no_conflict,"Both claims describe the same Presidential Proclamation 10908, effective May 3, 2025, imposing a 25 percent duty on specific automobile parts. One provides guidance context while the other details the legal authority (Section 232), but they are consistent.",False,local_Qwen_scope_review_not_manual_verification,False,"[""https://content.govdelivery.com/accounts/USDHSCBP/bulletins/3de7ef9"", ""https://content.govdelivery.com/accounts/USDHSCBP/bulletins/3de7ef9""]",complementary_or_no_conflict,complementary_or_no_conflict,model_review_provisional,False,,,,,,,
conflict_5187623c71d7625af5c66371,"[""claim_8a7c3f5dc982515bce372a62"", ""claim_b144dbb007906594bddebbce""]","[""q_333""]",complementary_or_no_conflict,"The first claim proposes reclassifying specific bumper components to HTSUS 8708.10.60, while the second explains the functional reasoning (absorbing impact) for that classification. They are consistent parts of a single proposed policy action.",False,local_Qwen_scope_review_not_manual_verification,False,"[""https://www.strtrade.com/trade-news-resources/str-trade-report/trade-report/september/classification-changes-proposed-for-car-cleaner-bumper-parts-playmats"", ""https://www.strtrade.com/trade-news-resources/str-trade-report/trade-report/september/classification-changes-proposed-for-car-cleaner-bumper-parts-playmats""]",complementary_or_no_conflict,complementary_or_no_conflict,model_review_provisional,False,,,,,,,
conflict_92e6878f962691791d524aab,"[""claim_72bc31839268f0fea88a877e"", ""claim_81f8e9c2ba4bd1a79cb9ab71""]","[""q_334""]",complementary_or_no_conflict,"Both claims describe the same scenario: a Mexican facility sourcing Chinese wire but performing all processing in Mexico, resulting in Mexican origin status that eliminates base duty and Section 301. The second claim is a subset of the first.",False,local_Qwen_scope_review_not_manual_verification,False,"[""https://wireharnessproduction.com/blog/cable-assembly-hs-code-guide"", ""https://wireharnessproduction.com/blog/cable-assembly-hs-code-guide""]",complementary_or_no_conflict,complementary_or_no_conflict,model_review_provisional,False,,,,,,,
conflict_5c6c452e401b2dabf805e04f,"[""claim_bd1b99e6415116ee613e4e6f"", ""claim_c921d8e53d0100db20e66c9f""]","[""q_334""]",different_products_origins_or_programs,The first claim discusses a Vietnam origin scenario (dropping duty to 2.6%) while the second discusses a Mexican origin scenario (eliminating duties). They describe different country of origin outcomes for similar processing activities.,False,local_Qwen_scope_review_not_manual_verification,False,"[""https://wireharnessproduction.com/blog/cable-assembly-hs-code-guide"", ""https://wireharnessproduction.com/blog/cable-assembly-hs-code-guide""]",different_products_origins_or_programs,different_products_origins_or_programs,model_review_provisional,False,,,,,,,
conflict_4c7d653adb4bad99cc830fec,"[""claim_024a957bf8a5df6a30d3318b"", ""claim_93c866600a63fd6fcad82ab4""]","[""q_335""]",complementary_or_no_conflict,"Both claims address HTS 8544.30.0000 vehicle harnesses from China, confirming a combined rate of 30% (5% base + 25% Section 301). The second claim adds context about a different code but confirms the first claim's rate for the specified product.",False,local_Qwen_scope_review_not_manual_verification,False,"[""https://wireharnessproduction.com/blog/cable-assembly-hs-code-guide"", ""https://wireharnessproduction.com/blog/cable-assembly-hs-code-guide""]",complementary_or_no_conflict,complementary_or_no_conflict,model_review_provisional,False,,,,,,,
conflict_a20f3710acffa2fe765d2c64,"[""claim_1196aa501581ccee55abf988"", ""claim_93c866600a63fd6fcad82ab4""]","[""q_335""]",different_products_origins_or_programs,"The first claim describes a Vietnam origin scenario resulting in a 2.6% duty, while the second describes China-origin vehicle harnesses under HTS 8544.30.0000 with a 30% rate. They refer to different origins and resulting duty rates.",False,local_Qwen_scope_review_not_manual_verification,False,"[""https://wireharnessproduction.com/blog/cable-assembly-hs-code-guide"", ""https://wireharnessproduction.com/blog/cable-assembly-hs-code-guide""]",different_products_origins_or_programs,different_products_origins_or_programs,model_review_provisional,False,,,,,,,
conflict_437d9dc8440d85e97b0497aa,"[""claim_468645ffbe7c5439ff1dd948"", ""claim_c2d90fe12c14affdbbe4e244""]","[""q_335""]",complementary_or_no_conflict,"The first claim establishes the rule that terminated cables classify under 8544.42, while the second provides a case study of a company incorrectly classifying them under 8544.49 and facing penalties. The second validates the rule in the first.",False,local_Qwen_scope_review_not_manual_verification,False,"[""https://wireharnessproduction.com/blog/cable-assembly-hs-code-guide"", ""https://wireharnessproduction.com/blog/cable-assembly-hs-code-guide""]",complementary_or_no_conflict,complementary_or_no_conflict,model_review_provisional,False,,,,,,,
conflict_f17eee23a7a4805fe5f244cb,"[""claim_081e9d81465ab1c7ae52b523"", ""claim_5ba21cb6b8d31faaed857335""]","[""q_336""]",complementary_or_no_conflict,"Both claims discuss imports from Mexico; one specifies USMCA origin exemption while the other notes general tariff impacts, which are compatible.",False,local_Qwen_scope_review_not_manual_verification,False,"[""https://www.idtechex.com/en/research-article/us-tariffs-impact-on-the-ev-charging-market/33089"", ""https://theevreport.com/us-tariffs-impact-ev-charging-market""]",complementary_or_no_conflict,complementary_or_no_conflict,model_review_provisional,False,,,,,,,
conflict_15f53959778c000084fa2f31,"[""claim_5f4b9a7a68ef7d2416145f3e"", ""claim_cc36d53b271a66fc6b2a135e""]","[""q_336""]",complementary_or_no_conflict,One claim identifies a company location while the other identifies a specific product part number; they describe different attributes of the same ruling context.,False,local_Qwen_scope_review_not_manual_verification,False,"[""https://www.customsmobile.com/rulings/docview?doc_id=NY+N359115&highlight=category%3ATrade+Agreement"", ""https://www.customsmobile.com/rulings/docview?doc_id=NY+N359115&highlight=category%3ATrade+Agreement""]",complementary_or_no_conflict,complementary_or_no_conflict,model_review_provisional,False,,,,,,,
conflict_457ea564d2af697fd64479c1,"[""claim_cf2f9330f9c127c17df9ff19"", ""claim_d26b755941ddbd5bbb4526e4""]","[""q_336""]",complementary_or_no_conflict,One claim specifies the HTS subheading while the other specifies the duty rate for that same product; they are consistent components of a tariff ruling.,False,local_Qwen_scope_review_not_manual_verification,False,"[""https://www.customsmobile.com/rulings/docview?doc_id=NY+N359115&highlight=category%3ATrade+Agreement"", ""https://www.customsmobile.com/rulings/docview?doc_id=NY+N359115&highlight=category%3ATrade+Agreement""]",complementary_or_no_conflict,complementary_or_no_conflict,model_review_provisional,False,,,,,,,
conflict_ef11af0074f7bfcc1cc5a7c1,"[""claim_85ca700c12f77e2b2fd87c59"", ""claim_edb0f7977c30475564d1f191""]","[""q_336""]",complementary_or_no_conflict,Claims distinguish between 'new additional reciprocal tariffs' and existing 'Section 232 tariffs'; they address different tariff programs affecting the same materials.,False,local_Qwen_scope_review_not_manual_verification,False,"[""https://theevreport.com/us-tariffs-impact-ev-charging-market"", ""https://www.idtechex.com/en/research-article/us-tariffs-impact-on-the-ev-charging-market/33089""]",complementary_or_no_conflict,complementary_or_no_conflict,model_review_provisional,False,,,,,,,
conflict_5181df178b52ac65dc552769,"[""claim_7f7184e447ee0ba1ec32bd36"", ""claim_9ef4b2390772e771faa2d585""]","[""q_336""]",different_dates_or_policy_stages,"One claim states an active 25% tariff on steel/aluminum while the other notes copper tariffs are 'yet to be determined', indicating different policy stages.",False,local_Qwen_scope_review_not_manual_verification,False,"[""https://www.idtechex.com/en/research-article/us-tariffs-impact-on-the-ev-charging-market/33089"", ""https://www.idtechex.com/en/research-article/us-tariffs-impact-on-the-ev-charging-market/33089""]",different_dates_or_policy_stages,different_dates_or_policy_stages,model_review_provisional,False,,,,,,,
conflict_8fda15c7036c8bd214fcafde,"[""claim_65916cbabc7edeeacee9cdd8"", ""claim_e7a6f3a0545d1c70493df8ed""]","[""q_337""]",different_products_origins_or_programs,Claims address different products (Electric Vehicles vs. Lithium-ion EV Batteries) with distinct rate changes under the same program title.,False,local_Qwen_scope_review_not_manual_verification,False,"[""https://www.batterytechonline.com/battery-news/new-us-tariffs-designed-to-protect-ev-battery-industries-from-china-trade-practices"", ""https://www.batterytechonline.com/battery-news/new-us-tariffs-designed-to-protect-ev-battery-industries-from-china-trade-practices""]",different_products_origins_or_programs,different_products_origins_or_programs,model_review_provisional,False,,,,,,,
conflict_38c73d4586dbd680fadeeb89,"[""claim_302babf871b4fc0d4b64b6d2"", ""claim_92e2810be6bf8f75786cd380""]","[""q_339""]",different_dates_or_policy_stages,Claims describe a sequence of announcements and exemptions (April 2 expiry) followed by effective dates for vehicles (April 3) and parts (May 3).,False,local_Qwen_scope_review_not_manual_verification,False,"[""https://www.asashop.org/2025/04/04/understanding-the-new-tariffs-and-their-potential-impact-on-auto-repairers"", ""https://www.asashop.org/2025/04/04/understanding-the-new-tariffs-and-their-potential-impact-on-auto-repairers""]",different_dates_or_policy_stages,different_dates_or_policy_stages,model_review_provisional,False,,,,,,,
conflict_87b0c284f97d7cd4ee1f7375,"[""claim_a5d1c6eb98f577308e8298fb"", ""claim_cd08fc85d4da8f651a49107f""]","[""q_340""]",different_dates_or_policy_stages,One claim states a current 25% rate for windshields while the other describes a future May 3 effective date for a cumulative 45% tariff on wipers.,False,local_Qwen_scope_review_not_manual_verification,False,"[""https://glassbytes.com/2025/04/expert-breaks-down-tariffs-windshields-are-a-big-one"", ""https://www.asashop.org/2025/04/04/understanding-the-new-tariffs-and-their-potential-impact-on-auto-repairers""]",different_dates_or_policy_stages,different_dates_or_policy_stages,model_review_provisional,False,,,,,,,
conflict_7a10a296f936a91b6e0ad273,"[""claim_34ac6ca10afd93472961e549"", ""claim_b25aa366cd165ab527f7b759""]","[""q_341""]",complementary_or_no_conflict,Deterministic exact normalized quotation identity; current applicability remains unverified.,False,local_Qwen_scope_review_not_manual_verification,False,"[""https://www.usitc.gov/keywords/passenger_vehicle_and_light_truck_tires"", ""https://www.usitc.gov/keywords/passenger_vehicle_and_light_truck_tires""]",complementary_or_no_conflict,complementary_or_no_conflict,exact_quote_identity_check,False,,,,,,,
conflict_a8357553daa3f505428975cd,"[""claim_580652bd7994fdbe08cb6413"", ""claim_6f6e976270eb0641856b108a""]","[""q_341""]",apparent_same_scope_conflict,"One claim states the Vietnam investigation is terminated due to negligibility while the other states investigations for Vietnam will continue, creating a direct contradiction.",True,local_Qwen_scope_review_not_manual_verification,False,"[""https://www.usitc.gov/keywords/passenger_vehicle_and_light_truck_tires"", ""https://www.usitc.gov/keywords/passenger_vehicle_and_light_truck_tires""]",apparent_same_scope_conflict,apparent_same_scope_conflict,model_review_provisional,False,,,,,,,
conflict_ebe86c0ae52a95dec306fcf8,"[""claim_3b95534cf648bd2671aa93c8"", ""claim_4be73f74a7f480cf73156449""]","[""q_342""]",different_products_origins_or_programs,"Claim 1 discusses reciprocal tariff exemptions for steel/fasteners (25% rate), while Claim 2 describes a uniform Section 232 tariff on fasteners (50% vs 25% for UK). The claims address different tariff programs and specific product scopes or origins, not a direct contradiction on the same scope.",True,local_Qwen_scope_review_not_manual_verification,False,"[""https://www.fastener-world.com/data/pdf_download/FW_212_E_270.pdf?v=2"", ""https://www.arkfastech.com/th/knowledge-detail/Carbonitriding__1""]",different_products_origins_or_programs,different_products_origins_or_programs,model_review_provisional,False,,,,,,,
conflict_b189c62d66786cc58d210201,"[""claim_54e9c76c4e8eea1d36c263c1"", ""claim_9a894affb60828fe9f942e7e""]","[""q_342""]",different_dates_or_policy_stages,"Claim 1 states a 25% tariff effective March 12, 2025, while Claim 2 states the rate increased to 50% starting June 4, 2025. This represents a chronological progression of policy stages rather than a conflict.",True,local_Qwen_scope_review_not_manual_verification,False,"[""https://www.arkfastech.com/th/knowledge-detail/Carbonitriding__1"", ""https://www.arkfastech.com/th/knowledge-detail/Carbonitriding__1""]",different_dates_or_policy_stages,different_dates_or_policy_stages,model_review_provisional,False,,,,,,,
conflict_04d0c458e7ee336df6a09310,"[""claim_0658809aeb784c1ae775c459"", ""claim_412020137629721ca450ce54""]","[""q_343""]",different_products_origins_or_programs,"Claim 1 refers to a general modification of Section 232 tariffs on steel, aluminum, and copper effective April 6, 2026. Claim 2 specifically addresses an exemption for auto parts under Executive Order 14257 effective May 3, 2025. The products (general metals vs. auto parts) and dates differ.",True,local_Qwen_scope_review_not_manual_verification,False,"[""https://manortool.com/post/april-2026-section-232-tariff-metal-stamping-sourcing"", ""https://www.cbp.gov/trade/programs-administration/entry-summary/section-232-additional-faqs-autos""]",different_products_origins_or_programs,different_products_origins_or_programs,model_review_provisional,False,,,,,,,
conflict_4f547e7b39d8147fe46a28af,"[""claim_0b5aa6bf63dbb29af1e358c0"", ""claim_0b79b1d31aa3506dc4d14bf3""]","[""q_344""]",complementary_or_no_conflict,"Claim 1 lists specific HTS codes for automobile and MHDV parts subject to an offset. Claim 2 describes the effective dates (April 3, 2025, and May 3, 2025) for tariffs on automobiles and specific auto parts. The claims complement each other by defining scope and timing.",True,local_Qwen_scope_review_not_manual_verification,False,"[""https://www.ghy.com/trade-compliance/us-to-apply-a-25-tariff-on-imports-of-autos-and-parts"", ""https://www.ghy.com/trade-compliance/us-to-apply-a-25-tariff-on-imports-of-autos-and-parts""]",complementary_or_no_conflict,complementary_or_no_conflict,model_review_provisional,False,,,,,,,
conflict_11729ef6927bcd3564f56da2,"[""claim_6289c66fbb8ab4c5591d5a27"", ""claim_99f4a71228f7719fc130a3b1""]","[""q_344""]",different_products_origins_or_programs,"Claim 1 describes a uniform 25% tariff on parts from all countries under Section 232 effective May 3, 2025. Claim 2 mentions reduced rates (15%, 10%) for specific countries (EU, Japan, UK) via new trade deals. These refer to different tariff programs or preferential arrangements.",True,local_Qwen_scope_review_not_manual_verification,False,"[""https://content.govdelivery.com/accounts/USDHSCBP/bulletins/3de7ef9"", ""https://blogs.tradlinx.com/auto-tariffs-101-how-u-s-car-import-duties-really-work-in-2025""]",different_products_origins_or_programs,different_products_origins_or_programs,model_review_provisional,False,,,,,,,
conflict_6d896b0369bda319e57c9dce,"[""claim_02368fa41c8ef35d97d0e762"", ""claim_0d2878f8ec3c6660b1cb52ff""]","[""q_345""]",different_products_origins_or_programs,"Claim 1 states an exemption for injection molds expired at the start of 2020, resulting in a 25% tariff. Claim 2 describes Annex III relief for plastics machinery/molds with a 15% cap through Dec 31, 2027. The claims refer to different time periods and potentially different product scopes or specific exemptions.",True,local_Qwen_scope_review_not_manual_verification,False,"[""https://www.thogus.com/blog/post/injection-molding-tariffs-are-reinstated"", ""https://www.plasticstoday.com/legislation-regulations/trump-revises-tariffs-impacting-plastics-industry-imports""]",different_products_origins_or_programs,different_products_origins_or_programs,model_review_provisional,False,,,,,,,
conflict_8ef22b58ddd3c92e8994b9a6,"[""claim_02368fa41c8ef35d97d0e762"", ""claim_96c547f338a07bfef8d84f78""]","[""q_345""]",complementary_or_no_conflict,"Claim 1 states the exemption expired at the start of 2020, leading to a 25% tariff reality. Claim 2 confirms the expectation of cost increases due to this 25% tariff on Chinese imports. The claims are consistent and complementary.",True,local_Qwen_scope_review_not_manual_verification,False,"[""https://www.thogus.com/blog/post/injection-molding-tariffs-are-reinstated"", ""https://www.thogus.com/blog/post/injection-molding-tariffs-are-reinstated""]",complementary_or_no_conflict,complementary_or_no_conflict,model_review_provisional,False,,,,,,,
conflict_06c91c48724ab4fa1045b748,"[""claim_0d2878f8ec3c6660b1cb52ff"", ""claim_9ef663ab27f63ff4ab98e3f4""]","[""q_345""]",different_dates_or_policy_stages,"The same paragraph states relief ends December 31, 2027, then standard treatment starts January 1, 2028. These are sequential source-reported stages. The first claim misfiles the end date as an effective date. The secondary snippet does not verify current law.",False,assistant_direct_source_context_review,False,"[""https://www.plasticstoday.com/legislation-regulations/trump-revises-tariffs-impacting-plastics-industry-imports"", ""https://www.plasticstoday.com/legislation-regulations/trump-revises-tariffs-impacting-plastics-industry-imports""]",different_dates_or_policy_stages,different_dates_or_policy_stages,manual_cached_context_review,False,automotive_and_trade,MC02,assistant_direct_source_context_review,True,not_established,False,True
conflict_4096e9ae6f6b7056147335c2,"[""claim_5cfb0f9cc29effde2ee12247"", ""claim_f4aac43e5844401d00cb46d3""]","[""q_345""]",different_dates_or_policy_stages,"Claim 1 describes a one-year exemption granted in December of the same year (following an initial tariff). Claim 2 states the 25% tariff was instituted on July 6, 2018. The claims describe the initial imposition and subsequent temporary relief as a sequence.",True,local_Qwen_scope_review_not_manual_verification,False,"[""https://www.thogus.com/blog/post/injection-molding-tariffs-are-reinstated"", ""https://www.thogus.com/blog/post/injection-molding-tariffs-are-reinstated""]",different_dates_or_policy_stages,different_dates_or_policy_stages,model_review_provisional,False,,,,,,,
conflict_6309a7241fa2f220472b8b7a,"[""claim_c2ea9d50018f4e4d959156a6"", ""claim_eaea1819a52e3760476d3dea""]","[""q_345""]",complementary_or_no_conflict,"Claim 1 states tariffs range from 10% to 25%. Claim 2 provides a specific example where a mold cost increased, consistent with the application of a tariff within that stated range. The claims are compatible.",True,local_Qwen_scope_review_not_manual_verification,False,"[""https://protoshopinc.com/blog/how-tariffs-are-changing-the-plastic-injection-molding-industry"", ""https://protoshopinc.com/blog/how-tariffs-are-changing-the-plastic-injection-molding-industry""]",complementary_or_no_conflict,complementary_or_no_conflict,model_review_provisional,False,,,,,,,
conflict_ecf1e540ff20383100a1b4f3,"[""claim_0b9a4947d610fabe8cb16e8a"", ""claim_a47944e846150842f118fd1d""]","[""q_346""]",different_products_origins_or_programs,"Claim 1 specifies 'Auto & Auto Parts' with a rate of Normal Duty + 25%, while Claim 2 specifies 'Canada & Mexico' under IEEPA Tariffs with a rate of 35%. The products and tariff programs differ, making them compatible.",False,local_Qwen_scope_review_not_manual_verification,False,"[""https://www.internationaltradeinsights.com/2025/08/summary-of-tariff-requirements-updated-august-4-2025"", ""https://www.internationaltradeinsights.com/2025/08/summary-of-tariff-requirements-updated-august-4-2025""]",different_products_origins_or_programs,different_products_origins_or_programs,model_review_provisional,False,,,,,,,
conflict_36707a68d78c1e85c9490bce,"[""claim_a7f7b6c66c7259c467822e1d"", ""claim_c07265f9a89e128019908a17""]","[""q_346""]",complementary_or_no_conflict,Deterministic exact normalized quotation identity; current applicability remains unverified.,False,local_Qwen_scope_review_not_manual_verification,False,"[""https://www.cov.com/en/news-and-insights/insights/2025/07/status-of-section-232-actions-by-the-trump-administration"", ""https://www.cov.com/en/news-and-insights/insights/2025/07/status-of-section-232-actions-by-the-trump-administration""]",complementary_or_no_conflict,complementary_or_no_conflict,exact_quote_identity_check,False,,,,,,,
conflict_e005fe739022279f84bd8fed,"[""claim_1ee321bbaf82a57811f24908"", ""claim_4fdff70940017a274acab875""]","[""q_347""]",different_dates_or_policy_stages,"Claim 1 describes a proposed announcement of 50% tariffs effective August 1 with no formal proclamation issued, whereas Claim 2 states tariffs were paused and went into effect on March 4. These represent different policy stages (proposal vs. enacted) and dates.",True,local_Qwen_scope_review_not_manual_verification,False,"[""https://www.cov.com/en/news-and-insights/insights/2025/07/status-of-section-232-actions-by-the-trump-administration"", ""https://www.internationaltradeinsights.com/2025/08/summary-of-tariff-requirements-updated-august-4-2025""]",different_dates_or_policy_stages,different_dates_or_policy_stages,model_review_provisional,False,,,,,,,
conflict_d543ae0689e176fccb4727c1,"[""claim_4fdff70940017a274acab875"", ""claim_a47944e846150842f118fd1d""]","[""q_347""]",different_dates_or_policy_stages,"Claim 1 states tariffs went into effect on March 4, 2025. Claim 2 states tariffs were increased to 35% effective August 1, 2025. This represents a dated progression of policy stages rather than a contradiction.",False,local_Qwen_scope_review_not_manual_verification,False,"[""https://www.internationaltradeinsights.com/2025/08/summary-of-tariff-requirements-updated-august-4-2025"", ""https://www.internationaltradeinsights.com/2025/08/summary-of-tariff-requirements-updated-august-4-2025""]",different_dates_or_policy_stages,different_dates_or_policy_stages,model_review_provisional,False,,,,,,,
conflict_0f1348220bf226182098baf6,"[""claim_1b62fd2f35bee284c78f94c7"", ""claim_b3bbba564a7fb8cc3c27c3ac""]","[""q_348""]",complementary_or_no_conflict,"Claim 1 reports that 407 new products are subject to existing tariffs effective August 18, 2025. Claim 2 confirms the modification of HTSUS subchapter III on the same date. The claims describe the same event from different perspectives (product impact vs. regulatory text).",False,local_Qwen_scope_review_not_manual_verification,False,"[""https://www.ghy.com/trade-compliance/50-section-232-tariffs-on-407-new-steel-and-aluminum-derivatives-take-effect-aug-18-cbp-guidance-available"", ""https://www.federalregister.gov/documents/2025/08/19/2025-15819/adoption-and-procedures-of-the-section-232-steel-and-aluminum-tariff-inclusions-process""]",complementary_or_no_conflict,complementary_or_no_conflict,model_review_provisional,False,,,,,,,
conflict_519823f21900d70999880769,"[""claim_0121e6ff87fc85fedb29ce21"", ""claim_ecdb323af65c84a1823af870""]","[""q_35""]",complementary_or_no_conflict,"Claim 1 identifies a specific facility ('Georgia Hyundai Battery Plant'). Claim 2 describes the same entity's new factory in Georgia. The claims are consistent regarding the company and location, with no conflicting tariff data.",False,local_Qwen_scope_review_not_manual_verification,False,"[""https://www.reddit.com/r/Ioniq5/comments/1jse6v5/hyundai_avoiding_tariffs_with_agreement_with_the"", ""https://www.bbc.com/news/articles/cgkmvdz144vo""]",complementary_or_no_conflict,complementary_or_no_conflict,model_review_provisional,False,,,,,,,
conflict_3b9cd9872db1db6bb4348b50,"[""claim_1474b637357d6403f149154f"", ""claim_197d39f2f4ff022f1e1bacea""]","[""q_350""]",different_dates_or_policy_stages,"Claim 1 cites an effective date of August 18, 2025, while Claim 2 cites July 1, 2025. Both refer to modifications of the same HTSUS subchapter but at different dates, indicating a progression or distinct stages.",True,local_Qwen_scope_review_not_manual_verification,False,"[""https://www.federalregister.gov/documents/2025/08/19/2025-15819/adoption-and-procedures-of-the-section-232-steel-and-aluminum-tariff-inclusions-process"", ""https://www.federalregister.gov/documents/2025/08/19/2025-15819/adoption-and-procedures-of-the-section-232-steel-and-aluminum-tariff-inclusions-process""]",different_dates_or_policy_stages,different_dates_or_policy_stages,model_review_provisional,False,,,,,,,
conflict_bf29ff453056151e63049812,"[""claim_3e071a8e805edd096e820e36"", ""claim_b56d0ebea19a852848024f58""]","[""q_351""]",different_dates_or_policy_stages,"Claim 1 describes a 25% tariff effective March 12, 2025. Claim 2 describes a later Proclamation (June 2025) lifting Section 232 to 50%. These represent different policy stages and dates.",True,local_Qwen_scope_review_not_manual_verification,False,"[""https://www.autocare.org/government-relations/current-issues/tariffs-and-trade/section-232-steel-aluminum-tariffs"", ""https://globaltradealert.org/reports/Section-232-Metal-Content-Calculus-Explained""]",different_dates_or_policy_stages,different_dates_or_policy_stages,model_review_provisional,False,,,,,,,
conflict_0808b795c6709c5df0893e28,"[""claim_3e7cd664ba77e5f59365b4b0"", ""claim_c7a4c35a58f16c74424ecc4a""]","[""q_351""]",complementary_or_no_conflict,Claim 1 explains the standard valuation method (total price paid). Claim 2 explains the exception when metal content value is unknown (entire entered value). These are complementary rules within the same guidance.,False,local_Qwen_scope_review_not_manual_verification,False,"[""https://globaltradealert.org/reports/Section-232-Metal-Content-Calculus-Explained"", ""https://globaltradealert.org/reports/Section-232-Metal-Content-Calculus-Explained""]",complementary_or_no_conflict,complementary_or_no_conflict,model_review_provisional,False,,,,,,,
conflict_7caf4e2b49e277d7b605ed0e,"[""claim_3052010aa31825d1acca7530"", ""claim_9c8dbe3ef1c409464abe5d27""]","[""q_352""]",different_dates_or_policy_stages,"Claim 1 describes the imposition of tariffs on derivatives. Claim 2 references Federal Register Notices published on February 18, 2025, with an effective date of June 4, 2025. The claims describe the announcement and subsequent effective stage.",False,local_Qwen_scope_review_not_manual_verification,False,"[""https://www.autocare.org/government-relations/current-issues/tariffs-and-trade/section-232-steel-aluminum-tariffs"", ""https://diaztradelaw.com/section-232-valuation-in-a-gray-area-what-importers-need-to-know""]",different_dates_or_policy_stages,different_dates_or_policy_stages,model_review_provisional,False,,,,,,,
conflict_5a94ec14e3e97a3a2addb511,"[""claim_5e2fa1ade9f4703c3627a6c4"", ""claim_ffd6a1250c24704c9800f5e2""]","[""q_352""]",complementary_or_no_conflict,"Claim 1 defines the value as total price paid excluding transport/insurance costs, while Claim 2 mandates determining that value per Customs Valuation Agreement (19 U.S.C. 1401a) principles; these are consistent valuation methodologies rather than contradictory.",False,local_Qwen_scope_review_not_manual_verification,False,"[""https://diaztradelaw.com/section-232-valuation-in-a-gray-area-what-importers-need-to-know"", ""https://diaztradelaw.com/section-232-valuation-in-a-gray-area-what-importers-need-to-know""]",complementary_or_no_conflict,complementary_or_no_conflict,model_review_provisional,False,,,,,,,
conflict_86ea20b077e2d1036492c786,"[""claim_092b925a21d34534e71515d3"", ""claim_64ab9cf2398dfa4ef752372f""]","[""q_353""]",different_dates_or_policy_stages,"Claim 1 describes a revocation of exclusions effective March 12, 2025, while Claim 2 describes the application of tariffs to downstream products via proclamations in February 2025; these represent sequential policy stages rather than a direct conflict.",False,local_Qwen_scope_review_not_manual_verification,False,"[""https://www.bis.gov/about-bis/bis-leadership-and-offices/SIES/section-232-investigations/section-232-steel-aluminum"", ""https://www.bis.gov/about-bis/bis-leadership-and-offices/SIES/section-232-investigations/section-232-steel-aluminum""]",different_dates_or_policy_stages,different_dates_or_policy_stages,model_review_provisional,False,,,,,,,
conflict_37f885942483180b6dce9701,"[""claim_66a3aec4db97765416280987"", ""claim_9b7d09ce15f5fa70f92b8e30""]","[""q_353""]",different_dates_or_policy_stages,"Claim 1 details a June 1, 2026 modification lowering rates for specific equipment, while Claim 2 describes an April 2, 2026 proclamation imposing a 50% tariff that is explicitly stated to be superseded by the June 1 action; this is a dated progression.",False,local_Qwen_scope_review_not_manual_verification,False,"[""https://www.strtrade.com/trade-news-resources/tariff-actions-resources/section-232-tariffs-on-steel-aluminum"", ""https://www.strtrade.com/trade-news-resources/tariff-actions-resources/section-232-tariffs-on-steel-aluminum""]",different_dates_or_policy_stages,different_dates_or_policy_stages,model_review_provisional,False,,,,,,,
conflict_37c19bfee0dd5a81f39aec0b,"[""claim_0c8872258becbcef71c6b8ba"", ""claim_dfb0bb92d38f9822ca2b9aff""]","[""q_354""]",complementary_or_no_conflict,"Claim 1 states Commerce is no longer processing exclusion requests effective February 10, 2025, and Claim 2 notes the process was announced for termination and has expired; these claims align on the cessation of the exclusion process.",False,local_Qwen_scope_review_not_manual_verification,False,"[""https://www.bis.gov/about-bis/bis-leadership-and-offices/SIES/section-232-investigations/section-232-steel-aluminum"", ""https://www.clarkhill.com/news-events/news/update-on-inclusion-requests-pertaining-to-section-232-tariffs-on-steel-and-aluminum""]",complementary_or_no_conflict,complementary_or_no_conflict,model_review_provisional,False,,,,,,,
conflict_852eb41983f9317b211a2182,"[""claim_1eaef644198e425fd52f8972"", ""claim_a46426e497f2cad935da5a7e""]","[""q_355""]",apparent_same_scope_conflict,Both claims address the same scope (UK-sourced steel/aluminum derivatives with >=95% content) but assert mutually exclusive duty rates of 25% and 15% respectively without a stated date or condition to reconcile them.,True,local_Qwen_scope_review_not_manual_verification,False,"[""https://www.congress.gov/crs-product/IN12519"", ""https://www.congress.gov/crs-product/IN12519""]",apparent_same_scope_conflict,apparent_same_scope_conflict,model_review_provisional,False,,,,,,,
conflict_dcd9a6a7765a5f0a0e1874cd,"[""claim_2060000b0129f19f143e6c9a"", ""claim_5040c68179321b76087aa9bf""]","[""q_355""]",different_dates_or_policy_stages,"Claim 1 outlines a June 1, 2026 modification lowering rates for specific equipment, while Claim 2 describes an April 2, 2026 proclamation imposing a 50% tariff that is explicitly superseded by the June 1 action; this represents a dated policy progression.",False,local_Qwen_scope_review_not_manual_verification,False,"[""https://www.strtrade.com/trade-news-resources/tariff-actions-resources/section-232-tariffs-on-steel-aluminum"", ""https://www.strtrade.com/trade-news-resources/tariff-actions-resources/section-232-tariffs-on-steel-aluminum""]",different_dates_or_policy_stages,different_dates_or_policy_stages,model_review_provisional,False,,,,,,,
conflict_85113cb10191a2a0f09afb4d,"[""claim_5c0fc6ca04a06b1918b27359"", ""claim_c2c8a9352778af156a767f2b""]","[""q_355""]",complementary_or_no_conflict,"Claim 1 states the previous split-value calculation system was eliminated, and Claim 2 clarifies that tariffs now apply to the full customs value; these claims describe the same policy change from different angles.",False,local_Qwen_scope_review_not_manual_verification,False,"[""https://www.whitecase.com/insight-alert/united-states-modifies-steel-aluminum-and-copper-section-232-tariffs"", ""https://www.whitecase.com/insight-alert/united-states-modifies-steel-aluminum-and-copper-section-232-tariffs""]",complementary_or_no_conflict,complementary_or_no_conflict,model_review_provisional,False,,,,,,,
conflict_33b60b5f8b0ee584ab524484,"[""claim_9f16382bca1eb1e0689ef9af"", ""claim_ac67f9f725bf296d1481537f""]","[""q_355""]",different_products_origins_or_programs,"Claim 1 refers to reduced tariffs for certain steel derivatives until a specific date, while Claim 2 refers to the complete removal of certain derivative products from scope; these describe different regulatory outcomes (reduction vs. exclusion) potentially affecting different subsets or timeframes.",True,local_Qwen_scope_review_not_manual_verification,False,"[""https://www.congress.gov/crs-product/IN12519"", ""https://www.whitecase.com/insight-alert/united-states-modifies-steel-aluminum-and-copper-section-232-tariffs""]",different_products_origins_or_programs,different_products_origins_or_programs,model_review_provisional,False,,,,,,,
conflict_1998d4d0ff47c88d7131ec2a,"[""claim_1f328e8bc1826f396f53a5bc"", ""claim_f88f4f3eb2be9b0689b15f08""]","[""q_355""]",different_products_origins_or_programs,"Claim 1 specifies a 10% tariff on derivatives with >=85% US-sourced content, while Claim 2 refers to a global Section 122 tariff of 10% applying unless excepted; these refer to distinct tariff programs (Section 232 vs. Section 122) or specific exception scopes.",True,local_Qwen_scope_review_not_manual_verification,False,"[""https://www.congress.gov/crs-product/IN12519"", ""https://www.whitecase.com/insight-alert/united-states-modifies-steel-aluminum-and-copper-section-232-tariffs""]",different_products_origins_or_programs,different_products_origins_or_programs,model_review_provisional,False,,,,,,,
conflict_62f7d35ad765df4c1b8891b6,"[""claim_5ed6f85841b1081777eeba04"", ""claim_6425daa5ed697db955cad468""]","[""q_356""]",complementary_or_no_conflict,Both claims explicitly state the requirement to continue reporting countries of melt/pour for steel and smelt/cast for aluminum; the claims are identical in substance regarding the reporting obligation.,False,local_Qwen_scope_review_not_manual_verification,False,"[""https://www.ghy.com/trade-compliance/us-adjusts-section-232-tariffs-on-aluminum-steel-and-copper-full-customs-value-now-applies"", ""https://content.govdelivery.com/accounts/USDHSCBP/bulletins/4117593""]",complementary_or_no_conflict,complementary_or_no_conflict,model_review_provisional,False,,,,,,,
conflict_e0031790b5f158d57e244e7f,"[""claim_33e168f2a08797424e05ee98"", ""claim_e1c3a5a5037b5cb7a1f057db""]","[""q_356""]",different_dates_or_policy_stages,"Claim 1 describes a future transition of HTS headings effective after Jan 1, 2028, while Claim 2 defines the validity period for specific headings from April 6, 2026, to Jan 1, 2028. These represent sequential policy stages rather than incompatible claims.",False,local_Qwen_scope_review_not_manual_verification,False,"[""https://www.ghy.com/trade-compliance/us-adjusts-section-232-tariffs-on-aluminum-steel-and-copper-full-customs-value-now-applies"", ""https://content.govdelivery.com/accounts/USDHSCBP/bulletins/4117593""]",different_dates_or_policy_stages,different_dates_or_policy_stages,model_review_provisional,False,,,,,,,
conflict_82a543af7d09345ef2c3171b,"[""claim_650bb58274a32f8294d6a23e"", ""claim_b76b6de49fa7a55650bc23b7""]","[""q_357""]",complementary_or_no_conflict,Deterministic exact normalized quotation identity; current applicability remains unverified.,False,local_Qwen_scope_review_not_manual_verification,False,"[""https://gingercontrol.com/blog/how-tariff-stacking-works"", ""https://gingercontrol.com/blog/how-tariff-stacking-works""]",complementary_or_no_conflict,complementary_or_no_conflict,exact_quote_identity_check,False,,,,,,,
conflict_c20d5e30defa6fbc3eeba47a,"[""claim_2e83171335f11d10a6538120"", ""claim_38f122bd3a5683e43ac770b4""]","[""q_358""]",different_products_origins_or_programs,"Claim 1 concerns a threatened 50% tariff on Canadian vehicles and steel, while Claim 2 concerns a potential 25% tariff on South Korean exports. The origins (Canada vs. South Korea) and specific policy contexts differ.",False,local_Qwen_scope_review_not_manual_verification,False,"[""https://www.automotivelogistics.media/supply-chain/south-korea-tariff-deal-with-us-what-it-means-for-automotive/650472"", ""https://www.congress.gov/crs-product/IF10733""]",different_products_origins_or_programs,different_products_origins_or_programs,model_review_provisional,False,,,,,,,
conflict_958169a11662f896e22c7991,"[""claim_7eabd75ade67bfb560f39e20"", ""claim_8adc495407de3839b4b0f1c1""]","[""q_358""]",different_products_origins_or_programs,"Claim 1 refers to general Section 232 tariffs on steel and aluminum at 50%, whereas Claim 2 refers specifically to a reduction of Section 232 auto tariffs for Korea to 15% in November 2025. The products (steel/aluminum vs. autos) and rates differ.",False,local_Qwen_scope_review_not_manual_verification,False,"[""https://www.congress.gov/crs-product/IF10733"", ""https://www.congress.gov/crs-product/IF10733""]",different_products_origins_or_programs,different_products_origins_or_programs,model_review_provisional,False,,,,,,,
conflict_100abfceb8bc223594e5f565,"[""claim_3303ee2a79a3fd1dc2e3d095"", ""claim_67a5aed08108100fa42034ad""]","[""q_359""]",different_products_origins_or_programs,"Claim 1 mentions a proposed 25% country-specific tariff on Japan, while Claim 2 refers to a 2025 imposition of 25% tariffs on vehicles and auto parts. The scope (country-specific vs. product-specific) and timing differ.",False,local_Qwen_scope_review_not_manual_verification,False,"[""https://www.congress.gov/crs-product/IN12608"", ""https://www.congress.gov/crs-product/IN12608""]",different_products_origins_or_programs,different_products_origins_or_programs,model_review_provisional,False,,,,,,,
conflict_421e308adc2968b8160408af,"[""claim_00d4e314940efd08de7c3cf2"", ""claim_7f86b81edf79f1018a644e9a""]","[""q_359""]",complementary_or_no_conflict,"Claim 1 states a baseline 15% tariff on Japanese imports under an agreement, and Claim 2 confirms the imposition of a 15% tariff on most Japanese imports in July 2025. The rates and subjects align.",False,local_Qwen_scope_review_not_manual_verification,False,"[""https://www.whitehouse.gov/presidential-actions/2025/09/implementing-the-united-states-japan-agreement"", ""https://www.congress.gov/crs-product/IN12608""]",complementary_or_no_conflict,complementary_or_no_conflict,model_review_provisional,False,,,,,,,
conflict_9f63413e0df0b01b46070931,"[""claim_117a160ac4455f95df00b998"", ""claim_76f6fc362b5cd8bde5e9bcea""]","[""q_36""]",different_dates_or_policy_stages,"Claim 1 describes a plan to lower tariffs to 15%, while Claim 2 references the prior imposition of 25% tariffs in the spring. This reflects a policy change from a higher rate to a lower rate over time.",False,local_Qwen_scope_review_not_manual_verification,False,"[""https://www.cnbc.com/2025/12/03/trump-south-korea-tariffs-vehicles-hyundai-gm.html"", ""https://www.cnbc.com/2025/12/03/trump-south-korea-tariffs-vehicles-hyundai-gm.html""]",different_dates_or_policy_stages,different_dates_or_policy_stages,model_review_provisional,False,,,,,,,
conflict_0e02cf3a7bf0681ab1237aa6,"[""claim_5f8caf338c689621af3cc8f1"", ""claim_76f6fc362b5cd8bde5e9bcea""]","[""q_36""]",different_dates_or_policy_stages,"Claim 1 describes an agreement reducing tariffs from 25% to 15%, while Claim 2 references the prior 25% tariff levies paid earlier in the year. This indicates a sequential policy change rather than a contradiction.",False,local_Qwen_scope_review_not_manual_verification,False,"[""https://www.cbtnews.com/hyundai-to-invest-86-5b-in-south-korea-after-us-tariff-cut"", ""https://www.cnbc.com/2025/12/03/trump-south-korea-tariffs-vehicles-hyundai-gm.html""]",different_dates_or_policy_stages,different_dates_or_policy_stages,model_review_provisional,False,,,,,,,
conflict_e1e2cf283671ed71b60f955b,"[""claim_76f6fc362b5cd8bde5e9bcea"", ""claim_792cd3fecce66dea42d0f69d""]","[""q_36""]",different_dates_or_policy_stages,"Claim 1 references the prior 25% tariff levies, while Claim 2 describes a trade deal reducing tariffs to 15%. The claims represent the pre- and post-reduction states of the same policy.",False,local_Qwen_scope_review_not_manual_verification,False,"[""https://www.cnbc.com/2025/12/03/trump-south-korea-tariffs-vehicles-hyundai-gm.html"", ""https://www.cbtnews.com/hyundai-to-invest-86-5b-in-south-korea-after-us-tariff-cut""]",different_dates_or_policy_stages,different_dates_or_policy_stages,model_review_provisional,False,,,,,,,
conflict_35155aaef9ce5dd2ab157f9f,"[""claim_117a160ac4455f95df00b998"", ""claim_5f8caf338c689621af3cc8f1""]","[""q_36""]",complementary_or_no_conflict,"Claim 1 confirms plans to lower tariffs to 15%, and Claim 2 states the agreement cuts tariffs from 25% to 15%. Both claims describe the same outcome of a tariff reduction.",False,local_Qwen_scope_review_not_manual_verification,False,"[""https://www.cnbc.com/2025/12/03/trump-south-korea-tariffs-vehicles-hyundai-gm.html"", ""https://www.cbtnews.com/hyundai-to-invest-86-5b-in-south-korea-after-us-tariff-cut""]",complementary_or_no_conflict,complementary_or_no_conflict,model_review_provisional,False,,,,,,,
conflict_0619bb484e5d2ea93c41064d,"[""claim_117a160ac4455f95df00b998"", ""claim_792cd3fecce66dea42d0f69d""]","[""q_36""]",complementary_or_no_conflict,"Both claims describe the same U.S.-South Korea trade deal reducing vehicle tariffs to 15%; one cites the Federal Register notice and the other notes Hyundai's operational response, showing consistency rather than contradiction.",False,local_Qwen_scope_review_not_manual_verification,False,"[""https://www.cnbc.com/2025/12/03/trump-south-korea-tariffs-vehicles-hyundai-gm.html"", ""https://www.cbtnews.com/hyundai-to-invest-86-5b-in-south-korea-after-us-tariff-cut""]",complementary_or_no_conflict,complementary_or_no_conflict,model_review_provisional,False,,,,,,,
conflict_56a04199a2c7cea2576742d9,"[""claim_5f8caf338c689621af3cc8f1"", ""claim_792cd3fecce66dea42d0f69d""]","[""q_36""]",complementary_or_no_conflict,"Both claims originate from the same source and describe the identical tariff reduction (25% to 15%) for South Korean autos under the same trade deal, with one adding context about production expansion.",False,local_Qwen_scope_review_not_manual_verification,False,"[""https://www.cbtnews.com/hyundai-to-invest-86-5b-in-south-korea-after-us-tariff-cut"", ""https://www.cbtnews.com/hyundai-to-invest-86-5b-in-south-korea-after-us-tariff-cut""]",complementary_or_no_conflict,complementary_or_no_conflict,model_review_provisional,False,,,,,,,
conflict_1e55497a099a17cb17db6323,"[""claim_0afbc6d2945e12fe30b04349"", ""claim_dbc2cd7b24ee3b902df3124b""]","[""q_360""]",different_dates_or_policy_stages,"Claim 1 states a 25% steel tariff effective Feb 1, 2025, while Claim 2 describes a subsequent increase to 50% effective June 4, 2025; these represent a dated progression of policy rather than a conflict.",False,local_Qwen_scope_review_not_manual_verification,False,"[""https://www.ilscompany.com/automotive-tariffs-mexico-us"", ""https://www.prodensa.com/insights/blog/how-tariffs-are-shaping-automotive-manufacturers-in-mexico""]",different_dates_or_policy_stages,different_dates_or_policy_stages,model_review_provisional,False,,,,,,,
conflict_4e0be4a81e051cadbfc9fed4,"[""claim_0e63a116e33c3628da158714"", ""claim_f0af0e583aded5831280925f""]","[""q_360""]",complementary_or_no_conflict,"Claim 1 describes a process to reduce tariffs, while Claim 2 specifies the mechanism's limits (up to half reduction, minimum 25%); these are compatible details of the same proposed relief mechanism.",False,local_Qwen_scope_review_not_manual_verification,False,"[""https://mexicobusiness.news/mining/news/us-opens-path-cut-mexicos-steel-aluminum-tariffs"", ""https://mexicobusiness.news/mining/news/us-opens-path-cut-mexicos-steel-aluminum-tariffs""]",complementary_or_no_conflict,complementary_or_no_conflict,model_review_provisional,False,,,,,,,
conflict_9b900abc99121a3fc11e4da0,"[""claim_2b252561813bc732fd498051"", ""claim_a9ad09d8744db7d324739d67""]","[""q_361""]",complementary_or_no_conflict,"Claim 1 discusses a potential scenario where tariffs could exceed 25% if IEEPA measures are implemented, while Claim 2 cites specific proclamations imposing a 25% rate; both address the March 12, 2025 effective date and are not mutually exclusive.",False,local_Qwen_scope_review_not_manual_verification,False,"[""https://www.pwc.com/ca/en/services/tax/publications/tax-insights/us-impose-tariffs-steel-aluminum-imports-2025.html"", ""https://www.jdsupra.com/legalnews/u-s-canada-tariffs-timeline-of-key-1897320""]",complementary_or_no_conflict,complementary_or_no_conflict,model_review_provisional,False,,,,,,,
conflict_9d4a7bd5fff483c5a328f75d,"[""claim_843e8399a100f28fe9edcb24"", ""claim_9ca7d5d8e6ba06f32cf9fc63""]","[""q_361""]",different_dates_or_policy_stages,"Claim 1 cites a U.S. tariff increase to 50% effective June 4, 2025, while Claim 2 describes a Canadian counter-tariff of the same rate effective August 22, 2025; these are distinct actions by different nations at different times.",False,local_Qwen_scope_review_not_manual_verification,False,"[""https://www.jdsupra.com/legalnews/u-s-canada-tariffs-timeline-of-key-1897320"", ""https://oilprice.com/Metals/Commodities/Canada-Tariffs-Deepen-North-Americas-Steel-and-Aluminum-Squeeze.html""]",different_dates_or_policy_stages,different_dates_or_policy_stages,model_review_provisional,False,,,,,,,
conflict_e9696de8963e5320899be115,"[""claim_29e261eb7dbc2f566eee4850"", ""claim_3f3e4b8ac8a0140a41527a70""]","[""q_362""]",complementary_or_no_conflict,"Claim 1 defines 'Commercial vehicles' broadly, while Claim 2 lists specific HTS subheadings for 'Light trucks'; the specific codes in Claim 2 fall within the broader category described in Claim 1.",False,local_Qwen_scope_review_not_manual_verification,False,"[""https://www.cbp.gov/trade/programs-administration/entry-summary/section-232-additional-faqs-autos"", ""https://www.cbp.gov/trade/programs-administration/entry-summary/section-232-additional-faqs-autos""]",complementary_or_no_conflict,complementary_or_no_conflict,model_review_provisional,False,,,,,,,
conflict_cf38c4844749e0c13b3ac88a,"[""claim_60f11b6c8c0a602b93e3bad0"", ""claim_c031431584d2cf37b232e110""]","[""q_362""]",complementary_or_no_conflict,"Claim 1 states that specific auto parts are exempt from reciprocal duties, while Claim 2 confirms that the same HTS heading (9903.01.33) provides this exemption; both describe the same regulatory relief.",False,local_Qwen_scope_review_not_manual_verification,False,"[""https://www.cbp.gov/trade/programs-administration/entry-summary/section-232-additional-faqs-autos"", ""https://www.cbp.gov/trade/programs-administration/entry-summary/section-232-additional-faqs-autos""]",complementary_or_no_conflict,complementary_or_no_conflict,model_review_provisional,False,,,,,,,
conflict_c390ef14227f27e2a3449765,"[""claim_128ca8fb1b7f1fda53cc6c48"", ""claim_1bcc336dddb3f1b23343432b""]","[""q_363""]",complementary_or_no_conflict,"Claim 1 references a reduced tariff period for steel derivatives ending Dec 31, 2027, while Claim 2 specifies a 10% rate on certain derivatives; these describe the same policy provision's duration and rate.",False,local_Qwen_scope_review_not_manual_verification,False,"[""https://www.congress.gov/crs-product/IN12519"", ""https://www.congress.gov/crs-product/IN12519""]",complementary_or_no_conflict,complementary_or_no_conflict,model_review_provisional,False,,,,,,,
conflict_3d57c7e3e197cfec23aa133c,"[""claim_372b0eaace850ba53a3cb083"", ""claim_53932f7008f97665bd846060""]","[""q_363""]",complementary_or_no_conflict,"Claim 1 states Section 232 articles are excluded from reciprocal tariffs via heading 9903.01.33, while Claim 2 lists specific HTS codes for derivative aluminum products that are also excluded; the specific exclusions in Claim 2 align with the general exclusion in Claim 1.",False,local_Qwen_scope_review_not_manual_verification,False,"[""https://www.cbp.gov/trade/programs-administration/entry-summary/232-tariffs-aluminum-and-steel-faqs"", ""https://www.cbp.gov/trade/programs-administration/entry-summary/232-tariffs-aluminum-and-steel-faqs""]",complementary_or_no_conflict,complementary_or_no_conflict,model_review_provisional,False,,,,,,,
conflict_e7b4bc64f5118eeec7a5056c,"[""claim_396614eb5ee7eba368af3061"", ""claim_72c90a858b94e35577d3ac63""]","[""q_365""]",different_products_origins_or_programs,"Claim 1 discusses a final decision on aluminum foil duties from South Korea and Thailand (with fields listing China as origin), while Claim 2 references 2018 orders against China and 2022 circumvention inquiries. The claims address different time periods (2018/2022 vs 'November') and distinct procedural stages (orders vs inquiries/final decisions).",False,local_Qwen_scope_review_not_manual_verification,False,"[""https://www.packagingdive.com/news/aluminum-foil-flexible-packaging-duties/704216"", ""https://www.packagingdive.com/news/aluminum-foil-flexible-packaging-duties/704216""]",different_products_origins_or_programs,different_products_origins_or_programs,model_review_provisional,False,,,,,,,
conflict_4a62538a3569ec5907028c6b,"[""claim_c0435ea9111e26b921850abd"", ""claim_facc1ba0afa0e8ed607c78b9""]","[""q_365""]",apparent_same_scope_conflict,"Claim 1 states only 'very thin foil' is affected alongside other aluminum, implying a limited scope. Claim 2 explicitly states 'All aluminum foil is covered by the orders regardless of specification,' creating a direct contradiction regarding the product scope.",False,local_Qwen_scope_review_not_manual_verification,False,"[""https://www.packagingdive.com/news/aluminum-foil-flexible-packaging-duties/704216"", ""https://www.msci.org/united-states-will-investigate-aluminum-foil-from-imports-from-china-korea-and-thailand-2""]",apparent_same_scope_conflict,apparent_same_scope_conflict,model_review_provisional,False,,,,,,,
conflict_8156a6e35f783f1850333062,"[""claim_0b042d4bad9b83f6d0bc2610"", ""claim_fe5ef641fa1846978cfcda0a""]","[""q_366""]",different_dates_or_policy_stages,"Claim 1 cites an August 1, 2025 announcement of a 50% tariff on both semi-finished and derivative products. Claim 2 cites a later effective date of April 6, 2026, with differentiated rates (50% for semi-finished, 25% for derivatives). These represent different policy stages or dates.",False,local_Qwen_scope_review_not_manual_verification,False,"[""https://www.congress.gov/crs-product/IN12614"", ""https://www.congress.gov/crs-product/IN12614""]",different_dates_or_policy_stages,different_dates_or_policy_stages,model_review_provisional,False,,,,,,,
conflict_df0143a2b8004a009cec4023,"[""claim_29943c2f26936fecc1ff95de"", ""claim_74c22eeaf172d7c59264f8f8""]","[""q_367""]",apparent_same_scope_conflict,Claim 1 states a 25% tariff on steel and aluminum went into effect. Claim 2 states import taxes on these metals were doubled to 50%. The duty rates (25% vs 50%) are mutually exclusive for the same product scope without an intermediate step explained in the text.,False,local_Qwen_scope_review_not_manual_verification,False,"[""https://www.fastmarkets.com/insights/ghost-of-steel-past-a-timeline-of-2025-in-the-americas-steel-industry"", ""https://www.wabe.org/steel-and-aluminum-tariffs-doubled-as-georgia-businesses-face-price-increases""]",apparent_same_scope_conflict,apparent_same_scope_conflict,model_review_provisional,False,,,,,,,
conflict_ab31cbfdca3d9f698c6e2347,"[""claim_16460c9b68c493cd01e3aab8"", ""claim_82b99688be78d8ec5b8ddb32""]","[""q_368""]",apparent_same_scope_conflict,Claim 1 attributes an 8-12% cost increase to a 10% tariff on aluminum. Claim 2 states import taxes were doubled to 50%. The stated duty rates (10% vs 50%) and the resulting impact descriptions contradict each other for the same product category.,False,local_Qwen_scope_review_not_manual_verification,False,"[""https://energy-solutions.co/supply-chain/risk-index/us-section-232-tariffs-steel-aluminum-wind-ev-costs"", ""https://www.wabe.org/steel-and-aluminum-tariffs-doubled-as-georgia-businesses-face-price-increases""]",apparent_same_scope_conflict,apparent_same_scope_conflict,model_review_provisional,False,,,,,,,
conflict_a11bbb1d1989d2a3221213c0,"[""claim_2bc877126d5a064640c57f78"", ""claim_b13ae1261d2ba99cba7b69a9""]","[""q_368""]",complementary_or_no_conflict,"Claim 1 notes a 25% cost premium on imported steel. Claim 2 identifies Section 232 tariffs as 25% for steel and 10% for aluminum. The claims are consistent, with Claim 1 focusing on the impact of the specific 25% steel rate mentioned in Claim 2.",False,local_Qwen_scope_review_not_manual_verification,False,"[""https://energy-solutions.co/supply-chain/risk-index/us-section-232-tariffs-steel-aluminum-wind-ev-costs"", ""https://energy-solutions.co/supply-chain/risk-index/us-section-232-tariffs-steel-aluminum-wind-ev-costs""]",complementary_or_no_conflict,complementary_or_no_conflict,model_review_provisional,False,,,,,,,
conflict_c078ba59b3e5597f7b280277,"[""claim_5c3f3f333a94331788a2caf5"", ""claim_f9756ed67401e8bb1ae4e63d""]","[""q_369""]",complementary_or_no_conflict,Claim 1 mentions a 25% tariff on imported steel affecting the auto industry. Claim 2 confirms a proclamation imposing a 25% tariff on steel from most countries. Both claims align on the duty rate and product.,False,local_Qwen_scope_review_not_manual_verification,False,"[""https://aldailynews.com/fear-steel-tariff-hurt-auto-industry-south"", ""https://aldailynews.com/fear-steel-tariff-hurt-auto-industry-south""]",complementary_or_no_conflict,complementary_or_no_conflict,model_review_provisional,False,,,,,,,
conflict_2e9c649e81f0748bb9c30bf5,"[""claim_6c837c5adf04f57adf9c52c5"", ""claim_70740bc6c0b79e15344938af""]","[""q_369""]",different_dates_or_policy_stages,"Claim 1 describes an August 15 expansion adding derivative products to a 50% tariff regime. Claim 2 describes a March 12 implementation of a 25% Section 232 tariff that barred exemptions. The claims refer to different effective dates and distinct policy iterations (25% vs 50%, initial vs expanded).",False,local_Qwen_scope_review_not_manual_verification,False,"[""https://www.fastmarkets.com/insights/ghost-of-steel-past-a-timeline-of-2025-in-the-americas-steel-industry"", ""https://www.fastmarkets.com/insights/ghost-of-steel-past-a-timeline-of-2025-in-the-americas-steel-industry""]",different_dates_or_policy_stages,different_dates_or_policy_stages,model_review_provisional,False,,,,,,,
conflict_52ad84769ce088167a2c3b0c,"[""claim_01fdfde67c437e49efa4afe2"", ""claim_dc6db724095c63bf7b73c7f5""]","[""q_37""]",complementary_or_no_conflict,"Claim 1 states a 25% tariff on auto imports was announced, with Hyundai spared for U.S.-made vehicles. Claim 2 confirms that cars produced at the new plant will be exempted from tariffs. The claims are consistent regarding the existence of the tariff and the specific exemption.",False,local_Qwen_scope_review_not_manual_verification,False,"[""https://tedmag.com/hyundai-shows-off-new-7-6b-ev-plant-amid-tariff-announcement"", ""https://tedmag.com/hyundai-shows-off-new-7-6b-ev-plant-amid-tariff-announcement""]",complementary_or_no_conflict,complementary_or_no_conflict,model_review_provisional,False,,,,,,,
conflict_d90565a09ed625a5be224399,"[""claim_102f27c721dcc1b883db3ac6"", ""claim_2640566dc8a526e3a8ecae6f""]","[""q_371""]",complementary_or_no_conflict,"Claim 1 states tariffs on steel and aluminum have officially gone into effect. Claim 2 states executive orders placing 25% tariffs were signed. The claims are consistent, with one describing the status (effective) and the other the action (signed/orders).",False,local_Qwen_scope_review_not_manual_verification,False,"[""https://glc-inc.com/2025/03/steel-tariffs-a-new-challenge-for-the-automotive-industry"", ""https://www.wardsauto.com/news/archive-auto-tariffs-trump-steel-aluminum-automotive/739872""]",complementary_or_no_conflict,complementary_or_no_conflict,model_review_provisional,False,,,,,,,
conflict_46bc6fc1e332973355241c39,"[""claim_102f27c721dcc1b883db3ac6"", ""claim_8b8ba680998dbc8d78276f85""]","[""q_371""]",different_products_origins_or_programs,"One claim concerns effective tariffs on steel and aluminum, while the other concerns a proposed tariff on imported vehicles; these are distinct products and policy stages.",False,local_Qwen_scope_review_not_manual_verification,False,"[""https://glc-inc.com/2025/03/steel-tariffs-a-new-challenge-for-the-automotive-industry"", ""https://glc-inc.com/2025/03/steel-tariffs-a-new-challenge-for-the-automotive-industry""]",different_products_origins_or_programs,different_products_origins_or_programs,model_review_provisional,False,,,,,,,
conflict_0b73da2f56d6caa0f8a2680d,"[""claim_03bf4e2c744bcdd1aa90451d"", ""claim_297a1e56a70df6367a76ad5e""]","[""q_372""]",different_dates_or_policy_stages,"Claims describe a 25% rate for EV batteries effective in 2024 and a separate 25% rate for non-EV batteries effective in 2026, representing a staged policy progression rather than a conflict.",False,local_Qwen_scope_review_not_manual_verification,False,"[""https://cargotransinc.com/blog/ev-battery-tariff"", ""https://www.energy-storage.news/us-increases-tariffs-on-batteries-from-china-to-25""]",different_dates_or_policy_stages,different_dates_or_policy_stages,model_review_provisional,False,,,,,,,
conflict_66be33bee04271cb204b7c98,"[""claim_3d373648a4a646c049de273f"", ""claim_afcc0b4adef4ccae6a11a600""]","[""q_372""]",complementary_or_no_conflict,"Both claims state that the 25% tariff rate for non-EV lithium-ion batteries takes effect in 2026, showing identical scope and timing.",False,local_Qwen_scope_review_not_manual_verification,False,"[""https://cargotransinc.com/blog/ev-battery-tariff"", ""https://www.energy-storage.news/us-increases-tariffs-on-batteries-from-china-to-25""]",complementary_or_no_conflict,complementary_or_no_conflict,model_review_provisional,False,,,,,,,
conflict_f92ff2650352ce648774be55,"[""claim_21583c0bf4cc88e3b3eefe1e"", ""claim_cab615026da05794eb000323""]","[""q_373""]",complementary_or_no_conflict,"Both claims identify the same HTS code (8507.60) and duty rate (3.4%) for lithium-ion batteries, with one providing a more specific subheading.",False,local_Qwen_scope_review_not_manual_verification,False,"[""https://ustariffrates.com/products/batteries"", ""https://www.customsmobile.com/rulings/docview?doc_id=NY+N286124&highlight=NY+N286124""]",complementary_or_no_conflict,complementary_or_no_conflict,model_review_provisional,False,,,,,,,
conflict_af4575f71cd60061f8d656ff,"[""claim_1ff954c8f70d7307cac143c2"", ""claim_e8e2fdeb74442707d0209724""]","[""q_374""]",complementary_or_no_conflict,"Both claims confirm a 25% Section 301 duty rate for covered Chinese lithium-ion non-EV batteries in 2026, with one adding context about a separate forced-labor duty.",False,local_Qwen_scope_review_not_manual_verification,False,"[""https://www.large-battery.com/blog/us-tariff-on-chinese-lithium-ion-batteries"", ""https://www.large-battery.com/blog/us-tariff-on-chinese-lithium-ion-batteries""]",complementary_or_no_conflict,complementary_or_no_conflict,model_review_provisional,False,,,,,,,
conflict_9c211d26b618e752f40073e5,"[""claim_5c3f1d9abacc5c5296ae050d"", ""claim_f42b10a5c53162d072cc993e""]","[""q_374""]",different_dates_or_policy_stages,"One claim specifies a 12.5% forced-labor duty effective July 24, 2026, while the other describes a scheduled increase of the Section 301 rate to 25% in 2026; these are distinct measures with different rates and effective dates.",False,local_Qwen_scope_review_not_manual_verification,False,"[""https://www.large-battery.com/blog/us-tariff-on-chinese-lithium-ion-batteries"", ""https://www.large-battery.com/blog/us-tariff-on-chinese-lithium-ion-batteries""]",different_dates_or_policy_stages,different_dates_or_policy_stages,model_review_provisional,False,,,,,,,
conflict_e843077aaea10e1626cf2f97,"[""claim_5c498c96e8c613518049d796"", ""claim_6d3aac19c25b309a18ace091""]","[""q_374""]",complementary_or_no_conflict,"Both claims agree that Chinese lithium-ion batteries face a 25% Section 301 tariff in addition to a 3.4% base duty, with one explicitly calculating the combined rate.",False,local_Qwen_scope_review_not_manual_verification,False,"[""https://ustariffrates.com/products/batteries"", ""https://ustariffrates.com/products/batteries""]",complementary_or_no_conflict,complementary_or_no_conflict,model_review_provisional,False,,,,,,,
conflict_c0cf2521cd23fb14eba8c6a2,"[""claim_aab67102bd7d0070506e1012"", ""claim_e8e2fdeb74442707d0209724""]","[""q_374""]",different_products_origins_or_programs,"One claim refers to EV battery cells and packs from China, while the other refers specifically to non-EV lithium-ion batteries; these are distinct product categories despite sharing the same tariff rate.",False,local_Qwen_scope_review_not_manual_verification,False,"[""https://ustariffrates.com/products/batteries"", ""https://www.large-battery.com/blog/us-tariff-on-chinese-lithium-ion-batteries""]",different_products_origins_or_programs,different_products_origins_or_programs,model_review_provisional,False,,,,,,,
conflict_0b88d05cf518a8dc66a475d3,"[""claim_1ff954c8f70d7307cac143c2"", ""claim_f42b10a5c53162d072cc993e""]","[""q_374""]",different_dates_or_policy_stages,"One claim describes a legacy 25% duty plus a new 12.5% forced-labor duty effective July 24, 2026, while the other describes a scheduled increase of the Section 301 rate to 25% in 2026; these represent different components or stages of the tariff regime.",False,local_Qwen_scope_review_not_manual_verification,False,"[""https://www.large-battery.com/blog/us-tariff-on-chinese-lithium-ion-batteries"", ""https://www.large-battery.com/blog/us-tariff-on-chinese-lithium-ion-batteries""]",different_dates_or_policy_stages,different_dates_or_policy_stages,model_review_provisional,False,,,,,,,
conflict_27f5f7e88201c571edf9d769,"[""claim_13300913193c6f509d0c06c2"", ""claim_d0feba095dacf738da9f946a""]","[""q_375""]",different_products_origins_or_programs,"One claim specifies a 25% tariff on lithium-ion battery cells and packs, while the other specifies a 100% duty on Chinese EV imports; these are distinct products with different rates.",False,local_Qwen_scope_review_not_manual_verification,False,"[""https://ustariffrates.com/products/batteries"", ""https://energy-solutions.co/supply-chain/risk-index/us-section-301-tariffs-on-chinese-evs-and-batteries""]",different_products_origins_or_programs,different_products_origins_or_programs,model_review_provisional,False,,,,,,,
conflict_b16ae04d561e55e772e3e218,"[""claim_30c63ef11da3430bb246822d"", ""claim_f9ad922cae2646eb38b27419""]","[""q_375""]",different_dates_or_policy_stages,"Claims describe a phased approach: EV batteries taxed in 2024 and non-EV batteries planned for 2026, representing a temporal progression rather than a contradiction.",False,local_Qwen_scope_review_not_manual_verification,False,"[""https://interactanalysis.com/insight/us-tariff-increases-what-is-the-impact-on-the-us-and-china-markets-for-electric-vehicles-and-li-ion-batteries"", ""https://interactanalysis.com/insight/us-tariff-increases-what-is-the-impact-on-the-us-and-china-markets-for-electric-vehicles-and-li-ion-batteries""]",different_dates_or_policy_stages,different_dates_or_policy_stages,model_review_provisional,False,,,,,,,
conflict_ceac1b70d7e39e4e82b0b440,"[""claim_05085d399182ad5430aab4d7"", ""claim_0edd32ae7238317d02c99494""]","[""q_376""]",complementary_or_no_conflict,"Both claims identify the same product (lithium-ion EV batteries), rate (25%), and year (2024) under Section 301, with one specifying an exact start date of August 1.",False,local_Qwen_scope_review_not_manual_verification,False,"[""https://www.millercanfield.com/resources-USTR-Starts-New-Section-301-Tariffs.html"", ""https://ustr.gov/sites/default/files/Section%20301%20Modifications%20Determination%20FRN%20(Sept%2012%202024)%20(FINAL).pdf""]",complementary_or_no_conflict,complementary_or_no_conflict,model_review_provisional,False,,,,,,,
conflict_fdaea3a27faa24079c95065f,"[""claim_0f6ba976ff0c962e8d8643ee"", ""claim_af0107f517681e03ea0722dd""]","[""q_376""]",complementary_or_no_conflict,"Claims describe the same 2024 tariff action: one specifies 'battery parts for non-lithium-ion batteries' while the other details 'parts of lead-acid storage batteries,' which are specific instances of the broader category.",False,local_Qwen_scope_review_not_manual_verification,False,"[""https://ustr.gov/sites/default/files/Section%20301%20Modifications%20Determination%20FRN%20(Sept%2012%202024)%20(FINAL).pdf"", ""https://ustr.gov/sites/default/files/Section%20301%20Modifications%20Determination%20FRN%20(Sept%2012%202024)%20(FINAL).pdf""]",complementary_or_no_conflict,complementary_or_no_conflict,model_review_provisional,False,,,,,,,
conflict_6068180c77d16284bfe5df9f,"[""claim_57ce33a319f72f94762f5f4d"", ""claim_8996908a18868e49480759e3""]","[""q_376""]",complementary_or_no_conflict,"Both claims agree on a 25% rate for battery parts in 2024; one specifies 'non-lithium-ion' while the other uses the general term, indicating scope alignment rather than conflict.",False,local_Qwen_scope_review_not_manual_verification,False,"[""https://www.millercanfield.com/resources-USTR-Starts-New-Section-301-Tariffs.html"", ""https://ustr.gov/sites/default/files/Section%20301%20Modifications%20Determination%20FRN%20(Sept%2012%202024)%20(FINAL).pdf""]",complementary_or_no_conflict,complementary_or_no_conflict,model_review_provisional,False,,,,,,,
conflict_d335bc5d7a76858f6a3d96d5,"[""claim_774c049bfc281c384f8dda25"", ""claim_b5e9e000a898d635b2b54453""]","[""q_376""]",complementary_or_no_conflict,"Claims describe the same product category with identical effective dates (2024); one includes a specific HTS code and origin, while the other provides a general description, showing consistency.",False,local_Qwen_scope_review_not_manual_verification,False,"[""https://ustr.gov/sites/default/files/Section%20301%20Modifications%20Determination%20FRN%20(Sept%2012%202024)%20(FINAL).pdf"", ""https://ustr.gov/sites/default/files/Section%20301%20Modifications%20Determination%20FRN%20(Sept%2012%202024)%20(FINAL).pdf""]",complementary_or_no_conflict,complementary_or_no_conflict,model_review_provisional,False,,,,,,,
conflict_9ca9682a42c034110d2175d8,"[""claim_254a42baacd5df9e9aa9f1ce"", ""claim_a441e2f99e3810c965409cd7""]","[""q_376""]",complementary_or_no_conflict,"Both claims agree on a 25% rate for non-EV lithium-ion batteries in 2026, with one specifying the exact start date of January 1.",False,local_Qwen_scope_review_not_manual_verification,False,"[""https://ustr.gov/sites/default/files/Section%20301%20Modifications%20Determination%20FRN%20(Sept%2012%202024)%20(FINAL).pdf"", ""https://www.millercanfield.com/resources-USTR-Starts-New-Section-301-Tariffs.html""]",complementary_or_no_conflict,complementary_or_no_conflict,model_review_provisional,False,,,,,,,
conflict_3a01d9bc1a88634e323d6702,"[""claim_03c6c26f75626a43b52c460b"", ""claim_2d0a7c7d756afe9ba9c1cccd""]","[""q_377""]",complementary_or_no_conflict,"Claims describe a consistent timeline: EVs at 100% in 2024 and non-EV batteries delayed to 25% in 2026, reflecting a staged policy implementation.",False,local_Qwen_scope_review_not_manual_verification,False,"[""https://energy-solutions.co/policy-intelligence/trade-and-tariffs/us-section-301-tariffs-ev-batteries.html"", ""https://energy-solutions.co/policy-intelligence/trade-and-tariffs/us-section-301-tariffs-ev-batteries.html""]",complementary_or_no_conflict,complementary_or_no_conflict,model_review_provisional,False,,,,,,,
conflict_3a40b6b756fc2d3bb9e577b5,"[""claim_b26237c5b5ec76b18eee5621"", ""claim_c96b05bf76be4a7ca94c76f2""]","[""q_377""]",complementary_or_no_conflict,"Both claims confirm a 25% rate for Chinese lithium-ion non-EV batteries in 2026 following a review, with one noting the increase from 7.5%.",False,local_Qwen_scope_review_not_manual_verification,False,"[""https://www.large-battery.com/blog/us-tariff-on-chinese-lithium-ion-batteries"", ""https://www.large-battery.com/blog/us-tariff-on-chinese-lithium-ion-batteries""]",complementary_or_no_conflict,complementary_or_no_conflict,model_review_provisional,False,,,,,,,
conflict_1c9c6f742ef46a0e3db55b92,"[""claim_0a93674ea8508463a1697763"", ""claim_330b19079d0a3952898c9764""]","[""q_377""]",complementary_or_no_conflict,"Claims address the same topic of machinery exclusions; one details the specific backdated window (May 31, 2025) while the other lists eligible categories.",False,local_Qwen_scope_review_not_manual_verification,False,"[""https://www.reuters.com/markets/us/us-announces-details-higher-china-tariffs-some-start-aug-1-2024-05-22"", ""https://www.reuters.com/markets/us/us-announces-details-higher-china-tariffs-some-start-aug-1-2024-05-22""]",complementary_or_no_conflict,complementary_or_no_conflict,model_review_provisional,False,,,,,,,
conflict_e273fc4a6a79c530b6b3957c,"[""claim_b26237c5b5ec76b18eee5621"", ""claim_dc31dff61087eda7747d0aa0""]","[""q_377""]",complementary_or_no_conflict,"Claims address different aspects of the same product: one states the 2026 tariff rate, while the other clarifies that exemptions are limited to civil aircraft and not general use.",False,local_Qwen_scope_review_not_manual_verification,False,"[""https://www.large-battery.com/blog/us-tariff-on-chinese-lithium-ion-batteries"", ""https://www.large-battery.com/blog/us-tariff-on-chinese-lithium-ion-batteries""]",complementary_or_no_conflict,complementary_or_no_conflict,model_review_provisional,False,,,,,,,
conflict_7c2b7a39d45e1e160fe20b29,"[""claim_9cf56842fbc120d4e2d9b2cd"", ""claim_c893e935c346b37711450224""]","[""q_377""]",complementary_or_no_conflict,"Both claims describe the same Section 301 action effective July 24, 2026, with identical duty rates (12.5%) and scope for Chinese products; one notes the announcement date while the other confirms the effective date.",False,local_Qwen_scope_review_not_manual_verification,False,"[""https://www.large-battery.com/blog/us-tariff-on-chinese-lithium-ion-batteries"", ""https://www.large-battery.com/blog/us-tariff-on-chinese-lithium-ion-batteries""]",complementary_or_no_conflict,complementary_or_no_conflict,model_review_provisional,False,,,,,,,
conflict_8b63c3c1f67e60bcef4b9d5b,"[""claim_2cdb7fce00f997e6aa6f018a"", ""claim_dbcc08567604182eba96470d""]","[""q_378""]",different_products_origins_or_programs,"Claims address different origins (China vs. South Korea) and distinct tariff contexts; one cites a 38.4% rate for Chinese EV batteries effective in April, while the other cites a 25% rate for Korean battery imports effective January 2025.",False,local_Qwen_scope_review_not_manual_verification,False,"[""https://www.koreajoongangdaily.com/business/exclusive-us-ev-battery-imports-from-korea-top-1300-as-tariffs-push-shift-from-china/11937242"", ""https://manlybattery.com/battery-tools-and-resources/usa-import-duty-calculator""]",different_products_origins_or_programs,different_products_origins_or_programs,model_review_provisional,False,,,,,,,
conflict_c235c62e604c94d9bf05e9e8,"[""claim_a7e9cd574dd1880ab3fdc992"", ""claim_ac3085e5fa39afdd634a0a36""]","[""q_378""]",complementary_or_no_conflict,Both claims refer to a 15% tariff on Korean products/batteries replacing a previous zero percent rate under the Korea-U.S. FTA; one specifies the program context while the other notes the change for US companies.,False,local_Qwen_scope_review_not_manual_verification,False,"[""https://www.koreajoongangdaily.com/business/exclusive-us-ev-battery-imports-from-korea-top-1300-as-tariffs-push-shift-from-china/11937242"", ""https://www.reddit.com/r/electricvehicles/comments/1mp1jzn/exclusive_us_ev_battery_imports_from_korea_top""]",complementary_or_no_conflict,complementary_or_no_conflict,model_review_provisional,False,,,,,,,
conflict_a0370b1759f8978750d44162,"[""claim_26c6882f7083e8034372ad81"", ""claim_c213ed65262e143a4423ce0c""]","[""q_379""]",apparent_same_scope_conflict,"Claims conflict on the duty rate for Japanese battery products: one asserts a 24% tariff effective February 2025, while the other places Japan in a forced-labor tier with a 10% rate; both address the same origin and product category without reconciling the discrepancy.",True,local_Qwen_scope_review_not_manual_verification,False,"[""https://manlybattery.com/battery-tools-and-resources/usa-import-duty-calculator"", ""https://www.tariffstool.com/tariffs-on-energy-batteries""]",apparent_same_scope_conflict,apparent_same_scope_conflict,model_review_provisional,False,,,,,,,
conflict_8634d999c45f2b9894d36e0d,"[""claim_026c49a30f22ecabd38d0c74"", ""claim_5c055a95028b50fad3f515cc""]","[""q_380""]",different_dates_or_policy_stages,"Claims describe different stages of a potential EU action: one anticipates provisional duties by early July, while the other outlines a timeline for provisional countervailing duties (now to July 3) and final duties (by November), representing a progression rather than a contradiction.",False,local_Qwen_scope_review_not_manual_verification,False,"[""https://rhg.com/research/aint-no-duty-high-enough"", ""https://rhg.com/research/aint-no-duty-high-enough""]",different_dates_or_policy_stages,different_dates_or_policy_stages,model_review_provisional,False,,,,,,,
conflict_ab73194a2e6e4232e55754d8,"[""claim_4e65ff315fdff7255fd0d4cd"", ""claim_e3c7338c0337e4a1c68f4cb5""]","[""q_381""]",complementary_or_no_conflict,"Claims describe cumulative or alternative tariff exposures for EVs assembled outside China: one notes avoidance of a 100% Section 301 tariff but retention of a 25% Section 232 tariff, while the other specifies an additional 25% IEEPA tariff for Mexico assembly unless USMCA rules apply.",False,local_Qwen_scope_review_not_manual_verification,False,"[""https://scholarship.law.duke.edu/cgi/viewcontent.cgi?article=1618&context=djcil"", ""https://scholarship.law.duke.edu/cgi/viewcontent.cgi?article=1618&context=djcil""]",complementary_or_no_conflict,complementary_or_no_conflict,model_review_provisional,False,,,,,,,
conflict_11b5a9cd64391ee59e42e4a0,"[""claim_4530f8e30c770a7d8fbf9738"", ""claim_d4fc3d390b9aae8826879177""]","[""q_381""]",complementary_or_no_conflict,"Claims address different scenarios for vehicles from Mexico: one specifies the 2.5% MFN rate if compliance requirements fail, while the other discusses potential increased tariffs on Chinese-owned producers or vehicles assembled in Mexico regardless of current export status.",False,local_Qwen_scope_review_not_manual_verification,False,"[""https://digitalcommons.wcl.american.edu/cgi/viewcontent.cgi?article=2167&context=auilr"", ""https://digitalcommons.wcl.american.edu/cgi/viewcontent.cgi?article=2167&context=auilr""]",complementary_or_no_conflict,complementary_or_no_conflict,model_review_provisional,False,,,,,,,
conflict_6c22797cf4ac982425bb175e,"[""claim_369d21034369afb10af06fa4"", ""claim_cffdafb55bf6b8e5080ed314""]","[""q_382""]",insufficient_scope,"Claims discuss country of origin rules for battery cells/packs but lack specific details on the applicable tariff program, effective dates, or duty rates required to determine if they conflict; one cites a CBP ruling while the other describes assembly processes.",True,local_Qwen_scope_review_not_manual_verification,False,"[""https://rulings.cbp.gov/ruling/H316389"", ""https://www.cmtradelaw.com/2023/01/customs-ruling-of-the-week-country-of-origin-of-battery-modules-and-battery-packs-and-the-applicability-of-certain-trade-remedies-under-section-301""]",insufficient_scope,insufficient_scope,model_review_provisional,False,,,,,,,
conflict_a0e7efdfb99a5e9bb137be37,"[""claim_05085d399182ad5430aab4d7"", ""claim_2c1a41ac0cca30e4eb62405e""]","[""q_383""]",complementary_or_no_conflict,"Both claims confirm a 25% duty rate for Lithium-ion EV batteries in 2024; one specifies the exact effective date of August 1, 2024, while the other provides a general 2024 effective date from an official notice.",False,local_Qwen_scope_review_not_manual_verification,False,"[""https://www.millercanfield.com/resources-USTR-Starts-New-Section-301-Tariffs.html"", ""https://www.federalregister.gov/documents/2024/09/18/2024-21217/notice-of-modification-chinas-acts-policies-and-practices-related-to-technology-transfer""]",complementary_or_no_conflict,complementary_or_no_conflict,model_review_provisional,False,,,,,,,
conflict_cb2305bb82e15e089a4b669d,"[""claim_05085d399182ad5430aab4d7"", ""claim_99cf6bfc77bfa6375d98efcb""]","[""q_383""]",different_products_origins_or_programs,"Claims address different product scopes within the Section 301 program: one specifies a 25% rate for EV batteries effective August 1, 2024, while the other notes a delayed 25% tariff specifically for non-EV lithium-ion batteries until 2026.",False,local_Qwen_scope_review_not_manual_verification,False,"[""https://www.millercanfield.com/resources-USTR-Starts-New-Section-301-Tariffs.html"", ""https://energy-solutions.co/policy-intelligence/trade-and-tariffs/us-section-301-tariffs-ev-batteries""]",different_products_origins_or_programs,different_products_origins_or_programs,model_review_provisional,False,,,,,,,
conflict_9d112ef406d37036ebdde5f5,"[""claim_1d47f2d2eb42cda1c3bd1be3"", ""claim_413115ff16b9f70182d6bfc0""]","[""q_383""]",complementary_or_no_conflict,"Both claims address the same product (EVs) and origin (China) with a 100% tariff rate effective August 1, 2024. One specifies the increase from 25%, while the other notes the impact on specific companies; they are consistent.",False,local_Qwen_scope_review_not_manual_verification,False,"[""https://www.millercanfield.com/resources-USTR-Starts-New-Section-301-Tariffs.html"", ""https://energy-solutions.co/policy-intelligence/trade-and-tariffs/us-section-301-tariffs-ev-batteries""]",complementary_or_no_conflict,complementary_or_no_conflict,model_review_provisional,False,,,,,,,
conflict_fe303ff1b43a1673832e7956,"[""claim_6b3a29090bee35b63044f2f9"", ""claim_7c2241f51b2e9772ff6e6fd6""]","[""q_383""]",different_dates_or_policy_stages,"Claim 1 establishes a duty increase effective September 27, 2024, while Claim 2 details the modification of specific subheading numbers effective January 1, 2025. These represent sequential policy stages rather than contradictory claims.",False,local_Qwen_scope_review_not_manual_verification,False,"[""https://www.federalregister.gov/documents/2024/09/18/2024-21217/notice-of-modification-chinas-acts-policies-and-practices-related-to-technology-transfer"", ""https://www.federalregister.gov/documents/2024/09/18/2024-21217/notice-of-modification-chinas-acts-policies-and-practices-related-to-technology-transfer""]",different_dates_or_policy_stages,different_dates_or_policy_stages,model_review_provisional,False,,,,,,,
conflict_cd0cd8cb61db598d23719088,"[""claim_6b3a29090bee35b63044f2f9"", ""claim_a7e090ece5af2d50c1d8a6ca""]","[""q_383""]",complementary_or_no_conflict,"Both claims originate from the same Federal Register notice and cite the identical effective date of September 27, 2024. One specifies the duty calculation (applicable subheading + 25%) while the other confirms the applicability window; they are consistent.",False,local_Qwen_scope_review_not_manual_verification,False,"[""https://www.federalregister.gov/documents/2024/09/18/2024-21217/notice-of-modification-chinas-acts-policies-and-practices-related-to-technology-transfer"", ""https://www.federalregister.gov/documents/2024/09/18/2024-21217/notice-of-modification-chinas-acts-policies-and-practices-related-to-technology-transfer""]",complementary_or_no_conflict,complementary_or_no_conflict,model_review_provisional,False,,,,,,,
conflict_386bc22924cccdd1209a81fa,"[""claim_0e39bdce452c6d9176025910"", ""claim_4cf1f8e4cc34ded12545d2a9""]","[""q_384""]",complementary_or_no_conflict,"Claim 1 identifies the target as the synthetic opioid supply chain via Executive Orders on February 1, 2025. Claim 2 clarifies that this includes reporting for Chapter 99 HTS for China and Hong Kong under IEEPA effective the same date. They describe the same regulatory action.",False,local_Qwen_scope_review_not_manual_verification,False,"[""https://geodis.com/us-en/resources/customs-corner/entry-summary-order-reporting-multiple-hts-ace"", ""https://geodis.com/us-en/resources/customs-corner/entry-summary-order-reporting-multiple-hts-ace""]",complementary_or_no_conflict,complementary_or_no_conflict,model_review_provisional,False,,,,,,,
conflict_63788866877f7e62cf5d3336,"[""claim_9cf2db37e6bd7260bbca3e6c"", ""claim_a8eb2c95eba4f993a807ce8f""]","[""q_384""]",different_dates_or_policy_stages,"Claim 1 describes an Executive Order on February 5, 2025, amending a previous order from February 1, 2025. Claim 2 explains the effect of that amendment (reinstating de minimis exemption). This is a chronological progression of policy changes.",False,local_Qwen_scope_review_not_manual_verification,False,"[""https://geodis.com/us-en/resources/customs-corner/entry-summary-order-reporting-multiple-hts-ace"", ""https://geodis.com/us-en/resources/customs-corner/entry-summary-order-reporting-multiple-hts-ace""]",different_dates_or_policy_stages,different_dates_or_policy_stages,model_review_provisional,False,,,,,,,
conflict_abd81ed4ed78dfcfb4efb902,"[""claim_06e4f24d089cc4ea60701694"", ""claim_836d19a7c9095abcbe2c8721""]","[""q_385""]",different_dates_or_policy_stages,"Claim 1 describes a proposal by the outgoing Biden administration for a 25% duty effective January 1, 2026. Claim 2 cites a combined rate of 57.4% effective April 9, 2025. These refer to different proposed timelines and rates, representing distinct policy stages or proposals.",True,local_Qwen_scope_review_not_manual_verification,False,"[""https://www.utilitydive.com/news/us-battery-storage-lfp-nmc-market-possible-significant-tariff-impacts-clean-energy/737317"", ""https://www.lithiumforkliftbattery.com/impact-of-usa-tariff-increase-on-lifepo4-batteries.html""]",different_dates_or_policy_stages,different_dates_or_policy_stages,model_review_provisional,False,,,,,,,
conflict_9b8da32607ca0949e0bf4260,"[""claim_0f5cf3580948fd8d062a4c01"", ""claim_972e84ea7ca2c0d3db6e673d""]","[""q_385""]",complementary_or_no_conflict,Claim 1 states a base rate of 3.4% plus a 25% Section 301 tariff resulting in 28.4%. Claim 2 confirms the 25% Section 301 tariff on top of the 3.4% base. The claims are mathematically and factually consistent.,False,local_Qwen_scope_review_not_manual_verification,False,"[""https://ustariffrates.com/products/batteries"", ""https://ustariffrates.com/products/batteries""]",complementary_or_no_conflict,complementary_or_no_conflict,model_review_provisional,False,,,,,,,
conflict_015f026dfd0b7141f2283ee3,"[""claim_836d19a7c9095abcbe2c8721"", ""claim_981aea59abf6bb7361b4d6fa""]","[""q_385""]",insufficient_scope,"The vendor page juxtaposes 57.4% for energy-storage batteries on April 9, 2025 with 70–170% for different battery types during April 2025, without HTS-specific rate components or aligned entry dates. The magnitudes are concerning, but identical scope is not established. Both totals remain unsuitable for calculation pending primary-authority verification.",True,assistant_direct_source_context_review,False,"[""https://www.lithiumforkliftbattery.com/impact-of-usa-tariff-increase-on-lifepo4-batteries.html"", ""https://www.lithiumforkliftbattery.com/impact-of-usa-tariff-increase-on-lifepo4-batteries.html""]",apparent_same_scope_conflict,apparent_same_scope_conflict,manual_cached_context_review,False,batteries_and_minerals,MC04,assistant_direct_source_context_review,True,not_established,False,False
conflict_17484913dded7be198487bbb,"[""claim_06e4f24d089cc4ea60701694"", ""claim_ecfebaf16a81f49195149cc1""]","[""q_385""]",different_dates_or_policy_stages,"Claim 1 refers to a proposal by the outgoing Biden administration for a 25% duty effective January 1, 2026. Claim 2 refers to a proposal by the incoming Trump administration for a duty up to 60%. These are distinct proposals from different administrations.",True,local_Qwen_scope_review_not_manual_verification,False,"[""https://www.utilitydive.com/news/us-battery-storage-lfp-nmc-market-possible-significant-tariff-impacts-clean-energy/737317"", ""https://www.utilitydive.com/news/us-battery-storage-lfp-nmc-market-possible-significant-tariff-impacts-clean-energy/737317""]",different_dates_or_policy_stages,different_dates_or_policy_stages,model_review_provisional,False,,,,,,,
conflict_59568ad8e74e69ead80b6b81,"[""claim_6cd407d9bd052632da702c4a"", ""claim_db369d8c70d0bc9a717c0baa""]","[""q_386""]",apparent_same_scope_conflict,Claim 1 states a Section 301 tariff rising to 25% by January 2026. Claim 2 suggests imports could result in a tariff exceeding 145% ad valorem added on top of Section 301 tariffs. The specific rate figures (25% vs >145%) for the same product category appear contradictory without further scope clarification.,True,local_Qwen_scope_review_not_manual_verification,False,"[""https://www.ufinebattery.com/blog/comprehensive-analysis-of-u-s-tariffs-on-chinese-lithium-batteries"", ""https://usacustomsclearance.com/process/importing-lithium-batteries""]",apparent_same_scope_conflict,apparent_same_scope_conflict,model_review_provisional,False,,,,,,,
conflict_4d647567029d7719ab1e8eaf,"[""claim_cc01312d1e404d171bd02c0f"", ""claim_f8c6ccfd3480589bcee47ac4""]","[""q_386""]",different_products_origins_or_programs,"Claim 1 states China is a top source for products despite trade climate, while Claim 2 specifies a 54% tariff on specific lithium chemistries (LFP/NMC). These address different aspects (trade volume vs. specific duty rates) and do not contradict.",False,local_Qwen_scope_review_not_manual_verification,False,"[""https://usacustomsclearance.com/process/importing-lithium-batteries"", ""https://manlybattery.com/battery-tariffs""]",different_products_origins_or_programs,different_products_origins_or_programs,model_review_provisional,False,,,,,,,
conflict_ea492c74a3154b84c70fdae6,"[""claim_5d4edd458ed00061c91564c6"", ""claim_8bd08a843ab502fcac8d7b5e""]","[""q_387""]",complementary_or_no_conflict,"Claim 1 states sodium-ion batteries have a 38.4% duty while lithium-ion exceeds 100%. Claim 2 explains this by noting sodium-ion lacks lithium/cobalt/nickel, making it insulated from pressures on lithium chemistries. The claims are consistent.",False,local_Qwen_scope_review_not_manual_verification,False,"[""https://www.pknergy.com/news/global-sodium-ion-battery-import-tariff-overview-and-export-strategy"", ""https://www.totexmfg.com/battery-pack-tariffs-oem-2026""]",complementary_or_no_conflict,complementary_or_no_conflict,model_review_provisional,False,,,,,,,
conflict_87c948bce4720d3b351d457a,"[""claim_59d18d1ff90b514d0a0dbf57"", ""claim_af24ec7e1bc28f018e3eb993""]","[""q_388""]",different_dates_or_policy_stages,"Claim 1 describes a broad tariff implementation starting April 2, 2025. Claim 2 discusses the total tariff on Chinese LFP cells being 64.9% now, set to increase to 82.4% in 2026 under Section 301 escalations. The claims describe different timeframes and specific product rates within a progression.",False,local_Qwen_scope_review_not_manual_verification,False,"[""https://christopherchico.substack.com/p/trumps-tariff-hike-what-it-means"", ""https://christopherchico.substack.com/p/trumps-tariff-hike-what-it-means""]",different_dates_or_policy_stages,different_dates_or_policy_stages,model_review_provisional,False,,,,,,,
conflict_253f0636f5862aff7135947d,"[""claim_59d18d1ff90b514d0a0dbf57"", ""claim_e9f7d8a23c7c5582aa3523eb""]","[""q_388""]",complementary_or_no_conflict,"Claim 1 announces broad tariffs starting April 2, 2025. Claim 2 lists specific materials (lithium carbonate, natural graphite, etc.) that are exempt from these new tariffs. The exemption list complements the announcement of the broad tariff regime.",False,local_Qwen_scope_review_not_manual_verification,False,"[""https://christopherchico.substack.com/p/trumps-tariff-hike-what-it-means"", ""https://christopherchico.substack.com/p/trumps-tariff-hike-what-it-means""]",complementary_or_no_conflict,complementary_or_no_conflict,model_review_provisional,False,,,,,,,
conflict_340b57f4845e4b4479f50d42,"[""claim_0b17c0b555dae4c53a6637d5"", ""claim_29502698aa89a49a9e19335e""]","[""q_389""]",complementary_or_no_conflict,"Claim 1 lists materials exempt from new tariffs. Claim 2 lists materials that are NOT exempt (nickel sulphate, synthetic graphite, etc.) and will be included in tariff regimes. Together they define the full scope of exemptions and inclusions.",False,local_Qwen_scope_review_not_manual_verification,False,"[""https://christopherchico.substack.com/p/trumps-tariff-hike-what-it-means"", ""https://www.argusmedia.com/en/news-and-insights/latest-market-news/2674679-us-battery-costs-face-sharp-rise-on-tariffs""]",complementary_or_no_conflict,complementary_or_no_conflict,model_review_provisional,False,,,,,,,
conflict_c83a9178bc303c02f4d68c99,"[""claim_0b17c0b555dae4c53a6637d5"", ""claim_d4f3f38731b99c4f49614e71""]","[""q_389""]",complementary_or_no_conflict,"Claim 1 lists materials exempt from new tariffs. Claim 2 lists specific critical materials (nickel sulphate, synthetic graphite, etc.) that will be impacted under country-specific regimes. The claims are consistent in defining the scope of impact.",False,local_Qwen_scope_review_not_manual_verification,False,"[""https://christopherchico.substack.com/p/trumps-tariff-hike-what-it-means"", ""https://christopherchico.substack.com/p/trumps-tariff-hike-what-it-means""]",complementary_or_no_conflict,complementary_or_no_conflict,model_review_provisional,False,,,,,,,
conflict_4872266b0ff23ad322b87974,"[""claim_29502698aa89a49a9e19335e"", ""claim_d4f3f38731b99c4f49614e71""]","[""q_389""]",complementary_or_no_conflict,"Claim 1 states nickel sulphate, manganese sulphate, phosphoric acid, iron phosphate, and synthetic graphite are not exempt. Claim 2 repeats that these same materials will be impacted under country-specific regimes. The claims are identical in scope.",False,local_Qwen_scope_review_not_manual_verification,False,"[""https://www.argusmedia.com/en/news-and-insights/latest-market-news/2674679-us-battery-costs-face-sharp-rise-on-tariffs"", ""https://christopherchico.substack.com/p/trumps-tariff-hike-what-it-means""]",complementary_or_no_conflict,complementary_or_no_conflict,model_review_provisional,False,,,,,,,
conflict_3d9734bf1aa7d64e7b2bdfc2,"[""claim_656c2224370896d2f64b4418"", ""claim_bc6d0f9330d7a2271ce3e104""]","[""q_39""]",complementary_or_no_conflict,Claim 1 quotes Hyundai CEO stating cars produced in Georgia will be exempt from tariffs. Claim 2 states the Georgia plant dodged Trump's announced tariffs on vehicles and parts. Both claims align on the exemption status of the Georgia facility.,False,local_Qwen_scope_review_not_manual_verification,False,"[""https://www.teslarati.com/hyundai-georgia-plant-vs-trump-tariffs"", ""https://www.teslarati.com/hyundai-georgia-plant-vs-trump-tariffs""]",complementary_or_no_conflict,complementary_or_no_conflict,model_review_provisional,False,,,,,,,
conflict_eceb78d67b1e2abb489e11ce,"[""claim_66c1dbb2c0b3da72afd80901"", ""claim_976dd2439991e08fe994131f""]","[""q_390""]",different_dates_or_policy_stages,"Claim 1 describes a rate increase to 25% in 2024, a projected rise to 173% by April 2025, and a subsequent pause. Claim 2 confirms the initial increase from 7.5% to 25% in 2024. The claims describe different stages of the same policy timeline.",False,local_Qwen_scope_review_not_manual_verification,False,"[""https://www.acculonenergy.com/resources/navigating-the-tariff-storm-strategies-for-the-u-s-battery-industry-amidst-uncertainty"", ""https://www.acculonenergy.com/resources/navigating-the-tariff-storm-strategies-for-the-u-s-battery-industry-amidst-uncertainty""]",different_dates_or_policy_stages,different_dates_or_policy_stages,model_review_provisional,False,,,,,,,
conflict_5e2d1c909880c7855ffe8ab7,"[""claim_03751585484a722c8d2c3c14"", ""claim_bb58980cda88833ca56356d6""]","[""q_391""]",complementary_or_no_conflict,"Claim 1 states a deal effective August 1, 2025 sets tariffs at 15% and maintains 50% for steel/aluminum/copper. Claim 2 specifies the 15% rate applies to Japanese goods while maintaining the 50% rate for those specific materials from Japan. The claims are consistent.",False,local_Qwen_scope_review_not_manual_verification,False,"[""https://acculonenergy.com/navigating-the-ebb-flow-of-todays-unpredictable-tariff-tides-the-impact-on-the-global-domestic-battery-industry"", ""https://acculonenergy.com/navigating-the-ebb-flow-of-todays-unpredictable-tariff-tides-the-impact-on-the-global-domestic-battery-industry""]",complementary_or_no_conflict,complementary_or_no_conflict,model_review_provisional,False,,,,,,,
conflict_758b3ba76bcac41aa321f2ee,"[""claim_3865bd024aac66aa407b389e"", ""claim_5a23397e16b412f9f0cc0ad4""]","[""q_391""]",complementary_or_no_conflict,Deterministic exact normalized quotation identity; current applicability remains unverified.,False,local_Qwen_scope_review_not_manual_verification,False,"[""https://market.us/report/battery-separator-market"", ""https://market.us/report/battery-separator-market""]",complementary_or_no_conflict,complementary_or_no_conflict,exact_quote_identity_check,False,,,,,,,
conflict_01935bbfdc568e7ea297e6fc,"[""claim_5a23397e16b412f9f0cc0ad4"", ""claim_d98c55d483278a875e8b868a""]","[""q_391""]",complementary_or_no_conflict,"Both claims describe the same 93.5% tariff on Chinese graphite in 2025; one notes it is preliminary while the other confirms its effect, showing no contradiction.",False,local_Qwen_scope_review_not_manual_verification,False,"[""https://market.us/report/battery-separator-market"", ""https://www.totexmfg.com/battery-pack-tariffs-oem-2026""]",complementary_or_no_conflict,complementary_or_no_conflict,model_review_provisional,False,,,,,,,
conflict_f716f014067c1c4667027b39,"[""claim_4e306a8dfbf98e43cfef6c05"", ""claim_4eadf13066c92908d0964740""]","[""q_391""]",different_products_origins_or_programs,"One claim discusses proposed Chinese export controls on battery materials, while the other identifies a specific company as an importer; they address different subjects and do not conflict.",False,local_Qwen_scope_review_not_manual_verification,False,"[""https://market.us/report/battery-separator-market"", ""https://acculonenergy.com/navigating-the-ebb-flow-of-todays-unpredictable-tariff-tides-the-impact-on-the-global-domestic-battery-industry""]",different_products_origins_or_programs,different_products_origins_or_programs,model_review_provisional,False,,,,,,,
conflict_a205f55e8afef76096716590,"[""claim_40a20919561b3e88a8640e11"", ""claim_fd33223c59d8eb41952029ae""]","[""q_391""]",complementary_or_no_conflict,"One claim notes Section 232 investigations could add future measures, while the other states existing measures (IEEPA struck down, Section 122 surcharge) remain; these describe different legal statuses and timelines.",False,local_Qwen_scope_review_not_manual_verification,False,"[""https://www.totexmfg.com/battery-pack-tariffs-oem-2026"", ""https://www.totexmfg.com/battery-pack-tariffs-oem-2026""]",complementary_or_no_conflict,complementary_or_no_conflict,model_review_provisional,False,,,,,,,
conflict_94294ea05aa5c8083d2f2f05,"[""claim_780b43a253ec599ce7412559"", ""claim_dd2a7d37c8f82f0ee8981b2a""]","[""q_392""]",complementary_or_no_conflict,"One claim states a 50% tariff on copper is in effect, while the other notes a temporary exemption for refined copper but vulnerability for semi-finished products; these are compatible details.",False,local_Qwen_scope_review_not_manual_verification,False,"[""https://pv-magazine-usa.com/2025/09/08/polymer-batteries-could-help-protect-the-energy-storage-industry-from-copper-tariffs"", ""https://pv-magazine-usa.com/2025/09/08/polymer-batteries-could-help-protect-the-energy-storage-industry-from-copper-tariffs""]",complementary_or_no_conflict,complementary_or_no_conflict,model_review_provisional,False,,,,,,,
conflict_0a58b0cf2fd6cbde6d935953,"[""claim_47d5ece55f090bcf0d342da3"", ""claim_6ceee7a841d96f1693ac2988""]","[""q_394""]",different_dates_or_policy_stages,"One claim describes a proposed 60% duty by the incoming administration, while the other details a finalized proposal by the outgoing administration for a 25% Section 301 duty effective Jan 1, 2026; these are distinct policy stages.",False,local_Qwen_scope_review_not_manual_verification,False,"[""https://www.utilitydive.com/news/us-battery-storage-lfp-nmc-market-possible-significant-tariff-impacts-clean-energy/737317"", ""https://www.utilitydive.com/news/us-battery-storage-lfp-nmc-market-possible-significant-tariff-impacts-clean-energy/737317""]",different_dates_or_policy_stages,different_dates_or_policy_stages,model_review_provisional,False,,,,,,,
conflict_e197c59921584322a1b2ea9c,"[""claim_03751585484a722c8d2c3c14"", ""claim_6e3c1fc553d7502bd387a698""]","[""q_396""]",different_products_origins_or_programs,"One claim specifies a 15% tariff effective Aug 2025 (likely on Japanese goods based on context) and 50% on metals, while the other specifies 25-30% tariffs on Chinese BMS electronics; different products and origins.",False,local_Qwen_scope_review_not_manual_verification,False,"[""https://acculonenergy.com/navigating-the-ebb-flow-of-todays-unpredictable-tariff-tides-the-impact-on-the-global-domestic-battery-industry"", ""https://www.totexmfg.com/battery-pack-tariffs-oem-2026""]",different_products_origins_or_programs,different_products_origins_or_programs,model_review_provisional,False,,,,,,,
conflict_eac6a6be1b75fa3aede16180,"[""claim_6e3c1fc553d7502bd387a698"", ""claim_7664bdc7dcfc6055adcdcb13""]","[""q_396""]",different_products_origins_or_programs,"One claim specifies 25-30% tariffs on Chinese BMS electronics, while the other specifies a 15% tariff on Japanese goods and 50% on metals; different origins and products.",False,local_Qwen_scope_review_not_manual_verification,False,"[""https://www.totexmfg.com/battery-pack-tariffs-oem-2026"", ""https://acculonenergy.com/navigating-the-ebb-flow-of-todays-unpredictable-tariff-tides-the-impact-on-the-global-domestic-battery-industry""]",different_products_origins_or_programs,different_products_origins_or_programs,model_review_provisional,False,,,,,,,
conflict_b2e7ff01a067464f43b506af,"[""claim_38686e1a114c6a3e6d472842"", ""claim_5c6447ad5bfca0c4a15aa73c""]","[""q_399""]",complementary_or_no_conflict,"One claim cites a 43% cost increase in steel prices, while the other attributes market impacts to a 25% tariff; price increases can result from tariffs without contradicting the rate itself.",False,local_Qwen_scope_review_not_manual_verification,False,"[""https://www.stryten.com/the-impact-of-critical-mineral-bans-and-steel-tariffs-on-battery-manufacturing"", ""https://www.stryten.com/the-impact-of-critical-mineral-bans-and-steel-tariffs-on-battery-manufacturing""]",complementary_or_no_conflict,complementary_or_no_conflict,model_review_provisional,False,,,,,,,
conflict_75d35dc9991889bce4924ed8,"[""claim_65b74d6de0415ef4c482d213"", ""claim_7aa14e1ddafd7b66fee99210""]","[""q_399""]",different_dates_or_policy_stages,"One claim states 25% tariffs were reinstated March 12, 2025, while the other discusses a possibility of a 25% duty after July; these represent past implementation and future potential.",False,local_Qwen_scope_review_not_manual_verification,False,"[""https://www.stryten.com/the-impact-of-critical-mineral-bans-and-steel-tariffs-on-battery-manufacturing"", ""https://www.eenews.net/articles/how-a-trade-war-could-move-american-evs-out-of-reach""]",different_dates_or_policy_stages,different_dates_or_policy_stages,model_review_provisional,False,,,,,,,
conflict_3d4f1a4b1dc8ecd80b86d818,"[""claim_97492d29f4827d247aa21fdd"", ""claim_e24078bf9b3ed0975634dfe2""]","[""q_4""]",complementary_or_no_conflict,"Both claims reference the same effective date (May 3, 2025) for Section 232 automobile parts tariffs; one notes the tariff stands on its own while the other confirms the schedule, showing no incompatibility.",False,local_Qwen_scope_review_not_manual_verification,False,"[""https://www.blg.com/en/insights/2025/05/us-releases-new-tariff-changes-for-the-automotive-industry"", ""https://www.plantemoran.com/explore-our-thinking/insight/2025/05/adjusting-automobile-and-automobile-parts-tariffs-action""]",complementary_or_no_conflict,complementary_or_no_conflict,model_review_provisional,False,,,,,,,
conflict_e20217b9095033670710fd34,"[""claim_97492d29f4827d247aa21fdd"", ""claim_f0c72ab593d3f504c755660f""]","[""q_4""]",complementary_or_no_conflict,"Claims align on the May 3, 2025 effective date for auto parts; one adds context regarding an April 29 executive order and March 4 entry provisions, which are compatible details rather than contradictions.",False,local_Qwen_scope_review_not_manual_verification,False,"[""https://www.blg.com/en/insights/2025/05/us-releases-new-tariff-changes-for-the-automotive-industry"", ""https://www.plantemoran.com/explore-our-thinking/insight/2025/05/adjusting-automobile-and-automobile-parts-tariffs-action""]",complementary_or_no_conflict,complementary_or_no_conflict,model_review_provisional,False,,,,,,,
conflict_fe45058851f6e59a34f50bd4,"[""claim_1dc1d43f5beebde0b73a884a"", ""claim_a4aba979c1a4bb6c2cbf2f35""]","[""q_400""]",complementary_or_no_conflict,"One claim states a 93.5% tariff on Chinese graphite, while the other describes the impact of Trump policies on a specific battery plant; they address related topics without contradicting each other.",False,local_Qwen_scope_review_not_manual_verification,False,"[""https://washingtonmonthly.com/2025/07/22/trump-is-destroying-the-american-battery-industry"", ""https://washingtonmonthly.com/2025/07/22/trump-is-destroying-the-american-battery-industry""]",complementary_or_no_conflict,complementary_or_no_conflict,model_review_provisional,False,,,,,,,
conflict_43c039dfe9f55f890a780f1a,"[""claim_20757d44690c675bcd4aa917"", ""claim_e57b9514a500b29163c0212b""]","[""q_402""]",different_products_origins_or_programs,"Claims describe distinct export control measures: one covers seven rare earth metals announced in early April 2025, while the other lists five different minerals effective February 4, 2025.",False,local_Qwen_scope_review_not_manual_verification,False,"[""https://www.mobilityglobal.com/en-us/automotive-insights/blog/critical-minerals-shortages-looming-threat-ev-industry"", ""https://www.techpolicy.press/trumps-tariffs-are-harming-us-critical-mineral-supply-chains""]",different_products_origins_or_programs,different_products_origins_or_programs,model_review_provisional,False,,,,,,,
conflict_b45d397c52a7a7976f118152,"[""claim_1ecc4e62c3687b11c76f5761"", ""claim_d158d882862eeb2953c62734""]","[""q_403""]",complementary_or_no_conflict,"Both claims reference the January 14, 2026 proclamation; one specifies no Section 232 tariff on PCMDPs while the other notes no immediate tariffs or quotas, which are consistent statements of the same policy action.",False,local_Qwen_scope_review_not_manual_verification,False,"[""https://www.thompsonhine.com/insights/no-section-232-tariff-now-on-processed-critical-minerals-and-their-derivative-products"", ""https://www.strtrade.com/trade-news-resources/tariff-actions-resources/section-232-investigation-critical-minerals""]",complementary_or_no_conflict,complementary_or_no_conflict,model_review_provisional,False,,,,,,,
conflict_f37eb52ad56a97e7c0b85ca2,"[""claim_c0678ff65cfde9ff9a431b38"", ""claim_f55b7f0ecc4975e8d8f02f47""]","[""q_403""]",different_dates_or_policy_stages,"One claim suggests potential future tariffs if negotiations fail, while the other specifies a possible imposition by July 2026; these represent conditional future stages rather than conflicting current facts.",False,local_Qwen_scope_review_not_manual_verification,False,"[""https://www.whitehouse.gov/presidential-actions/2026/01/adjusting-imports-of-processed-critical-minerals-and-their-derivative-products-into-the-united-states"", ""https://www.thompsonhine.com/insights/no-section-232-tariff-now-on-processed-critical-minerals-and-their-derivative-products""]",different_dates_or_policy_stages,different_dates_or_policy_stages,model_review_provisional,False,,,,,,,
conflict_14b671dfadc98525c27c6e8d,"[""claim_4dcb3c9019d7d33e86a97386"", ""claim_55a285bc099a5f8e3319ffe7""]","[""q_404""]",different_dates_or_policy_stages,"Claims describe a current exemption (January 14, 2026) alongside a potential future tariff (July 2026); the timeline indicates a progression of policy stages rather than a contradiction.",False,local_Qwen_scope_review_not_manual_verification,False,"[""https://www.thompsonhine.com/insights/no-section-232-tariff-now-on-processed-critical-minerals-and-their-derivative-products"", ""https://www.thompsonhine.com/insights/no-section-232-tariff-now-on-processed-critical-minerals-and-their-derivative-products""]",different_dates_or_policy_stages,different_dates_or_policy_stages,model_review_provisional,False,,,,,,,
conflict_defb9a4fc89f5c556baf7baf,"[""claim_a8cc0e120afdbe4a617b0de9"", ""claim_d1cd8854a1114f33ee6b879e""]","[""q_404""]",complementary_or_no_conflict,"Both claims reference the January 14, 2026 proclamation and the 180-day negotiation window; one notes potential actions if agreements fail while the other clarifies the short-lived nature of the exemption, which are consistent.",False,local_Qwen_scope_review_not_manual_verification,False,"[""https://www.strtrade.com/trade-news-resources/tariff-actions-resources/section-232-investigation-critical-minerals"", ""https://www.thompsonhine.com/insights/no-section-232-tariff-now-on-processed-critical-minerals-and-their-derivative-products""]",complementary_or_no_conflict,complementary_or_no_conflict,model_review_provisional,False,,,,,,,
conflict_14d888862d68bb1b8cc7392d,"[""claim_01bc79a38add3203d94d4ca5"", ""claim_684e6cc952a22674e61533b8""]","[""q_405""]",different_products_origins_or_programs,"Claims cite different HS codes (25309040 vs 2620 90 00) for Spodumene; one refers to a specific chapter note regarding crude state processing while the other provides a general trade classification, representing differing scope or context.",False,local_Qwen_scope_review_not_manual_verification,False,"[""https://www.tariffnumber.com/2026/25309040"", ""https://minerals.co.com/lithium-mineral-hs-code""]",different_products_origins_or_programs,different_products_origins_or_programs,model_review_provisional,False,,,,,,,
conflict_1b1b56498d62770518cfbfdc,"[""claim_01bc79a38add3203d94d4ca5"", ""claim_313cd1589fed051cd1b138a4""]","[""q_405""]",different_products_origins_or_programs,"One claim specifies HS Code 25309040 for Spodumene ore, while the other assigns 2620 90 00 to lithium ores and concentrates; these refer to distinct product categories within the mineral supply chain.",False,local_Qwen_scope_review_not_manual_verification,False,"[""https://www.tariffnumber.com/2026/25309040"", ""https://minerals.co.com/lithium-mineral-hs-code""]",different_products_origins_or_programs,different_products_origins_or_programs,model_review_provisional,False,,,,,,,
conflict_c348ebf0f07e1c58abfd0fd0,"[""claim_0a50ecadd0df177db60358aa"", ""claim_aea2919075df783a2d6c890b""]","[""q_405""]",different_products_origins_or_programs,"One claim cites an average import price of $0.84 while the other cites a total import value of $485,583; these represent different metrics (unit price vs. aggregate value) rather than conflicting tariff rates.",False,local_Qwen_scope_review_not_manual_verification,False,"[""https://www.zauba.com/import-spodumene+concentrate/hs-code-26179000-hs-code.html"", ""https://www.zauba.com/import-spodumene+concentrate/hs-code-26179000-hs-code.html""]",different_products_origins_or_programs,different_products_origins_or_programs,model_review_provisional,False,,,,,,,
conflict_44bf9c3ed3cd3a1631c76da1,"[""claim_1256d84b5649950a2309fdcc"", ""claim_f610fd08614a1949e67265bc""]","[""q_406""]",complementary_or_no_conflict,"Both claims describe the same Section 301 tariff on natural graphite at 25% effective in 2026; one notes a prior announcement while the other confirms the postponement, representing a consistent timeline.",False,local_Qwen_scope_review_not_manual_verification,False,"[""https://www.novonixgroup.com/news/united-states-government-to-reinstate-section-301-import-tariffs-on-artificial-graphite-from-china"", ""https://www.linkedin.com/pulse/impact-us-tariffs-chinas-natural-graphite-exports-supply-chain-arohc""]",complementary_or_no_conflict,complementary_or_no_conflict,model_review_provisional,False,,,,,,,
conflict_ff5462db077eb8bad6f3d7a9,"[""claim_556cfa3a97903420232cca19"", ""claim_ca929b9b15435e761d28ccf0""]","[""q_406""]",different_dates_or_policy_stages,"Claims cite different effective dates (June 2024 vs. September 2024) for the same 25% tariff on graphite products, indicating a progression or update in policy stages rather than a direct contradiction.",False,local_Qwen_scope_review_not_manual_verification,False,"[""https://graphitealliance.org/wp-content/uploads/2024/10/NAGA-Potential-Tariffs-on-Graphite.pdf"", ""https://graphitealliance.org/wp-content/uploads/2024/10/NAGA-Potential-Tariffs-on-Graphite.pdf""]",different_dates_or_policy_stages,different_dates_or_policy_stages,model_review_provisional,False,,,,,,,
conflict_dfe030e6eeba3b0dff5fbd40,"[""claim_2f4b593fab27c7803d2b9607"", ""claim_35682faac50590587f78f031""]","[""q_407""]",complementary_or_no_conflict,"Both claims originate from the same official USTR document, confirming a 25% tariff on natural graphite effective in 2026 with consistent product descriptions and rates.",False,local_Qwen_scope_review_not_manual_verification,False,"[""https://ustr.gov/sites/default/files/Section%20301%20Modifications%20Determination%20FRN%20(Sept%2012%202024)%20(FINAL).pdf"", ""https://ustr.gov/sites/default/files/Section%20301%20Modifications%20Determination%20FRN%20(Sept%2012%202024)%20(FINAL).pdf""]",complementary_or_no_conflict,complementary_or_no_conflict,model_review_provisional,False,,,,,,,
conflict_9c793ee068b78d2b170a59e1,"[""claim_5af0edf5521fb010ee73ee92"", ""claim_7c9dd91eaffaa3c13a1ee041""]","[""q_407""]",complementary_or_no_conflict,"Both claims from the same USTR document confirm a 25% tariff effective in 2026; one specifies 'Natural graphite' generally while the other specifies 'in powder or flakes (other than crystalline flake)', representing specific scope definitions within the same program.",False,local_Qwen_scope_review_not_manual_verification,False,"[""https://ustr.gov/sites/default/files/Section%20301%20Modifications%20Determination%20FRN%20(Sept%2012%202024)%20(FINAL).pdf"", ""https://ustr.gov/sites/default/files/Section%20301%20Modifications%20Determination%20FRN%20(Sept%2012%202024)%20(FINAL).pdf""]",complementary_or_no_conflict,complementary_or_no_conflict,model_review_provisional,False,,,,,,,
conflict_f7ff27348e2aff29a96ee0a3,"[""claim_8dad2700eda9a631038f87fa"", ""claim_b9791db44304c420c89c91db""]","[""q_409""]",complementary_or_no_conflict,"Claims address nickel sulphate imports from different countries (Australia at 10% and Belgium at 20%) under country-specific regimes, which are compatible distinct applications of the tariff policy.",False,local_Qwen_scope_review_not_manual_verification,False,"[""https://www.argusmedia.com/en/news-and-insights/latest-market-news/2674679-us-battery-costs-face-sharp-rise-on-tariffs"", ""https://www.argusmedia.com/en/news-and-insights/latest-market-news/2674679-us-battery-costs-face-sharp-rise-on-tariffs""]",complementary_or_no_conflict,complementary_or_no_conflict,model_review_provisional,False,,,,,,,
conflict_8bf37b2ca692b3bdcae797a8,"[""claim_8dad2700eda9a631038f87fa"", ""claim_bb08dfbc0589c67bb8d8caf2""]","[""q_409""]",apparent_same_scope_conflict,"One claim states a 10% tariff on nickel sulphate from Australia, while another claims a 64.9% rate for the same product without specifying origin; these rates are incompatible for the same scope.",True,local_Qwen_scope_review_not_manual_verification,False,"[""https://www.argusmedia.com/en/news-and-insights/latest-market-news/2674679-us-battery-costs-face-sharp-rise-on-tariffs"", ""https://christopherchico.substack.com/p/trumps-tariff-hike-what-it-means""]",apparent_same_scope_conflict,apparent_same_scope_conflict,model_review_provisional,False,,,,,,,
conflict_97f3f02fc2100cae0a46bb6b,"[""claim_47d89b05b66af179a3a59120"", ""claim_e4ed4462b93e198fe5dc6135""]","[""q_41""]",complementary_or_no_conflict,One claim lists specific goods taxed at higher rates while the other states general duty bands include zero percent; these describe different aspects of the tariff structure (specific high-rate items vs. general low-rate bands) without contradiction.,False,local_Qwen_scope_review_not_manual_verification,False,"[""https://www.trade.gov/country-commercial-guides/georgia-import-tariffs"", ""https://www.trade.gov/country-commercial-guides/georgia-import-tariffs""]",complementary_or_no_conflict,complementary_or_no_conflict,model_review_provisional,False,,,,,,,
conflict_49b0585b8e8dded30e508913,"[""claim_0f762cccb9a8bb771a95397f"", ""claim_a6a7e3474922ef8383ae704f""]","[""q_410""]",complementary_or_no_conflict,Claims list separate exemption lists for cobalt products and nickel products respectively; they address different commodities and do not conflict.,False,local_Qwen_scope_review_not_manual_verification,False,"[""https://news.metal.com/newscontent/104021517-us-imposes-forced-labor-related-section-301-tariffs-lithium-ion-batteries-and-key-raw-materials-exempt"", ""https://news.metal.com/newscontent/104021517-us-imposes-forced-labor-related-section-301-tariffs-lithium-ion-batteries-and-key-raw-materials-exempt""]",complementary_or_no_conflict,complementary_or_no_conflict,model_review_provisional,False,,,,,,,
conflict_acf8a771dff97f9bb7461baa,"[""claim_332ea1128d2e93e8849d6638"", ""claim_c6ccab6e8f93c46218f627a2""]","[""q_410""]",apparent_same_scope_conflict,"One claim states lithium-ion batteries are exempt from Section 301 tariffs, while another claims the tariff on these batteries will increase to 25% this year; these statements regarding the applicability of the tariff are incompatible.",True,local_Qwen_scope_review_not_manual_verification,False,"[""https://news.metal.com/newscontent/104021517-us-imposes-forced-labor-related-section-301-tariffs-lithium-ion-batteries-and-key-raw-materials-exempt"", ""https://www.alixpartners.com/media/zwkcl4ec/impact-of-tariffs_sept-24.pdf""]",apparent_same_scope_conflict,apparent_same_scope_conflict,model_review_provisional,False,,,,,,,
conflict_6f4a11182a7e1a94c6a83fb8,"[""claim_68d5cfb04eeea7d3f6d74ef7"", ""claim_dc5e20c617849c64e31f5fd9""]","[""q_411""]",different_products_origins_or_programs,"Claims address distinct countries of origin (Indonesia vs. Turkey) with different duty rates (19% vs. 15%) and specific Chapter 99 headings, indicating separate tariff programs rather than a conflict.",False,local_Qwen_scope_review_not_manual_verification,False,"[""https://www.customsmobile.com/rulings/docview?doc_id=NY+N353878&highlight=3824.99.39%2A"", ""https://www.customsmobile.com/rulings/docview?doc_id=NY+N353878&highlight=3824.99.39%2A""]",different_products_origins_or_programs,different_products_origins_or_programs,model_review_provisional,False,,,,,,,
conflict_d90eacfea9301f240af008d3,"[""claim_18b4f161dc0712841fbbdc97"", ""claim_df41cf011479c23bdf0fbaa9""]","[""q_412""]",complementary_or_no_conflict,"Both claims identify the exact same product (Cobalt sulfate) and HTS code (28332910) without contradictory information, representing consistent reporting of the same item.",False,local_Qwen_scope_review_not_manual_verification,False,"[""https://www.whitehouse.gov/wp-content/uploads/2025/04/Annex-II.pdf"", ""https://www.presidency.ucsb.edu/documents/executive-order-14257-regulating-imports-with-reciprocal-tariff-rectify-trade-practices""]",complementary_or_no_conflict,complementary_or_no_conflict,model_review_provisional,False,,,,,,,
conflict_cd26ebc22ffe18e59d5c9bd0,"[""claim_2ed15bf488a38f091af25b91"", ""claim_a6f4b345ecf0342b6544e519""]","[""q_412""]",complementary_or_no_conflict,Claims provide complementary details (industry classification and end-use codes) for the same product and HTS code without any contradictory data regarding tariffs or duties.,False,local_Qwen_scope_review_not_manual_verification,False,"[""https://www.shipnerd.com/support/freight-class/shipping-codes/chemical/inorganic-compound-precious-metal-rare-earth-radioactive-isotope/sulphates-alums-peroxosulphates-persulphates-062833/other-06283329/cobalt-sulfate-062833291000"", ""https://www.shipnerd.com/support/freight-class/shipping-codes/chemical/inorganic-compound-precious-metal-rare-earth-radioactive-isotope/sulphates-alums-peroxosulphates-persulphates-062833/other-06283329/cobalt-sulfate-062833291000""]",complementary_or_no_conflict,complementary_or_no_conflict,model_review_provisional,False,,,,,,,
conflict_065a5d76f0975117ea51f3ee,"[""claim_c8005fe64f160feb5e2dcd34"", ""claim_dfe3c7c897bd2b278694d32e""]","[""q_412""]",complementary_or_no_conflict,"Claims list different duty rates (Free vs. 6.5%) applicable to different tariff regimes (Special Rate vs. Column 2 Rate) for the same product, which is a standard classification structure rather than a conflict.",False,local_Qwen_scope_review_not_manual_verification,False,"[""https://www.shipnerd.com/support/freight-class/shipping-codes/chemical/inorganic-compound-precious-metal-rare-earth-radioactive-isotope/sulphates-alums-peroxosulphates-persulphates-062833/other-06283329/cobalt-sulfate-062833291000"", ""https://www.shipnerd.com/support/freight-class/shipping-codes/chemical/inorganic-compound-precious-metal-rare-earth-radioactive-isotope/sulphates-alums-peroxosulphates-persulphates-062833/other-06283329/cobalt-sulfate-062833291000""]",complementary_or_no_conflict,complementary_or_no_conflict,model_review_provisional,False,,,,,,,
conflict_7487d92f9b3a6192f4fd642f,"[""claim_123212bf9d5bcd421c23b053"", ""claim_7fa882420ecdd1e4316be013""]","[""q_413""]",complementary_or_no_conflict,Deterministic exact normalized quotation identity; current applicability remains unverified.,False,local_Qwen_scope_review_not_manual_verification,False,"[""https://rulings.cbp.gov/ruling/N299059"", ""https://rulings.cbp.gov/ruling/N288463""]",complementary_or_no_conflict,complementary_or_no_conflict,exact_quote_identity_check,False,,,,,,,
conflict_ac4c6e24db0a6a2befb74f59,"[""claim_35c884fb88fb886fe82ce774"", ""claim_58ddf5b0ef8f3afc6130f7b6""]","[""q_413""]",complementary_or_no_conflict,"Claims describe the same tariff change (increase to 45%) for the same product category, with one specifying the HS code and the other comparing it to the previous rate.",False,local_Qwen_scope_review_not_manual_verification,False,"[""https://www.fastmarkets.com/insights/us-imports-of-russian-cobalt-to-face-45-duty"", ""https://www.fastmarkets.com/insights/us-imports-of-russian-cobalt-to-face-45-duty""]",complementary_or_no_conflict,complementary_or_no_conflict,model_review_provisional,False,,,,,,,
conflict_14333f1c8a5f56ca2b42fde5,"[""claim_062f0f430af992bac4adbf6e"", ""claim_e38a3dcfc47c76f180432435""]","[""q_415""]",different_dates_or_policy_stages,"Claims describe a conditional policy: an initial suspension of tariffs with a future review period (within 180 days) for potential action, representing a temporal progression rather than a conflict.",False,local_Qwen_scope_review_not_manual_verification,False,"[""https://www.strtrade.com/trade-news-resources/tariff-actions-resources/section-232-investigation-critical-minerals"", ""https://www.strtrade.com/trade-news-resources/tariff-actions-resources/section-232-investigation-critical-minerals""]",different_dates_or_policy_stages,different_dates_or_policy_stages,model_review_provisional,False,,,,,,,
conflict_cacc7ab99898dbdd84ebddbc,"[""claim_14536d3846b85cc1ddd5ec4c"", ""claim_6d47a824fd7ea2cf7b1bf9c2""]","[""q_415""]",complementary_or_no_conflict,"Both claims state that HS 284690 was exempted from tariffs in 2025, with one specifying the legal authority (Executive Orders) and the other the specific tariff program context.",False,local_Qwen_scope_review_not_manual_verification,False,"[""https://gtaic.ai/market-reports/us-rare-earth-compound-imports-2024"", ""https://gtaic.ai/market-reports/us-rare-earth-compound-imports-2024""]",complementary_or_no_conflict,complementary_or_no_conflict,model_review_provisional,False,,,,,,,
conflict_ab1e9a3a48b3b9677e096b32,"[""claim_4f51f42c7bd0a459852eba90"", ""claim_c116cca96834c9c84a8cc201""]","[""q_417""]",complementary_or_no_conflict,Deterministic exact normalized quotation identity; current applicability remains unverified.,False,local_Qwen_scope_review_not_manual_verification,False,"[""https://www.facebook.com/unboxfactory/posts/china-lifts-rare-earth-export-ban-for-28-us-companies-after-major-trade-breakthr/738108945206825"", ""https://www.facebook.com/unboxfactory/posts/china-lifts-rare-earth-export-ban-for-28-us-companies-after-major-trade-breakthr/738108945206825""]",complementary_or_no_conflict,complementary_or_no_conflict,exact_quote_identity_check,False,,,,,,,
conflict_f57a58c8bb0d975022ed2e44,"[""claim_9ad8cb313cf611085a4fee39"", ""claim_be2f90159e062f18fdbf061a""]","[""q_417""]",complementary_or_no_conflict,Deterministic exact normalized quotation identity; current applicability remains unverified.,False,local_Qwen_scope_review_not_manual_verification,False,"[""https://pamirllc.com/blog/china-and-the-us-sign-a-deal-to-accelerate-the-import-of-rare-earth-elements-rees"", ""https://pamirllc.com/blog/china-and-the-us-sign-a-deal-to-accelerate-the-import-of-rare-earth-elements-rees""]",complementary_or_no_conflict,complementary_or_no_conflict,exact_quote_identity_check,False,,,,,,,
conflict_9c52aeaf480c149fff171467,"[""claim_6fe9164ac259327485f7632c"", ""claim_733d0e23849407f28f363e7c""]","[""q_418""]",complementary_or_no_conflict,"Both claims describe the same 25% tariff on permanent magnets effective January 1, 2026; one specifies HTS codes while the other confirms the rate and date.",False,local_Qwen_scope_review_not_manual_verification,False,"[""https://www.whitecase.com/insight-alert/united-states-finalizes-section-301-tariff-increases-imports-china"", ""https://www.duramag.com/techtalk/magnet-news/understanding-the-2026-section-301-tariffs-on-permanent-magnets-what-the-market-needs-to-know""]",complementary_or_no_conflict,complementary_or_no_conflict,model_review_provisional,False,,,,,,,
conflict_eb93d2a9a597e41a4b946fdd,"[""claim_bedc47f823baab6c580b1029"", ""claim_bf51719aef2538109e6f8fdc""]","[""q_418""]",complementary_or_no_conflict,"Both claims from the same source confirm a Section 301 increase effective January 1, 2026; one cites specific HTS codes while the other describes the general duty addition.",False,local_Qwen_scope_review_not_manual_verification,False,"[""https://radialmagnet.com/magnet-tariffs-country-of-origin"", ""https://radialmagnet.com/magnet-tariffs-country-of-origin""]",complementary_or_no_conflict,complementary_or_no_conflict,model_review_provisional,False,,,,,,,
conflict_6a5993dad4fe228e72e114e8,"[""claim_17fc36eff25ff2bebb434182"", ""claim_42ada07380f5378f4c512aee""]","[""q_419""]",different_products_origins_or_programs,"One claim details a 2012 complaint regarding sintered rare earth magnets, while the other cites 2021 import statistics and a separate 2.1% duty rate context.",False,local_Qwen_scope_review_not_manual_verification,False,"[""https://www.federalregister.gov/documents/2023/02/14/2023-03078/publication-of-a-report-on-the-effect-of-imports-of-neodymium-iron-boron-ndfeb-permanent-magnets-on"", ""https://www.federalregister.gov/documents/2023/02/14/2023-03078/publication-of-a-report-on-the-effect-of-imports-of-neodymium-iron-boron-ndfeb-permanent-magnets-on""]",different_products_origins_or_programs,different_products_origins_or_programs,model_review_provisional,False,,,,,,,
conflict_17a56a816dfe5af040bc84f8,"[""claim_177e6bb82870b68ef67a44e0"", ""claim_45bdafed8e0bb81dab9cb65b""]","[""q_420""]",complementary_or_no_conflict,"Both claims describe the same suspension of graphite export controls until November 27, 2026; one frames it as easing a bottleneck while the other notes the expiration date.",False,local_Qwen_scope_review_not_manual_verification,False,"[""https://www.cruxinvestor.com/posts/chinas-temporary-easing-of-graphite-export-controls-the-shifting-global-supply-outlook-for-battery-materials"", ""https://www.cruxinvestor.com/posts/chinas-temporary-easing-of-graphite-export-controls-the-shifting-global-supply-outlook-for-battery-materials""]",complementary_or_no_conflict,complementary_or_no_conflict,model_review_provisional,False,,,,,,,
conflict_0ea4257f676e3ccfa959da22,"[""claim_d276325616ebb4e6092f0c4c"", ""claim_e993af0b5068d592ee6497e9""]","[""q_420""]",complementary_or_no_conflict,Deterministic exact normalized quotation identity; current applicability remains unverified.,False,local_Qwen_scope_review_not_manual_verification,False,"[""https://www.cruxinvestor.com/posts/chinas-temporary-easing-of-graphite-export-controls-the-shifting-global-supply-outlook-for-battery-materials"", ""https://www.cruxinvestor.com/posts/chinas-temporary-easing-of-graphite-export-controls-the-shifting-global-supply-outlook-for-battery-materials""]",complementary_or_no_conflict,complementary_or_no_conflict,exact_quote_identity_check,False,,,,,,,
conflict_12bfd4bf651f56c8aca8ffed,"[""claim_26dd53d097011fcb280f1fac"", ""claim_319aff0be694ca369afb6676""]","[""q_422""]",apparent_same_scope_conflict,"One claim states Indonesia's decision had no direct impact on US nickel production, while the other asserts a 19% reciprocal tariff is maintained on imports from Indonesia.",True,local_Qwen_scope_review_not_manual_verification,False,"[""https://www.nbr.org/publication/indonesias-nickel-export-ban-impacts-on-supply-chains-and-the-energy-transition"", ""https://www.nusanickel.com/post/us-indonesia-trade-deal-finalized-what-it-signals-for-critical-minerals-and-nickel-flows""]",apparent_same_scope_conflict,apparent_same_scope_conflict,model_review_provisional,False,,,,,,,
conflict_57d932ff8987d06cf9c1abf1,"[""claim_4ce7615d593580a12c74fb1a"", ""claim_77447a9143d3e1d3e1cef703""]","[""q_423""]",complementary_or_no_conflict,"Both claims confirm a 50% tariff on semi-finished copper products announced July 30, 2025, effective August 1, 2025; one lists specific product examples.",False,local_Qwen_scope_review_not_manual_verification,False,"[""https://www.toprankedlegal.com/chile-and-tariffs-to-imports-into-the-u-s"", ""https://www.toprankedlegal.com/chile-and-tariffs-to-imports-into-the-u-s""]",complementary_or_no_conflict,complementary_or_no_conflict,model_review_provisional,False,,,,,,,
conflict_2ccd26ce38e2bb811771f0d7,"[""claim_1369d79355222d675627f8f7"", ""claim_987a765c7f92b49ab35e10f8""]","[""q_423""]",complementary_or_no_conflict,"One claim lists exemptions (refined copper, wood) while the other states a 10% General Additional Tariff applies; these can coexist if exemptions apply to specific items within the broader tariff framework.",False,local_Qwen_scope_review_not_manual_verification,False,"[""https://www.toprankedlegal.com/chile-and-tariffs-to-imports-into-the-u-s"", ""https://www.toprankedlegal.com/chile-and-tariffs-to-imports-into-the-u-s""]",complementary_or_no_conflict,complementary_or_no_conflict,model_review_provisional,False,,,,,,,
conflict_d0bd82afa8f48c6a4b1dad3d,"[""claim_123286ded2dfbed976cbce55"", ""claim_65979a41e01b84c16185e67d""]","[""q_424""]",apparent_same_scope_conflict,"One claim states a deal eliminates tariffs on hundreds of products, while the other states a 10% baseline tariff remains effective July 25, excluding specific goods.",True,local_Qwen_scope_review_not_manual_verification,False,"[""https://www.icis.com/explore/resources/news/2026/02/06/11178365/us-argentina-sign-trade-deal-focused-on-critical-minerals-beef-access"", ""https://www.agrolatam.com/usa/news/us-tariffs-argentina-exports-exempt-2026""]",apparent_same_scope_conflict,apparent_same_scope_conflict,model_review_provisional,False,,,,,,,
conflict_6116b9dc0125aac247258be1,"[""claim_37de64a9070fd60fcde46387"", ""claim_65979a41e01b84c16185e67d""]","[""q_424""]",apparent_same_scope_conflict,"One claim states the US will eliminate reciprocal tariffs on Argentine goods, while the other states a 10% baseline tariff remains effective July 25 for Argentina.",True,local_Qwen_scope_review_not_manual_verification,False,"[""https://www.icis.com/explore/resources/news/2026/02/06/11178365/us-argentina-sign-trade-deal-focused-on-critical-minerals-beef-access"", ""https://www.agrolatam.com/usa/news/us-tariffs-argentina-exports-exempt-2026""]",apparent_same_scope_conflict,apparent_same_scope_conflict,model_review_provisional,False,,,,,,,
conflict_bdb2e1c3a3e6657118bbd3eb,"[""claim_43b5d16a9dc17c0963f1ba04"", ""claim_82444ab13528c083f9410825""]","[""q_425""]",complementary_or_no_conflict,"Claim 1 states a general 12.5% tariff applies to Australian imports, while Claim 2 lists specific exemptions (copper, pharmaceuticals, etc.) within that same edict. The exemption list clarifies the scope of the general tariff rather than contradicting it.",False,local_Qwen_scope_review_not_manual_verification,False,"[""https://www.dfat.gov.au/trade/trade-and-investment/latest-us-tariffs"", ""https://minerals.org.au/resources/us-tariffs-hurt-exporters-and-us-consumers""]",complementary_or_no_conflict,complementary_or_no_conflict,model_review_provisional,False,,,,,,,
conflict_a38f7b00d8139788465f38f5,"[""claim_54cdb376dcd8ab5050d259a6"", ""claim_82444ab13528c083f9410825""]","[""q_425""]",complementary_or_no_conflict,"Claim 1 notes a baseline tariff with potential mineral exemptions pending clarification, and Claim 2 provides the specific list of exempted minerals (copper, etc.) from the edict. These claims describe the same policy framework where one identifies the general rule and the other details the exceptions.",False,local_Qwen_scope_review_not_manual_verification,False,"[""https://minerals.org.au/resources/us-tariffs-hurt-exporters-and-us-consumers"", ""https://minerals.org.au/resources/us-tariffs-hurt-exporters-and-us-consumers""]",complementary_or_no_conflict,complementary_or_no_conflict,model_review_provisional,False,,,,,,,
conflict_3f182193ac04ec26c9eb1b34,"[""claim_0ac71b6484ba7b50a9e5d359"", ""claim_2889c8a28d25adb516e414cb""]","[""q_426""]",complementary_or_no_conflict,"Both claims are identical in substance, stating that Canada agreed to match U.S. tariffs on Chinese EVs. They reference the same source and event without contradiction.",False,local_Qwen_scope_review_not_manual_verification,False,"[""https://www.brookings.edu/articles/establishing-a-critical-minerals-club-across-north-america"", ""https://www.brookings.edu/articles/establishing-a-critical-minerals-club-across-north-america""]",complementary_or_no_conflict,complementary_or_no_conflict,model_review_provisional,False,,,,,,,
conflict_b3e62fa15089aa055a51cdf0,"[""claim_34195352033d011edacb9771"", ""claim_7826fd76a2294c945041d18a""]","[""q_426""]",different_dates_or_policy_stages,Claim 1 describes an imposed 50% tariff on steel and aluminum as a past action ('Washington responded by imposing'). Claim 2 describes a proposed framework under negotiation to reduce those duties (from 50% to 25%). The claims reflect different stages: the existing high tariff versus a potential future reduction that did not materialize.,False,local_Qwen_scope_review_not_manual_verification,False,"[""https://mexicobusiness.news/mining/news/us-canada-trade-war-ontario-cut-electricity-minerals"", ""https://mexicobusiness.news/mining/news/us-canada-trade-war-ontario-cut-electricity-minerals""]",different_dates_or_policy_stages,different_dates_or_policy_stages,model_review_provisional,False,,,,,,,
conflict_82920bb1c71cc38f1c626109,"[""claim_695bf72418b1378b03bd72b5"", ""claim_729a8c9db920b5dc2434d4c1""]","[""q_427""]",complementary_or_no_conflict,"Claim 1 details the filing and effective date (August 27, 2026) of a rule requiring 100% domestic sales allocation for black mass. Claim 2 confirms the same effective date and describes the requirement as an export prohibition or 100% domestic sales requirement. The claims are consistent regarding timing and substance.",False,local_Qwen_scope_review_not_manual_verification,False,"[""https://www.greenli-ion.com/post/bis-black-mass-export-restrictions-directive-allocation-order"", ""https://www.bdlaw.com/publications/new-u-s-restrictions-on-export-of-black-mass-from-recycling-lithium-ion-batteries-pose-major-challenges-for-battery-recycling""]",complementary_or_no_conflict,complementary_or_no_conflict,model_review_provisional,False,,,,,,,
conflict_077cb7a06882a4694821f02a,"[""claim_a6012f2fa808268fff611596"", ""claim_bcd14343c905225842441477""]","[""q_427""]",complementary_or_no_conflict,Claim 1 describes a Temporary Final Rule prohibiting exports of black mass and tungsten waste without a license. Claim 2 provides the specific regulatory text requiring 100% allocation to U.S. persons for these same materials starting 21 days after publication. The claims describe the same regulatory action from different perspectives (summary vs. text).,False,local_Qwen_scope_review_not_manual_verification,False,"[""https://www.bdlaw.com/publications/new-u-s-restrictions-on-export-of-black-mass-from-recycling-lithium-ion-batteries-pose-major-challenges-for-battery-recycling"", ""https://public-inspection.federalregister.gov/2026-16078.pdf""]",complementary_or_no_conflict,complementary_or_no_conflict,model_review_provisional,False,,,,,,,
conflict_818d5d4bd4a6eeef1896cfc9,"[""claim_afce45c44fe75fbac7bfe5b7"", ""claim_b2f26f5ef84491fdf86bf0ec""]","[""q_428""]",complementary_or_no_conflict,Claim 1 states Trump imposed 25% tariffs on Korean imports in April before a pause. Claim 2 repeats the exact same fact regarding the imposition and pause. The claims are identical in scope and date.,False,local_Qwen_scope_review_not_manual_verification,False,"[""https://grist.org/technology/trump-battery-recycling-lithium-grants-funding-tariffs-ira-tax-credits"", ""https://grist.org/technology/trump-battery-recycling-lithium-grants-funding-tariffs-ira-tax-credits""]",complementary_or_no_conflict,complementary_or_no_conflict,model_review_provisional,False,,,,,,,
conflict_c38c85110aba421ca86feb51,"[""claim_2d2d596abd8b094a01eed9c1"", ""claim_b2d23a9a1a245dab5042abc0""]","[""q_429""]",complementary_or_no_conflict,Both claims describe the same 2021 investigation launched by the U.S. Secretary of Commerce regarding NdFeB magnets and Section 232. They reference the same document and event without contradiction.,False,local_Qwen_scope_review_not_manual_verification,False,"[""https://www.energy.gov/sites/default/files/2022-02/Neodymium%20Magnets%20Supply%20Chain%20Report%20-%20Final.pdf"", ""https://www.energy.gov/sites/default/files/2022-02/Neodymium%20Magnets%20Supply%20Chain%20Report%20-%20Final.pdf""]",complementary_or_no_conflict,complementary_or_no_conflict,model_review_provisional,False,,,,,,,
conflict_0c35ed5be04c39083708899c,"[""claim_32e90975c9d19ff6061ecfa1"", ""claim_4f1ba4e9528ed8afc586a25d""]","[""q_429""]",complementary_or_no_conflict,"Claim 1 states MP Materials plans a facility in Fort Worth, Texas. Claim 2 confirms this facility will manufacture magnets from Mountain Pass materials. The claims are consistent and complementary regarding the company's production plans.",False,local_Qwen_scope_review_not_manual_verification,False,"[""https://www.energy.gov/sites/default/files/2022-02/Neodymium%20Magnets%20Supply%20Chain%20Report%20-%20Final.pdf"", ""https://mpmaterials.com/news//general-motors-and-mp-materials-enter-long-term-supply-agreement-to-scale-rare-earth-magnet-sourcing-and-production-in-the-us""]",complementary_or_no_conflict,complementary_or_no_conflict,model_review_provisional,False,,,,,,,
conflict_09229cb96cbab6cbba119c51,"[""claim_378536b8745601b6c6ff5c32"", ""claim_d212e735bf88fd46b646dbf2""]","[""q_429""]",complementary_or_no_conflict,Deterministic exact normalized quotation identity; current applicability remains unverified.,False,local_Qwen_scope_review_not_manual_verification,False,"[""https://www.energy.gov/sites/default/files/2022-02/Neodymium%20Magnets%20Supply%20Chain%20Report%20-%20Final.pdf"", ""https://www.energy.gov/sites/default/files/2022-02/Neodymium%20Magnets%20Supply%20Chain%20Report%20-%20Final.pdf""]",complementary_or_no_conflict,complementary_or_no_conflict,exact_quote_identity_check,False,,,,,,,
conflict_ef8452d023dbd2c94de13706,"[""claim_4bd3cb5ba8b4c1173e650aac"", ""claim_cc7ab815924e59e6a91119b9""]","[""q_429""]",complementary_or_no_conflict,"Claim 1 states US NdFeB production is small-scale and does not match demand. Claim 2 identifies Urban Mining Company as the lone domestic producer using recycled material. These claims are compatible; one describes the scale relative to demand, the other identifies the specific entity.",False,local_Qwen_scope_review_not_manual_verification,False,"[""https://www.energy.gov/sites/default/files/2022-02/Neodymium%20Magnets%20Supply%20Chain%20Report%20-%20Final.pdf"", ""https://www.energy.gov/sites/default/files/2022-02/Neodymium%20Magnets%20Supply%20Chain%20Report%20-%20Final.pdf""]",complementary_or_no_conflict,complementary_or_no_conflict,model_review_provisional,False,,,,,,,
conflict_38b23d1c1e953ba535424274,"[""claim_5a4314ea1a227b996d645f84"", ""claim_ec3fd2786505c5538edd72c2""]","[""q_429""]",complementary_or_no_conflict,"Claim 1 states MP Materials will manufacture magnets at a new facility in Fort Worth. Claim 2 states MP Materials owns the Mountain Pass mine in California. These describe different facilities (mine vs. manufacturing plant) within the same company's supply chain, not contradictory facts.",False,local_Qwen_scope_review_not_manual_verification,False,"[""https://mpmaterials.com/news//general-motors-and-mp-materials-enter-long-term-supply-agreement-to-scale-rare-earth-magnet-sourcing-and-production-in-the-us"", ""https://mpmaterials.com/news//general-motors-and-mp-materials-enter-long-term-supply-agreement-to-scale-rare-earth-magnet-sourcing-and-production-in-the-us""]",complementary_or_no_conflict,complementary_or_no_conflict,model_review_provisional,False,,,,,,,
conflict_2fbbc8f486c1f0f847f76182,"[""claim_112c0012a45f09c64276d8d8"", ""claim_5aac0550c35c5686085fc716""]","[""q_430""]",different_dates_or_policy_stages,"Claim 1 states exclusions for specific PCBs apply through November 9, 2026. Claim 2 states exclusions for two- and four-layer rigid PCBs expired on May 31, 2025. These represent different policy stages or expiration dates for similar products, not a direct contradiction of the same scope at the same time.",False,local_Qwen_scope_review_not_manual_verification,False,"[""https://www.ourpcb.com/blog/china-us-pcb-tariffs-2026"", ""https://www.cofactr.com/articles/definitive-guide-to-semiconductor-tariffs""]",different_dates_or_policy_stages,different_dates_or_policy_stages,model_review_provisional,False,,,,,,,
conflict_cb33b344262d0da966e69cc4,"[""claim_15ba285ff1e8d11f6f93efab"", ""claim_d59ef5e6d74c4de71fd8ded6""]","[""q_430""]",complementary_or_no_conflict,Claim 1 states Section 301 adds 25% unless an exclusion applies. Claim 2 specifies the same 25% rate for bare PCBs and certain PCBAs under specific HTS codes unless an exclusion applies. The claims are identical in substance regarding the rate and condition.,False,local_Qwen_scope_review_not_manual_verification,False,"[""https://www.ourpcb.com/blog/china-us-pcb-tariffs-2026"", ""https://www.ourpcb.com/blog/china-us-pcb-tariffs-2026""]",complementary_or_no_conflict,complementary_or_no_conflict,model_review_provisional,False,,,,,,,
conflict_9c3a8eb4ad833c1c462eab48,"[""claim_6895fc2376c9a257563df81d"", ""claim_fa2cb28377375f538de6e663""]","[""q_432""]",different_dates_or_policy_stages,"Claim 1 states new tariffs were implemented in April 2025. Claim 2 details an interim deal/truce effective May 14, 2025, with specific rates and an expiration of December 11, 2025. The later date represents a subsequent policy stage or adjustment following the initial implementation.",False,local_Qwen_scope_review_not_manual_verification,False,"[""https://www.icape-group.com/pcb-tariff-information"", ""https://www.icape-group.com/pcb-tariff-information""]",different_dates_or_policy_stages,different_dates_or_policy_stages,model_review_provisional,False,,,,,,,
conflict_3189b463ac6668eb3ad36b1b,"[""claim_631ab6751f89ff1743c64b3a"", ""claim_6f5e1b376a964af2a6f8d320""]","[""q_435""]",different_products_origins_or_programs,"Claim 1 classifies solar inverters under HTS 8504.40 generally. Claim 2 specifies a more detailed subheading 8504.40.55 and notes US duty as Free in April 2026. The difference lies in the specificity of the classification code and the stated tariff program status, not a contradiction.",False,local_Qwen_scope_review_not_manual_verification,False,"[""https://dutiable.io/hs-code/solar-renewable-energy/solar-inverter"", ""https://dutiable.io/hs-code/solar-renewable-energy/solar-inverter""]",different_products_origins_or_programs,different_products_origins_or_programs,model_review_provisional,False,,,,,,,
conflict_e593c7e8e0ae7b76598abbe4,"[""claim_28da344f68d21a7c110d1942"", ""claim_28e921f07cd1615b9cd37365""]","[""q_435""]",different_products_origins_or_programs,"Claim 1 discusses SolarEdge manufacturing in Hungary to avoid duties. Claim 2 states European inverters face ~20% tariff under a new policy. These address different aspects: one discusses manufacturing location strategy, the other the resulting tariff rate for that origin under the specific policy.",False,local_Qwen_scope_review_not_manual_verification,False,"[""https://www.sunhub.com/blog/april-2025-reciprocal-tariffs-solar-equipment"", ""https://www.sunhub.com/blog/april-2025-reciprocal-tariffs-solar-equipment""]",different_products_origins_or_programs,different_products_origins_or_programs,model_review_provisional,False,,,,,,,
conflict_ab646cd2f18a7b4133e9eebd,"[""claim_28e921f07cd1615b9cd37365"", ""claim_9159253885562047d5d7afb6""]","[""q_435""]",complementary_or_no_conflict,Claim 1 states China-made inverters face ~34% tariff. Claim 2 repeats the same rate (~34%) for China-made inverters while listing various manufacturers and origins. The claims are identical regarding the specific duty rate for Chinese origin.,False,local_Qwen_scope_review_not_manual_verification,False,"[""https://www.sunhub.com/blog/april-2025-reciprocal-tariffs-solar-equipment"", ""https://www.sunhub.com/blog/april-2025-reciprocal-tariffs-solar-equipment""]",complementary_or_no_conflict,complementary_or_no_conflict,model_review_provisional,False,,,,,,,
conflict_336643260a31c874d8b445dc,"[""claim_0b67f93d87d4b6f60c0d0404"", ""claim_ebd1c3744115a7eccb4a6fd7""]","[""q_435""]",complementary_or_no_conflict,Deterministic exact normalized quotation identity; current applicability remains unverified.,False,local_Qwen_scope_review_not_manual_verification,False,"[""https://www.sunhub.com/blog/april-2025-reciprocal-tariffs-solar-equipment"", ""https://www.sunhub.com/blog/april-2025-reciprocal-tariffs-solar-equipment""]",complementary_or_no_conflict,complementary_or_no_conflict,exact_quote_identity_check,False,,,,,,,
conflict_8823f858486169339a81099d,"[""claim_50342eb6da344909e00484bb"", ""claim_d56bcc70dbacd6091bb184dc""]","[""q_438""]",different_products_origins_or_programs,"Claim 1 lists an HTS code for electric motors for vehicles. Claim 2 defines characteristics for electric control boards classified under heading 8537. These describe different product categories (motors vs. control boards) and potentially different classification logic, not a direct conflict.",False,local_Qwen_scope_review_not_manual_verification,False,"[""https://www.trade.gov/automotive-parts-tariff-codes"", ""https://www.jdsupra.com/legalnews/re-thinking-strategies-for-7978507""]",different_products_origins_or_programs,different_products_origins_or_programs,model_review_provisional,False,,,,,,,
conflict_18a4a97aa6701e0012a9122b,"[""claim_1c5c7660a2bc5f8b700618ad"", ""claim_98c472a071af1305de8244b5""]","[""q_439""]",complementary_or_no_conflict,"Both claims describe the same outcome: a 50% tariff on semiconductors from China under Section 301. One clarifies it is additional to an existing rate, while the other states the increase from 25% to 50%; they are consistent.",False,local_Qwen_scope_review_not_manual_verification,False,"[""https://www.federalregister.gov/documents/2025/12/29/2025-23912/notice-of-action-chinas-acts-policies-and-practices-related-to-targeting-of-the-semiconductor"", ""https://camtomx.com/en/blog/section-301-tariffs-2026-guide""]",complementary_or_no_conflict,complementary_or_no_conflict,model_review_provisional,False,,,,,,,
conflict_f93bb52ef530c1a87e2fe9bb,"[""claim_3361a6b6b721048b0d3c1374"", ""claim_80a6cfdb4c8a9dd1ec0154c8""]","[""q_439""]",complementary_or_no_conflict,"Both claims originate from the same Federal Register notice and describe identical terms: an initial 0% tariff effective December 23, 2025, with a future increase in June 2027. There is no conflict.",False,local_Qwen_scope_review_not_manual_verification,False,"[""https://www.federalregister.gov/documents/2025/12/29/2025-23912/notice-of-action-chinas-acts-policies-and-practices-related-to-targeting-of-the-semiconductor"", ""https://www.federalregister.gov/documents/2025/12/29/2025-23912/notice-of-action-chinas-acts-policies-and-practices-related-to-targeting-of-the-semiconductor""]",complementary_or_no_conflict,complementary_or_no_conflict,model_review_provisional,False,,,,,,,
conflict_001b9a1355c4312350ad86d0,"[""claim_3562cfe9a5d9a6e89ea1816f"", ""claim_91555418cf392d34eb40521c""]","[""q_441""]",complementary_or_no_conflict,"The claims distinguish between product categories: 2-4 layer PCBs face 145% duties while being temporarily exempt from a specific tariff, whereas 6+ layer and other bare PCBs face a full 170% burden. They address different scopes.",False,local_Qwen_scope_review_not_manual_verification,False,"[""https://www.teamsmt.com/blog/tariffs-on-electronics-whats-exempt-and-whats-not"", ""https://www.teamsmt.com/blog/tariffs-on-electronics-whats-exempt-and-whats-not""]",complementary_or_no_conflict,complementary_or_no_conflict,model_review_provisional,False,,,,,,,
conflict_64f28f112396035ff0d2199f,"[""claim_ef7adb5fcfcae09d93f35c33"", ""claim_fa2cb28377375f538de6e663""]","[""q_441""]",different_dates_or_policy_stages,"One claim describes a multi-layer duty structure effective April 2025, while the other describes an interim deal with specific rates (30%/55%) effective May 14, 2025, and expiring November 12, 2025. These represent different policy stages or dates.",False,local_Qwen_scope_review_not_manual_verification,False,"[""https://www.teamsmt.com/blog/tariffs-on-electronics-whats-exempt-and-whats-not"", ""https://www.icape-group.com/pcb-tariff-information""]",different_dates_or_policy_stages,different_dates_or_policy_stages,model_review_provisional,False,,,,,,,
conflict_39657797bcb770516d7122fc,"[""claim_3041d16f77e9f5291ba107a7"", ""claim_70dd2d47a5738698ef26d9b9""]","[""q_442""]",complementary_or_no_conflict,"Both claims describe the same European Commission proposal to cut quotas and double tariffs on excess steel volumes to 50%. One mentions an announcement date, but the core policy details are identical.",False,local_Qwen_scope_review_not_manual_verification,False,"[""https://www.linkedin.com/posts/sinagolara_georgia-and-tariffs-georgia-is-a-critical-activity-7327480102080962560-gT6J"", ""https://www.linkedin.com/posts/sinagolara_georgia-and-tariffs-georgia-is-a-critical-activity-7327480102080962560-gT6J""]",complementary_or_no_conflict,complementary_or_no_conflict,model_review_provisional,False,,,,,,,
conflict_7b999a8e9d7da659182a2660,"[""claim_865368adca54e2ab484d0197"", ""claim_a752fc66b43c1b4db1fd3b13""]","[""q_442""]",complementary_or_no_conflict,"Both claims report the exact same announcement: a 25% tariff on medium and heavy-duty truck imports effective November 1, 2025. The information is identical.",False,local_Qwen_scope_review_not_manual_verification,False,"[""https://www.linkedin.com/posts/sinagolara_georgia-and-tariffs-georgia-is-a-critical-activity-7327480102080962560-gT6J"", ""https://www.linkedin.com/posts/sinagolara_georgia-and-tariffs-georgia-is-a-critical-activity-7327480102080962560-gT6J""]",complementary_or_no_conflict,complementary_or_no_conflict,model_review_provisional,False,,,,,,,
conflict_3615b637cc650ca57f43ac46,"[""claim_0e3fb75daea1ba4a1d1021b8"", ""claim_a113b0d861c37c46b2a72ce2""]","[""q_443""]",complementary_or_no_conflict,"One claim specifies the exclusion for 2-4 layer PCBs is extended through May 31, 2025, while the other notes a key exclusion expires in 2025. These are consistent statements regarding the same timeline.",False,local_Qwen_scope_review_not_manual_verification,False,"[""https://www.teamsmt.com/blog/2025-tariffs-reshoring-ems-industry"", ""https://www.teamsmt.com/blog/2025-tariffs-reshoring-ems-industry""]",complementary_or_no_conflict,complementary_or_no_conflict,model_review_provisional,False,,,,,,,
conflict_7073fdc69c3e9c4afce7a092,"[""claim_3a1d3796cb25c1e72b5e70ec"", ""claim_99b6915b79338f62ee8450f5""]","[""q_443""]",complementary_or_no_conflict,"Both claims refer to a proposal for a 10% universal import tariff floated in February 2025. One notes it is under debate, while the other describes it as a proposal from the election cycle; they are consistent.",False,local_Qwen_scope_review_not_manual_verification,False,"[""https://www.teamsmt.com/blog/2025-tariffs-reshoring-ems-industry"", ""https://www.teamsmt.com/blog/2025-tariffs-reshoring-ems-industry""]",complementary_or_no_conflict,complementary_or_no_conflict,model_review_provisional,False,,,,,,,
conflict_f26c677ebfa0500302f98fa2,"[""claim_7b4d307f5c8b10bbd6ad67d8"", ""claim_7c03a556834df3b0ff2c7ad7""]","[""q_444""]",different_products_origins_or_programs,"One claim states a general rate of 25% or higher for electronics components, while the other specifies a minimum 54% duty for Chinese imports including potential additional metal/automotive tariffs. The specific rates and conditions differ.",False,local_Qwen_scope_review_not_manual_verification,False,"[""https://www.bluebayautomation.com/blog/automation-news-updates-11/impact-of-tariffs-on-u-s-smb-manufacturers-103"", ""https://www.bluebayautomation.com/blog/automation-news-updates-11/impact-of-tariffs-on-u-s-smb-manufacturers-103""]",different_products_origins_or_programs,different_products_origins_or_programs,model_review_provisional,False,,,,,,,
conflict_f971e45d33b145785316303d,"[""claim_1d3c0463abe24d8798e50739"", ""claim_b358192358f2218f72526864""]","[""q_444""]",complementary_or_no_conflict,"Both claims describe the USMCA mechanism where a 25% tariff applies only to non-U.S. content, with implementation pending a process establishment by the Secretary of Commerce. The details are consistent.",False,local_Qwen_scope_review_not_manual_verification,False,"[""https://www.whitehouse.gov/fact-sheets/2025/03/fact-sheet-president-donald-j-trump-adjusts-imports-of-automobiles-and-automobile-parts-into-the-united-states"", ""https://www.whitehouse.gov/fact-sheets/2025/03/fact-sheet-president-donald-j-trump-adjusts-imports-of-automobiles-and-automobile-parts-into-the-united-states""]",complementary_or_no_conflict,complementary_or_no_conflict,model_review_provisional,False,,,,,,,
conflict_56254597646f6e55f9aaee68,"[""claim_665d0913ca3af08893bd8a6c"", ""claim_6ec7160bbfa5375b4ae11a5c""]","[""q_445""]",different_products_origins_or_programs,"Claims reference different HTS classifications (8528.59.25xx vs 9013.80.90) for potentially distinct product scopes ('Automotive display modules without SoCs' vs 'Certain display modules'), indicating differing classification criteria rather than a direct contradiction.",False,local_Qwen_scope_review_not_manual_verification,False,"[""https://omdia.tech.informa.com/om135783/display-dynamics--may-2025-us-automotive-tariff-analysis-and-its-impact-on-automotive-displays"", ""https://microtipsusa.com/navigating-u-s-tariffs-understanding-monitoring-and-minimizing-risk-for-tft-lcd-display-imports-from-china""]",different_products_origins_or_programs,different_products_origins_or_programs,model_review_provisional,False,,,,,,,
conflict_85dcfb56cc78b56eb642ddf1,"[""claim_c735ea79ff1ccac4072fed3b"", ""claim_ec9e91e60338d9d0a0e7531f""]","[""q_446""]",different_products_origins_or_programs,"Claims cite different HTS headings (8531 vs 8528.59.25) for distinct product descriptions ('LCD indicator panels' vs 'LCD display module'), suggesting classification differences based on specific product features rather than a conflict.",False,local_Qwen_scope_review_not_manual_verification,False,"[""https://www.customsmobile.com/rulings/docview?doc_id=HQ+H325872&highlight=category%3AClassification"", ""https://www.customsmobile.com/rulings/docview?doc_id=HQ+H325872&highlight=category%3AClassification""]",different_products_origins_or_programs,different_products_origins_or_programs,model_review_provisional,False,,,,,,,
conflict_47b8e0e4dbfd50159bf8dc4b,"[""claim_a79d12636c8b91a8d8f5b549"", ""claim_f06e6eebac352f909c42817b""]","[""q_447""]",complementary_or_no_conflict,"A 2019 investigation supplied the stated rationale for tariffs imposed in 2025. Investigation date and imposition date describe different events, not incompatible tariff dates. The national-security finding is not a rule of origin. Neither passage establishes display-specific or company-specific exposure.",False,assistant_direct_source_context_review,False,"[""https://www.congress.gov/crs-product/IN12545"", ""https://www.congress.gov/crs-product/IN12545""]",different_dates_or_policy_stages,different_dates_or_policy_stages,manual_cached_context_review,False,displays,MC08,assistant_direct_source_context_review,True,not_established,False,True
conflict_a33076fac697e33f8f7acbd3,"[""claim_be80e0e934ad712be5671a82"", ""claim_cb8d0b34638cb1159453a307""]","[""q_447""]",complementary_or_no_conflict,"Claims describe tariff rates for different trading partners (UK at 10% vs EU/Japan/South Korea at 15%), which are complementary details regarding distinct bilateral agreements rather than contradictory statements.",False,local_Qwen_scope_review_not_manual_verification,False,"[""https://www.congress.gov/crs-product/IN12545"", ""https://www.congress.gov/crs-product/IN12545""]",complementary_or_no_conflict,complementary_or_no_conflict,model_review_provisional,False,,,,,,,
conflict_23733d2c2687a77d2ca23694,"[""claim_10a5b29a1717137ebed46c65"", ""claim_66e8cba0b297ce63d139c3ea""]","[""q_448""]",complementary_or_no_conflict,"Claims describe the same policy action: a 25% tariff under Section 232 with a specific USMCA compliance process, where one details the mechanism and the other confirms the rate and legal authority.",False,local_Qwen_scope_review_not_manual_verification,False,"[""https://www.whitehouse.gov/fact-sheets/2025/03/fact-sheet-president-donald-j-trump-adjusts-imports-of-automobiles-and-automobile-parts-into-the-united-states"", ""https://www.whitehouse.gov/fact-sheets/2025/03/fact-sheet-president-donald-j-trump-adjusts-imports-of-automobiles-and-automobile-parts-into-the-united-states""]",complementary_or_no_conflict,complementary_or_no_conflict,model_review_provisional,False,,,,,,,
conflict_1d8cb73bcabcb27909e5ebeb,"[""claim_1d3c0463abe24d8798e50739"", ""claim_2a30503b1002b59ad8290200""]","[""q_448""]",complementary_or_no_conflict,"Claims are consistent; one outlines the certification mechanism for USMCA content, while the other defines the specific products subject to the 25% tariff, together describing a single policy framework.",False,local_Qwen_scope_review_not_manual_verification,False,"[""https://www.whitehouse.gov/fact-sheets/2025/03/fact-sheet-president-donald-j-trump-adjusts-imports-of-automobiles-and-automobile-parts-into-the-united-states"", ""https://www.whitehouse.gov/fact-sheets/2025/03/fact-sheet-president-donald-j-trump-adjusts-imports-of-automobiles-and-automobile-parts-into-the-united-states""]",complementary_or_no_conflict,complementary_or_no_conflict,model_review_provisional,False,,,,,,,
conflict_73390652833b51f737c9759e,"[""claim_2dcb9593e8bccfc0ad5757f0"", ""claim_3da010556c81cd6cb386b12c""]","[""q_448""]",complementary_or_no_conflict,"Claims describe the same offset mechanism: one establishes eligibility for an 'import adjustment offset' and the other specifies the calculation rate (3.75%) based on MSRP, representing complementary details.",False,local_Qwen_scope_review_not_manual_verification,False,"[""https://www.thompsonhinesmartrade.com/2025/04/white-house-amends-automobile-parts-tariffs-to-ease-burden-on-u-s-automakers"", ""https://www.thompsonhinesmartrade.com/2025/04/white-house-amends-automobile-parts-tariffs-to-ease-burden-on-u-s-automakers""]",complementary_or_no_conflict,complementary_or_no_conflict,model_review_provisional,False,,,,,,,
conflict_5a3eff5534fbdf6cb1ce5bb3,"[""claim_3da010556c81cd6cb386b12c"", ""claim_c3ad754cabf7b5846920b84e""]","[""q_448""]",different_dates_or_policy_stages,"Claims cite different credit percentages (3.75% vs 2.5%) which the source text explains correspond to different time periods (2025-26 vs 2026-27) based on varying non-U.S. content thresholds, indicating a staged policy.",False,local_Qwen_scope_review_not_manual_verification,False,"[""https://www.thompsonhinesmartrade.com/2025/04/white-house-amends-automobile-parts-tariffs-to-ease-burden-on-u-s-automakers"", ""https://www.thompsonhinesmartrade.com/2025/04/white-house-amends-automobile-parts-tariffs-to-ease-burden-on-u-s-automakers""]",different_dates_or_policy_stages,different_dates_or_policy_stages,model_review_provisional,False,,,,,,,
conflict_a3b3ea1e98f6a7dcd4c6fec3,"[""claim_1d3c0463abe24d8798e50739"", ""claim_5ebe3a12688f84cd74759afa""]","[""q_448""]",complementary_or_no_conflict,"Claims align on the core policy that 25% tariffs apply only to non-U.S. content for USMCA importers, with one detailing the certification opportunity and the other confirming the application of the rate.",False,local_Qwen_scope_review_not_manual_verification,False,"[""https://www.whitehouse.gov/fact-sheets/2025/03/fact-sheet-president-donald-j-trump-adjusts-imports-of-automobiles-and-automobile-parts-into-the-united-states"", ""https://www.thompsonhinesmartrade.com/2025/04/white-house-amends-automobile-parts-tariffs-to-ease-burden-on-u-s-automakers""]",complementary_or_no_conflict,complementary_or_no_conflict,model_review_provisional,False,,,,,,,
conflict_efce99ace68664b2c44e79d6,"[""claim_85870720dd041507ba4d4d39"", ""claim_a46c5248a7d6bbd1804050c6""]","[""q_449""]",complementary_or_no_conflict,"Both claims describe the same Presidential Proclamation 10908 imposing a 25% tariff on HTS 8703 vehicles effective April 3, 2025, with consistent details on legal authority and rates.",False,local_Qwen_scope_review_not_manual_verification,False,"[""https://gingercontrol.com/blog/hts-classification-auto-parts"", ""https://gingercontrol.com/blog/hts-classification-auto-parts""]",complementary_or_no_conflict,complementary_or_no_conflict,model_review_provisional,False,,,,,,,
conflict_3006918365a6040d0e6eb4c7,"[""claim_a46c5248a7d6bbd1804050c6"", ""claim_da5050a10fdf74974a04d1f4""]","[""q_449""]",complementary_or_no_conflict,"Both claims describe the same Presidential Proclamation 10908, effective April 3, 2025, imposing a 25% tariff on passenger vehicles under HTS 8703. The details are identical in scope and date.",False,local_Qwen_scope_review_not_manual_verification,False,"[""https://gingercontrol.com/blog/hts-classification-auto-parts"", ""https://gingercontrol.com/blog/hts-classification-auto-parts""]",complementary_or_no_conflict,complementary_or_no_conflict,model_review_provisional,False,,,,,,,
conflict_316b0cfac3e8ebe3690def07,"[""claim_36c0db4091ca69829051efff"", ""claim_f598287e36856d2ffddaba7e""]","[""q_450""]",different_dates_or_policy_stages,"One claim states the tariff on automotive parts applies starting May 3, while the other states the tariff on automobiles (sedans, SUVs, etc.) applies April 3. These refer to different product categories with staggered effective dates.",False,local_Qwen_scope_review_not_manual_verification,False,"[""https://www.supplychaindive.com/news/trump-automotive-tariffs/743656"", ""https://www.supplychaindive.com/news/trump-automotive-tariffs/743656""]",different_dates_or_policy_stages,different_dates_or_policy_stages,model_review_provisional,False,,,,,,,
conflict_cd3d800da898f2c88eac037b,"[""claim_64ffb7369144487aa926c21c"", ""claim_6695e1b10d831f211a3807e5""]","[""q_450""]",different_dates_or_policy_stages,"Claims distinguish between tariffs on foreign vehicles (already in effect) and tariffs on parts (enacted no later than May 3, 2025). The dates and product scopes differ, indicating a staged implementation rather than a conflict.",False,local_Qwen_scope_review_not_manual_verification,False,"[""https://www.supplychaindive.com/news/trump-automotive-tariffs/743656"", ""https://www.cars.com/articles/how-trumps-proposed-25-tariffs-on-automobiles-automotive-parts-will-affect-you-506395""]",different_dates_or_policy_stages,different_dates_or_policy_stages,model_review_provisional,False,,,,,,,
conflict_79d1cb17a9eb0e4a3933649f,"[""claim_3e4052016b7c68f36bfa9156"", ""claim_6e963dc503769d35298e55bc""]","[""q_451""]",complementary_or_no_conflict,"Both claims confirm the tariff on fully assembled vehicles took effect April 3, 2025, and the tariff on auto parts takes effect May 3, 2025. The information is consistent across both sources.",False,local_Qwen_scope_review_not_manual_verification,False,"[""https://www.asashop.org/2025/04/04/understanding-the-new-tariffs-and-their-potential-impact-on-auto-repairers"", ""https://www.customsmanager.info/post/us-tariffs-on-auto-parts-customs-manager""]",complementary_or_no_conflict,complementary_or_no_conflict,model_review_provisional,False,,,,,,,
conflict_e92380a20a0fe84a6ce74ef8,"[""claim_88c54c312cd7a8bd7c1574eb"", ""claim_ce1a830657c56e2f0ffe6bbe""]","[""q_451""]",different_products_origins_or_programs,"One claim specifies a 25% tariff on parts of passenger vehicles and light trucks effective May 3, 2025. The other discusses the applicability of duties to non-US components regardless of origin (Canada/Mexico). They address different aspects (product scope vs. origin exemptions) without contradiction.",False,local_Qwen_scope_review_not_manual_verification,False,"[""https://content.govdelivery.com/accounts/USDHSCBP/bulletins/3de7ef9"", ""https://www.customsmanager.info/post/us-tariffs-on-auto-parts-customs-manager""]",different_products_origins_or_programs,different_products_origins_or_programs,model_review_provisional,False,,,,,,,
conflict_0a205af41fd7e0f6ee531b99,"[""claim_728023eebe3c5912ecddbe54"", ""claim_dbc0103d92bf79647ea9341c""]","[""q_454""]",different_dates_or_policy_stages,One claim refers to potential reinstatement or reclassification of duties in 2024/early 2025 under Section 301. The other references historical duty rates (7.5% to 25%) effective from 2018. These represent different policy stages and timeframes.,False,local_Qwen_scope_review_not_manual_verification,False,"[""https://microtipsusa.com/navigating-u-s-tariffs-understanding-monitoring-and-minimizing-risk-for-tft-lcd-display-imports-from-china"", ""https://microtipsusa.com/navigating-u-s-tariffs-understanding-monitoring-and-minimizing-risk-for-tft-lcd-display-imports-from-china""]",different_dates_or_policy_stages,different_dates_or_policy_stages,model_review_provisional,False,,,,,,,
conflict_3804347a5bce362bc234acbf,"[""claim_8cf0a6112e2c2bf146c0ca47"", ""claim_ffb63b84c66c83e2e7f3e1d6""]","[""q_456""]",different_dates_or_policy_stages,"One claim broadly states tariffs were imposed in 2025. The other specifies distinct effective dates: April 2025 for vehicle imports and May 2025 for certain automobile parts, along with USMCA exemptions. The specific dates clarify the broader statement.",False,local_Qwen_scope_review_not_manual_verification,False,"[""https://www.congress.gov/crs-product/IN12545"", ""https://www.congress.gov/crs-product/IN12545""]",different_dates_or_policy_stages,different_dates_or_policy_stages,model_review_provisional,False,,,,,,,
conflict_2da1361701ea4fcc166400de,"[""claim_aae340ff52f3a36cdc438396"", ""claim_b85440da73598fcef57182bf""]","[""q_456""]",complementary_or_no_conflict,"Both claims confirm that Section 232 duties on auto parts for passenger vehicles and light trucks became effective May 3, 2025. One adds that these are exempt from reciprocal duties effective April 5, 2025, which is consistent with the specific timing of the Section 232 duty.",False,local_Qwen_scope_review_not_manual_verification,False,"[""https://www.trade.gov/press-release/department-commerce-announces-new-auto-tariff-offset-process"", ""https://www.cbp.gov/trade/programs-administration/entry-summary/section-232-additional-faqs-autos""]",complementary_or_no_conflict,complementary_or_no_conflict,model_review_provisional,False,,,,,,,
conflict_c6ab25d72b7e424763144248,"[""claim_6ab4d6ddffbf06994f5e6082"", ""claim_b85440da73598fcef57182bf""]","[""q_456""]",complementary_or_no_conflict,"Both claims describe the same HTSUS heading 9903.01.33 exemption for auto parts subject to Section 232 duties. One states the exemption applies, and the other confirms that specific parts are not subject to reciprocal duties under that heading.",False,local_Qwen_scope_review_not_manual_verification,False,"[""https://www.cbp.gov/trade/programs-administration/entry-summary/section-232-additional-faqs-autos"", ""https://www.cbp.gov/trade/programs-administration/entry-summary/section-232-additional-faqs-autos""]",complementary_or_no_conflict,complementary_or_no_conflict,model_review_provisional,False,,,,,,,
conflict_59d1dfa01c4ebd3b6029d363,"[""claim_d657e93da637a61c8c10690c"", ""claim_ffb63b84c66c83e2e7f3e1d6""]","[""q_456""]",complementary_or_no_conflict,One claim details the eligibility of USMCA-qualifying auto parts for HTS 9903.94.06 preferential treatment. The other confirms that USMCA-compliant auto parts are exempt from the 25% tariff effective May 2025. These describe compatible exemption mechanisms.,False,local_Qwen_scope_review_not_manual_verification,False,"[""https://www.cbp.gov/trade/programs-administration/entry-summary/section-232-additional-faqs-autos"", ""https://www.congress.gov/crs-product/IN12545""]",complementary_or_no_conflict,complementary_or_no_conflict,model_review_provisional,False,,,,,,,
conflict_92b0a38ca066cd34658a506b,"[""claim_60bd21591628a7a8e4991de3"", ""claim_f284da24e78e558e7c60a0d2""]","[""q_456""]",complementary_or_no_conflict,"Claim 1 defines the scope of commercial vehicles under HTS 9903.94.01 subject to Section 232 duties, while Claim 2 lists specific subheadings (8704.x) for light trucks also subject to duties; these describe the same program's application to overlapping product categories without contradiction.",False,local_Qwen_scope_review_not_manual_verification,False,"[""https://www.cbp.gov/trade/programs-administration/entry-summary/section-232-additional-faqs-autos"", ""https://www.cbp.gov/trade/programs-administration/entry-summary/section-232-additional-faqs-autos""]",complementary_or_no_conflict,complementary_or_no_conflict,model_review_provisional,False,,,,,,,
conflict_a65477ecf649cf6525ec4d8e,"[""claim_265ea4e91b1b11f18e3c94a0"", ""claim_6376e52af9c3f7b865f74258""]","[""q_458""]",different_products_origins_or_programs,"Claim 1 concerns stereoscopic display models with US origin for procurement, whereas Claim 2 concerns LED display panels with Taiwan origin; the products and specific rulings differ, so no conflict exists.",False,local_Qwen_scope_review_not_manual_verification,False,"[""https://rulings.cbp.gov/ruling/H015324"", ""https://www.strtrade.com/trade-news-resources/str-trade-report/trade-report/june/cbp-rules-on-origin-of-led-display-panels""]",different_products_origins_or_programs,different_products_origins_or_programs,model_review_provisional,False,,,,,,,
conflict_b0ef5c2525a4468c9a93ac01,"[""claim_028b7f1105bf240bab714fc4"", ""claim_eaa9e638c497c4b96a16ffbf""]","[""q_459""]",complementary_or_no_conflict,"Claim 1 describes a provisional 15% tariff on vehicle imports and parts effective August 1, while Claim 2 describes an extension of 50% steel/aluminum tariffs to specific car parts in August; these address different tariff programs (vehicle vs. material) and can coexist.",False,local_Qwen_scope_review_not_manual_verification,False,"[""https://www.automotivelogistics.media/supply-chain/tariff-analysis-deep-dive-the-most-important-changes-for-the-auto-industry/663875"", ""https://www.automotivelogistics.media/supply-chain/tariff-analysis-deep-dive-the-most-important-changes-for-the-auto-industry/663875""]",complementary_or_no_conflict,complementary_or_no_conflict,model_review_provisional,False,,,,,,,
conflict_9b1377faccbd989d1725a60d,"[""claim_38d8e71ff2cc691b45665250"", ""claim_c0353fc95beeb129ae1a94bd""]","[""q_461""]",complementary_or_no_conflict,Deterministic exact normalized quotation identity; current applicability remains unverified.,False,local_Qwen_scope_review_not_manual_verification,False,"[""https://finance.yahoo.com/news/cargo-surge-amid-tariff-turmoil-144757802.html"", ""https://www.wabe.org/cargo-surge-amid-tariff-turmoil-drives-the-port-of-savannah-to-its-2nd-busiest-year""]",complementary_or_no_conflict,complementary_or_no_conflict,exact_quote_identity_check,False,,,,,,,
conflict_a22b3661219468d15d6ff58f,"[""claim_79040501f75d79e2f0ec0e86"", ""claim_8d67186055b32a2f6d526b4b""]","[""q_461""]",complementary_or_no_conflict,Both claims describe the same causal link between President Trump's return to office in January and a surge in cargo due to promised heavy tariffs; they are consistent.,False,local_Qwen_scope_review_not_manual_verification,False,"[""https://www.wabe.org/cargo-surge-amid-tariff-turmoil-drives-the-port-of-savannah-to-its-2nd-busiest-year"", ""https://finance.yahoo.com/news/cargo-surge-amid-tariff-turmoil-144757802.html""]",complementary_or_no_conflict,complementary_or_no_conflict,model_review_provisional,False,,,,,,,
conflict_9ce5c36d1c519a273ec0dd0b,"[""claim_6926953d440c82d66bc1862d"", ""claim_d027b0cd4f18e7ffb0b0ff8a""]","[""q_461""]",complementary_or_no_conflict,Deterministic exact normalized quotation identity; current applicability remains unverified.,False,local_Qwen_scope_review_not_manual_verification,False,"[""https://finance.yahoo.com/news/cargo-surge-amid-tariff-turmoil-144757802.html"", ""https://www.wabe.org/cargo-surge-amid-tariff-turmoil-drives-the-port-of-savannah-to-its-2nd-busiest-year""]",complementary_or_no_conflict,complementary_or_no_conflict,exact_quote_identity_check,False,,,,,,,
conflict_b71be45caa72b624a3e46d64,"[""claim_1b7b3a82e37059091e7a528e"", ""claim_9507b2ed667bed6966dbb4dd""]","[""q_462""]",different_dates_or_policy_stages,"Claim 1 reports a 50% tariff effective June 4, while Claim 2 reports a restoration of 25% tariffs via proclamations signed 'Yesterday' (relative to the Feb 2025 document); these represent different policy stages or rates at different times.",True,local_Qwen_scope_review_not_manual_verification,False,"[""https://www.bcg.com/publications/2025/june-2025-update-impact-us-tariffs-50-percent-on-steel-aluminum"", ""https://www.whitehouse.gov/fact-sheets/2025/02/fact-sheet-president-donald-j-trump-restores-section-232-tariffs""]",different_dates_or_policy_stages,different_dates_or_policy_stages,model_review_provisional,False,,,,,,,
conflict_c7efb7af70de3e7529497554,"[""claim_1b7b3a82e37059091e7a528e"", ""claim_fea885ff3d312f68ef00ca9f""]","[""q_462""]",different_dates_or_policy_stages,"Claim 1 reports a 50% tariff effective June 4, while Claim 2 references the original March 2018 invocation of Section 232 imposing 25% tariffs; these describe different historical stages of the same program.",False,local_Qwen_scope_review_not_manual_verification,False,"[""https://www.bcg.com/publications/2025/june-2025-update-impact-us-tariffs-50-percent-on-steel-aluminum"", ""https://www.whitehouse.gov/fact-sheets/2025/02/fact-sheet-president-donald-j-trump-restores-section-232-tariffs""]",different_dates_or_policy_stages,different_dates_or_policy_stages,model_review_provisional,False,,,,,,,
conflict_4b01cb37cfdc872bef3ca9ad,"[""claim_1fb197bc421567d4b13ab2d6"", ""claim_f5902beba796c5a6824fed47""]","[""q_463""]",different_products_origins_or_programs,"Claim 1 refers to 50% tariffs on Indian products, while Claim 2 refers to 145% tariffs on Chinese imports; the countries of origin and tariff rates differ.",False,local_Qwen_scope_review_not_manual_verification,False,"[""https://augustabusinessdaily.com/part-2-impact-of-tariffs-on-imports-sales-and-the-georgia-ports"", ""https://www.youtube.com/watch?v=GaFiWuGhJTo""]",different_products_origins_or_programs,different_products_origins_or_programs,model_review_provisional,False,,,,,,,
conflict_c4224c60ab6d7b1efa4817f3,"[""claim_7fb184ced7d27a86d470ea56"", ""claim_fe023bb827ed81215c2c7dbd""]","[""q_464""]",different_dates_or_policy_stages,"Claim 1 reports a 2.2% drop in shipments for fiscal 2025, while Claim 2 reports a 7.5% decline in volume for 2025; the differing percentages and specific metrics (shipments vs. volume) may reflect different reporting periods or scopes within the same year.",True,local_Qwen_scope_review_not_manual_verification,False,"[""https://apnews.com/article/georgia-port-of-savannah-statistics-tariffs-3b7ae80b790d8de9fde4e297ca7d00f9"", ""https://www.savannahnow.com/story/news/local/2026/01/28/georgia-ports-authority-weathers-year-of-tariffs-with-strong-performance/88382339007""]",different_dates_or_policy_stages,different_dates_or_policy_stages,model_review_provisional,False,,,,,,,
conflict_fb1bb3b7bdc1703021a58391,"[""claim_0fef2f438ea732466143ab88"", ""claim_5ac65fe04bd8630f9f391091""]","[""q_466""]",complementary_or_no_conflict,"Both claims state that no drawback is available for duties imposed under the specific Presidential Proclamation. The first is from an official authority and the second specifies the proclamation number (10908) and FRN, confirming they address the same scope without contradiction.",False,local_Qwen_scope_review_not_manual_verification,False,"[""https://www.whitehouse.gov/presidential-actions/2025/03/adjusting-imports-of-automobiles-and-autombile-parts-into-the-united-states"", ""https://content.govdelivery.com/accounts/USDHSCBP/bulletins/3de7ef9""]",complementary_or_no_conflict,complementary_or_no_conflict,model_review_provisional,False,,,,,,,
conflict_c3ab7dffa18f3f056754f3d7,"[""claim_e7afc8d9427a96e6ab8a4d87"", ""claim_f2c978a5819dd2c90435cb62""]","[""q_466""]",complementary_or_no_conflict,"Both claims address the requirement for 'privileged foreign status' for automobiles and parts admitted to FTZs after a specific date, excluding those eligible for 'domestic status'. The first specifies the effective date as the proclamation's effective date, while the second specifies May 3, 2025; these are consistent if the proclamation's effective date is May 3, 2025.",False,local_Qwen_scope_review_not_manual_verification,False,"[""https://www.whitehouse.gov/presidential-actions/2025/03/adjusting-imports-of-automobiles-and-autombile-parts-into-the-united-states"", ""https://content.govdelivery.com/accounts/USDHSCBP/bulletins/3de7ef9""]",complementary_or_no_conflict,complementary_or_no_conflict,model_review_provisional,False,,,,,,,
conflict_3d7a7766a74b50fa664f7777,"[""claim_03f619fb07cd24e7aa51f9ad"", ""claim_dc422b1532b11556e4e4f9c6""]","[""q_467""]",complementary_or_no_conflict,"Both claims state that no duties are due on merchandise exported directly from an FTZ. The first mentions this as a financial incentive, and the second explicitly lists it under 'Duty Elimination'. They describe the same benefit without conflict.",False,local_Qwen_scope_review_not_manual_verification,False,"[""https://rklogisticsgroup.com/ftz-tariff-mitigation-battery-energy-storage"", ""https://www.wtcsavannah.org/foreign-trade-zone-benefits-for-business""]",complementary_or_no_conflict,complementary_or_no_conflict,model_review_provisional,False,,,,,,,
conflict_28ec8b52ecd4623d4d6f08da,"[""claim_003581fe3505122551f29ace"", ""claim_b6a6065337c35f9db1f22fb6""]","[""q_467""]",complementary_or_no_conflict,"Both claims describe the benefit of FTZs regarding duty deferral, reduction, or elimination. The first mentions specific products (lithium-ion batteries) and the general effect, while the second describes the mechanism (admitted duty-free until leaving for consumption). They are consistent.",False,local_Qwen_scope_review_not_manual_verification,False,"[""https://rklogisticsgroup.com/ftz-tariff-mitigation-battery-energy-storage"", ""https://rklogisticsgroup.com/ftz-tariff-mitigation-battery-energy-storage""]",complementary_or_no_conflict,complementary_or_no_conflict,model_review_provisional,False,,,,,,,
conflict_44b584169b7789b4cbece9de,"[""claim_3e38667896c591526b07a1d1"", ""claim_46e529414dbc94e22ecba67f""]","[""q_468""]",different_dates_or_policy_stages,"One claim states a tariff rate increase for non-lithium-ion battery parts occurs 'in 2024', while the other states tariff increases take effect on January 1, 2025. The dates differ, suggesting either different policy stages or conflicting effective dates that require verification.",True,local_Qwen_scope_review_not_manual_verification,False,"[""https://www.wiley.law/alert-Biden-Administration-Seeks-to-Increase-Section-301-Duties-on-Imports-from-China"", ""https://content.govdelivery.com/accounts/USDHSCBP/bulletins/3ca1cf1""]",different_dates_or_policy_stages,different_dates_or_policy_stages,model_review_provisional,False,,,,,,,
conflict_459e9719f365183aca482a5a,"[""claim_46e529414dbc94e22ecba67f"", ""claim_7c3ed294da9e8e1338f9cd93""]","[""q_468""]",different_dates_or_policy_stages,"One claim states the tariff increase for lithium-ion EV batteries occurs 'in 2024', while the other (referencing the same source context) states tariff increases take effect on January 1, 2025. The differing effective dates indicate a potential conflict or progression requiring verification.",True,local_Qwen_scope_review_not_manual_verification,False,"[""https://content.govdelivery.com/accounts/USDHSCBP/bulletins/3ca1cf1"", ""https://www.wiley.law/alert-Biden-Administration-Seeks-to-Increase-Section-301-Duties-on-Imports-from-China""]",different_dates_or_policy_stages,different_dates_or_policy_stages,model_review_provisional,False,,,,,,,
conflict_fdfd98b5dd3104e9916231cc,"[""claim_13ee4278b98b7da760a23de7"", ""claim_5641f7967979db2ed56cc191""]","[""q_469""]",apparent_same_scope_conflict,"One claim states EV lithium-ion batteries are subject to a 25% tariff from January 1, 2025. The other claims the Section 301 action kept rates at 7.5 to 25 percent but does not specify the new rate for batteries in the same context, creating an apparent conflict on the specific rate applied to that product versus the general range.",True,local_Qwen_scope_review_not_manual_verification,False,"[""https://www.platton.ai/insights/warehouse-and-fulfilment/mitigating-tariff-impacts-bonded-warehouses-ftz"", ""https://www.platton.ai/insights/warehouse-and-fulfilment/mitigating-tariff-impacts-bonded-warehouses-ftz""]",apparent_same_scope_conflict,apparent_same_scope_conflict,model_review_provisional,False,,,,,,,
conflict_6b34580cad6c6d6dae7f0a1e,"[""claim_3bbbf600bcb6e13d3d5bde25"", ""claim_e96052c1a30f027ed5f57c94""]","[""q_470""]",complementary_or_no_conflict,Both claims state that Section 301 duties are recoverable through drawback up to 99 percent and that no proclamation bars it. They are identical in substance and scope.,False,local_Qwen_scope_review_not_manual_verification,False,"[""https://gingercontrol.com/resources/duty-drawback"", ""https://gingercontrol.com/resources/duty-drawback""]",complementary_or_no_conflict,complementary_or_no_conflict,model_review_provisional,False,,,,,,,
conflict_9bf985b7889db1093e9a97f3,"[""claim_d614cb9f85293c735bb7590a"", ""claim_fb861afa60932db092282016""]","[""q_471""]",complementary_or_no_conflict,"Both claims state that failure to export or destroy goods within the required period results in liquidated damages. The first is from an official authority, and the second specifies the amount as typically twice the estimated duties, which is a consistent elaboration.",False,local_Qwen_scope_review_not_manual_verification,False,"[""https://www.cbp.gov/trade/programs-administration/entry-summary-and-post-release-processes/temporary-importation-under-bond"", ""https://www.customsmanager.info/post/us-tib-temporary-imports-under-bond""]",complementary_or_no_conflict,complementary_or_no_conflict,model_review_provisional,False,,,,,,,
conflict_ae16fcf4c1401d7f53af5de1,"[""claim_12a44833e9bcd8e52e93bde4"", ""claim_3cfb44f0b2ca5518534bcf24""]","[""q_473""]",complementary_or_no_conflict,"Both claims cite legal precedents establishing that classification rests on the condition as imported. The first cites Carrington Co., and the second cites Simod America Corp., noting an exception for fraud. They are consistent legal principles.",False,local_Qwen_scope_review_not_manual_verification,False,"[""https://scalirasmussen.com/insight/2025/02/25/tariff-engineering"", ""https://scalirasmussen.com/insight/2025/02/25/tariff-engineering""]",complementary_or_no_conflict,complementary_or_no_conflict,model_review_provisional,False,,,,,,,
conflict_1bc1d78091311dd85dcf8796,"[""claim_3ff049100bbe98cd71a14d73"", ""claim_79899bfb5bc501811d486e18""]","[""q_473""]",different_products_origins_or_programs,"Claim 1 describes a specific enforcement action against Ford for false declarations regarding vehicle reclassification, while Claim 2 cites a court case (Merritt v. Welsh) establishing tariff engineering as an acceptable practice generally; these address specific penalties versus general legal principles.",True,local_Qwen_scope_review_not_manual_verification,False,"[""https://www.pwc.ch/en/insights/custom-ised/tariff-engineering-customs-optimisation.html"", ""https://scalirasmussen.com/insight/2025/02/25/tariff-engineering""]",different_products_origins_or_programs,different_products_origins_or_programs,model_review_provisional,False,,,,,,,
conflict_93751ecc3dfc7952efe76bd6,"[""claim_4b607639a630dfe9aab30b51"", ""claim_a6cdf42442a3d5377b56cda0""]","[""q_473""]",complementary_or_no_conflict,Claim 1 details the tariff engineering method (installing seats to lower rates from 25% to 2.5%) and Claim 2 states the financial settlement amount ($365 million) resulting from that dispute; they describe different aspects of the same event.,True,local_Qwen_scope_review_not_manual_verification,False,"[""https://www.pwc.ch/en/insights/custom-ised/tariff-engineering-customs-optimisation.html"", ""https://scalirasmussen.com/insight/2025/02/25/tariff-engineering""]",complementary_or_no_conflict,complementary_or_no_conflict,model_review_provisional,False,,,,,,,
conflict_3ceac8799c018cc9865e0219,"[""claim_bcf32fcb59aa6b44dac6041d"", ""claim_cf7c8ffe65a67501fbae49de""]","[""q_473""]",complementary_or_no_conflict,Claim 1 describes the settlement terms (payment and future rulings) while Claim 2 provides background on the manufacturing origin (Turkey); both facts are compatible and describe different facets of the Ford case.,True,local_Qwen_scope_review_not_manual_verification,False,"[""https://www.pwc.ch/en/insights/custom-ised/tariff-engineering-customs-optimisation.html"", ""https://scalirasmussen.com/insight/2025/02/25/tariff-engineering""]",complementary_or_no_conflict,complementary_or_no_conflict,model_review_provisional,False,,,,,,,
conflict_89d44a54b99294cf6b7e158f,"[""claim_3b0c5aa321b3b624b856b937"", ""claim_9640e77589a6b57234a13e5f""]","[""q_473""]",complementary_or_no_conflict,"Claim 1 notes fines and reclassifications for pick-up trucks in Switzerland, while Claim 2 cites the HS Committee's definition that pick-ups are not goods transport vehicles; the definition supports the context of the reclassifications.",True,local_Qwen_scope_review_not_manual_verification,False,"[""https://www.pwc.ch/en/insights/custom-ised/tariff-engineering-customs-optimisation.html"", ""https://www.pwc.ch/en/insights/custom-ised/tariff-engineering-customs-optimisation.html""]",complementary_or_no_conflict,complementary_or_no_conflict,model_review_provisional,False,,,,,,,
conflict_266a2a776ce073b760c6d67d,"[""claim_6855560ba5b2d7d5d210b23d"", ""claim_9ff0feb7f32297e1d91e037d""]","[""q_474""]",different_dates_or_policy_stages,"Claim 1 states an implementation effective August 7, 2025, while Claim 2 describes a preliminary indication under trade agreements; the specific effective date represents a later stage than the general indication.",True,local_Qwen_scope_review_not_manual_verification,False,"[""https://www.e2open.com/blog/navigating-the-transshipment-crisis"", ""https://www.strtrade.com/trade-news-resources/str-trade-report/trade-report/september/cbp-identifies-red-flags-best-practices-on-transshipping""]",different_dates_or_policy_stages,different_dates_or_policy_stages,model_review_provisional,False,,,,,,,
conflict_41d1eb6ffdefae635296fc4e,"[""claim_08ff06926ad3fb5a2c67d8ac"", ""claim_e7bc12cb626624b0ec81e403""]","[""q_475""]",different_products_origins_or_programs,"Claim 1 discusses the utility of price adjustment clauses as a contractual safety valve, while Claim 2 reports supplier intent to pass through 100% of tariff impacts; one is about contract terms and the other about market behavior.",True,local_Qwen_scope_review_not_manual_verification,False,"[""https://www.docusign.com/blog/tariffs-impact-8-important-clauses-to-check-for-in-your-supplier-agreements"", ""https://www.eatonvance.com/insights/articles/how-do-automotive-tariffs-impact-the-auto-corporate-sector.html""]",different_products_origins_or_programs,different_products_origins_or_programs,model_review_provisional,False,,,,,,,
conflict_80c063aa6944a709c0ef2fd2,"[""claim_6c42dea0c8cf670975e22bb9"", ""claim_d7fe3e06a5f7841ec1ec9efa""]","[""q_475""]",complementary_or_no_conflict,"Claim 1 states Tier 2 and 3 suppliers will struggle with tariff impacts, while Claim 2 notes OEMs may need to support struggling critical suppliers; these claims describe the same supply chain dynamic from different perspectives.",True,local_Qwen_scope_review_not_manual_verification,False,"[""https://www.eatonvance.com/insights/articles/how-do-automotive-tariffs-impact-the-auto-corporate-sector.html"", ""https://www.eatonvance.com/insights/articles/how-do-automotive-tariffs-impact-the-auto-corporate-sector.html""]",complementary_or_no_conflict,complementary_or_no_conflict,model_review_provisional,False,,,,,,,
conflict_9e594e4eb601323485aeba0a,"[""claim_09aafdefb421cf062a3c402b"", ""claim_44aedcbe21306bdbe3c42eb7""]","[""q_476""]",different_dates_or_policy_stages,"Claim 1 cites an October 14, 2025 effective date for a 100% tariff on cranes, while Claim 2 references an April 17, 2025 determination; the later date represents a modification or finalization of the earlier determination.",True,local_Qwen_scope_review_not_manual_verification,False,"[""https://ustr.gov/about/policy-offices/press-office/press-releases/2025/october/ustr-modifies-certain-aspects-section-301-ships-action-and-proposes-further-modifications-action"", ""https://ustr.gov/sites/default/files/files/Press/Releases/2025/301%20Ships%20Action%20Mod%20FRN.pdf""]",different_dates_or_policy_stages,different_dates_or_policy_stages,model_review_provisional,False,,,,,,,
conflict_b6e969e36512cc29b2b8e906,"[""claim_05a82eb4e975a0df5e77df29"", ""claim_0f00d987a85c219547b30dd4""]","[""q_476""]",complementary_or_no_conflict,"Claim 1 describes the imposition of tariffs on specific equipment types, and Claim 2 references the specific Annex V.B adding these items to the tariff schedule; they describe the same regulatory action.",True,local_Qwen_scope_review_not_manual_verification,False,"[""https://ustr.gov/sites/default/files/files/Press/Releases/2025/301%20Ships%20Action%20Mod%20FRN.pdf"", ""https://ustr.gov/sites/default/files/files/Press/Releases/2025/301%20Ships%20Action%20Mod%20FRN.pdf""]",complementary_or_no_conflict,complementary_or_no_conflict,model_review_provisional,False,,,,,,,
conflict_90bf35e928044ee2c0172674,"[""claim_7969f3829a7336ee3009ca33"", ""claim_7db67bc00acfe03b44d35c67""]","[""q_476""]",different_products_origins_or_programs,"Claim 1 specifies a tariff of up to 150% on certain cargo handling equipment, while Claim 2 specifies a 100% duty on ship-to-shore cranes and other equipment; these refer to different duty rates applied to overlapping but distinct product scopes within the action.",True,local_Qwen_scope_review_not_manual_verification,False,"[""https://ustr.gov/about/policy-offices/press-office/press-releases/2025/october/ustr-modifies-certain-aspects-section-301-ships-action-and-proposes-further-modifications-action"", ""https://ustr.gov/sites/default/files/files/Press/Releases/2025/301%20Ships%20Action%20Mod%20FRN.pdf""]",different_products_origins_or_programs,different_products_origins_or_programs,model_review_provisional,False,,,,,,,
conflict_08e0064bdbde13590c8ce589,"[""claim_a987657dd578c7f23caf9ae2"", ""claim_ad1515d8d2dfa6dcd1bd6b77""]","[""q_476""]",complementary_or_no_conflict,"Both claims describe the same product (Automatic Stacking Crane), HTS code (8426.19.00), and tariff rate (Up to 150%) from the same document source without contradictory details.",False,local_Qwen_scope_review_not_manual_verification,False,"[""https://ustr.gov/sites/default/files/files/Press/Releases/2025/301%20Ships%20Action%20Mod%20FRN.pdf"", ""https://ustr.gov/sites/default/files/files/Press/Releases/2025/301%20Ships%20Action%20Mod%20FRN.pdf""]",complementary_or_no_conflict,complementary_or_no_conflict,model_review_provisional,False,,,,,,,
conflict_d632409708d5598549ae940c,"[""claim_e9dd554815d0668e1be91f87"", ""claim_fcef43e36427457b5ce8aabb""]","[""q_476""]",complementary_or_no_conflict,"Claim 1 states an exemption for STS cranes under contracts prior to April 17, 2025 entering before April 18, 2027. Claim 2 provides the specific exclusion language for subheading 8426.19.00 (ASCs) fulfilling similar contract conditions, confirming the same scope.",False,local_Qwen_scope_review_not_manual_verification,False,"[""https://ustr.gov/sites/default/files/files/Press/Releases/2025/301%20Ships%20Action%20Mod%20FRN.pdf"", ""https://ustr.gov/sites/default/files/files/Press/Releases/2025/301%20Ships%20Action%20Mod%20FRN.pdf""]",complementary_or_no_conflict,complementary_or_no_conflict,model_review_provisional,False,,,,,,,
conflict_17ebd7f6fa78d95926d13d3e,"[""claim_078a9d9dcb5d22322951d5ef"", ""claim_27ffd97a434e824f31c041f3""]","[""q_477""]",complementary_or_no_conflict,"Both claims refer to Lithium-ion batteries for electric vehicles (HTS 8507.60.0010) with a 25% rate effective in 2024 from the same document, showing consistent scope and timing.",False,local_Qwen_scope_review_not_manual_verification,False,"[""https://ustr.gov/sites/default/files/Section%20301%20Modifications%20Determination%20FRN%20(Sept%2012%202024)%20(FINAL).pdf"", ""https://ustr.gov/sites/default/files/Section%20301%20Modifications%20Determination%20FRN%20(Sept%2012%202024)%20(FINAL).pdf""]",complementary_or_no_conflict,complementary_or_no_conflict,model_review_provisional,False,,,,,,,
conflict_1bbe7f0ddede32cdbfda34fc,"[""claim_1770535bbd27c3bbd7958eba"", ""claim_25f7ae794f7c3b0461347566""]","[""q_477""]",complementary_or_no_conflict,"Both claims address Lithium-ion non-electrical vehicle batteries (HTS 8507.60.0020) with a 25% rate effective in 2026, confirming identical scope and timing.",False,local_Qwen_scope_review_not_manual_verification,False,"[""https://ustr.gov/sites/default/files/USTR%20FRN%20Four%20Year%20Review%20Proposed%20Modifications%205.22.pdf"", ""https://ustr.gov/sites/default/files/Section%20301%20Modifications%20Determination%20FRN%20(Sept%2012%202024)%20(FINAL).pdf""]",complementary_or_no_conflict,complementary_or_no_conflict,model_review_provisional,False,,,,,,,
conflict_514af631a9331f6c84acdb96,"[""claim_1770535bbd27c3bbd7958eba"", ""claim_2698904000c113653a1ad4de""]","[""q_477""]",complementary_or_no_conflict,"Both claims describe the same product (Lithium-ion non-electrical vehicle batteries), HTS code (8507.60.0020), rate (25%), and effective date (2026) without contradiction.",False,local_Qwen_scope_review_not_manual_verification,False,"[""https://ustr.gov/sites/default/files/USTR%20FRN%20Four%20Year%20Review%20Proposed%20Modifications%205.22.pdf"", ""https://ustr.gov/sites/default/files/Section%20301%20Modifications%20Determination%20FRN%20(Sept%2012%202024)%20(FINAL).pdf""]",complementary_or_no_conflict,complementary_or_no_conflict,model_review_provisional,False,,,,,,,
conflict_c080b59cffbcec94e0435f9a,"[""claim_6ee7818d141ed9fc340a58bb"", ""claim_774c049bfc281c384f8dda25""]","[""q_477""]",complementary_or_no_conflict,"Both claims identify the same product (Lithium-ion batteries for EVs), rate (25%), and effective date (2024) with consistent descriptions.",False,local_Qwen_scope_review_not_manual_verification,False,"[""https://ustr.gov/sites/default/files/USTR%20FRN%20Four%20Year%20Review%20Proposed%20Modifications%205.22.pdf"", ""https://ustr.gov/sites/default/files/Section%20301%20Modifications%20Determination%20FRN%20(Sept%2012%202024)%20(FINAL).pdf""]",complementary_or_no_conflict,complementary_or_no_conflict,model_review_provisional,False,,,,,,,
conflict_15630072120f8c17ae210c93,"[""claim_451e3fe3bfceef2c644c9c1a"", ""claim_7fab67b5b4e8b8ae1c6bcf83""]","[""q_478""]",complementary_or_no_conflict,Deterministic exact normalized quotation identity; current applicability remains unverified.,False,local_Qwen_scope_review_not_manual_verification,False,"[""https://ustr.gov/about/policy-offices/press-office/press-releases/2026/february/ambassador-jamieson-greer-announces-us-mexico-action-plan-critical-minerals"", ""http://www.ustr.gov/about/policy-offices/press-office/press-releases/2026/february/ambassador-jamieson-greer-announces-us-mexico-action-plan-critical-minerals""]",complementary_or_no_conflict,complementary_or_no_conflict,exact_quote_identity_check,False,,,,,,,
conflict_a9347edf4db65e899bfcd8fb,"[""claim_b01bce9087e843ae0fa0f002"", ""claim_df56f1e19e9de0a9385d2fff""]","[""q_478""]",complementary_or_no_conflict,Deterministic exact normalized quotation identity; current applicability remains unverified.,False,local_Qwen_scope_review_not_manual_verification,False,"[""http://www.ustr.gov/about/policy-offices/press-office/press-releases/2026/february/ambassador-jamieson-greer-announces-us-mexico-action-plan-critical-minerals"", ""https://ustr.gov/about/policy-offices/press-office/press-releases/2026/february/ambassador-jamieson-greer-announces-us-mexico-action-plan-critical-minerals""]",complementary_or_no_conflict,complementary_or_no_conflict,exact_quote_identity_check,False,,,,,,,
conflict_f608fb44c70263b08a363cb5,"[""claim_e018da9e28be586ed0eeec2c"", ""claim_e610344adb867271164a84eb""]","[""q_478""]",complementary_or_no_conflict,Deterministic exact normalized quotation identity; current applicability remains unverified.,False,local_Qwen_scope_review_not_manual_verification,False,"[""http://www.ustr.gov/about/policy-offices/press-office/press-releases/2026/february/ambassador-jamieson-greer-announces-us-mexico-action-plan-critical-minerals"", ""https://ustr.gov/about/policy-offices/press-office/press-releases/2026/february/ambassador-jamieson-greer-announces-us-mexico-action-plan-critical-minerals""]",complementary_or_no_conflict,complementary_or_no_conflict,exact_quote_identity_check,False,,,,,,,
conflict_8ce21df1f18aefdd85257700,"[""claim_706d0b25130c59472b9294f9"", ""claim_735649584451af199423e227""]","[""q_479""]",complementary_or_no_conflict,Deterministic exact normalized quotation identity; current applicability remains unverified.,False,local_Qwen_scope_review_not_manual_verification,False,"[""https://ustr.gov/about-us/policy-offices/press-office/press-releases/2024/may/us-trade-representative-katherine-tai-take-further-action-china-tariffs-after-releasing-statutory"", ""https://ustr.gov/about-us/policy-offices/press-office/press-releases/2024/may/us-trade-representative-katherine-tai-take-further-action-china-tariffs-after-releasing-statutory""]",complementary_or_no_conflict,complementary_or_no_conflict,exact_quote_identity_check,False,,,,,,,
conflict_5dacf4bc1b3403f3982e975f,"[""claim_7fe42dffa7d3ce125ff601e1"", ""claim_9745b477afad65b25121a06c""]","[""q_480""]",different_products_origins_or_programs,"Claim 1 applies to potash from Mexico under Executive Order 14194, while Claim 2 applies to potash from Canada under Executive Order 14193; the claims address different countries of origin and distinct executive orders.",False,local_Qwen_scope_review_not_manual_verification,False,"[""https://www.cbp.gov/sites/default/files/2025-03/vol_59_no_13_complete.pdf"", ""https://www.cbp.gov/sites/default/files/2025-03/vol_59_no_13_complete.pdf""]",different_products_origins_or_programs,different_products_origins_or_programs,model_review_provisional,False,,,,,,,
conflict_dcadc1fdd9a5983e3c30352e,"[""claim_c0c553e88f21fb89bbf0f4a9"", ""claim_fe9b3bc3034e71dba4f147bf""]","[""q_480""]",complementary_or_no_conflict,"Claim 1 establishes that duties apply to Canadian goods, while Claim 2 clarifies that USMCA-originating goods (including from Mexico) are exempt; these statements define the scope of application and exemption respectively without contradiction.",False,local_Qwen_scope_review_not_manual_verification,False,"[""https://www.cbp.gov/sites/default/files/2025-03/vol_59_no_13_complete.pdf"", ""https://www.cbp.gov/sites/default/files/2025-03/vol_59_no_13_complete.pdf""]",complementary_or_no_conflict,complementary_or_no_conflict,model_review_provisional,False,,,,,,,
conflict_1178f69307a482cd21f4d14f,"[""claim_0831284337ad688b751f805e"", ""claim_e9dbccad9ddcccfdbdf17c81""]","[""q_481""]",complementary_or_no_conflict,"Claim 1 explains the procedural use of USMCA SPI codes for exemptions, while Claim 2 states the substantive result that Canadian and Mexican goods are exempt from reciprocal tariffs; they describe compatible aspects of the same policy.",False,local_Qwen_scope_review_not_manual_verification,False,"[""https://www.cbp.gov/trade/programs-administration/trade-remedies/IEEPA-FAQ"", ""https://www.cbp.gov/trade/programs-administration/trade-remedies/IEEPA-FAQ""]",complementary_or_no_conflict,complementary_or_no_conflict,model_review_provisional,False,,,,,,,
conflict_8295c7ef2b930a72e2c0a365,"[""claim_0a76c44b6cf22a34d094afbc"", ""claim_13273bc294b9f7149bde5488""]","[""q_482""]",complementary_or_no_conflict,Deterministic exact normalized quotation identity; current applicability remains unverified.,False,local_Qwen_scope_review_not_manual_verification,False,"[""https://www.cbp.gov/trade/programs-administration/entry-summary/232-tariffs-aluminum-and-steel-faqs"", ""https://cbp.gov/trade/programs-administration/entry-summary/232-tariffs-aluminum-and-steel-faqs""]",complementary_or_no_conflict,complementary_or_no_conflict,exact_quote_identity_check,False,,,,,,,
conflict_206c2894a3dda97c50bb6bd5,"[""claim_0eb55592ae6c1138c4b5de05"", ""claim_ce81ed6cc4e2630b25820513""]","[""q_482""]",complementary_or_no_conflict,Deterministic exact normalized quotation identity; current applicability remains unverified.,False,local_Qwen_scope_review_not_manual_verification,False,"[""https://cbp.gov/trade/programs-administration/entry-summary/232-tariffs-aluminum-and-steel/faqs"", ""https://cbp.gov/trade/programs-administration/entry-summary/232-tariffs-aluminum-and-steel-faqs""]",complementary_or_no_conflict,complementary_or_no_conflict,exact_quote_identity_check,False,,,,,,,
conflict_f191bbac1cbf7be8334a539e,"[""claim_1525215d5101ff18b6817d95"", ""claim_8132d83cc95fcfe6dc95c7cf""]","[""q_482""]",complementary_or_no_conflict,Deterministic exact normalized quotation identity; current applicability remains unverified.,False,local_Qwen_scope_review_not_manual_verification,False,"[""https://www.cbp.gov/trade/programs-administration/entry-summary/232-tariffs-aluminum-and-steel-faqs"", ""https://cbp.gov/trade/programs-administration/entry-summary/232-tariffs-aluminum-and-steel/faqs""]",complementary_or_no_conflict,complementary_or_no_conflict,exact_quote_identity_check,False,,,,,,,
conflict_ce0b6a917e19a9dcefa9f61b,"[""claim_263ae29274a2603b34a1bbe7"", ""claim_913184a68e22d4f9b92db2ff""]","[""q_482""]",complementary_or_no_conflict,Deterministic exact normalized quotation identity; current applicability remains unverified.,False,local_Qwen_scope_review_not_manual_verification,False,"[""https://cbp.gov/trade/programs-administration/entry-summary/232-tariffs-aluminum-and-steel/faqs"", ""https://www.cbp.gov/trade/programs-administration/entry-summary/232-tariffs-aluminum-and-steel-faqs""]",complementary_or_no_conflict,complementary_or_no_conflict,exact_quote_identity_check,False,,,,,,,
conflict_0329a6ec9555e3be199e758c,"[""claim_604500c268677fea6b771cce"", ""claim_e48edeb4ec6077959b65ef70""]","[""q_482""]",complementary_or_no_conflict,The quotations are identical across two cached CBP URL variants. There is no textual contradiction. Qwen’s conflict label contradicts its own identical-claims explanation. Cached June 2025 update context does not establish September 2026 applicability.,False,assistant_direct_source_context_review,False,"[""https://www.cbp.gov/trade/programs-administration/entry-summary/232-tariffs-aluminum-and-steel-faqs"", ""https://cbp.gov/trade/programs-administration/entry-summary/232-tariffs-aluminum-and-steel/faqs""]",apparent_same_scope_conflict,complementary_or_no_conflict,manual_cached_context_review,False,metals,MC03,assistant_direct_source_context_review,True,not_established,False,True
conflict_f1cbfd845f4f47d1798a620e,"[""claim_441758114699c9d331158858"", ""claim_5e293238559b6519d3eb504c""]","[""q_483""]",complementary_or_no_conflict,"Claim 1 specifies the condition (battery value <= 7%) for disregarding Chinese-origin batteries, while Claim 2 states the resulting country of origin is Mexico; they form a complete logical sequence rather than conflicting.",False,local_Qwen_scope_review_not_manual_verification,False,"[""https://rulings.cbp.gov/ruling/559032"", ""https://rulings.cbp.gov/ruling/559032""]",complementary_or_no_conflict,complementary_or_no_conflict,model_review_provisional,False,,,,,,,
conflict_3dbb6cdffc8b046c45f0a0b4,"[""claim_ab509155fb0ae70d555a32b4"", ""claim_b2b6aec44dafaea3df0e92b5""]","[""q_483""]",complementary_or_no_conflict,"Claim 1 states the final determination that the origin is China, while Claim 2 describes the manufacturing process (combining Chinese cells with Korean components) that led to that determination; they are consistent.",False,local_Qwen_scope_review_not_manual_verification,False,"[""https://rulings.cbp.gov/ruling/N306055"", ""https://rulings.cbp.gov/ruling/N306055""]",complementary_or_no_conflict,complementary_or_no_conflict,model_review_provisional,False,,,,,,,
conflict_17f68af63d11742136d2bcc7,"[""claim_832ab8b983edba5ec6959f29"", ""claim_a3a93789e701837a6531d837""]","[""q_484""]",complementary_or_no_conflict,"Both claims are identical text stating that autos/auto parts subject to Section 232 duties are not subject to IEEPA duties. The second claim adds specific origin (Canada) and effective date fields, which aligns with the first claim's scope rather than contradicting it.",False,local_Qwen_scope_review_not_manual_verification,False,"[""https://www.cbp.gov/trade/programs-administration/trade-remedies/IEEPA-FAQ"", ""https://www.cbp.gov/trade/programs-administration/trade-remedies/IEEPA-FAQ""]",complementary_or_no_conflict,complementary_or_no_conflict,model_review_provisional,False,,,,,,,
conflict_ff8e67523bcc76ea1cf6e60c,"[""claim_832ab8b983edba5ec6959f29"", ""claim_c941bdfe0af9f06366a2ebc4""]","[""q_484""]",complementary_or_no_conflict,Both claims contain identical text regarding the exclusion of Section 232 autos from IEEPA duties. The first claim specifies 'IEEPA Reciprocal duties' while the second specifies 'IEEPA duties' and adds origin/date fields; these are consistent descriptions of the same policy scope.,False,local_Qwen_scope_review_not_manual_verification,False,"[""https://www.cbp.gov/trade/programs-administration/trade-remedies/IEEPA-FAQ"", ""https://www.cbp.gov/trade/programs-administration/trade-remedies/IEEPA-FAQ""]",complementary_or_no_conflict,complementary_or_no_conflict,model_review_provisional,False,,,,,,,
conflict_5b12aa1c26aec315e5f4979f,"[""claim_140d9912adcf778380338327"", ""claim_3e3d98e44580f70647a20a17""]","[""q_485""]",complementary_or_no_conflict,Deterministic exact normalized quotation identity; current applicability remains unverified.,False,local_Qwen_scope_review_not_manual_verification,False,"[""https://hts.usitc.gov/search?query=8711.60.00.90"", ""https://hts.usitc.gov/search?query=8704.23""]",complementary_or_no_conflict,complementary_or_no_conflict,exact_quote_identity_check,False,,,,,,,
conflict_a7d184b68dd97b007a52891e,"[""claim_258674ee00d99abc4c193d6c"", ""claim_6072e6bfee50ae46864136a0""]","[""q_485""]",complementary_or_no_conflict,Deterministic exact normalized quotation identity; current applicability remains unverified.,False,local_Qwen_scope_review_not_manual_verification,False,"[""https://hts.usitc.gov/search?query=8704.23"", ""https://hts.usitc.gov/search?query=8711.60.00.90""]",complementary_or_no_conflict,complementary_or_no_conflict,exact_quote_identity_check,False,,,,,,,
conflict_eaffd53acec06214f7197005,"[""claim_76d0213bd844ba25a686884f"", ""claim_79e7723ff2716a236694acb2""]","[""q_485""]",different_products_origins_or_programs,"The claims refer to different HTS subheadings (8704.60.00 vs 8704.90.01) for electric motor propulsion vehicles versus 'Other' vehicles, respectively. While the duty rates and programs are identical, the product scope differs.",False,local_Qwen_scope_review_not_manual_verification,False,"[""https://hts.usitc.gov/search?query=8704.23"", ""https://hts.usitc.gov/search?query=8704.23""]",different_products_origins_or_programs,different_products_origins_or_programs,model_review_provisional,False,,,,,,,
conflict_80d04593bfe5ad67411eab20,"[""claim_8bbb48778316bccf8c29002d"", ""claim_927527d2365dc495fe4aca01""]","[""q_485""]",complementary_or_no_conflict,Deterministic exact normalized quotation identity; current applicability remains unverified.,False,local_Qwen_scope_review_not_manual_verification,False,"[""https://hts.usitc.gov/search?query=8716903000"", ""https://hts.usitc.gov/search?query=8716903000""]",complementary_or_no_conflict,complementary_or_no_conflict,exact_quote_identity_check,False,,,,,,,
conflict_7b128828fecd8fb71c629a80,"[""claim_d10e79652ee158e6faa482d2"", ""claim_e35b2421e316b35265253ed3""]","[""q_485""]",complementary_or_no_conflict,Deterministic exact normalized quotation identity; current applicability remains unverified.,False,local_Qwen_scope_review_not_manual_verification,False,"[""https://hts.usitc.gov/search?query=8716903000"", ""https://hts.usitc.gov/search?query=8716903000""]",complementary_or_no_conflict,complementary_or_no_conflict,exact_quote_identity_check,False,,,,,,,
conflict_fd5242736da9c2f35f3179e3,"[""claim_020e2353c3140c52acd2f0d9"", ""claim_8050d371d345da457f34d3ca""]","[""q_486""]",complementary_or_no_conflict,Both claims contain identical text identifying EV components like e-axles and battery chemistries as creating tariff divergences. The first claim adds a specific program context (USMCA automotive ROOs) while the second is general; they are consistent.,False,local_Qwen_scope_review_not_manual_verification,False,"[""https://www.usitc.gov/press_room/news_release/2025/er0701_67239.htm"", ""https://www.usitc.gov/keywords/automobiles""]",complementary_or_no_conflict,complementary_or_no_conflict,model_review_provisional,False,,,,,,,
conflict_1701df451dbb473400b28d65,"[""claim_24be38f9496aa9b11f79049b"", ""claim_be4fde196a6c4289b97c13c8""]","[""q_486""]",complementary_or_no_conflict,Deterministic exact normalized quotation identity; current applicability remains unverified.,False,local_Qwen_scope_review_not_manual_verification,False,"[""https://www.usitc.gov/press_room/news_release/2025/er0701_67239.htm"", ""https://www.usitc.gov/keywords/automobiles""]",complementary_or_no_conflict,complementary_or_no_conflict,exact_quote_identity_check,False,,,,,,,
conflict_dd5e2b48fd386e2d86e1a35d,"[""claim_651a20565e9f0dbfbaf640da"", ""claim_d6d55974fe53878b58e6483c""]","[""q_486""]",complementary_or_no_conflict,Deterministic exact normalized quotation identity; current applicability remains unverified.,False,local_Qwen_scope_review_not_manual_verification,False,"[""https://www.usitc.gov/keywords/automobiles"", ""https://www.usitc.gov/keywords/automobiles""]",complementary_or_no_conflict,complementary_or_no_conflict,exact_quote_identity_check,False,,,,,,,
conflict_632fdfa7d056c963cc65a5bb,"[""claim_92bfd2117a9195b81c5dd341"", ""claim_cddd97a8fab522fab8a18c54""]","[""q_487""]",complementary_or_no_conflict,"Both claims reference the same USITC report (March 2026) regarding active anode material from China. One describes the report's contents, while the other states the specific determination made within that report; they are consistent.",False,local_Qwen_scope_review_not_manual_verification,False,"[""https://www.usitc.gov/press_room/news_release/2026/er0312_68281.htm"", ""https://www.usitc.gov/press_room/news_release/2026/er0312_68281.htm""]",complementary_or_no_conflict,complementary_or_no_conflict,model_review_provisional,False,,,,,,,
conflict_34384fbd588f19d2f5f7f305,"[""claim_7a31e58fca072ced804e006e"", ""claim_908eff1e71305591162948b7""]","[""q_488""]",different_products_origins_or_programs,"The first claim discusses the initiation of 232 investigations for various products including autos, while the second specifies a duty rate cap for Taiwanese auto parts and other goods. They address different aspects (investigation launch vs. specific duty rates) and potentially different scopes.",False,local_Qwen_scope_review_not_manual_verification,False,"[""https://www.commerce.gov/news/press-releases/2026/01/first-year-accomplishments-under-secretary-howard-w-lutnick"", ""https://www.commerce.gov/news/fact-sheets/2026/01/fact-sheet-restoring-american-semiconductor-manufacturing-leadership""]",different_products_origins_or_programs,different_products_origins_or_programs,model_review_provisional,False,,,,,,,
conflict_ad0e8d493cec816c51e1d5dd,"[""claim_17975eb0da262896b676d765"", ""claim_f7f65a312c7c27490c8dff18""]","[""q_489""]",different_products_origins_or_programs,"The first claim concerns derivative articles of aluminum under Proclamation 9980, while the second concerns derivative articles of steel from the EU. The products and origins differ, so there is no conflict.",False,local_Qwen_scope_review_not_manual_verification,False,"[""https://www.commerce.gov/sites/default/files/2021-10/US-232-EU-Statement.pdf"", ""https://www.commerce.gov/sites/default/files/2021-10/US-232-EU-Statement.pdf""]",different_products_origins_or_programs,different_products_origins_or_programs,model_review_provisional,False,,,,,,,
conflict_da6b6c58713bf3ea75b23aa0,"[""claim_00aa4a18eb449df42503f441"", ""claim_b4fda96f7b0c71e72ec5b024""]","[""q_490""]",different_products_origins_or_programs,The first claim refers to technical reviews for exclusions on steel and aluminum Section 232 tariffs. The second lists aluminum as a critical mineral under a federal strategy. They address different contexts (tariff exclusions vs. critical mineral strategy).,False,local_Qwen_scope_review_not_manual_verification,False,"[""http://www.commerce.gov/sites/default/files/2022-03/FY2023-ITA-Congressional-Budget-Submission.pdf"", ""https://www.commerce.gov/data-and-reports/reports/2019/06/federal-strategy-ensure-secure-and-reliable-supplies-critical-minerals""]",different_products_origins_or_programs,different_products_origins_or_programs,model_review_provisional,False,,,,,,,
conflict_75697cf2102afee5f705b6ba,"[""claim_c38a543f3022f8105cdbc402"", ""claim_dbf83867435389a20f41cd7a""]","[""q_491""]",complementary_or_no_conflict,"The first claim specifies the effective date for tariffs on automobile parts (May 3, 2025). The second provides background context regarding supply chain vulnerabilities. They are not contradictory.",False,local_Qwen_scope_review_not_manual_verification,False,"[""https://www.federalregister.gov/documents/2025/05/02/2025-07833/amendments-to-adjusting-imports-of-automobiles-and-automobile-parts-into-the-united-states"", ""https://www.federalregister.gov/documents/2025/04/03/2025-05930/adjusting-imports-of-automobiles-and-automobile-parts-into-the-united-states""]",complementary_or_no_conflict,complementary_or_no_conflict,model_review_provisional,False,,,,,,,
conflict_7fde466afec74a4d88b74fc9,"[""claim_0af9da4b347a0f5bf7833e75"", ""claim_0cde401cc86762603f82b6ee""]","[""q_492""]",different_dates_or_policy_stages,"One claim states the product exclusion process was initiated in October 2019, while the other states it was initiated in June 2019. These represent different reported dates for the same action, suggesting a discrepancy or different stages of initiation.",True,local_Qwen_scope_review_not_manual_verification,False,"[""https://www.federalregister.gov/documents/2020/09/02/2020-19419/notice-of-product-exclusion-extensions-chinas-acts-policies-and-practices-related-to-technology"", ""https://public-inspection.federalregister.gov/2020-06276.pdf?1585140334=""]",different_dates_or_policy_stages,different_dates_or_policy_stages,model_review_provisional,False,,,,,,,
conflict_3a2d6443d08b3b8d10751ae1,"[""claim_0af9da4b347a0f5bf7833e75"", ""claim_a87f2c4302cb26f7ae01059b""]","[""q_492""]",different_dates_or_policy_stages,"One claim states the product exclusion process was initiated in October 2019, while the other states it was initiated in June 2019. The dates differ, indicating a potential conflict or different reporting of the initiation timeline.",True,local_Qwen_scope_review_not_manual_verification,False,"[""https://www.federalregister.gov/documents/2020/09/02/2020-19419/notice-of-product-exclusion-extensions-chinas-acts-policies-and-practices-related-to-technology"", ""https://www.federalregister.gov/documents/2020/02/20/2020-03377/notice-of-product-exclusions-chinas-acts-policies-and-practices-related-to-technology-transfer""]",different_dates_or_policy_stages,different_dates_or_policy_stages,model_review_provisional,False,,,,,,,
conflict_39e8f93b712f137017a706e4,"[""claim_1c777665def866b0c3570fe9"", ""claim_87997eded7c44b82ba373c92""]","[""q_494""]",complementary_or_no_conflict,"Both claims identify SKI US, Inc. as a member of the petitioner coalition 'American Active Anode Material Producers'. They are consistent in their identification of the company.",False,local_Qwen_scope_review_not_manual_verification,False,"[""https://www.trade.gov/preliminary-affirmative-determination-antidumping-duty-investigation-active-anode-material-0"", ""https://www.trade.gov/preliminary-determinations-countervailing-duty-investigations-active-anode-material-china""]",complementary_or_no_conflict,complementary_or_no_conflict,model_review_provisional,False,,,,,,,
conflict_b79c6b8eef364838c5bc9194,"[""claim_1c777665def866b0c3570fe9"", ""claim_ab86366bee851de021b1bc85""]","[""q_494""]",complementary_or_no_conflict,Deterministic exact normalized quotation identity; current applicability remains unverified.,False,local_Qwen_scope_review_not_manual_verification,False,"[""https://www.trade.gov/preliminary-affirmative-determination-antidumping-duty-investigation-active-anode-material-0"", ""https://www.trade.gov/preliminary-affirmative-determination-antidumping-duty-investigation-active-anode-material-0""]",complementary_or_no_conflict,complementary_or_no_conflict,exact_quote_identity_check,False,,,,,,,
conflict_6e7b0f367fb58f784744dc71,"[""claim_1c777665def866b0c3570fe9"", ""claim_c8fb3878e3eea36a23293fb9""]","[""q_494""]",complementary_or_no_conflict,Deterministic exact normalized quotation identity; current applicability remains unverified.,False,local_Qwen_scope_review_not_manual_verification,False,"[""https://www.trade.gov/preliminary-affirmative-determination-antidumping-duty-investigation-active-anode-material-0"", ""https://www.trade.gov/initiation-ad-and-cvd-investigations-active-anode-material-china""]",complementary_or_no_conflict,complementary_or_no_conflict,exact_quote_identity_check,False,,,,,,,
conflict_1b313a0a3277a82c7581a807,"[""claim_1c777665def866b0c3570fe9"", ""claim_fda07c77555201c074379b85""]","[""q_494""]",complementary_or_no_conflict,"Both claims identify SKI US, Inc. as a petitioner in the active anode material investigation; one lists it within a coalition and the other isolates it, which are consistent facts.",False,local_Qwen_scope_review_not_manual_verification,False,"[""https://www.trade.gov/preliminary-affirmative-determination-antidumping-duty-investigation-active-anode-material-0"", ""https://www.trade.gov/initiation-ad-and-cvd-investigations-active-anode-material-china""]",complementary_or_no_conflict,complementary_or_no_conflict,model_review_provisional,False,,,,,,,
conflict_590633a0e15419e539e80158,"[""claim_1eb1c29b32f5b785c4fa4aa9"", ""claim_217f2b6bb54ba9326b3ec30c""]","[""q_496""]",different_dates_or_policy_stages,"The first claim states a general 2025 imposition date, while the second specifies distinct effective dates for vehicles (April 2025) and parts (May 2025), representing a progression of policy details rather than a contradiction.",False,local_Qwen_scope_review_not_manual_verification,False,"[""https://www.congress.gov/crs-product/IN12545"", ""https://www.congress.gov/crs-product/IN12545""]",different_dates_or_policy_stages,different_dates_or_policy_stages,model_review_provisional,False,,,,,,,
conflict_07244200f77de4cfd8a9c12b,"[""claim_9d76547d67cc3ce988b1c750"", ""claim_b631a070829ae775bad66b0f""]","[""q_496""]",complementary_or_no_conflict,Deterministic exact normalized quotation identity; current applicability remains unverified.,False,local_Qwen_scope_review_not_manual_verification,False,"[""https://www.congress.gov/crs-product/R48876"", ""https://www.congress.gov/crs_external_products/R/PDF/R48876/R48876.3.pdf""]",complementary_or_no_conflict,complementary_or_no_conflict,exact_quote_identity_check,False,,,,,,,
conflict_9073f1668c80c5ceabdf46e1,"[""claim_804e12f9883915c013191358"", ""claim_94488b782650669bc0e765c2""]","[""q_497""]",complementary_or_no_conflict,"Both claims describe the same market behavior (sales pulled into March and April 2025) occurring before auto tariffs took effect, with one citing a specific volume and the other a general trend.",False,local_Qwen_scope_review_not_manual_verification,False,"[""https://georgia.org/sites/default/files/2025-04/april_2025_snapshot_pdf_updated.pdf"", ""https://georgia.org/sites/default/files/2025-07/july_2025_snapshot_pdf.pdf""]",complementary_or_no_conflict,complementary_or_no_conflict,model_review_provisional,False,,,,,,,
conflict_582af6c2e314171151b0862c,"[""claim_3c71820a311414b80f388fc0"", ""claim_f4987ba8a69906e9dd1ff48f""]","[""q_497""]",complementary_or_no_conflict,Both claims reference the same October 2025 survey and context regarding tariff uncertainty driving manufacturing decisions and fleet hesitancy; they are consistent observations from the same source.,False,local_Qwen_scope_review_not_manual_verification,False,"[""https://georgia.org/sites/default/files/2025-10/october_snapshot_pdf.pdf"", ""https://georgia.org/sites/default/files/2025-10/october_snapshot_pdf.pdf""]",complementary_or_no_conflict,complementary_or_no_conflict,model_review_provisional,False,,,,,,,
conflict_ed695fcc7e29d6cf802e4970,"[""claim_23ab8ea9cf9ebd0a54e77976"", ""claim_b92d1a9ab4c38785fd2fea17""]","[""q_498""]",complementary_or_no_conflict,Deterministic exact normalized quotation identity; current applicability remains unverified.,False,local_Qwen_scope_review_not_manual_verification,False,"[""https://georgia.org/hyundai-motor-group-metaplant-america"", ""https://georgia.org/hyundai-motor-group-metaplant-america""]",complementary_or_no_conflict,complementary_or_no_conflict,exact_quote_identity_check,False,,,,,,,
conflict_6fd2293f9a68154a861edd18,"[""claim_23c541081941c8fc6f9c6523"", ""claim_cd84e88d584d54d3939751f8""]","[""q_498""]",complementary_or_no_conflict,"The first claim details the investment by Hyundai and LG Energy Solution, while the second details the separate investment by non-affiliated suppliers; these are distinct but complementary components of the broader project.",False,local_Qwen_scope_review_not_manual_verification,False,"[""https://georgia.org/press-releases/2023/hyundai-motor-group-and-lg-energy-solution-invest-additional-2b-bryan-county"", ""https://georgia.org/press-releases/2022/hyundai-motor-group-invest-554-billion-georgia-first-fully-dedicated-electric""]",complementary_or_no_conflict,complementary_or_no_conflict,model_review_provisional,False,,,,,,,
conflict_5d681bad2a6b861fc63d2fc7,"[""claim_4779b74d5cf2edda7fff53bd"", ""claim_6490ad462f5b02007f3f3539""]","[""q_50""]",different_products_origins_or_programs,"The first claim refers to 'Forced Labor Tariffs' while the second refers to 'Canada Tariffs'; although both are set for August, they describe distinct tariff programs and products.",False,local_Qwen_scope_review_not_manual_verification,False,"[""https://www.globalatlanta.com/georgia-manufacturers-sound-off-on-new-forced-labor-tariffs-and-canada-levies-set-to-take-effect-in-august"", ""https://www.globalatlanta.com/georgia-manufacturers-sound-off-on-new-forced-labor-tariffs-and-canada-levies-set-to-take-effect-in-august""]",different_products_origins_or_programs,different_products_origins_or_programs,model_review_provisional,False,,,,,,,
conflict_6ea06aadc9b6d884186fd40c,"[""claim_22e34d44048e68617d43fade"", ""claim_280e2416dce4cb937b1456a5""]","[""q_501""]",different_products_origins_or_programs,"The first claim is a general conditional statement about vehicle prices without specifying a tariff rate, while the second specifies a proposed 20–25% punitive tariff on auto imports; they address the same topic but one is specific and the other is general.",False,local_Qwen_scope_review_not_manual_verification,False,"[""https://haigpartners.com/wp-content/uploads/2025/05/Q1_2025_HaigReport_Digital.pdf"", ""https://www.govinfo.gov/content/pkg/CHRG-115shrg31557/pdf/CHRG-115shrg31557.pdf""]",different_products_origins_or_programs,different_products_origins_or_programs,model_review_provisional,False,,,,,,,
conflict_87399f60da89ab73cbfc621c,"[""claim_296ffffc0c5bbf9a5edcb169"", ""claim_71b010e0349acb9725bd0dd5""]","[""q_501""]",different_products_origins_or_programs,"The first claim discusses the tariff exposure of 'LR' (Land Rover) due to lack of US production, while the second discusses BMW's lower exposure due to US manufacturing; they compare different companies with different operational profiles.",False,local_Qwen_scope_review_not_manual_verification,False,"[""https://haigpartners.com/wp-content/uploads/2025/05/Q1_2025_HaigReport_Digital.pdf"", ""https://haigpartners.com/wp-content/uploads/2025/05/Q1_2025_HaigReport_Digital.pdf""]",different_products_origins_or_programs,different_products_origins_or_programs,model_review_provisional,False,,,,,,,
conflict_5d3a5dea515c2f890b2e230e,"[""claim_2eebb4806759d445769fb031"", ""claim_362d2eda7cf48a2610b1af26""]","[""q_502""]",different_products_origins_or_programs,"Claim 1 cites a 2021 ITC ruling banning a specific battery supplier from the U.S. market, while Claim 2 describes a September 2025 immigration raid on a Georgia plant owned by South Korean manufacturers; these involve different legal authorities (ITC vs. immigration enforcement), dates, and specific operational impacts.",False,local_Qwen_scope_review_not_manual_verification,False,"[""https://www.greencarreports.com/news/1131259_itc-ruling-puts-georgia-ev-battery-plant-domestic-cell-supply-in-jeopardy"", ""https://www.nytimes.com/2025/09/08/business/georgia-immigration-raid-ev-battery-plant-hyundai-lg.html""]",different_products_origins_or_programs,different_products_origins_or_programs,model_review_provisional,False,,,,,,,
conflict_8e6038f98bbd4574ef634de7,"[""claim_362d2eda7cf48a2610b1af26"", ""claim_7c8728274db16b1230c671e3""]","[""q_502""]",complementary_or_no_conflict,"Both claims originate from the same September 2025 New York Times article regarding an immigration raid on a Georgia EV battery plant; Claim 1 identifies the owners as two South Korean manufacturers, while Claim 2 specifies them as Hyundai and LG Energy Solution, providing consistent details.",False,local_Qwen_scope_review_not_manual_verification,False,"[""https://www.nytimes.com/2025/09/08/business/georgia-immigration-raid-ev-battery-plant-hyundai-lg.html"", ""https://www.nytimes.com/2025/09/08/business/georgia-immigration-raid-ev-battery-plant-hyundai-lg.html""]",complementary_or_no_conflict,complementary_or_no_conflict,model_review_provisional,False,,,,,,,
conflict_089c97ef4061fa23f905bbfd,"[""claim_1ad021a5d2385f779992fda0"", ""claim_5b4e7227fa2b4b5d88dc2438""]","[""q_503""]",different_dates_or_policy_stages,"Claim 1 states a 25% tariff on auto parts took effect May 3, while Claim 2 notes that on May 29, a Court of Appeals temporarily reinstated certain tariffs following conflicting rulings; these represent sequential legal developments rather than contradictory facts.",False,local_Qwen_scope_review_not_manual_verification,False,"[""https://www.automotive-fleet.com/news/tariff-update-may-30-tariff-shifts-shake-up-auto-industry-as-legal-trade-battles-evolve"", ""https://www.automotive-fleet.com/news/tariff-update-may-30-tariff-shifts-shake-up-auto-industry-as-legal-trade-battles-evolve""]",different_dates_or_policy_stages,different_dates_or_policy_stages,model_review_provisional,False,,,,,,,
conflict_8384925a419e4a2feb535db1,"[""claim_8b933ef0e670f3572750d9e6"", ""claim_a02af2f424a4156460c373cd""]","[""q_503""]",complementary_or_no_conflict,"Both claims refer to the same YouTube source announcing a 25% tariff on steel and aluminum; Claim 1 specifies 'Canadian' products while Claim 2 uses the general term, but both describe the same impending effective date (Wednesday/soon) and rate.",False,local_Qwen_scope_review_not_manual_verification,False,"[""https://www.youtube.com/watch?v=35hkflOV0Hg"", ""https://www.youtube.com/watch?v=35hkflOV0Hg""]",complementary_or_no_conflict,complementary_or_no_conflict,model_review_provisional,False,,,,,,,
conflict_b79c96034f376fb25a827b8d,"[""claim_bb5d8bd3aa9e77fb802c6220"", ""claim_d4cdbba8690ec9dec19cb849""]","[""q_503""]",apparent_same_scope_conflict,"Claim 1 states Trump applied 25% tariffs on imports from Canada and Mexico that do not comply with trade agreements, whereas Claim 2 states a proclamation imposed a 25% tariff on steel from every country except Canada and Mexico; these descriptions of the scope regarding Canadian/Mexican steel are mutually exclusive.",True,local_Qwen_scope_review_not_manual_verification,False,"[""https://www.automotive-fleet.com/news/tariff-update-may-30-tariff-shifts-shake-up-auto-industry-as-legal-trade-battles-evolve"", ""https://aldailynews.com/fear-steel-tariff-hurt-auto-industry-south""]",apparent_same_scope_conflict,apparent_same_scope_conflict,model_review_provisional,False,,,,,,,
conflict_9851dd8369c2613565044dae,"[""claim_3d8a4382086e5189ebfd350d"", ""claim_759e14ec841b6d19b2f5b925""]","[""q_504""]",complementary_or_no_conflict,"Claim 1 discusses the political timeline of the Trump administration and potential future tariff changes, while Claim 2 details a specific proposed 25% tariff on imported vehicle parts; these address different aspects (political duration vs. specific product duty) without contradiction.",False,local_Qwen_scope_review_not_manual_verification,False,"[""https://www.automotivelogistics.media/supply-chain/automotive-logistics-and-supply-chains-in-2025-tariff-turmoil-investment-uncertainty-and-further-cost-pressures/649740"", ""https://www.fox5atlanta.com/news/trumps-tariff-plan-sparks-economic-uncertainty-georgia""]",complementary_or_no_conflict,complementary_or_no_conflict,model_review_provisional,False,,,,,,,
conflict_945b1cb797c0845633229953,"[""claim_e0b419e72b29c66398925287"", ""claim_ee0ecda05c1e3aff0131d5b2""]","[""q_504""]",complementary_or_no_conflict,"Claim 1 mentions production lines shifting to hybrids due to tariff threats, while Claim 2 details Hyundai's prior $21 billion investment commitment including a new Georgia Metaplant; these describe concurrent market reactions and strategic commitments rather than conflicting facts.",False,local_Qwen_scope_review_not_manual_verification,False,"[""https://thecurrentga.org/2025/03/31/tariff-threat-casts-shadow-over-hyundais-plant-opening-party-in-bryan-county"", ""https://www.automotivelogistics.media/supply-chain/automotive-logistics-and-supply-chains-in-2025-tariff-turmoil-investment-uncertainty-and-further-cost-pressures/649740""]",complementary_or_no_conflict,complementary_or_no_conflict,model_review_provisional,False,,,,,,,
conflict_8f5f7438acf764e0bb00ac49,"[""claim_308073f842561b19f797bd14"", ""claim_b101d12ca13a6fc08e611b84""]","[""q_505""]",complementary_or_no_conflict,"Claim 1 establishes a base duty rate of 2.5% for automotive imports, while Claim 2 notes German brands are subject to 25% tariffs; these can coexist as the 25% may represent an additional or specific tariff layer on top of the base rate.",False,local_Qwen_scope_review_not_manual_verification,False,"[""https://www.ledger-enquirer.com/news/politics-government/article302957479.html"", ""https://www.ledger-enquirer.com/news/politics-government/article302957479.html""]",complementary_or_no_conflict,complementary_or_no_conflict,model_review_provisional,False,,,,,,,
conflict_51c1ebb663477806f4efc83c,"[""claim_c71f371c7d88e834f36ca982"", ""claim_d9021dcc7320bd5b8a989d52""]","[""q_505""]",complementary_or_no_conflict,"Both claims are identical in substance, citing the same source and stating that a 25% auto tariff threatens Hyundai and Kia production plants; Claim 2 adds specific program details but does not contradict Claim 1.",False,local_Qwen_scope_review_not_manual_verification,False,"[""https://pro.stateaffairs.com/ga/politics/georgia-tariffs-cars-lockheed-china"", ""https://pro.stateaffairs.com/ga/politics/georgia-tariffs-cars-lockheed-china""]",complementary_or_no_conflict,complementary_or_no_conflict,model_review_provisional,False,,,,,,,
conflict_6787161de72a746f2aaf4627,"[""claim_6251ed3a5afd13dc03335679"", ""claim_d119bc054e534700289d9dc8""]","[""q_507""]",different_products_origins_or_programs,"Claim 1 refers to a specific 15% tariff on South Korean imports creating incentives for local production, while Claim 2 discusses general tariffs taking effect that week causing pricing instability; the specific rate and origin in Claim 1 differ from the general scope of Claim 2.",False,local_Qwen_scope_review_not_manual_verification,False,"[""https://finance.biggo.com/news/7c816f70-187d-4f54-84d6-c8c8f26bacb6"", ""https://www.facebook.com/quartznews/posts/hyundai-is-weighing-a-massive-expansion-of-its-georgia-car-plant-citing-tariffs-/1419057173423430""]",different_products_origins_or_programs,different_products_origins_or_programs,model_review_provisional,False,,,,,,,
conflict_24d4893730cd27b356a6f4eb,"[""claim_07de6536bab3b84884b810d0"", ""claim_fdd3b30d072129d9d8299eb3""]","[""q_509""]",different_products_origins_or_programs,"Claim 1 describes a 102.5% total duty on finished EVs from China, while Claim 2 specifies a 25% rate specifically for battery parts and lithium-ion batteries under Section 301; these address distinct product scopes within the same policy announcement.",False,local_Qwen_scope_review_not_manual_verification,False,"[""https://source.benchmarkminerals.com/article/us-hikes-tariffs-to-further-isolate-china-from-its-ev-supply-chain-ambitions"", ""https://www.alixpartners.com/media/zwkcl4ec/impact-of-tariffs_sept-24.pdf""]",different_products_origins_or_programs,different_products_origins_or_programs,model_review_provisional,False,,,,,,,
conflict_dcce81d23ba2654624a08554,"[""claim_24caaf9543c75eaa587f5f57"", ""claim_a564f37a761312b96f56386a""]","[""q_509""]",different_products_origins_or_programs,"Claim 1 explicitly restricts the 25% tariff to 'non-electric vehicle lithium ion batteries' effective in 2026, whereas Claim 2 applies the rate to 'lithium ion batteries and battery parts' generally starting 'this year', indicating different product scopes or effective dates.",False,local_Qwen_scope_review_not_manual_verification,False,"[""https://source.benchmarkminerals.com/article/us-hikes-tariffs-to-further-isolate-china-from-its-ev-supply-chain-ambitions"", ""https://source.benchmarkminerals.com/article/us-hikes-tariffs-to-further-isolate-china-from-its-ev-supply-chain-ambitions""]",different_products_origins_or_programs,different_products_origins_or_programs,model_review_provisional,False,,,,,,,
conflict_9a83306e3bd5774319337221,"[""claim_353d89efd7adcebbe0541e19"", ""claim_c748cd1c486157c4724dde5e""]","[""q_51""]",complementary_or_no_conflict,"Both claims describe the same Section 232 tariff program with identical effective dates (April 3, 2025 for autos, May 3, 2025 for parts) and rates, with one providing specific exemption details that complement the other.",False,local_Qwen_scope_review_not_manual_verification,False,"[""https://www.chrobinson.com/en-us/resources/insights-and-advisories/trade-tariff-insights/tariff-timeline"", ""https://zonos.com/docs/guides/us-tariff-changes""]",complementary_or_no_conflict,complementary_or_no_conflict,model_review_provisional,False,,,,,,,
conflict_fd3ed467eea1d4f227cbc5a4,"[""claim_9eed4bf5db8b06437adc047f"", ""claim_b47c99d0a3ede0c6dd779cd9""]","[""q_510""]",complementary_or_no_conflict,"Both claims report the same 25% tariff on medium- and heavy-duty trucks effective November 1, 2025, citing the same source (Truth Social/LinkedIn post) with consistent details.",False,local_Qwen_scope_review_not_manual_verification,False,"[""https://www.linkedin.com/posts/sinagolara_georgia-and-tariffs-georgia-is-a-critical-activity-7327480102080962560-gT6J"", ""https://www.linkedin.com/posts/sinagolara_georgia-and-tariffs-georgia-is-a-critical-activity-7327480102080962560-gT6J""]",complementary_or_no_conflict,complementary_or_no_conflict,model_review_provisional,False,,,,,,,
conflict_500f38562cedece2049d556d,"[""claim_9eed4bf5db8b06437adc047f"", ""claim_fedee01dc115ff9ea1648090""]","[""q_510""]",complementary_or_no_conflict,"Both claims are identical in substance, reporting a 25% tariff on medium- and heavy-duty trucks effective November 1, 2025, from the same source.",False,local_Qwen_scope_review_not_manual_verification,False,"[""https://www.linkedin.com/posts/sinagolara_georgia-and-tariffs-georgia-is-a-critical-activity-7327480102080962560-gT6J"", ""https://www.linkedin.com/posts/sinagolara_georgia-and-tariffs-georgia-is-a-critical-activity-7327480102080962560-gT6J""]",complementary_or_no_conflict,complementary_or_no_conflict,model_review_provisional,False,,,,,,,
conflict_7fb0ef461c96888872c7fa2a,"[""claim_b47c99d0a3ede0c6dd779cd9"", ""claim_fedee01dc115ff9ea1648090""]","[""q_510""]",complementary_or_no_conflict,"Both claims describe the same 25% tariff on medium- and heavy-duty trucks effective November 1, 2025, with consistent product scope and dates.",False,local_Qwen_scope_review_not_manual_verification,False,"[""https://www.linkedin.com/posts/sinagolara_georgia-and-tariffs-georgia-is-a-critical-activity-7327480102080962560-gT6J"", ""https://www.linkedin.com/posts/sinagolara_georgia-and-tariffs-georgia-is-a-critical-activity-7327480102080962560-gT6J""]",complementary_or_no_conflict,complementary_or_no_conflict,model_review_provisional,False,,,,,,,
conflict_d7450c64cd953a90a6de195c,"[""claim_aa68fe23d566bc2fce05368d"", ""claim_f20e022e5e6e75fb6a68500a""]","[""q_510""]",complementary_or_no_conflict,"Both claims describe the same EU steel import restriction: a quota reduction and a 50% tariff on excess volumes, with one providing specific tonnage figures that complement the other's general description.",False,local_Qwen_scope_review_not_manual_verification,False,"[""https://www.linkedin.com/posts/sinagolara_georgia-and-tariffs-georgia-is-a-critical-activity-7327480102080962560-gT6J"", ""https://www.linkedin.com/posts/sinagolara_georgia-and-tariffs-georgia-is-a-critical-activity-7327480102080962560-gT6J""]",complementary_or_no_conflict,complementary_or_no_conflict,model_review_provisional,False,,,,,,,
conflict_7e3e2a7f48111dbe42a3f2d3,"[""claim_2b098bb1295bd42ed1cb549b"", ""claim_9d8d528f310b59a8699219d7""]","[""q_52""]",complementary_or_no_conflict,"Both claims confirm a 25% tariff on automobiles effective April 3, 2025; one cites the Federal Register proclamation while the other details specific vehicle types covered under that same implementation.",False,local_Qwen_scope_review_not_manual_verification,False,"[""https://www.federalregister.gov/documents/2025/04/03/2025-05930/adjusting-imports-of-automobiles-and-automobile-parts-into-the-united-states"", ""https://www.livingstonintl.com/u-s-tariffs-on-autos-and-auto-parts""]",complementary_or_no_conflict,complementary_or_no_conflict,model_review_provisional,False,,,,,,,
conflict_42e82d98de6625af78ef55ae,"[""claim_71ac40ad0758f9bd4ba6c111"", ""claim_8cc19e646e6f8cb53d77a733""]","[""q_52""]",complementary_or_no_conflict,"Both claims reference Proclamation 10984 imposing a 25% tariff on Class III–VIII trucks effective November 1, 2025, with one explicitly labeling it Section 232 and the other detailing the specific classes.",False,local_Qwen_scope_review_not_manual_verification,False,"[""https://zonos.com/docs/guides/us-tariff-changes"", ""https://zonos.com/docs/guides/us-tariff-changes""]",complementary_or_no_conflict,complementary_or_no_conflict,model_review_provisional,False,,,,,,,
conflict_d8c6817ed18ff17d1586a1e3,"[""claim_083f14a131abe98103cc3980"", ""claim_f68cfef5c1f82ae673869439""]","[""q_54""]",complementary_or_no_conflict,"Both claims describe distinct HTSUS subheadings (9903.94.06 and 9903.94.01) under Section 232 tariffs for different categories of vehicles (exempt/non-passenger vs. passenger), indicating complementary scope definitions rather than conflict.",False,local_Qwen_scope_review_not_manual_verification,False,"[""https://www.thompsonhinesmartrade.com/2025/04/annex-identifying-scope-of-automobile-and-automobile-parts-subject-to-section-232-tariffs-is-released"", ""https://www.thompsonhinesmartrade.com/2025/04/annex-identifying-scope-of-automobile-and-automobile-parts-subject-to-section-232-tariffs-is-released""]",complementary_or_no_conflict,complementary_or_no_conflict,model_review_provisional,False,,,,,,,
conflict_edace0ae1d0d5572e8c99847,"[""claim_53c61ea33125228fae1f566c"", ""claim_f68cfef5c1f82ae673869439""]","[""q_54""]",different_products_origins_or_programs,"Claims specify distinct Chapter 99 subheadings (9903.94.05 vs 9903.94.01) for different categories of entries under the same Section 232 program, indicating scope differentiation rather than contradiction.",False,local_Qwen_scope_review_not_manual_verification,False,"[""https://www.thompsonhinesmartrade.com/2025/04/annex-identifying-scope-of-automobile-and-automobile-parts-subject-to-section-232-tariffs-is-released"", ""https://www.thompsonhinesmartrade.com/2025/04/annex-identifying-scope-of-automobile-and-automobile-parts-subject-to-section-232-tariffs-is-released""]",different_products_origins_or_programs,different_products_origins_or_programs,model_review_provisional,False,,,,,,,
conflict_a0f836fa23d0743f5cf75e82,"[""claim_55a4940ac223b53dcc7a5e2c"", ""claim_a5f9b26b35211247ba589559""]","[""q_55""]",apparent_same_scope_conflict,Both claims cite the same Section 232 tariff regime but assert mutually exclusive duty rates (10% vs 25%) for the same scope without distinguishing dates or product categories.,True,local_Qwen_scope_review_not_manual_verification,False,"[""https://www.cassidylevy.com/news/section-232-tariff-regimes-introduced-revised-on-trucks-autos"", ""https://www.cassidylevy.com/news/section-232-tariff-regimes-introduced-revised-on-trucks-autos""]",apparent_same_scope_conflict,apparent_same_scope_conflict,model_review_provisional,False,,,,,,,
conflict_ff545f0f30966af7300c78df,"[""claim_38cbf59a0c95be65c5feb35a"", ""claim_7b6e19d713a58aeb2b1db313""]","[""q_56""]",complementary_or_no_conflict,"The official proclamation defines the eligibility criteria and percentage (3.75%), while the secondary source provides specific effective dates and expiration for that same offset mechanism.",False,local_Qwen_scope_review_not_manual_verification,False,"[""https://www.federalregister.gov/documents/2026/07/29/2026-15280/procedures-to-administer-import-adjustment-offset-amounts-for-certain-imports-of-automobile-and"", ""https://gingercontrol.com/blog/section-232-auto-parts-tariffs""]",complementary_or_no_conflict,complementary_or_no_conflict,model_review_provisional,False,,,,,,,
conflict_d0c6d045a498ddd358acd36e,"[""claim_38cbf59a0c95be65c5feb35a"", ""claim_b53f97ff0b95bcd515f2e205""]","[""q_56""]",complementary_or_no_conflict,"Both claims originate from official trade authorities and describe the same 3.75% offset calculation, with one specifying the basis (aggregate value vs MSRP) and the other the time period.",False,local_Qwen_scope_review_not_manual_verification,False,"[""https://www.federalregister.gov/documents/2026/07/29/2026-15280/procedures-to-administer-import-adjustment-offset-amounts-for-certain-imports-of-automobile-and"", ""https://www.trade.gov/press-release/department-commerce-announces-new-auto-tariff-offset-process""]",complementary_or_no_conflict,complementary_or_no_conflict,model_review_provisional,False,,,,,,,
conflict_fd3aa86264f4d3dfa50d691f,"[""claim_0946ecbc2b07fc6a228d2dc6"", ""claim_26c1980e9f19e5774d5edb1d""]","[""q_60""]",complementary_or_no_conflict,"One claim states Section 232 is not recoverable, while the other describes general duty drawback eligibility for vehicles; they address different tariff programs and do not contradict.",False,local_Qwen_scope_review_not_manual_verification,False,"[""https://gingercontrol.com/industries/automotive-parts"", ""https://gingercontrol.com/industries/automotive-parts""]",complementary_or_no_conflict,complementary_or_no_conflict,model_review_provisional,False,,,,,,,
conflict_303bd20a912120e7bcf2e9e0,"[""claim_0946ecbc2b07fc6a228d2dc6"", ""claim_536e350894dac5b970fd3672""]","[""q_60""]",complementary_or_no_conflict,Both claims state Section 232 is not recoverable and Section 301 is; the second claim adds procedural context regarding estimation and filing without contradicting the first.,False,local_Qwen_scope_review_not_manual_verification,False,"[""https://gingercontrol.com/industries/automotive-parts"", ""https://gingercontrol.com/industries/automotive-parts""]",complementary_or_no_conflict,complementary_or_no_conflict,model_review_provisional,False,,,,,,,
conflict_684009c9528de36d70306d4d,"[""claim_1f8ea5a58e8975a13ba524f8"", ""claim_26c1980e9f19e5774d5edb1d""]","[""q_60""]",apparent_same_scope_conflict,"One claim explicitly states Section 232 tariffs on automobiles are NOT eligible for drawback, while the other claims duty drawback is available for exported vehicles and parts without excluding Section 232 duties.",True,local_Qwen_scope_review_not_manual_verification,False,"[""https://lightsource.ai/blog/duty-drawback-practical-guide-recovering-import-duties-2026"", ""https://gingercontrol.com/industries/automotive-parts""]",apparent_same_scope_conflict,apparent_same_scope_conflict,model_review_provisional,False,,,,,,,
conflict_8788acb7d4cc558734a440ba,"[""claim_21ffb38fa8dd03df53db3508"", ""claim_26c1980e9f19e5774d5edb1d""]","[""q_60""]",apparent_same_scope_conflict,"One claim excludes Section 232 duties on automobiles from drawback eligibility, while the other asserts drawback is available for exported vehicles and parts up to 99% without specifying exclusions.",True,local_Qwen_scope_review_not_manual_verification,False,"[""https://lightsource.ai/blog/duty-drawback-practical-guide-recovering-import-duties-2026"", ""https://gingercontrol.com/industries/automotive-parts""]",apparent_same_scope_conflict,apparent_same_scope_conflict,model_review_provisional,False,,,,,,,
conflict_a91366c72e889e5caa555644,"[""claim_26c1980e9f19e5774d5edb1d"", ""claim_317508d7bacf57870b356069""]","[""q_60""]",apparent_same_scope_conflict,"One claim states drawback is available for exported vehicles, while the other explicitly states Section 232 tariffs on automobiles are NOT eligible, creating a direct contradiction regarding eligibility.",True,local_Qwen_scope_review_not_manual_verification,False,"[""https://gingercontrol.com/industries/automotive-parts"", ""https://lightsource.ai/blog/duty-drawback-practical-guide-recovering-import-duties-2026""]",apparent_same_scope_conflict,apparent_same_scope_conflict,model_review_provisional,False,,,,,,,
conflict_5af024d586eeb5444946f790,"[""claim_26c1980e9f19e5774d5edb1d"", ""claim_608bcf110c5d11ea96acd62e""]","[""q_60""]",apparent_same_scope_conflict,"One claim asserts drawback is available for exported vehicles, while the official proclamation quote explicitly states no drawback shall be available for duties imposed under that specific proclamation.",True,local_Qwen_scope_review_not_manual_verification,False,"[""https://gingercontrol.com/industries/automotive-parts"", ""https://www.federalregister.gov/documents/2025/04/03/2025-05930/adjusting-imports-of-automobiles-and-automobile-parts-into-the-united-states""]",apparent_same_scope_conflict,apparent_same_scope_conflict,model_review_provisional,False,,,,,,,
conflict_279e5309bf64f45acc848002,"[""claim_26c1980e9f19e5774d5edb1d"", ""claim_622d72b0bacf1c9f0603e0ae""]","[""q_60""]",complementary_or_no_conflict,"Claim 1 states general eligibility for duty drawback on vehicles/parts, while Claim 2 specifies that Section 232 tariffs on automobiles are an exception. These are compatible as one defines the scope and the other defines exclusions.",False,local_Qwen_scope_review_not_manual_verification,False,"[""https://gingercontrol.com/industries/automotive-parts"", ""https://lightsource.ai/blog/duty-drawback-practical-guide-recovering-import-duties-2026""]",complementary_or_no_conflict,complementary_or_no_conflict,model_review_provisional,False,,,,,,,
conflict_1ad4b89c07e748311d153250,"[""claim_26c1980e9f19e5774d5edb1d"", ""claim_8b9770271a6ef35faaa6ca3b""]","[""q_60""]",complementary_or_no_conflict,"Claim 1 establishes general eligibility for duty drawback, while Claim 2 clarifies that Section 232 tariffs on specific products (steel, aluminum, copper, automobiles) are not eligible. This represents a scope clarification rather than a contradiction.",False,local_Qwen_scope_review_not_manual_verification,False,"[""https://gingercontrol.com/industries/automotive-parts"", ""https://lightsource.ai/blog/duty-drawback-practical-guide-recovering-import-duties-2026""]",complementary_or_no_conflict,complementary_or_no_conflict,model_review_provisional,False,,,,,,,
conflict_65e7f151e18740a86189f92d,"[""claim_26c1980e9f19e5774d5edb1d"", ""claim_8c8f46d8717ede495b0e11d1""]","[""q_60""]",complementary_or_no_conflict,"Claim 1 provides the general rule for duty drawback eligibility, and Claim 2 provides the specific exclusion for Section 232 tariffs on automobiles. The claims are consistent in defining what is eligible versus ineligible.",False,local_Qwen_scope_review_not_manual_verification,False,"[""https://gingercontrol.com/industries/automotive-parts"", ""https://lightsource.ai/blog/duty-drawback-practical-guide-recovering-import-duties-2026""]",complementary_or_no_conflict,complementary_or_no_conflict,model_review_provisional,False,,,,,,,
conflict_2c213e0eac5a6fbb520925a4,"[""claim_26c1980e9f19e5774d5edb1d"", ""claim_963f0d95246deaabe1efaf2c""]","[""q_60""]",complementary_or_no_conflict,"Claim 1 states general eligibility for duty drawback, while Claim 2 explicitly lists Section 232 as not recoverable and other programs (Section 301, MFN) as recoverable. This is a consistent definition of scope.",False,local_Qwen_scope_review_not_manual_verification,False,"[""https://gingercontrol.com/industries/automotive-parts"", ""https://gingercontrol.com/industries/automotive-parts""]",complementary_or_no_conflict,complementary_or_no_conflict,model_review_provisional,False,,,,,,,
conflict_f674f5148fdd21a18aac9c9b,"[""claim_26c1980e9f19e5774d5edb1d"", ""claim_99bb1e2cf4370623d39b63ff""]","[""q_60""]",complementary_or_no_conflict,"Claim 1 states general eligibility for duty drawback, while Claim 2 specifies that Section 232 tariffs on automobiles are not eligible. This is a standard scope definition where the second claim acts as an exception to the first.",False,local_Qwen_scope_review_not_manual_verification,False,"[""https://gingercontrol.com/industries/automotive-parts"", ""https://lightsource.ai/blog/duty-drawback-practical-guide-recovering-import-duties-2026""]",complementary_or_no_conflict,complementary_or_no_conflict,model_review_provisional,False,,,,,,,
conflict_3232df4885b6417fe485aefc,"[""claim_26c1980e9f19e5774d5edb1d"", ""claim_c36351b8026c6c93e9065ae2""]","[""q_60""]",complementary_or_no_conflict,"Claim 1 states general eligibility for duty drawback, while Claim 2 specifies that Section 232 tariffs on automobiles are not eligible. The claims are compatible as one defines the program and the other defines an exclusion.",False,local_Qwen_scope_review_not_manual_verification,False,"[""https://gingercontrol.com/industries/automotive-parts"", ""https://lightsource.ai/blog/duty-drawback-practical-guide-recovering-import-duties-2026""]",complementary_or_no_conflict,complementary_or_no_conflict,model_review_provisional,False,,,,,,,
conflict_51ced4df7395b23bfe199998,"[""claim_26c1980e9f19e5774d5edb1d"", ""claim_ddd3acf07a0a77e5be3ed8cf""]","[""q_60""]",complementary_or_no_conflict,"Claim 1 states general eligibility for duty drawback, while Claim 2 identifies Section 232 tariffs on specific products as a major exception. This is consistent with the first claim defining the general rule.",False,local_Qwen_scope_review_not_manual_verification,False,"[""https://gingercontrol.com/industries/automotive-parts"", ""https://lightsource.ai/blog/duty-drawback-practical-guide-recovering-import-duties-2026""]",complementary_or_no_conflict,complementary_or_no_conflict,model_review_provisional,False,,,,,,,
conflict_d360031f4913b482df3db4c5,"[""claim_26c1980e9f19e5774d5edb1d"", ""claim_e42d3b003d6229a2b7f5e46e""]","[""q_60""]",complementary_or_no_conflict,"Claim 1 states general eligibility for duty drawback, while Claim 2 distinguishes between Section 232 (not eligible) and Section 301 (eligible). This clarifies the scope without contradiction.",False,local_Qwen_scope_review_not_manual_verification,False,"[""https://gingercontrol.com/industries/automotive-parts"", ""https://gingercontrol.com/industries/automotive-parts""]",complementary_or_no_conflict,complementary_or_no_conflict,model_review_provisional,False,,,,,,,
conflict_930ba5d32eda5d15c23536f2,"[""claim_078c6d0714f84622198c455c"", ""claim_198c7e274be6aafdca56d6f6""]","[""q_61""]",different_dates_or_policy_stages,"Claim 1 describes a January 2026 proposal to raise tariffs to 25% which was not implemented by March 2026, while Claim 2 describes an agreement effective July 30, 2025, reducing tariffs to 15%. These represent different policy stages and dates.",False,local_Qwen_scope_review_not_manual_verification,False,"[""https://www.congress.gov/crs-product/IF10733"", ""https://www.cbsnews.com/news/trump-south-korea-tariffs-25""]",different_dates_or_policy_stages,different_dates_or_policy_stages,model_review_provisional,False,,,,,,,
conflict_1dd24d4ff1afff8ff022de36,"[""claim_078c6d0714f84622198c455c"", ""claim_1f5fc5663ffc8484b995ce4a""]","[""q_61""]",different_dates_or_policy_stages,"Claim 1 describes a January 2026 statement of intent to raise tariffs to 25% (not implemented by March 2026), while Claim 2 describes an action in November 2025 lowering Section 232 auto tariffs for Korea to 15%. These are distinct policy stages.",False,local_Qwen_scope_review_not_manual_verification,False,"[""https://www.congress.gov/crs-product/IF10733"", ""https://www.congress.gov/crs-product/IF10733""]",different_dates_or_policy_stages,different_dates_or_policy_stages,model_review_provisional,False,,,,,,,
conflict_629f667135f1db487bc96303,"[""claim_078c6d0714f84622198c455c"", ""claim_213b1866d6331f331e8f6c9c""]","[""q_61""]",different_dates_or_policy_stages,"Claim 1 states an intention to raise tariffs to 25% in Jan 2026 which was not implemented by March 2026, while Claim 2 describes a November 2025 agreement that lowered rates to 15%. These represent different policy stages (proposal vs. enacted agreement) and dates.",True,local_Qwen_scope_review_not_manual_verification,False,"[""https://www.congress.gov/crs-product/IF10733"", ""https://www.congress.gov/crs-product/IF10733""]",different_dates_or_policy_stages,different_dates_or_policy_stages,model_review_provisional,False,,,,,,,
conflict_8aeaa7a59cfc17a6a1af1910,"[""claim_078c6d0714f84622198c455c"", ""claim_27bf23e8b60858eb157e55e2""]","[""q_61""]",different_dates_or_policy_stages,"Claim 1 notes an intention to raise tariffs in Jan 2026 that was not implemented by March 2026, whereas Claim 2 reports a specific announcement on a Monday (Jan 26, 2026) regarding an increase from 15% to 25%. The first claim explicitly states the rate had not been implemented as of early March, while the second describes the announcement phase.",True,local_Qwen_scope_review_not_manual_verification,False,"[""https://www.congress.gov/crs-product/IF10733"", ""https://www.cnbc.com/2026/01/26/trump-south-korea-tariffs-trade-autos-pharma.html""]",different_dates_or_policy_stages,different_dates_or_policy_stages,model_review_provisional,False,,,,,,,
conflict_42b595b2abe78a1221f6b004,"[""claim_078c6d0714f84622198c455c"", ""claim_dc22af36e2e08f3e99d677af""]","[""q_61""]",complementary_or_no_conflict,"Claim 1 states an intention to raise tariffs in Jan 2026 which was not implemented by March 2026. Claim 2 reports the announcement of raising tariffs on Jan 26, 2026. These are consistent: an announcement was made (Claim 2) but implementation status remained pending or unconfirmed as of early March (Claim 1).",True,local_Qwen_scope_review_not_manual_verification,False,"[""https://www.congress.gov/crs-product/IF10733"", ""https://www.cbsnews.com/news/trump-south-korea-tariffs-25""]",complementary_or_no_conflict,complementary_or_no_conflict,model_review_provisional,False,,,,,,,
conflict_25c6a8bebb87d51158575161,"[""claim_198c7e274be6aafdca56d6f6"", ""claim_27bf23e8b60858eb157e55e2""]","[""q_61""]",different_dates_or_policy_stages,"Claim 1 describes an agreement effective July 30, 2025, cutting tariffs to 15%. Claim 2 reports a subsequent announcement in Jan 2026 to increase those rates back to 25%. This represents a chronological progression of policy changes rather than a contradiction.",True,local_Qwen_scope_review_not_manual_verification,False,"[""https://www.cbsnews.com/news/trump-south-korea-tariffs-25"", ""https://www.cnbc.com/2026/01/26/trump-south-korea-tariffs-trade-autos-pharma.html""]",different_dates_or_policy_stages,different_dates_or_policy_stages,model_review_provisional,False,,,,,,,
conflict_3fc65ac23d36e274a9e7b084,"[""claim_1f5fc5663ffc8484b995ce4a"", ""claim_27bf23e8b60858eb157e55e2""]","[""q_61""]",different_dates_or_policy_stages,Claim 1 details a Nov 2025 reduction of Section 232 auto tariffs to 15%. Claim 2 reports a Jan 2026 announcement to increase tariffs on autos (and other goods) from 15% to 25%. The claims describe sequential policy stages: a prior reduction followed by a later proposed increase.,True,local_Qwen_scope_review_not_manual_verification,False,"[""https://www.congress.gov/crs-product/IF10733"", ""https://www.cnbc.com/2026/01/26/trump-south-korea-tariffs-trade-autos-pharma.html""]",different_dates_or_policy_stages,different_dates_or_policy_stages,model_review_provisional,False,,,,,,,
conflict_781e3315b76a17fb81567a2f,"[""claim_213b1866d6331f331e8f6c9c"", ""claim_27bf23e8b60858eb157e55e2""]","[""q_61""]",different_dates_or_policy_stages,Claim 1 describes a Nov 2025 agreement lowering rates to 15% under E.O. 14257. Claim 2 reports a Jan 2026 announcement to increase rates from 15% to 25%. These reflect different policy stages (enacted reduction vs. subsequent proposed increase) rather than a direct conflict.,True,local_Qwen_scope_review_not_manual_verification,False,"[""https://www.congress.gov/crs-product/IF10733"", ""https://www.cnbc.com/2026/01/26/trump-south-korea-tariffs-trade-autos-pharma.html""]",different_dates_or_policy_stages,different_dates_or_policy_stages,model_review_provisional,False,,,,,,,
conflict_525f8cde5e5f27ba83b327ce,"[""claim_dc22af36e2e08f3e99d677af"", ""claim_e8d597f80da7b96586881fd1""]","[""q_61""]",complementary_or_no_conflict,"Claim 1 reports President Trump's announcement of raising tariffs. Claim 2 notes that the South Korean Blue House stated the U.S. government had not officially notified them of this hike. These are complementary: one describes the intent/announcement, the other describes the lack of formal diplomatic notification.",True,local_Qwen_scope_review_not_manual_verification,False,"[""https://www.cbsnews.com/news/trump-south-korea-tariffs-25"", ""https://www.cnbc.com/2026/01/26/trump-south-korea-tariffs-trade-autos-pharma.html""]",complementary_or_no_conflict,complementary_or_no_conflict,model_review_provisional,False,,,,,,,
conflict_d369584148b189e44c6b4923,"[""claim_04eb2e809eebce0154b7ab07"", ""claim_72c5f35f3ec01a4cbc0a8b65""]","[""q_62""]",different_dates_or_policy_stages,Claim 1 describes a future reduction to 15% effective by September 17 (post-announcement). Claim 2 states a 15% tariff was imposed in July 2025. These refer to different effective dates and stages of the same policy trajectory (imposition vs. subsequent agreement/reduction).,True,local_Qwen_scope_review_not_manual_verification,False,"[""https://www.afslaw.com/perspectives/alerts/us-japan-trade-agreement-update-tariff-reductions-and-550-billion-investment"", ""https://www.congress.gov/crs-product/IN12608""]",different_dates_or_policy_stages,different_dates_or_policy_stages,model_review_provisional,False,,,,,,,
conflict_8cb407b1fc252312acc6776e,"[""claim_4be697aefc6a551e2955fc97"", ""claim_72c5f35f3ec01a4cbc0a8b65""]","[""q_62""]",different_dates_or_policy_stages,"Claim 1 states a 25% tariff was imposed in 2025. Claim 2 states a 15% tariff was imposed in July 2025, described as a reduction from the initial 25% proposal. These describe the same timeline: an initial higher rate followed by a lower imposed rate.",True,local_Qwen_scope_review_not_manual_verification,False,"[""https://www.congress.gov/crs-product/IN12608"", ""https://www.congress.gov/crs-product/IN12608""]",different_dates_or_policy_stages,different_dates_or_policy_stages,model_review_provisional,False,,,,,,,
conflict_b2d19e8114db4901bba9fa94,"[""claim_72c5f35f3ec01a4cbc0a8b65"", ""claim_7c70883b759cf0551517d247""]","[""q_62""]",different_dates_or_policy_stages,Claim 1 states a 15% tariff was imposed in July 2025. Claim 2 references a 25% country-specific tariff that Japan was to face in 2024. These refer to different effective dates (2024 vs. 2025) and policy stages (proposed/initial vs. imposed reduction).,True,local_Qwen_scope_review_not_manual_verification,False,"[""https://www.congress.gov/crs-product/IN12608"", ""https://www.congress.gov/crs-product/IN12608""]",different_dates_or_policy_stages,different_dates_or_policy_stages,model_review_provisional,False,,,,,,,
conflict_313ef3924afc3e327a13f127,"[""claim_11ba56c8282db4bee3d942cb"", ""claim_eaf29f1f56e0634007226273""]","[""q_63""]",different_dates_or_policy_stages,"Claim 1 describes a rate of 15% or MFN (whichever is greater) effective August 1, 2025. Claim 2 references a threatened 27.5% rate that was replaced by the 15% rate on August 1. These represent a policy change from a threat to an implemented rate rather than a direct contradiction of the final outcome.",False,local_Qwen_scope_review_not_manual_verification,False,"[""https://www.butzel.com/alert-us-implements-eu-trade-deal-reducing-tariffs-on-eu-autos-parts-and-eliminating-tariffs-on-certain-other-products"", ""https://www.caranddriver.com/news/a65542782/us-european-union-trade-deal-car-tariffs""]",different_dates_or_policy_stages,different_dates_or_policy_stages,model_review_provisional,False,,,,,,,
conflict_998a311cc24e088dd8e89694,"[""claim_2c9df26bebe51e8ecfdd00e0"", ""claim_d5774556731bdc30be0262bc""]","[""q_63""]",complementary_or_no_conflict,"Both claims confirm a 15% duty rate for EU autos and parts effective August 1. Claim 1 notes the drop from 25%, while Claim 2 confirms the 15% start date; they are consistent.",False,local_Qwen_scope_review_not_manual_verification,False,"[""https://www.youtube.com/watch?v=k35z0cI3h_k"", ""https://www.youtube.com/watch?v=k35z0cI3h_k""]",complementary_or_no_conflict,complementary_or_no_conflict,model_review_provisional,False,,,,,,,
conflict_9e9eedfd0479c0cad84c5073,"[""claim_6889d86f2750a42216df50fc"", ""claim_afb3bdece75f7d2d86b611fa""]","[""q_64""]",complementary_or_no_conflict,"Both claims describe Proclamation 10908 imposing a 25% tariff on automobiles starting April 3, 2025, and parts starting May 3, 2025. The dates and rates are identical.",False,local_Qwen_scope_review_not_manual_verification,False,"[""https://www.ghy.com/trade-compliance/new-tariff-relief-procedures-for-usmca-eligible-automobile-imports"", ""https://www.federalregister.gov/documents/2025/05/20/2025-08917/procedures-for-submissions-by-importers-of-automobiles-qualifying-for-preferential-tariff-treatment""]",complementary_or_no_conflict,complementary_or_no_conflict,model_review_provisional,False,,,,,,,
conflict_22eda470efe9b9799c807b26,"[""claim_049b6af867f270686e2a26ee"", ""claim_9c566896ab52b9747a1960d5""]","[""q_69""]",different_dates_or_policy_stages,"Claim 1 lists an effective date of September 27, 2024, for a 100% rate. Claim 2 describes an increase from 25% to 100% effective August 1, 2024. The dates differ (August vs. September), suggesting different stages or specific product inclusions within the same policy progression.",False,local_Qwen_scope_review_not_manual_verification,False,"[""https://gingercontrol.com/blog/section-301-tariff-rates-china"", ""https://www.wiley.law/alert-Administration-Releases-Details-on-Planned-Increases-to-Section-301-Duties-on-Imports-from-China""]",different_dates_or_policy_stages,different_dates_or_policy_stages,model_review_provisional,False,,,,,,,
conflict_5cbe7e64621279fbd81efbdf,"[""claim_0f7ff76728bf26231de08c7d"", ""claim_557ee40e5cd3c02ebe650f5b""]","[""q_71""]",complementary_or_no_conflict,Claim 1 states that articles eligible for USMCA treatment (excluding knock-down kits) have a 0% rate. Claim 2 clarifies that knock-down kits remain subject to a 25% tariff even if they meet USMCA requirements. These are complementary exclusions within the same framework.,False,local_Qwen_scope_review_not_manual_verification,False,"[""https://content.govdelivery.com/accounts/USDHSCBP/bulletins/3de7ef9"", ""https://www.asashop.org/2025/10/22/new-tariffs-announced-on-medium-and-heavy-duty-vehicles-buses-and-parts""]",complementary_or_no_conflict,complementary_or_no_conflict,model_review_provisional,False,,,,,,,
conflict_ab57a13da468df6b0f539703,"[""claim_30b6e5ce859cddfbab725cfa"", ""claim_c553b18304e2441625e20897""]","[""q_75""]",complementary_or_no_conflict,"Claim 1 specifies that fitted cables (with terminals/plugs) classify under 8544.42, while unterminated cable is 8544.49. Claim 2 states that wire harnesses with connectors fall under 8544.30 or 8544.42. Both address classification based on the presence of connectors and are consistent.",False,local_Qwen_scope_review_not_manual_verification,False,"[""https://wireharnessproduction.com/blog/cable-assembly-hs-code-guide"", ""https://wireharnessproduction.com/blog/cable-assembly-hs-code-guide""]",complementary_or_no_conflict,complementary_or_no_conflict,model_review_provisional,False,,,,,,,
conflict_79d18c907f132592136f1f39,"[""claim_3759878b201a76771c4fa2d7"", ""claim_537f842fbf537c29de47fddb""]","[""q_75""]",complementary_or_no_conflict,"Both claims describe the same scenario: Chinese wire processed in Mexico results in Mexican-origin status, eliminating base duty and Section 301. Claim 2 explicitly labels the origin as 'Mexican-origin', matching Claim 1's logic.",False,local_Qwen_scope_review_not_manual_verification,False,"[""https://wireharnessproduction.com/blog/cable-assembly-hs-code-guide"", ""https://wireharnessproduction.com/blog/cable-assembly-hs-code-guide""]",complementary_or_no_conflict,complementary_or_no_conflict,model_review_provisional,False,,,,,,,
conflict_df8e68b74aa1168b262da0f1,"[""claim_20f9d000577e50a771046c42"", ""claim_3c53e6709b23cccb826cdf16""]","[""q_76""]",complementary_or_no_conflict,Claim 1 states a Chinese brake rotor taxed at 25% steel is not taxed an additional 25% as an auto part. Claim 2 states a 25% tariff applies to most parts unless USMCA-compliant or exempt. These are consistent: the specific example in Claim 1 illustrates the general rule in Claim 2.,False,local_Qwen_scope_review_not_manual_verification,False,"[""https://blogs.tradlinx.com/auto-tariffs-101-how-u-s-car-import-duties-really-work-in-2025"", ""https://blogs.tradlinx.com/auto-tariffs-101-how-u-s-car-import-duties-really-work-in-2025""]",complementary_or_no_conflict,complementary_or_no_conflict,model_review_provisional,False,,,,,,,
conflict_17279725879b6d00f7eca3d3,"[""claim_20f9d000577e50a771046c42"", ""claim_904d156179d0538f71de0f5e""]","[""q_76""]",complementary_or_no_conflict,"Claim 1 states a Chinese brake rotor taxed at 25% steel is not taxed an additional 25%. Claim 2 states a 25% rate applies to non-exempt parts as of May 3, 2025. The specific example in Claim 1 aligns with the general rule in Claim 2 regarding the rate applied.",False,local_Qwen_scope_review_not_manual_verification,False,"[""https://blogs.tradlinx.com/auto-tariffs-101-how-u-s-car-import-duties-really-work-in-2025"", ""https://blogs.tradlinx.com/auto-tariffs-101-how-u-s-car-import-duties-really-work-in-2025""]",complementary_or_no_conflict,complementary_or_no_conflict,model_review_provisional,False,,,,,,,
conflict_dde8e304fdb5d5ec3576007d,"[""claim_3c53e6709b23cccb826cdf16"", ""claim_904d156179d0538f71de0f5e""]","[""q_76""]",complementary_or_no_conflict,"Claim 1 states a 25% tariff applies to most parts unless USMCA-compliant or exempt. Claim 2 states a 25% rate applies to non-exempt parts as of May 3, 2025. The terms 'non-exempt' and 'unless...exempt' are consistent.",False,local_Qwen_scope_review_not_manual_verification,False,"[""https://blogs.tradlinx.com/auto-tariffs-101-how-u-s-car-import-duties-really-work-in-2025"", ""https://blogs.tradlinx.com/auto-tariffs-101-how-u-s-car-import-duties-really-work-in-2025""]",complementary_or_no_conflict,complementary_or_no_conflict,model_review_provisional,False,,,,,,,
conflict_ef60ed98a2953565ebcd0aef,"[""claim_7c81881efe2e7ae2bbcec5a3"", ""claim_904d156179d0538f71de0f5e""]","[""q_76""]",complementary_or_no_conflict,"One claim specifies an exemption for brake systems, while the other establishes a 25% rate for non-exempt parts effective May 3, 2025; these are compatible as exemptions exclude specific items from the general rate.",False,local_Qwen_scope_review_not_manual_verification,False,"[""https://blogs.tradlinx.com/auto-tariffs-101-how-u-s-car-import-duties-really-work-in-2025"", ""https://blogs.tradlinx.com/auto-tariffs-101-how-u-s-car-import-duties-really-work-in-2025""]",complementary_or_no_conflict,complementary_or_no_conflict,model_review_provisional,False,,,,,,,
conflict_461f1318f4f58a1a244e37eb,"[""claim_2840f5c89a256d650e1e0b2d"", ""claim_e14868b8e1115a9412a48647""]","[""q_77""]",different_products_origins_or_programs,"The claims address distinct product categories: 'Seats of a kind used for motor vehicles' (Free) versus 'Other seats, with metal frames' (0.01), indicating different tariff treatments based on specific product definitions.",False,local_Qwen_scope_review_not_manual_verification,False,"[""https://hts.usitc.gov/search?query=9401806021"", ""https://hts.usitc.gov/search?query=9401806021""]",different_products_origins_or_programs,different_products_origins_or_programs,model_review_provisional,False,,,,,,,
conflict_ca56aee89514a20b9c393758,"[""claim_002b0fd00575d0d779a276b2"", ""claim_3d10f31413f6cec7f758c1c8""]","[""q_78""]",different_products_origins_or_programs,"The claims list the same product description but assign different HTS codes (8708.99.58 vs 8708.99.31) and duty rates (25% vs 27.5%), suggesting they refer to distinct sub-classifications or tariff programs rather than a direct contradiction.",False,local_Qwen_scope_review_not_manual_verification,False,"[""https://hts.usitc.gov/search?query=8708.70.45"", ""https://hts.usitc.gov/search?query=8708.70.45""]",different_products_origins_or_programs,different_products_origins_or_programs,model_review_provisional,False,,,,,,,
conflict_e31dec24784452960ae8f946,"[""claim_35cafc34dbc31f022dce4af2"", ""claim_a171a15d3edbc6aeb57c95af""]","[""q_78""]",complementary_or_no_conflict,"Both claims reference the same HTS code 8708807000 and describe 'Suspension Systems Parts' or 'Parts and Accessories for Suspension Systems', representing consistent information from the same source document.",False,local_Qwen_scope_review_not_manual_verification,False,"[""https://www.trade.gov/automotive-parts-tariff-codes"", ""https://www.trade.gov/automotive-parts-tariff-codes""]",complementary_or_no_conflict,complementary_or_no_conflict,model_review_provisional,False,,,,,,,
conflict_157baf79dc008723763380b6,"[""claim_35cafc34dbc31f022dce4af2"", ""claim_c9a4e8b1e0a76dddf5994a06""]","[""q_78""]",complementary_or_no_conflict,"Both claims cite the same HTS code 8708807000 and describe 'Suspension Systems Parts' or 'Parts and Accessories for Suspension Systems', indicating identical scope and no conflict.",False,local_Qwen_scope_review_not_manual_verification,False,"[""https://www.trade.gov/automotive-parts-tariff-codes"", ""https://www.trade.gov/automotive-parts-tariff-codes""]",complementary_or_no_conflict,complementary_or_no_conflict,model_review_provisional,False,,,,,,,
conflict_1dbe7765718d47eb040f651c,"[""claim_a171a15d3edbc6aeb57c95af"", ""claim_c9a4e8b1e0a76dddf5994a06""]","[""q_78""]",complementary_or_no_conflict,"Both claims cite the same HTS code 8708807000 and describe 'Parts and Accessories for Suspension Systems', representing identical information from the same source.",False,local_Qwen_scope_review_not_manual_verification,False,"[""https://www.trade.gov/automotive-parts-tariff-codes"", ""https://www.trade.gov/automotive-parts-tariff-codes""]",complementary_or_no_conflict,complementary_or_no_conflict,model_review_provisional,False,,,,,,,
conflict_7a2007b89c7d1a6bb68e18b6,"[""claim_67ba12c8f253e2266425338e"", ""claim_e9923061a0c68994bfa40d85""]","[""q_78""]",complementary_or_no_conflict,"Both claims reference HTS code 8708504150 and describe 'Non-Driving Axles' or 'Non-Driving Axles and Parts', showing consistent scope without contradiction.",False,local_Qwen_scope_review_not_manual_verification,False,"[""https://www.trade.gov/automotive-parts-tariff-codes"", ""https://www.trade.gov/automotive-parts-tariff-codes""]",complementary_or_no_conflict,complementary_or_no_conflict,model_review_provisional,False,,,,,,,
conflict_c757c4ce9aace404d0e5e21b,"[""claim_80b5ddba3241f746c98b6b81"", ""claim_e9923061a0c68994bfa40d85""]","[""q_78""]",complementary_or_no_conflict,"Both claims reference HTS code 8708504150 and describe 'Non-Driving Axles' or 'Non-Driving Axles and Parts', indicating consistent information.",False,local_Qwen_scope_review_not_manual_verification,False,"[""https://www.trade.gov/automotive-parts-tariff-codes"", ""https://www.trade.gov/automotive-parts-tariff-codes""]",complementary_or_no_conflict,complementary_or_no_conflict,model_review_provisional,False,,,,,,,
conflict_f9f004daac74e573168a1de7,"[""claim_bba87e1e5662b52499bb6320"", ""claim_d1b1ce5399e2d5ebd07c7759""]","[""q_78""]",complementary_or_no_conflict,"Both claims reference HTS code 8708500050 and describe 'Drive Axles with Differential', representing identical information from the same source.",False,local_Qwen_scope_review_not_manual_verification,False,"[""https://www.trade.gov/automotive-parts-tariff-codes"", ""https://www.trade.gov/automotive-parts-tariff-codes""]",complementary_or_no_conflict,complementary_or_no_conflict,model_review_provisional,False,,,,,,,
conflict_a6bb5b9e2140fc06b6097ab6,"[""claim_26558fa4ab530b9a1466509d"", ""claim_51213277c1dd59f5bb4e96e2""]","[""q_81""]",different_dates_or_policy_stages,"One claim states a 25% rate effective March 12, 2025, while the other describes an increase to 50% effective June 4, 2025; this represents a dated progression of policy rather than a contradiction.",False,local_Qwen_scope_review_not_manual_verification,False,"[""https://globaltaxnews.ey.com/news/2025-1192-us-increases-import-tariffs-of-aluminum-and-steel"", ""https://aslgate.com/the-united-states-officially-imposes-import-tariffs-on-aluminum-and-steel-products""]",different_dates_or_policy_stages,different_dates_or_policy_stages,model_review_provisional,False,,,,,,,
conflict_5a366395a7365815d6914f16,"[""claim_769d671f6e84b0b830a9ceb3"", ""claim_cdc9295633ceba6c0ceee781""]","[""q_81""]",apparent_same_scope_conflict,"Claim 1 states UK rates remain at 25%, while Claim 2 asserts a uniform tariff applies to all countries with no exceptions, creating a direct contradiction regarding UK treatment.",True,local_Qwen_scope_review_not_manual_verification,False,"[""https://taxnews.ey.com/news/2025-1192-us-increases-import-tariffs-of-aluminum-and-steel"", ""https://aslgate.com/the-united-states-officially-imposes-import-tariffs-on-aluminum-and-steel-products""]",apparent_same_scope_conflict,apparent_same_scope_conflict,model_review_provisional,False,,,,,,,
conflict_04ecbe6bcf9a6b53b04dea6c,"[""claim_161644d98e6121c518dc8d8b"", ""claim_164429ec7e4b7ff5ec97fa40""]","[""q_82""]",different_dates_or_policy_stages,"Claim 1 states rates remain at 25% effective July 9, 2025, while Claim 2 states rates increased to 50% effective June 4, 2025; these represent sequential policy stages.",True,local_Qwen_scope_review_not_manual_verification,False,"[""https://www.whitehouse.gov/presidential-actions/2025/06/adjusting-imports-of-aluminum-and-steel-into-the-united-states"", ""https://www.whitehouse.gov/presidential-actions/2025/06/adjusting-imports-of-aluminum-and-steel-into-the-united-states""]",different_dates_or_policy_stages,different_dates_or_policy_stages,model_review_provisional,False,,,,,,,
conflict_9da9f196b29984de7f309533,"[""claim_3446c50f50d2d3cc80e01893"", ""claim_4212e18dc1988d69740d04e0""]","[""q_82""]",different_dates_or_policy_stages,"Claim 1 cites a 25% rate for specific countries, while Claim 2 describes an increase to 50% effective June 4, 2025; the latter supersedes the former as a later policy stage.",True,local_Qwen_scope_review_not_manual_verification,False,"[""https://www.federalregister.gov/documents/2025/02/18/2025-02832/adjusting-imports-of-aluminum-into-the-united-states"", ""https://www.whitehouse.gov/presidential-actions/2025/06/adjusting-imports-of-aluminum-and-steel-into-the-united-states""]",different_dates_or_policy_stages,different_dates_or_policy_stages,model_review_provisional,False,,,,,,,
conflict_c74bfca0b93f2a860fefa3f0,"[""claim_5de78d2e940aef418e6b379a"", ""claim_7845524f854d53d688ea804c""]","[""q_82""]",different_dates_or_policy_stages,"Claim 1 states UK rates remain at 25%, while Claim 2 states a rate increase to 50% effective June 4, 2025; the specific date in Claim 2 indicates a later policy stage.",True,local_Qwen_scope_review_not_manual_verification,False,"[""https://www.ey.com/en_gl/technical/tax-alerts/us-increases-import-tariffs-of-aluminum-and-steel"", ""https://www.ey.com/en_gl/technical/tax-alerts/us-increases-import-tariffs-of-aluminum-and-steel""]",different_dates_or_policy_stages,different_dates_or_policy_stages,model_review_provisional,False,,,,,,,
conflict_7f28c9cdd9c245cce32095c1,"[""claim_3ce9f49a778dd0cb66faa193"", ""claim_9c989617417531bc5d6a2d41""]","[""q_83""]",complementary_or_no_conflict,"Claim 1 states tariffs now apply to full customs value, and Claim 2 explains the elimination of the previous split-value calculation; these describe the same policy change from different angles.",False,local_Qwen_scope_review_not_manual_verification,False,"[""https://www.whitecase.com/insight-alert/united-states-modifies-steel-aluminum-and-copper-section-232-tariffs"", ""https://www.whitecase.com/insight-alert/united-states-modifies-steel-aluminum-and-copper-section-232-tariffs""]",complementary_or_no_conflict,complementary_or_no_conflict,model_review_provisional,False,,,,,,,
conflict_2f0a36fb369e051e7139628a,"[""claim_355166ea3e1ac780c3f726fe"", ""claim_fab56ed4f0d735bba76e45a6""]","[""q_84""]",different_dates_or_policy_stages,"Claim 1 cites a February 2025 imposition of 25% tariffs, while Claim 2 notes a June 2025 increase to 50%; this represents a chronological progression of rates.",True,local_Qwen_scope_review_not_manual_verification,False,"[""https://www.z2data.com/insights/why-you-need-supply-chain-visibility-for-section-232"", ""https://www.z2data.com/insights/why-you-need-supply-chain-visibility-for-section-232""]",different_dates_or_policy_stages,different_dates_or_policy_stages,model_review_provisional,False,,,,,,,
conflict_f05256a1548b8980901579ac,"[""claim_7cf7d0e48ad02b1855273f25"", ""claim_a6a34bba39cd83bcca54031a""]","[""q_84""]",different_dates_or_policy_stages,"Claim 1 states exclusions are effective March 7, 2025, while Claim 2 states tariffs went into effect March 4, 2025; these dates reflect distinct stages of the tariff implementation timeline.",True,local_Qwen_scope_review_not_manual_verification,False,"[""https://www.internationaltradeinsights.com/2025/08/summary-of-tariff-requirements-updated-august-4-2025"", ""https://www.internationaltradeinsights.com/2025/08/summary-of-tariff-requirements-updated-august-4-2025""]",different_dates_or_policy_stages,different_dates_or_policy_stages,model_review_provisional,False,,,,,,,
conflict_85bd6daffdffe502eefd978c,"[""claim_197d39f2f4ff022f1e1bacea"", ""claim_8d79d7215b49c1ede80c7543""]","[""q_88""]",different_dates_or_policy_stages,"Claim 1 cites a modification effective July 1, 2025, while Claim 2 cites duties for specific derivatives effective August 18, 2025; these are distinct effective dates for different inclusions.",True,local_Qwen_scope_review_not_manual_verification,False,"[""https://www.federalregister.gov/documents/2025/08/19/2025-15819/adoption-and-procedures-of-the-section-232-steel-and-aluminum-tariff-inclusions-process"", ""https://www.federalregister.gov/documents/2025/08/19/2025-15819/adoption-and-procedures-of-the-section-232-steel-and-aluminum-tariff-inclusions-process""]",different_dates_or_policy_stages,different_dates_or_policy_stages,model_review_provisional,False,,,,,,,
conflict_92b71889d6c68a6698dc5333,"[""claim_197d39f2f4ff022f1e1bacea"", ""claim_e12441afd63836746a0ee6b1""]","[""q_88""]",different_dates_or_policy_stages,"Claim 1 cites a modification effective July 1, 2025, while Claim 2 cites a modification effective August 18, 2025; these represent sequential policy updates.",True,local_Qwen_scope_review_not_manual_verification,False,"[""https://www.federalregister.gov/documents/2025/08/19/2025-15819/adoption-and-procedures-of-the-section-232-steel-and-aluminum-tariff-inclusions-process"", ""https://www.federalregister.gov/documents/2025/08/19/2025-15819/adoption-and-procedures-of-the-section-232-steel-and-aluminum-tariff-inclusions-process""]",different_dates_or_policy_stages,different_dates_or_policy_stages,model_review_provisional,False,,,,,,,
conflict_b136a17266a48a6749b11dc6,"[""claim_1071e9dcccfa690c9bc94a0e"", ""claim_151c0d9ebc4e330522a9bd08""]","[""q_89""]",different_products_origins_or_programs,"Claim 1 describes a new 'Inclusions Process' for submissions, while Claim 2 states the cessation of processing 'Exclusion Requests'; these are distinct procedural mechanisms.",True,local_Qwen_scope_review_not_manual_verification,False,"[""https://www.bis.gov/about-bis/bis-leadership-and-offices/SIES/section-232-investigations/section-232-steel-aluminum"", ""https://www.bis.gov/about-bis/bis-leadership-and-offices/SIES/section-232-investigations/section-232-steel-aluminum""]",different_products_origins_or_programs,different_products_origins_or_programs,model_review_provisional,False,,,,,,,
conflict_83832dc95e4684d1ea9a6a56,"[""claim_30741294147bcb3896c03dd3"", ""claim_aee076bb1ba690d185e39e6b""]","[""q_89""]",complementary_or_no_conflict,"Claim 1 revokes general exclusions effective March 12, 2025. Claim 2 provides a specific exception for US-sourced derivatives subject to duties on or after that same date. The exception does not contradict the revocation of general exemptions; it defines a new scope of eligibility.",False,local_Qwen_scope_review_not_manual_verification,False,"[""https://www.bis.gov/about-bis/bis-leadership-and-offices/SIES/section-232-investigations/section-232-steel-aluminum"", ""https://www.cbp.gov/trade/programs-administration/entry-summary/232-tariffs-aluminum-and-steel-faqs""]",complementary_or_no_conflict,complementary_or_no_conflict,model_review_provisional,False,,,,,,,
conflict_57184b7231886e8f92aa550d,"[""claim_6c6625ca2517f2a156606c81"", ""claim_9d5e7a328901372a1c7b8fa3""]","[""q_90""]",apparent_same_scope_conflict,"Claim 1 states tariffs do not stack. Claim 2 states that Section 232 tariffs and other additional tariffs can apply to the same product based on content, implying stacking is possible under specific guidance from June and July.",True,local_Qwen_scope_review_not_manual_verification,False,"[""https://www.whitecase.com/insight-alert/united-states-modifies-steel-aluminum-and-copper-section-232-tariffs"", ""https://globaltradealert.org/blog/US-Tariff-Stacking-Explained""]",apparent_same_scope_conflict,apparent_same_scope_conflict,model_review_provisional,False,,,,,,,
conflict_faa6a0590fa11d52c10cb9ae,"[""claim_773494de891f3d49f8a19f7e"", ""claim_9d5e7a328901372a1c7b8fa3""]","[""q_90""]",apparent_same_scope_conflict,"Claim 1 states goods with multiple metals are subject to only one rate (no stacking). Claim 2 states that Section 232 tariffs and other additional tariffs can apply to the same product based on content, suggesting multiple rates may apply.",True,local_Qwen_scope_review_not_manual_verification,False,"[""https://www.strtrade.com/trade-news-resources/tariff-actions-resources/section-232-tariffs-on-steel-aluminum"", ""https://globaltradealert.org/blog/US-Tariff-Stacking-Explained""]",apparent_same_scope_conflict,apparent_same_scope_conflict,model_review_provisional,False,,,,,,,
conflict_62254e3db3c831a162d59512,"[""claim_00df240b51dc1d7fcd5fae0b"", ""claim_ece89ea9b5ffb93cca3d1bb0""]","[""q_91""]",complementary_or_no_conflict,"Claim 1 announces the initiation of investigations on February 16, 2026. Claim 2 explains the relevance of that specific investigation to US exporters. The claims describe the same event and its implications without contradiction.",False,local_Qwen_scope_review_not_manual_verification,False,"[""https://www.trade.gov/market-intelligence/mexico-metals-cold-rolled-steel-antidumping-and-countervailing-duty-initiation"", ""https://www.trade.gov/market-intelligence/mexico-metals-cold-rolled-steel-antidumping-and-countervailing-duty-initiation""]",complementary_or_no_conflict,complementary_or_no_conflict,model_review_provisional,False,,,,,,,
conflict_4bfc1b73367d31b28b94f6a4,"[""claim_004e0601feb5f9a9bfc6f6b2"", ""claim_72be9cb07786374df1f5898b""]","[""q_92""]",complementary_or_no_conflict,"Claim 1 lists the duty rate for India. Claim 2 lists the same rate for India while adding rates for Indonesia and Thailand. The claims are consistent, with the second providing a more comprehensive list.",False,local_Qwen_scope_review_not_manual_verification,False,"[""https://www.steelradar.com/en/haber/usa-imposes-anti-dumping-and-countervailing-duties-on-hot-rolled-steel-imports-from-multiple-countries"", ""https://www.steelradar.com/en/haber/usa-imposes-anti-dumping-and-countervailing-duties-on-hot-rolled-steel-imports-from-multiple-countries""]",complementary_or_no_conflict,complementary_or_no_conflict,model_review_provisional,False,,,,,,,
conflict_d20ff50139f66e9a08c72d00,"[""claim_04418145d37e9bf590135e80"", ""claim_1d4e837ed72f6d1865bd0b4f""]","[""q_92""]",complementary_or_no_conflict,"Claim 1 lists rates for Indonesia, Thailand, Ukraine, and Taiwan. Claim 2 lists rates for Thailand, Ukraine, and Taiwan. The second claim is a subset of the first, showing no contradiction.",False,local_Qwen_scope_review_not_manual_verification,False,"[""https://www.steelradar.com/en/haber/usa-imposes-anti-dumping-and-countervailing-duties-on-hot-rolled-steel-imports-from-multiple-countries"", ""https://www.steelradar.com/en/haber/usa-imposes-anti-dumping-and-countervailing-duties-on-hot-rolled-steel-imports-from-multiple-countries""]",complementary_or_no_conflict,complementary_or_no_conflict,model_review_provisional,False,,,,,,,
conflict_fe7a4117bdfc6b1ff43603ba,"[""claim_16d42f8c39f931710ee0cd23"", ""claim_4a5f0cc468b5cace55db2d7e""]","[""q_92""]",complementary_or_no_conflict,Claim 1 cites a preliminary determination rate of 7.42 percent for the group. Claim 2 provides specific margin ranges (3.97-7.33% to 49.05%) for individual countries within that group. The specific ranges are consistent with the general preliminary finding.,False,local_Qwen_scope_review_not_manual_verification,False,"[""https://usw.org/press-release/usw-praises-doc-for-duties-on-hot-rolled-steel-imports"", ""https://usw.org/press-release/usw-praises-doc-for-duties-on-hot-rolled-steel-imports""]",complementary_or_no_conflict,complementary_or_no_conflict,model_review_provisional,False,,,,,,,
conflict_c8b15f4068d7e79cc7a01f29,"[""claim_14a366d30d8a416dcf5b8539"", ""claim_177240169061dac999e95f24""]","[""q_94""]",different_products_origins_or_programs,Claim 1 refers to a general 25% rate for primary steel with potential exemptions. Claim 2 refers to a specific 10% tariff on derivatives composed of at least 85% US-sourced materials. The claims address different product categories and rates.,False,local_Qwen_scope_review_not_manual_verification,False,"[""https://www.ctp-inc.com/articles/tariffs-on-steel-derivative-products"", ""https://www.congress.gov/crs-product/IN12519""]",different_products_origins_or_programs,different_products_origins_or_programs,model_review_provisional,False,,,,,,,
conflict_1b367e34648d2b411e2ed098,"[""claim_177240169061dac999e95f24"", ""claim_246876ecf4718e8245c6880f""]","[""q_94""]",apparent_same_scope_conflict,"Claim 1 states a 10% tariff applies to the full value of derivatives. Claim 2 states the tariff applies only to the steel content, not the entire value. These represent contradictory bases for calculating the duty.",True,local_Qwen_scope_review_not_manual_verification,False,"[""https://www.congress.gov/crs-product/IN12519"", ""https://www.ctp-inc.com/articles/tariffs-on-steel-derivative-products""]",apparent_same_scope_conflict,apparent_same_scope_conflict,model_review_provisional,False,,,,,,,
conflict_c3d60899c71f410bec749d95,"[""claim_6b71a77ceb08aeaacdfea259"", ""claim_70449800b50b55bef7389693""]","[""q_97""]",different_dates_or_policy_stages,"Claim 1 concerns the rescission of an administrative review for a specific period (Dec 2024-Nov 2025). Claim 2 concerns the continuation of orders effective May 13, 2026. These address different procedural stages and effective dates.",False,local_Qwen_scope_review_not_manual_verification,False,"[""https://www.tyllus.com/en/resources/us-import-evidence-change-radar/2026-18089"", ""https://www.federalregister.gov/documents/2026/05/18/2026-09826/non-oriented-electrical-steel-from-sweden-germany-the-peoples-republic-of-china-the-republic-of""]",different_dates_or_policy_stages,different_dates_or_policy_stages,model_review_provisional,False,,,,,,,
conflict_fe8334de248565677b6c0f4d,"[""claim_17cb0628d67837a5ffaad80b"", ""claim_8c9b540476549b57dffa7d83""]","[""q_99""]",apparent_same_scope_conflict,"Claim 1 states a 25% tariff on all steel/aluminum imports effective March 12, 2025, while Claim 2 describes a 50% tariff on similar products (including derivatives like fasteners) placed on most countries. The rates (25% vs 50%) and scope descriptions differ for the same product category without reconciling dates or specific exclusions.",True,local_Qwen_scope_review_not_manual_verification,False,"[""https://www.fastener-world.com/data/pdf_download/FW_211_E_196.pdf?v=1"", ""https://www.youtube.com/watch?v=Eo0AZtLVTCY""]",apparent_same_scope_conflict,apparent_same_scope_conflict,model_review_provisional,False,,,,,,,
conflict_75f97b53f84d55214c55ecd4,"[""claim_17cb0628d67837a5ffaad80b"", ""claim_b124c333e0a5dd0b1922625b""]","[""q_99""]",apparent_same_scope_conflict,"Claim 1 specifies a 25% tariff on steel/aluminum imports effective March 12, 2025, whereas Claim 2 cites a 33% duty rate for imported fasteners. Both address tariffs on fasteners/steel products but report conflicting rates (25% vs 33%) without clarifying different origins or program stages.",True,local_Qwen_scope_review_not_manual_verification,False,"[""https://www.fastener-world.com/data/pdf_download/FW_211_E_196.pdf?v=1"", ""https://www.youtube.com/watch?v=Eo0AZtLVTCY""]",apparent_same_scope_conflict,apparent_same_scope_conflict,model_review_provisional,False,,,,,,,
conflict_7b08c7517e818bde5ba351cf,"[""claim_8c9b540476549b57dffa7d83"", ""claim_b124c333e0a5dd0b1922625b""]","[""q_99""]",apparent_same_scope_conflict,"Claim 1 asserts a 50% tariff on steel/aluminum products including derivatives (screws, nails, bolts), while Claim 2 states a 33% duty rate for imported fasteners. The conflicting rates (50% vs 33%) apply to the same product category without evidence of different origins or program stages.",True,local_Qwen_scope_review_not_manual_verification,False,"[""https://www.youtube.com/watch?v=Eo0AZtLVTCY"", ""https://www.youtube.com/watch?v=Eo0AZtLVTCY""]",apparent_same_scope_conflict,apparent_same_scope_conflict,model_review_provisional,False,,,,,,,
