passage_id,supporting_excerpt,relevance_explanation,company_applicability,temporal_status,recovery_claim_id,query_id,chunk_id,document_id,source_url,evidence_kind,already_extracted_for_query,source_text_path,current_legal_applicability,review_status,source_base_directory,resolved_source_text_path,manual_relevance_review,supports_requested_tariff_program
passage_b950880868cef07200aa0f4e,"Hyundai aims to increase US-assembled vehicle share from roughly 40% to more than 80% by 2030, while simultaneously increasing US supply chain content from approximately 60% to 80% to improve exposure profile and its cost structure.",This passage outlines a future goal (2030) to reduce exposure but does not provide current tariff data or specific supplier liability for the Georgia Metaplant ecosystem.,explicit_named_company_effect,source_reports_future,recovered_768bef2676708c02ca469474,q_32,chunk_60e62fd4319f30b58b9356db,document_bd9b4c999011c3e8830aa7ca,https://www.automotivemanufacturingsolutions.com/news/hyundai-commits-to-north-american-manufacturing-scale-with-36-new-models-localised-supply-chain/2640816,full_document,True,text/c7b003ec2eaa08d506efcdfece230b635ccc64693e0c9a3151ea34a74035e015.txt,not_established,locally_extracted_quote_validated_not_manually_verified,/home/sm11926/Certification_status/outputs/tariffs/pilot-2026-09-09,/home/sm11926/Certification_status/outputs/tariffs/pilot-2026-09-09/text/c7b003ec2eaa08d506efcdfece230b635ccc64693e0c9a3151ea34a74035e015.txt,,
passage_a15081566626b23897a434f6,"Savannah: -13% in cargo volume, disrupting East Coast parts distribution.",Indicates geographic impact but lacks specific supplier linkage.,not_established,proposal_or_uncertain,recovered_acf6e821014c54fdbb41de9e,q_442,chunk_20207f6767d220a4f86103f9,document_b8e4116cf9a88cc5171794bc,https://www.linkedin.com/posts/jcmillerjr_supplychain-tariffs-automotiveaftermarket-activity-7331644499019948033-WS6f,full_document,False,text/e6b7438e7d1b47c31f87f3cc770de8717cad448182db3dce492d30a1d982e3e4.txt,not_established,locally_extracted_quote_validated_not_manually_verified,/home/sm11926/Certification_status/outputs/tariffs/pilot-2026-09-09,/home/sm11926/Certification_status/outputs/tariffs/pilot-2026-09-09/text/e6b7438e7d1b47c31f87f3cc770de8717cad448182db3dce492d30a1d982e3e4.txt,,
passage_79591d67bcf2f0d2eb22e946,It is likely that every company operating in the vast automotive segment will be impacted by tariffs.,Generalizes impact without establishing specific Georgia supplier exposure.,not_established,proposal_or_uncertain,recovered_ca512cf1d062e208492e4ad8,q_442,chunk_f381003a7acc4265b0ffa5fe,document_5d510d029f27d48ffade2892,https://www.stout.com/en/insights/commentary/effect-tariffs-automotive-industry,full_document,False,text/fea226ff67b4a040c2d76d9f40dfcbd89a6a5b39a533179d40a76ec536fbbdf1.txt,not_established,locally_extracted_quote_validated_not_manually_verified,/home/sm11926/Certification_status/outputs/tariffs/pilot-2026-09-09,/home/sm11926/Certification_status/outputs/tariffs/pilot-2026-09-09/text/fea226ff67b4a040c2d76d9f40dfcbd89a6a5b39a533179d40a76ec536fbbdf1.txt,,
passage_bbb6a0c7121747238ad1445e,"In fact, in 2018, shortages of electronic components--multilayered ceramic chip capacitors, resistors, semiconductors, graphics cards--are growing as new markets and applications create surges in demand that mostly Asian manufacturers are unable to meet.",Historical data (2018) does not establish current 2026 applicability for component shortages.,not_established,proposal_or_uncertain,recovered_a749edece53cc2c149feb51d,q_442,chunk_a6a38524bff3b04544a0b122,document_03bbe90c34832e1434fed9ad,https://www.govinfo.gov/content/pkg/CHRG-115shrg40897/html/CHRG-115shrg40897.htm,full_document,False,text/f30925b8ea3be5dbaed17d934b11458b924bc6ea7a38f8269bbfb6d50c13a393.txt,not_established,locally_extracted_quote_validated_not_manually_verified,/home/sm11926/Certification_status/outputs/tariffs/pilot-2026-09-09,/home/sm11926/Certification_status/outputs/tariffs/pilot-2026-09-09/text/f30925b8ea3be5dbaed17d934b11458b924bc6ea7a38f8269bbfb6d50c13a393.txt,,
passage_979b4bc207c00a861ef891bc,An electronics assembly manufactured in Mexico does not automatically enter the United States duty-free.,Explains trade rules but fails to connect specific Georgia facilities or companies to tariff exposure.,not_established,proposal_or_uncertain,recovered_d757c07ac160ddb79bbf8242,q_442,chunk_3268a1e3e567297006f62d36,document_08f49fc2382e0fd108cba980,https://www.markzetter.com/usmca-rules-of-origin-and-automotive-electronics-tariff-implications-for-cross-border-sourcing,full_document,False,text/69f3dda80729099d1c44a150c0b73e1fd99cfeb457d8825e4cfde4f2d93c8011.txt,not_established,locally_extracted_quote_validated_not_manually_verified,/home/sm11926/Certification_status/outputs/tariffs/pilot-2026-09-09,/home/sm11926/Certification_status/outputs/tariffs/pilot-2026-09-09/text/69f3dda80729099d1c44a150c0b73e1fd99cfeb457d8825e4cfde4f2d93c8011.txt,,
passage_339f5161e9b73bdfd25d1385,"The US has repeatedly extended tariff exemptions for Chinese PCBs, but PCBs for military use will be restricted after 2027. Furthermore, if the US expands the scope of tariffs on semiconductor intermediate products, it could indirectly affect PCB companies through downstream demand.","This passage discusses tariffs on Chinese PCBs and potential future restrictions, which is irrelevant to South Korean automotive PCB assemblies and highlights the lack of specific evidence for the queried origin and product type.",national_or_sector_context,source_reports_future,recovered_c975aad8610cada49ce67368,q_160,chunk_307a6070b72809afb0b8b4e3,document_f54b0d22c62373a210da7794,https://www.topfastpcb.com/blog/how-u-s-tariffs-are-reshaping-the-global-printed-circuit-board-pcb-industry-landscape,full_document,False,text/69932d9b8683a419d759d82628a0d9056f88e89109cbb634c1dd58f0ef46a2e1.txt,not_established,locally_extracted_quote_validated_not_manually_verified,/home/sm11926/Certification_status/outputs/tariffs/pilot-2026-09-09,/home/sm11926/Certification_status/outputs/tariffs/pilot-2026-09-09/text/69932d9b8683a419d759d82628a0d9056f88e89109cbb634c1dd58f0ef46a2e1.txt,,
passage_2c43a9278d578d278a89970f,"This is in response to your request for a binding ruling dated August 14, 2020, on behalf of LG Electronics concerning the application of Section 301 trade remedy duties for your product: a rotor-stator assembly for an electric vehicle motor.","This passage references a specific company (LG Electronics) but concerns 'rotor-stator assemblies' for EV motors, not 'PCB assemblies', demonstrating that while company-specific rulings exist, they do not cover the queried product type.",explicit_named_company_effect,source_reports_historical,recovered_ea0edf1df682e746f46f47bf,q_160,chunk_887d813fba122c837001fbd6,document_7dc1196a443d152a83603b9f,https://www.customsmobile.com/rulings/docview?doc_id=H313371,full_document,False,text/aeb3cfd1a3b0786400a5803918e28d4fad9b047d57552e315f3f33d60ee32e44.txt,not_established,locally_extracted_quote_validated_not_manually_verified,/home/sm11926/Certification_status/outputs/tariffs/pilot-2026-09-09,/home/sm11926/Certification_status/outputs/tariffs/pilot-2026-09-09/text/aeb3cfd1a3b0786400a5803918e28d4fad9b047d57552e315f3f33d60ee32e44.txt,,
passage_f4800547088008598aca95c9,"ubstan-
tial transformation. For example, in Ferrostaal Metals
Corp. v. United States , the CIT found that a process
whereby raw steel sheets are subjected to an irrevers-
ible ‘‘continuous hot dip galvanizing’’ process that
transforms the hard steel into a more malleable product
changed the character of the steel sheets.",Establishes substantial transformation rules for galvanized steel affecting origin determination.,not_established,proposal_or_uncertain,recovered_1c245d37a6b6ce4cdee7f2ae,q_94,chunk_a6d6c6c138d33c290e159f6e,document_ff93bc75603028dd4c2b37d3,https://kpmg.com/kpmg-us/content/dam/kpmg/pdf/2022/bloomberg-insights-tariffs-origin-story%203-24-20.pdf,full_document,False,text/8351dc68eb03052e450525d5f677a8eadf2dc3a8f87cca7be5bbf5387b08191f.txt,not_established,locally_extracted_quote_validated_not_manually_verified,/home/sm11926/Certification_status/outputs/tariffs/pilot-2026-09-09,/home/sm11926/Certification_status/outputs/tariffs/pilot-2026-09-09/text/8351dc68eb03052e450525d5f677a8eadf2dc3a8f87cca7be5bbf5387b08191f.txt,,
passage_b082a07b132d96f9c814631a,"Also, consider two of CBP’s origin decisions concern-
ing passenger automobiles: in HQ H302821 (July 26,
2019), CBP determined that assembling five subassem-
blies together into an automobile in Sweden did not re-
sult in a substantial transformation, and that the origin
of the automobile was China for the purpose of apply-
ing Section 301 tariffs;",Illustrates complexity of origin determination for automotive components under trade measures.,not_established,proposal_or_uncertain,recovered_3aba1c879b4a4a75018e8ae9,q_94,chunk_ae6eb4b4fa630351cdfa4da8,document_ff93bc75603028dd4c2b37d3,https://kpmg.com/kpmg-us/content/dam/kpmg/pdf/2022/bloomberg-insights-tariffs-origin-story%203-24-20.pdf,full_document,False,text/8351dc68eb03052e450525d5f677a8eadf2dc3a8f87cca7be5bbf5387b08191f.txt,not_established,locally_extracted_quote_validated_not_manually_verified,/home/sm11926/Certification_status/outputs/tariffs/pilot-2026-09-09,/home/sm11926/Certification_status/outputs/tariffs/pilot-2026-09-09/text/8351dc68eb03052e450525d5f677a8eadf2dc3a8f87cca7be5bbf5387b08191f.txt,,
passage_cad1f116f9dcd8a8092ef35d,"Hot rolled steel is primarily used in appliances, automotive products, heavy machinery, machine parts, nonresidential construction and transportation equipment. A small portion is further processed into cold-rolled and galvanized or plated steel products.",Links hot-rolled duties to downstream galvanized products used in automotive sectors.,not_established,proposal_or_uncertain,recovered_d2d09d1bad3409d40963ed88,q_94,chunk_f26d113859c939411c5dfe6f,document_70fecebda88dd54a91df286e,https://usw.org/press-release/usw-praises-doc-for-duties-on-hot-rolled-steel-imports,full_document,False,text/d2ed2244949ee6b74738b5e3504a93e14a6fb07ff4beb13c46aacd6cf2bf4d56.txt,not_established,locally_extracted_quote_validated_not_manually_verified,/home/sm11926/Certification_status/outputs/tariffs/pilot-2026-09-09,/home/sm11926/Certification_status/outputs/tariffs/pilot-2026-09-09/text/d2ed2244949ee6b74738b5e3504a93e14a6fb07ff4beb13c46aacd6cf2bf4d56.txt,,
passage_a9db809b9cffd5b0e3684b15,"Developers are typically responsible for securing financing, managing project development, and ensuring that the project is operational within budget and schedule. While tariff and trade changes are usually perceived as a project risk, EPC contractors generally have discretion as to the timing and sourcing of project equipment and materials and, arguably, can reduce their exposure to tariff changes and trade policy.",This text discusses general project risks and mitigation strategies for BESS projects involving imports but does not identify any specific Georgia-based developers or facilities facing these tariffs.,national_or_sector_context,source_reports_effective_as_of_source_date,recovered_ec60303cedb1dc80ff75a62e,q_399,chunk_2a4f5d0e895bf34e2a657492,document_509f150d033f6e532a9c598a,https://www.morganlewis.com/pubs/2025/03/addressing-tariffs-and-trade-in-energy-storage-projects,full_document,False,text/23c6f86416709384a8b7cdbdd2153b7b092eef27ad50b9ac2e115e463a934291.txt,not_established,locally_extracted_quote_validated_not_manually_verified,/home/sm11926/Certification_status/outputs/tariffs/pilot-2026-09-09,/home/sm11926/Certification_status/outputs/tariffs/pilot-2026-09-09/text/23c6f86416709384a8b7cdbdd2153b7b092eef27ad50b9ac2e115e463a934291.txt,,
passage_dbd617af8f6652c0b28a94c0,HS code for nickel sulfate hexahydrate aligns with standard classifications for tariff compliance 2025. Key Applications of Nickel Sulfate Nickel sulfate drives demand in high-growth sectors tied to 2025 trade. - Electroplating: Durable nickel coatings - EV Batteries: NMC cathode precursor,"Confirms the HS code 2833.24 for nickel sulfate and its use in EV batteries, but explicitly states 'No changes to base 2833.24' without providing a duty rate.",national_or_sector_context,source_reports_effective_as_of_source_date,recovered_b6b50c25b677390aec25a11b,q_133,chunk_67e171290de30c474d20daab,document_10f3e9928e3faf88a8ebe386,https://www.freightamigo.com/en/blog/hs-code/hs-code-for-nickel-sulfate,full_document,False,text/11f6518d62414c84ad577c03d737bdf3327a6c1ff6534798a6a60b0b2b5702fc.txt,not_established,locally_extracted_quote_validated_not_manually_verified,/home/sm11926/Certification_status/outputs/tariffs/pilot-2026-09-09,/home/sm11926/Certification_status/outputs/tariffs/pilot-2026-09-09/text/11f6518d62414c84ad577c03d737bdf3327a6c1ff6534798a6a60b0b2b5702fc.txt,,
passage_50c0b182d84fec7af05d286f,"Most imported auto parts carry a ~2.5% base MFN rate plus a 25% Section 232 auto-parts tariff (HTS 9903.94.05), effective May 3, 2025; USMCA-qualifying parts are currently 0% (9903.94.06).",General auto parts tariff info does not confirm center-stack display specific status.,not_established,source_reports_effective_as_of_source_date,recovered_bb7798a1ec0be6a51746d330,q_452,chunk_2f1b2346125c9313c106bb7a,document_b2673d2d91a3140d2ae2126e,https://gingercontrol.com/industries/automotive-parts,full_document,False,text/ca067978d2c22f0e6df5653c97975760a709c437221ac94d25588a22bfb9f70b.txt,not_established,locally_extracted_quote_validated_not_manually_verified,/home/sm11926/Certification_status/outputs/tariffs/pilot-2026-09-09,/home/sm11926/Certification_status/outputs/tariffs/pilot-2026-09-09/text/ca067978d2c22f0e6df5653c97975760a709c437221ac94d25588a22bfb9f70b.txt,,
passage_21936816c98e129df617b9dc,"Optrex America, Inc., proposes to import LCD modules for a variety of applications. Two types of modules are at issue: (1) the “A” prefix modules",Historical ruling on LCD classification does not establish current tariff exposure.,explicit_named_company_effect,source_reports_effective_as_of_source_date,recovered_e6d6f557089c46f123d80786,q_452,chunk_6a670ce9c9f1052c359e962f,document_76722c4ec54fe87b40d7e21a,https://www.customsmobile.com/rulings/docview?doc_id=H049555,full_document,False,text/ae99c6f2b62ba01eb593882c478566762344d54eac28618481e9e9c08077ac29.txt,not_established,locally_extracted_quote_validated_not_manually_verified,/home/sm11926/Certification_status/outputs/tariffs/pilot-2026-09-09,/home/sm11926/Certification_status/outputs/tariffs/pilot-2026-09-09/text/ae99c6f2b62ba01eb593882c478566762344d54eac28618481e9e9c08077ac29.txt,,
passage_fdd06860fa204e8cf9d2d1da,Flat panel displays are another broad category of electronics that cannot be manufactured in this country despite their ubiquity.,Indicates import reliance but lacks specific tariff rate for center-stack displays.,not_established,source_reports_effective_as_of_source_date,recovered_ff8ddae85bdf3463336e0eda,q_452,chunk_a6a38524bff3b04544a0b122,document_03bbe90c34832e1434fed9ad,https://www.govinfo.gov/content/pkg/CHRG-115shrg40897/html/CHRG-115shrg40897.htm,full_document,False,text/f30925b8ea3be5dbaed17d934b11458b924bc6ea7a38f8269bbfb6d50c13a393.txt,not_established,locally_extracted_quote_validated_not_manually_verified,/home/sm11926/Certification_status/outputs/tariffs/pilot-2026-09-09,/home/sm11926/Certification_status/outputs/tariffs/pilot-2026-09-09/text/f30925b8ea3be5dbaed17d934b11458b924bc6ea7a38f8269bbfb6d50c13a393.txt,,
passage_253e0e5cf66dcd5647a7ffc2,Section 232 automotive tariffs are assessed in addition to: - MFN (most-favored-nation) base duties - Antidumping and countervailing duties,Describes stacking rules generally without confirming center-stack display classification.,not_established,source_reports_effective_as_of_source_date,recovered_98019b7a38e14524a5c4b1ec,q_452,chunk_9b9e42c4f3a83c807c83fa72,document_0526ae373642f85e4349ceaf,https://gingercontrol.com/blog/section-232-auto-parts-tariffs,full_document,False,text/82c2b47a12c5dab21f1c215d1486209fc2dcc3cd2503f95a3f3e9f172810b525.txt,not_established,locally_extracted_quote_validated_not_manually_verified,/home/sm11926/Certification_status/outputs/tariffs/pilot-2026-09-09,/home/sm11926/Certification_status/outputs/tariffs/pilot-2026-09-09/text/82c2b47a12c5dab21f1c215d1486209fc2dcc3cd2503f95a3f3e9f172810b525.txt,,
passage_356ddb80fd921c044fcd8a39,"The growth was caused in part by a surge in cargo since President Donald Trump returned to office in January, promising heavy tariffs on China and other U.S. trading partners. But double-digit increases Savannah saw during the spring months were followed by a sizable drop in June container volumes as Trump’s on-again, off-again tactics continued to fuel uncertainty.",Demonstrates policy uncertainty and conflicting tariff announcements affecting port activity.,national_or_sector_context,proposal_or_uncertain,recovered_c4a59ad0bcc2b8ab22390887,q_463,chunk_2357e2204456e03a0ab6179b,document_0fe93b485392284e2758944b,https://www.wabe.org/cargo-surge-amid-tariff-turmoil-drives-the-port-of-savannah-to-its-2nd-busiest-year,full_document,False,text/670f7792e786061954312afdbdce9cfde8249b9f18f8356e859c1f922cbc987b.txt,not_established,locally_extracted_quote_validated_not_manually_verified,/home/sm11926/Certification_status/outputs/tariffs/pilot-2026-09-09,/home/sm11926/Certification_status/outputs/tariffs/pilot-2026-09-09/text/670f7792e786061954312afdbdce9cfde8249b9f18f8356e859c1f922cbc987b.txt,,
passage_86d392a7474b932a20bf7a6b,"However, India is a market that we’re expecting to see great growth but they’re still at 50% so we really need to see that come together,",Shows specific country rates (India 50%) conflicting with other reported rates.,national_or_sector_context,proposal_or_uncertain,recovered_d49522ae93dc0d41715eec27,q_463,chunk_9d4288832720253c0c3df619,document_e2985c868e85600c1822d156,https://www.wtoc.com/2026/01/28/port-savannah-tracks-tariff-impacts-following-second-busiest-year-record,full_document,False,text/d93fef2eb459e6085577b97aa4dd5c804c3ccec7b8d5f9b328347aa8995a48ed.txt,not_established,locally_extracted_quote_validated_not_manually_verified,/home/sm11926/Certification_status/outputs/tariffs/pilot-2026-09-09,/home/sm11926/Certification_status/outputs/tariffs/pilot-2026-09-09/text/d93fef2eb459e6085577b97aa4dd5c804c3ccec7b8d5f9b328347aa8995a48ed.txt,,
passage_a08e178830a84fb811ece61f,"The surge, ironically, is a side effect of the tariff threat itself. Importers, worried about cost hikes, rushed to get goods into the country before the new duties kicked in.",Indicates duties were anticipated or not yet fully implemented at time of report.,national_or_sector_context,proposal_or_uncertain,recovered_9d82097dad4f4d42bc2baad3,q_463,chunk_67b54c12332bc0e7881e3edb,document_9121c02d44063faf4fda1009,https://valdostadailytimes.com/2025/11/03/gary-wisenbaker-georgia-ports-weather-tariff-turbulence,full_document,False,text/ca9ceb838489392234a867eaf1ce8f7555ed7983d963cca40d280e5e9e9fd22a.txt,not_established,locally_extracted_quote_validated_not_manually_verified,/home/sm11926/Certification_status/outputs/tariffs/pilot-2026-09-09,/home/sm11926/Certification_status/outputs/tariffs/pilot-2026-09-09/text/ca9ceb838489392234a867eaf1ce8f7555ed7983d963cca40d280e5e9e9fd22a.txt,,
passage_42ce39f34b3d0ee4c2a42b3d,"$136.6B in Imports (2023): Electronics, vehicles, machinery.",Confirms electronics are imported but does not specify applicable duty rates.,national_or_sector_context,proposal_or_uncertain,recovered_596f5875f685ec9d9a54219a,q_463,chunk_82e7de1c5a82a59834c5dd6a,document_c87ec8c076e1a5b724e5d9a5,https://www.linkedin.com/posts/sinagolara_georgia-and-tariffs-georgia-is-a-critical-activity-7327480102080962560-gT6J,full_document,False,text/274f25b1e243b6cd652e1a6e8ee5d9785c764de663f7e632eef3a75e9b712f65.txt,not_established,locally_extracted_quote_validated_not_manually_verified,/home/sm11926/Certification_status/outputs/tariffs/pilot-2026-09-09,/home/sm11926/Certification_status/outputs/tariffs/pilot-2026-09-09/text/274f25b1e243b6cd652e1a6e8ee5d9785c764de663f7e632eef3a75e9b712f65.txt,,
passage_5af87bdc4fd8579972e8ee14,"What tariffs apply to batteries from South Korea? Batteries imported from South Korea are subject to the standard MFN base duty rate, plus Section 232 steel screening, Section 232 aluminum screening tariff overlays. Use the duty calculator to get the exact rate for your HTS code.","Indicates that South Korean batteries do not have a single fixed rate but depend on MFN base rates plus specific Section 232 overlays, creating a conflict with the flat 15% or 10% figures found elsewhere.",national_or_sector_context,source_reports_effective_as_of_source_date,recovered_e4c535b62a2f6b3dfdf09676,q_116,chunk_848c1626ca3557a4b3006680,document_53282925fd2c3b74a4215d86,https://ustariffrates.com/import/batteries/from/south-korea,full_document,False,text/3f635a188462e3bc13890596d891f0e9235745be96f53c12ad4bdb83aed53887.txt,not_established,locally_extracted_quote_validated_not_manually_verified,/home/sm11926/Certification_status/outputs/tariffs/pilot-2026-09-09,/home/sm11926/Certification_status/outputs/tariffs/pilot-2026-09-09/text/3f635a188462e3bc13890596d891f0e9235745be96f53c12ad4bdb83aed53887.txt,,
passage_413f4cc50602a89858ee89cd,"What is the US tariff on lithium-ion batteries? Lithium-ion batteries are classified under HTS 8507.60 with a base duty rate of 3.4%. Section 301 tariffs on Chinese-origin lithium-ion batteries add 25%, bringing the effective rate to 28.4% for Chinese imports.","Confirms the base HTS code and rate but explicitly limits the high tariff discussion to Chinese origin, failing to provide a specific rate for South Korea other than implying it is the 'standard MFN' which conflicts with the 15% figure.",national_or_sector_context,source_reports_effective_as_of_source_date,recovered_864632f2b05111d75f209df0,q_116,chunk_9ebb2396e7eb83976c726111,document_59ddee8a8a9e420fab4ec2f4,https://ustariffrates.com/products/batteries,full_document,False,text/6e03ad1bdf1c7d2197491930bf6f95382bd658cc82276e02327eb62ab7888e11.txt,not_established,locally_extracted_quote_validated_not_manually_verified,/home/sm11926/Certification_status/outputs/tariffs/pilot-2026-09-09,/home/sm11926/Certification_status/outputs/tariffs/pilot-2026-09-09/text/6e03ad1bdf1c7d2197491930bf6f95382bd658cc82276e02327eb62ab7888e11.txt,,
passage_0be687f69e5cefdd6b00c4bb,"The rise in vehicle costs due to new tariffs and supply chain disruptions will make electric vehicles more expensive, potentially slowing adoption.",References general tariff impacts on EV market but lacks specific equipment duty data for Georgia.,facility_location_only,proposal_or_uncertain,recovered_bb2778ec900d720420894c16,q_401,chunk_7d32d3808b15749ea6516c3c,document_6f9b33447339803b24b72748,https://christopherchico.substack.com/p/trumps-tariff-hike-what-it-means,full_document,False,text/9698187ec77cc7c3be5a57185f6865adc50227576cf7e21e5797449bfd2b2ef4.txt,not_established,locally_extracted_quote_validated_not_manually_verified,/home/sm11926/Certification_status/outputs/tariffs/pilot-2026-09-09,/home/sm11926/Certification_status/outputs/tariffs/pilot-2026-09-09/text/9698187ec77cc7c3be5a57185f6865adc50227576cf7e21e5797449bfd2b2ef4.txt,,
passage_1e25166d568eb359b4f89de5,"However, the U.S. currently has no federal recycling mandate or recycled content requirements for lithium-ion batteries.",Indicates lack of federal mandates which may imply absence of specific duty frameworks for equipment.,facility_location_only,proposal_or_uncertain,recovered_107bd877d2c9c5d45cee51b2,q_401,chunk_b4ffbe6a57496a6441675223,document_bc72c6112a68baec615b0c32,https://www.coxautoinc.com/mobility/wp-content/uploads/sites/11/2022/09/EV_Battery_Whitepaper.pdf,full_document,False,text/a559a1296f365400581e79ce6fd97063eb0b6a64565c47a0f9e86e471d1fd14d.txt,not_established,locally_extracted_quote_validated_not_manually_verified,/home/sm11926/Certification_status/outputs/tariffs/pilot-2026-09-09,/home/sm11926/Certification_status/outputs/tariffs/pilot-2026-09-09/text/a559a1296f365400581e79ce6fd97063eb0b6a64565c47a0f9e86e471d1fd14d.txt,,
passage_1567bbcb320010294df36eaf,"The rapidly solidified powder feedstock is then mixed with a binder to form a final shape using compression bonding, injection molding, or calendaring.","Describes the use of a 'binder' in NdFeB magnet production, unrelated to PVDF battery binders.",not_established,source_reports_effective_as_of_source_date,recovered_69ebd054c41da00adeb2976c,q_141,chunk_7b6a531da672eb3f7b2ae4f3,document_a7dbe6a196be7a4fb8796cd9,https://www.federalregister.gov/documents/2023/02/14/2023-03078/publication-of-a-report-on-the-effect-of-imports-of-neodymium-iron-boron-ndfeb-permanent-magnets-on,full_document,False,text/7d9a8e05fa685624880690d483624a3514891eb3a6e86832a73075992b277d7a.txt,not_established,locally_extracted_quote_validated_not_manually_verified,/home/sm11926/Certification_status/outputs/tariffs/pilot-2026-09-09,/home/sm11926/Certification_status/outputs/tariffs/pilot-2026-09-09/text/7d9a8e05fa685624880690d483624a3514891eb3a6e86832a73075992b277d7a.txt,,
passage_3a004899070fc001b4f616b3,Hyundai and LG Energy Solution are building another battery plant near the Metaplant.,Confirms facility location but lacks tariff data.,facility_location_only,proposal_or_uncertain,recovered_16fdfa0fcfc574fd40d854ef,q_44,chunk_79d870d110fb7dc49ea6b981,document_6639c375dd8589aa6f7a5717,https://battery-news.de/en/2026/07/16/hyundai-and-sk-on-begin-battery-production-in-georgia,full_document,False,text/cd55b45055247bc0167cedc70cb772137a87f6fce688ef2aeb75a1356375cc4c.txt,not_established,locally_extracted_quote_validated_not_manually_verified,/home/sm11926/Certification_status/outputs/tariffs/pilot-2026-09-09,/home/sm11926/Certification_status/outputs/tariffs/pilot-2026-09-09/text/cd55b45055247bc0167cedc70cb772137a87f6fce688ef2aeb75a1356375cc4c.txt,,
passage_0871fa4e21b86f505a52e770,"Korean products, which enjoyed a zero percent tariff for decades under the Korea-U.S. FTA, are now subject to a 15 percent tariff.",Mentions general tariff rates but does not link them to Hyundai/LG Georgia venture specifically.,national_or_sector_context,proposal_or_uncertain,recovered_889548093fbe0bd7704224e7,q_44,chunk_4db87254eadb0497ac799379,document_4e2efc4aa271b882af0c43a1,https://www.koreajoongangdaily.com/business/exclusive-us-ev-battery-imports-from-korea-top-1300-as-tariffs-push-shift-from-china/11937242,full_document,False,text/ba7c892df9589a03037487b5f188a7c8303585ae4b1252f25b1e23881e3dc2c4.txt,not_established,locally_extracted_quote_validated_not_manually_verified,/home/sm11926/Certification_status/outputs/tariffs/pilot-2026-09-09,/home/sm11926/Certification_status/outputs/tariffs/pilot-2026-09-09/text/ba7c892df9589a03037487b5f188a7c8303585ae4b1252f25b1e23881e3dc2c4.txt,,
passage_22681299eb68d8a43e0908d0,"The site also includes a $4.3 billion battery manufacturing facility called the HL-GA Battery Company, operated as joint venture between Hyundai and LG Energy Solution.",Confirms JV existence but provides no tariff exposure details.,facility_location_only,proposal_or_uncertain,recovered_ed5d8c8186c70c498b2c3433,q_44,chunk_80f53a3be6ca605d02c19dc3,document_3255c41857c6cbbfa7ee8d86,https://en.wikipedia.org/wiki/Hyundai_Motor_Group_Metaplant_America,full_document,False,text/a3a426bc4130601bd1502ebd10435740fee86b21043caf66156fe214a9bee90b.txt,not_established,locally_extracted_quote_validated_not_manually_verified,/home/sm11926/Certification_status/outputs/tariffs/pilot-2026-09-09,/home/sm11926/Certification_status/outputs/tariffs/pilot-2026-09-09/text/a3a426bc4130601bd1502ebd10435740fee86b21043caf66156fe214a9bee90b.txt,,
passage_76ca6c0837553328b5eced4f,rapidly shifting and unpredictable long-term federal policy has made it difficult for businesses to make forward looking investment decisions,Indicates policy uncertainty preventing establishment of current tariff applicability.,not_established,proposal_or_uncertain,recovered_dc224d477291aacc8b0bf8b3,q_44,chunk_e7e55c373f8ed1602f36312b,document_a162e58e59a48f96d2c77035,https://www.c2es.org/document/securing-the-critical-battery-materials-supply-chain-in-the-southeast-united-states,full_document,False,text/1cb1e0963fd0c0867c9367daf44127f65a68fcc2708c0373c707dd4dc7e34094.txt,not_established,locally_extracted_quote_validated_not_manually_verified,/home/sm11926/Certification_status/outputs/tariffs/pilot-2026-09-09,/home/sm11926/Certification_status/outputs/tariffs/pilot-2026-09-09/text/1cb1e0963fd0c0867c9367daf44127f65a68fcc2708c0373c707dd4dc7e34094.txt,,
passage_f8ca9ded431a50cb9e9b68cd,Spodumene is generally classified under 2620 90 00 for trade and export.,Establishes one classification path (2620) but notes country-specific variations.,not_established,source_reports_effective_as_of_source_date,recovered_7a36040459d81ab12845d612,q_405,chunk_391cb79fcb4428fedf4043c9,document_e0bb7422a5736d371df5fcc5,https://minerals.co.com/lithium-mineral-hs-code,full_document,True,text/01e53a63321b9a39d8cefd950cd0f8e0057e02e2d956c7178e55c8b2b5b975a7.txt,not_established,locally_extracted_quote_validated_not_manually_verified,/home/sm11926/Certification_status/outputs/tariffs/pilot-2026-09-09,/home/sm11926/Certification_status/outputs/tariffs/pilot-2026-09-09/text/01e53a63321b9a39d8cefd950cd0f8e0057e02e2d956c7178e55c8b2b5b975a7.txt,,
passage_f8ca9ded431a50cb9e9b68cd,"Some countries may classify spodumene under subheadings like 2620 90 10 or 2620 90 90, depending on processing.",Highlights uncertainty and potential variation in classification based on processing state.,not_established,source_reports_effective_as_of_source_date,recovered_52c1fe5021335270d119fc5d,q_405,chunk_391cb79fcb4428fedf4043c9,document_e0bb7422a5736d371df5fcc5,https://minerals.co.com/lithium-mineral-hs-code,full_document,True,text/01e53a63321b9a39d8cefd950cd0f8e0057e02e2d956c7178e55c8b2b5b975a7.txt,not_established,locally_extracted_quote_validated_not_manually_verified,/home/sm11926/Certification_status/outputs/tariffs/pilot-2026-09-09,/home/sm11926/Certification_status/outputs/tariffs/pilot-2026-09-09/text/01e53a63321b9a39d8cefd950cd0f8e0057e02e2d956c7178e55c8b2b5b975a7.txt,,
passage_f8ca9ded431a50cb9e9b68cd,| Lithium ores and minerals | 2620 90 00 | Lithium-bearing minerals and concentrates |,Confirms 2620 90 00 for lithium ores/minerals in a summary table context.,not_established,source_reports_effective_as_of_source_date,recovered_468161ebe42f4653c6e03666,q_405,chunk_391cb79fcb4428fedf4043c9,document_e0bb7422a5736d371df5fcc5,https://minerals.co.com/lithium-mineral-hs-code,full_document,False,text/01e53a63321b9a39d8cefd950cd0f8e0057e02e2d956c7178e55c8b2b5b975a7.txt,not_established,locally_extracted_quote_validated_not_manually_verified,/home/sm11926/Certification_status/outputs/tariffs/pilot-2026-09-09,/home/sm11926/Certification_status/outputs/tariffs/pilot-2026-09-09/text/01e53a63321b9a39d8cefd950cd0f8e0057e02e2d956c7178e55c8b2b5b975a7.txt,,
passage_176ed8514267e88636e481bf,"Model T-51440GL070H-FW-AF is a 7 inch, 480 x 234 color display for automobile entertainment monitors.",Confirms product existence in rulings but focuses on classification rather than duty rates.,not_established,source_reports_effective_as_of_source_date,recovered_082bfe64cdbd029fa27edc83,q_453,chunk_6a670ce9c9f1052c359e962f,document_76722c4ec54fe87b40d7e21a,https://www.customsmobile.com/rulings/docview?doc_id=H049555,full_document,False,text/ae99c6f2b62ba01eb593882c478566762344d54eac28618481e9e9c08077ac29.txt,not_established,locally_extracted_quote_validated_not_manually_verified,/home/sm11926/Certification_status/outputs/tariffs/pilot-2026-09-09,/home/sm11926/Certification_status/outputs/tariffs/pilot-2026-09-09/text/ae99c6f2b62ba01eb593882c478566762344d54eac28618481e9e9c08077ac29.txt,,
passage_c201a02b0c0e76c694b4087f,"covered auto parts span Chapters 40, 70, 73, 83, 84, 85, 87, 90, and 94, so many of those parts still fall under the 25% auto-parts 232 tariff.",Indicates general tariffs exist but does not specify rates for entertainment displays.,not_established,source_reports_effective_as_of_source_date,recovered_3281f17fb7c592aabe173876,q_453,chunk_2f1b2346125c9313c106bb7a,document_b2673d2d91a3140d2ae2126e,https://gingercontrol.com/industries/automotive-parts,full_document,False,text/ca067978d2c22f0e6df5653c97975760a709c437221ac94d25588a22bfb9f70b.txt,not_established,locally_extracted_quote_validated_not_manually_verified,/home/sm11926/Certification_status/outputs/tariffs/pilot-2026-09-09,/home/sm11926/Certification_status/outputs/tariffs/pilot-2026-09-09/text/ca067978d2c22f0e6df5653c97975760a709c437221ac94d25588a22bfb9f70b.txt,,
passage_079520e4f02e2dc32721e0fb,"Georgia Power Economic Development – Your Partner In Business © Georgia Power, December 2025",Establishes Georgia context but lacks tariff duty information for specific components.,not_established,source_reports_effective_as_of_source_date,recovered_17ca68653c6170ec74616739,q_453,chunk_ae120155e0da2233a9ef1564,document_150a243c03e39787abea51cf,https://selectgeorgia-production-assets.s3.amazonaws.com/media/documents/Automotive_Manufacturing_2026.pdf,full_document,False,text/10d78892bed3af44937c5722a55799a091f34d861ab25edb33f9e47dc1356719.txt,not_established,locally_extracted_quote_validated_not_manually_verified,/home/sm11926/Certification_status/outputs/tariffs/pilot-2026-09-09,/home/sm11926/Certification_status/outputs/tariffs/pilot-2026-09-09/text/10d78892bed3af44937c5722a55799a091f34d861ab25edb33f9e47dc1356719.txt,,
passage_3debf45920a855042c0e30bb,Schedule B 10-Digit codes for Automotive Parts Exports by Product Categories,Lists tariff codes without associated duty rates or specific display classifications.,not_established,source_reports_effective_as_of_source_date,recovered_357e41213e4a2db9efaeaef7,q_453,chunk_af551c84d9912577c25cbf1c,document_10a14492092f30e7c7d2f976,https://www.trade.gov/automotive-parts-tariff-codes,full_document,False,text/407287bb9a039871b4b9f66d2aabe9c50a4ba18be7ebb44de2b744f6049400b6.txt,not_established,locally_extracted_quote_validated_not_manually_verified,/home/sm11926/Certification_status/outputs/tariffs/pilot-2026-09-09,/home/sm11926/Certification_status/outputs/tariffs/pilot-2026-09-09/text/407287bb9a039871b4b9f66d2aabe9c50a4ba18be7ebb44de2b744f6049400b6.txt,,
passage_c8b4ce4518cc231a22c96407,"The U.S. Department of Commerce has self-initiated an investigation to determine whether imports of certain aluminum foil products originating from China, South Korea, and Thailand are circumventing antidumping duty (AD) and countervailing duty (CVD) orders. The inquiry is expected to take around 12 months to complete.","Establishes that a key investigation regarding aluminum foil circumvention is ongoing and not yet concluded, creating uncertainty about current applicability of duties.",national_or_sector_context,source_reports_future,recovered_0b42d998818f7fec4f92dc1d,q_365,chunk_64695f4462aa0de2eea48c33,document_9143754f2ace544303bfabb4,https://www.msci.org/united-states-will-investigate-aluminum-foil-from-imports-from-china-korea-and-thailand-2,full_document,False,text/b02bd4fa28a98bba3694bf0558d420ff9fc80213e3629a518da933f862a7bf83.txt,not_established,locally_extracted_quote_validated_not_manually_verified,/home/sm11926/Certification_status/outputs/tariffs/pilot-2026-09-09,/home/sm11926/Certification_status/outputs/tariffs/pilot-2026-09-09/text/b02bd4fa28a98bba3694bf0558d420ff9fc80213e3629a518da933f862a7bf83.txt,,
passage_6ddd2aed79c29c0b2958927f,The raid on this facility has caused a lot of confusion both in terms of satisfying previous agreements and in deciding the best course of action moving forward.,"Identifies non-tariff cause (raid/confusion) for Hyundai delays, highlighting evidence gap regarding tariff causality.",explicit_named_company_effect,proposal_or_uncertain,recovered_e44c120cea785df4d5a85343,q_506,chunk_af3adbf5b1f3bee7f9dae8ff,document_6a390a4669d2cce6a18ad65c,https://cobblawgroup.net/blog/slow-payment-ice-raid-halts-hyundai-ev-plant-what-it-means-for-georgia-contractors-suppliers,full_document,False,text/d32eafa63edbadc869f1fa7110759998f5d4266c90fbcd52b1508392e7c8237f.txt,not_established,locally_extracted_quote_validated_not_manually_verified,/home/sm11926/Certification_status/outputs/tariffs/pilot-2026-09-09,/home/sm11926/Certification_status/outputs/tariffs/pilot-2026-09-09/text/d32eafa63edbadc869f1fa7110759998f5d4266c90fbcd52b1508392e7c8237f.txt,,
passage_f91deba9f010c40c3aeeb5ea,"The proclamation was issued March 26, 2025.",Establishes one effective date for Section 232 tariffs.,national_or_sector_context,proposal_or_uncertain,recovered_e1412eed854b8806bbdcdb59,q_70,chunk_924aa0196caf66670103f14d,document_6224207ee8bedd6fd471964c,https://greatlakescustomslaw.com/automobile-and-auto-parts-tariffs-hts-list-section-232,full_document,False,text/aee22f47f2da2d1d5f57cbf467553476c568193a94a5239d17f22aa2f4e94fe7.txt,not_established,locally_extracted_quote_validated_not_manually_verified,/home/sm11926/Certification_status/outputs/tariffs/pilot-2026-09-09,/home/sm11926/Certification_status/outputs/tariffs/pilot-2026-09-09/text/aee22f47f2da2d1d5f57cbf467553476c568193a94a5239d17f22aa2f4e94fe7.txt,,
passage_15ba308cacb567fb42895082,"Annex I specifies the auto parts that will be subject to the additional 25% tariffs on or after May 3, 2025.",Establishes a different effective date for parts compared to vehicles.,national_or_sector_context,proposal_or_uncertain,recovered_24886d1d3e9096c05d27fe89,q_70,chunk_233aeb26b30e07f2c69208de,document_416578e0ed8d016e005cbe14,https://www.steptoe.com/en/news-publications/global-trade-and-investment-law-blog/updated-recent-developments-related-to-president-trumps-imposition-of-tariffs-on-imports-of-automobiles-and-automobile-parts.html,full_document,False,text/cfe50074bb19a6e3b4aff182867f385b8f6356f422ef3fa219a2ba08d979466b.txt,not_established,locally_extracted_quote_validated_not_manually_verified,/home/sm11926/Certification_status/outputs/tariffs/pilot-2026-09-09,/home/sm11926/Certification_status/outputs/tariffs/pilot-2026-09-09/text/cfe50074bb19a6e3b4aff182867f385b8f6356f422ef3fa219a2ba08d979466b.txt,,
passage_fc4b3af69f319de70fd4471e,The Supreme Court struck down the 2025 IEEPA tariffs and a $166B refund pool is open.,Indicates legal status conflict or overturn of tariff measures.,national_or_sector_context,proposal_or_uncertain,recovered_8f6bcbcecbdd337caa1398a1,q_70,chunk_6e50f5cf8ace5204b95d56e6,document_024996f48e8ed4a9a0f82fe6,https://www.tariffstool.com/tariffs-on-automobiles-parts,full_document,False,text/9aa12c85f886a26c055b0cb779dfa40bb1b3972ed52d0698672a1cea554ccdb9.txt,not_established,locally_extracted_quote_validated_not_manually_verified,/home/sm11926/Certification_status/outputs/tariffs/pilot-2026-09-09,/home/sm11926/Certification_status/outputs/tariffs/pilot-2026-09-09/text/9aa12c85f886a26c055b0cb779dfa40bb1b3972ed52d0698672a1cea554ccdb9.txt,,
passage_fc4b3af69f319de70fd4471e,"As of 2026-08-24, US import tariffs on automobiles & parts (HTS Chapters 87) range from about 0% to 27.5% depending on country of origin.",Shows current applicability differs from 2025 measures.,national_or_sector_context,proposal_or_uncertain,recovered_8d6a3e6cc956b18b15913064,q_70,chunk_6e50f5cf8ace5204b95d56e6,document_024996f48e8ed4a9a0f82fe6,https://www.tariffstool.com/tariffs-on-automobiles-parts,full_document,False,text/9aa12c85f886a26c055b0cb779dfa40bb1b3972ed52d0698672a1cea554ccdb9.txt,not_established,locally_extracted_quote_validated_not_manually_verified,/home/sm11926/Certification_status/outputs/tariffs/pilot-2026-09-09,/home/sm11926/Certification_status/outputs/tariffs/pilot-2026-09-09/text/9aa12c85f886a26c055b0cb779dfa40bb1b3972ed52d0698672a1cea554ccdb9.txt,,
passage_cef34375914403d5d988563d,"recording or reproducing apparatus, other than color, cartridge or cassette type Aircraft 8522.90.25 Assemblies and subassemblies of articles of subheading 8519.81.41, consisting of 2 or more pieces fastened together, printed circuit assemblies Aircraft 8522.90.36 Other assemblies and subassemblies of articles of subheading 8519.81.41, consisting of 2 or more pieces fastened together, other than printed circuit assemblies Aircraft 8522.90.45 Other parts of telephone answering machines, printed circuit assemblies Aircraft 8522.90.58 Other parts","This passage contains a list of HTS subheadings for aircraft parts and printed circuit assemblies but does not provide the specific tariff rates or exclusions for electric vehicle components, nor does it establish current applicability to Georgia facilities.",not_established,source_reports_effective_as_of_source_date,recovered_92efb19c58cdf0298c449756,q_252,chunk_f2ad2a413e359786aa2b117f,document_ca6b0058c3235e5abbcd88d2,https://ustr.gov/sites/default/files/files/Press/Releases/2026/FRN%20-%20Section%20301%20Forced%20Labor%20Import%20Ban%20Actionabilty%20and%20Proposed%20Action%206-2-26%20FINAL.pdf,full_document,False,text/9d7166a9c304eb420320c5b022fb55b5235c5fca2fc0231c7199021ce7a85fa0.txt,not_established,locally_extracted_quote_validated_not_manually_verified,/home/sm11926/Certification_status/outputs/tariffs/pilot-2026-09-09,/home/sm11926/Certification_status/outputs/tariffs/pilot-2026-09-09/text/9d7166a9c304eb420320c5b022fb55b5235c5fca2fc0231c7199021ce7a85fa0.txt,,
passage_79e44fbee57e79794ec08e94,"med the character of goods of other headings. For the classification of flat panel display modules defined in this note, heading 8524 shall take precedence over any other heading in the nomenclature. 8. For the purposes of heading 8534 , printed circuits are circuits obtained by forming on an insulating base, by any printing process (for example, embossing, plating-up, etching) or by the film circuit technique, conductor elements, contacts or other printed components",This text defines 'printed circuits' and 'flat panel display modules' for classification purposes but does not state the applicable tariff rates or confirm if these definitions are currently effective for EV supply chain imports.,not_established,source_reports_effective_as_of_source_date,recovered_2125267d9201edbacad8b0f9,q_252,chunk_7f82ddc1f3fe43dfd4481a91,document_a799ad18ff35345a10395410,https://www.tariffnumber.com/2026/85249200,full_document,False,text/d7ba1a6251ebd150483b67bfee47ed92105be6bc2911c6dabbbcdd8fe0c5af03.txt,not_established,locally_extracted_quote_validated_not_manually_verified,/home/sm11926/Certification_status/outputs/tariffs/pilot-2026-09-09,/home/sm11926/Certification_status/outputs/tariffs/pilot-2026-09-09/text/d7ba1a6251ebd150483b67bfee47ed92105be6bc2911c6dabbbcdd8fe0c5af03.txt,,
passage_4c917fd21f3ace3dad1caae0,"14-inch Flexible OLED-LCD Hybrid Module 14-inch flexible LCD-based display module using OLED backlight technology, no drivers included. Still classifies under HTS 8524.11.90.00 as liquid crystal 'other' module despite hybrid tech. Bendable for curved device applications. Import Duty Rates by Country of Origin Alternative Classifications This product could be classified differently depending on its characteristics or intended use.","This passage discusses a specific product classification but is from a secondary calculator site, not an official source establishing law, and does not provide the actual duty rates or confirm current applicability to Georgia facilities.",not_established,source_reports_effective_as_of_source_date,recovered_7450dc99e14e327a85129529,q_252,chunk_334bdfccba30e9783a10a7b0,document_8037158b04394a8ccc0506de,https://tariffs.wove.com/us/tariff/8524.11.90.00/14-inch-flexible-oled-lcd-hybrid-module,full_document,False,text/1736ea8f1e768e5cae52c4cadbac38ba2ddaab48d29a5cad479c38e40bee43cf.txt,not_established,locally_extracted_quote_validated_not_manually_verified,/home/sm11926/Certification_status/outputs/tariffs/pilot-2026-09-09,/home/sm11926/Certification_status/outputs/tariffs/pilot-2026-09-09/text/1736ea8f1e768e5cae52c4cadbac38ba2ddaab48d29a5cad479c38e40bee43cf.txt,,
passage_aef36e3b0e4f5880053fa5ae,"CPUs, peripheral parts) - Telecommunication devices (routers, wireless modules) - Flat panel and display modules These categories have been prioritized to support CHIPS Act goals and preserve domestic access to advanced computing and semiconductor components. PCB Tariffs and Exemptions: What's Still Fully Taxed? Despite advocacy from industry groups, relief for PCBs and PCBAs remains limited. The following products are still subject to the full 170% tariff burden when imported from China:",This passage mentions tariffs on PCBs and display modules but is from a secondary publisher discussing general policy and does not establish specific company exposure or current legal status for Georgia EV supply chain imports.,not_established,source_reports_effective_as_of_source_date,recovered_c2acdbabd79d7b299341e24a,q_252,chunk_b31ba67163064beae88b14b6,document_e2b13035fa0102975f68109b,https://www.teamsmt.com/blog/tariffs-on-electronics-whats-exempt-and-whats-not,full_document,False,text/e52d55d55235783744018b6f3fa28a2a0ee10f559f07e7a5718120c608c43821.txt,not_established,locally_extracted_quote_validated_not_manually_verified,/home/sm11926/Certification_status/outputs/tariffs/pilot-2026-09-09,/home/sm11926/Certification_status/outputs/tariffs/pilot-2026-09-09/text/e52d55d55235783744018b6f3fa28a2a0ee10f559f07e7a5718120c608c43821.txt,,
passage_4acbb5c7108053e7aebacd35,"For U.S. electronics buyers, tariffs can turn a low unit price into a significantly higher delivered cost. This matters most when sourcing PCBs from China, where Section 301 duties still affect many product categories.",Generic tariff discussion without automotive specificity,not_established,proposal_or_uncertain,recovered_a20da15c60f77eb5c0a55a6a,q_431,chunk_44199e7241fc2b339598dfec,document_825b725df4af4cdb47efe501,https://www.ourpcb.com/blog/china-us-pcb-tariffs-2026,full_document,False,text/609863cbafa1a63970c3cb7ea79aa9fed3685d7b000619c8f9494e131a610494.txt,not_established,locally_extracted_quote_validated_not_manually_verified,/home/sm11926/Certification_status/outputs/tariffs/pilot-2026-09-09,/home/sm11926/Certification_status/outputs/tariffs/pilot-2026-09-09/text/609863cbafa1a63970c3cb7ea79aa9fed3685d7b000619c8f9494e131a610494.txt,,
passage_4acbb5c7108053e7aebacd35,"The core question isn't just the board's unit price, but its total landed cost after duty, freight, brokerage, and compliance risk – this is the figure your purchasing team truly needs to compare.",General cost advice not specific to automotive import duties,not_established,proposal_or_uncertain,recovered_b53db58a4c37bdd008e99264,q_431,chunk_44199e7241fc2b339598dfec,document_825b725df4af4cdb47efe501,https://www.ourpcb.com/blog/china-us-pcb-tariffs-2026,full_document,False,text/609863cbafa1a63970c3cb7ea79aa9fed3685d7b000619c8f9494e131a610494.txt,not_established,locally_extracted_quote_validated_not_manually_verified,/home/sm11926/Certification_status/outputs/tariffs/pilot-2026-09-09,/home/sm11926/Certification_status/outputs/tariffs/pilot-2026-09-09/text/609863cbafa1a63970c3cb7ea79aa9fed3685d7b000619c8f9494e131a610494.txt,,
passage_6940790bcbd1a49aad3b8422,"8529.90.05 
Printed circuit boards and ceramic substrates and 
subassemblies thereof, for color TV, with components listed 
in additional U.S. note 4 to chapter 85 of the HTSUS Aircraft",HTS classification specific to TV/Aircraft not automotive,not_established,proposal_or_uncertain,recovered_6923aef99e9b74ac3d8e1ca1,q_431,chunk_92837778796150a6ba2ca95d,document_ca6b0058c3235e5abbcd88d2,https://ustr.gov/sites/default/files/files/Press/Releases/2026/FRN%20-%20Section%20301%20Forced%20Labor%20Import%20Ban%20Actionabilty%20and%20Proposed%20Action%206-2-26%20FINAL.pdf,full_document,False,text/9d7166a9c304eb420320c5b022fb55b5235c5fca2fc0231c7199021ce7a85fa0.txt,not_established,locally_extracted_quote_validated_not_manually_verified,/home/sm11926/Certification_status/outputs/tariffs/pilot-2026-09-09,/home/sm11926/Certification_status/outputs/tariffs/pilot-2026-09-09/text/9d7166a9c304eb420320c5b022fb55b5235c5fca2fc0231c7199021ce7a85fa0.txt,,
passage_9fde74d1e403654bc4efe28c,"The Main PCB consists of a printed circuit board (PCB) that has capacitors, diodes, transistors, resistors, terminal strips, connectors, integrated circuits, and zener diodes mounted upon it. As such, it is a printed circuit assembly, as defined within Additional U.S. Note 1 to Section XVI of the Harmonized Tariff Schedule of the United States (HTSUS).",Defines PCB assembly but specific to Hitachi inverter components not automotive duties,not_established,proposal_or_uncertain,recovered_ee38bcef2e2d847a2bf4bc4f,q_431,chunk_e2818398ee72ac02e1b2b551,document_31136dc9b87c8ce846720df9,https://www.customsmobile.com/rulings/docview?doc_id=NY+N198199&highlight=8504.90.6500%2A,full_document,False,text/fc3e4cf7e610dad08365f9b22b35b90c0351afd89057b5a7acdedb252f51f2bc.txt,not_established,locally_extracted_quote_validated_not_manually_verified,/home/sm11926/Certification_status/outputs/tariffs/pilot-2026-09-09,/home/sm11926/Certification_status/outputs/tariffs/pilot-2026-09-09/text/fc3e4cf7e610dad08365f9b22b35b90c0351afd89057b5a7acdedb252f51f2bc.txt,,
passage_203ab544f7b2ccd1e2561620,Ecoplastic America Corp. 425 Interior and exterior plastic parts Bulloch,Confirms facility location but does not establish tariff exposure.,facility_location_only,date_not_established,recovered_34d2034118079f648299b926,q_41,chunk_956d70b57a7c29eda962e9a8,document_150a243c03e39787abea51cf,https://selectgeorgia-production-assets.s3.amazonaws.com/media/documents/Automotive_Manufacturing_2026.pdf,full_document,False,text/10d78892bed3af44937c5722a55799a091f34d861ab25edb33f9e47dc1356719.txt,not_established,locally_extracted_quote_validated_not_manually_verified,/home/sm11926/Certification_status/outputs/tariffs/pilot-2026-09-09,/home/sm11926/Certification_status/outputs/tariffs/pilot-2026-09-09/text/10d78892bed3af44937c5722a55799a091f34d861ab25edb33f9e47dc1356719.txt,,
passage_7e50dc4963d64e6af38fb74b,The plastics and composites manufacturing sector is also facing increased pressure due to recent tariff implementations.,Establishes general sector pressure but lacks company-specific linkage.,not_established,date_not_established,recovered_fe685855723822975bd02325,q_41,chunk_153f9cbd1f6186ffcfe70ce6,document_90ead78a10bf996f2be57ff3,https://www.industryselect.com/blog/manufacturers-face-tariffs-key-industry-impacts,full_document,False,text/a155c5ef9c20ac9a9d27b6222b1a27e00989f1a0121aa167b24eec2b781ea8d9.txt,not_established,locally_extracted_quote_validated_not_manually_verified,/home/sm11926/Certification_status/outputs/tariffs/pilot-2026-09-09,/home/sm11926/Certification_status/outputs/tariffs/pilot-2026-09-09/text/a155c5ef9c20ac9a9d27b6222b1a27e00989f1a0121aa167b24eec2b781ea8d9.txt,,
passage_7e50dc4963d64e6af38fb74b,A 20% tariff on resin and plastic imports from China is squeezing margins for businesses involved in custom molding and fabrication.,Describes specific tariff but does not confirm Ecoplastic's import activity or liability.,not_established,date_not_established,recovered_57a95ebe7ec8dddaae505d8f,q_41,chunk_153f9cbd1f6186ffcfe70ce6,document_90ead78a10bf996f2be57ff3,https://www.industryselect.com/blog/manufacturers-face-tariffs-key-industry-impacts,full_document,False,text/a155c5ef9c20ac9a9d27b6222b1a27e00989f1a0121aa167b24eec2b781ea8d9.txt,not_established,locally_extracted_quote_validated_not_manually_verified,/home/sm11926/Certification_status/outputs/tariffs/pilot-2026-09-09,/home/sm11926/Certification_status/outputs/tariffs/pilot-2026-09-09/text/a155c5ef9c20ac9a9d27b6222b1a27e00989f1a0121aa167b24eec2b781ea8d9.txt,,
passage_6a121c44cc2499e982f5bc55,"Ongoing trade uncertainty has also disrupted the automotive industry. While the EV supply chain is exposed to automotive trade turbulence, EV batteries have their own supply chain and are exposed to their own supply chain vulnerabilities.",Indicates policy volatility affecting supply chains without confirming specific company exposure.,not_established,date_not_established,recovered_066eb09b8935833dad1023f5,q_41,chunk_c960ea64078fd08739e1275d,document_041ae5a54258b5112df41500,https://www.3eco.com/article/electric-vehicle-policy-rollbacks,full_document,False,text/041d7c99a6a09116dc64d322aa794bce23ee8c40e3cac40ba31f4edca28bde24.txt,not_established,locally_extracted_quote_validated_not_manually_verified,/home/sm11926/Certification_status/outputs/tariffs/pilot-2026-09-09,/home/sm11926/Certification_status/outputs/tariffs/pilot-2026-09-09/text/041d7c99a6a09116dc64d322aa794bce23ee8c40e3cac40ba31f4edca28bde24.txt,,
passage_f2a76355c72befbdefc093c2,Companies producing vehicles and parts in the United States rely on foreign markets to sell their products and exported over $150 billion in value in 2024.,"Discusses US manufacturers generally, not Georgia specific.",not_established,proposal_or_uncertain,recovered_b587453c0d23c50de8cda878,q_493,chunk_7416edf4358f05ce5f954bdf,document_35e37010a1a34d0ce7c9d267,https://www.congress.gov/crs_external_products/R/PDF/R48876/R48876.3.pdf,full_document,False,text/76902a8352e3b450188a5963bfc002b6cc2c2789dc0dc7ce1f8d0ec213df349d.txt,not_established,locally_extracted_quote_validated_not_manually_verified,/home/sm11926/Certification_status/outputs/tariffs/pilot-2026-09-09,/home/sm11926/Certification_status/outputs/tariffs/pilot-2026-09-09/text/76902a8352e3b450188a5963bfc002b6cc2c2789dc0dc7ce1f8d0ec213df349d.txt,,
passage_71842cc7750438aa9e4074a3,Tariffs imposed during the Trump Administration generally have added costs for automotive companies and may increase costs for some consumers.,"Historical tariff impact, not current specific exposure.",not_established,proposal_or_uncertain,recovered_ad1d11c8223c437352e2cc61,q_493,chunk_72526db3222b8654897aa898,document_35e37010a1a34d0ce7c9d267,https://www.congress.gov/crs_external_products/R/PDF/R48876/R48876.3.pdf,full_document,False,text/76902a8352e3b450188a5963bfc002b6cc2c2789dc0dc7ce1f8d0ec213df349d.txt,not_established,locally_extracted_quote_validated_not_manually_verified,/home/sm11926/Certification_status/outputs/tariffs/pilot-2026-09-09,/home/sm11926/Certification_status/outputs/tariffs/pilot-2026-09-09/text/76902a8352e3b450188a5963bfc002b6cc2c2789dc0dc7ce1f8d0ec213df349d.txt,,
passage_d80bded45f52ff059807aa98,Automotive clients increasingly evaluate locations not only on traditional cost metrics but on how a site’s supply chain ecosystem supports USMCA compliance,"General location evaluation, no Georgia manufacturer link.",not_established,proposal_or_uncertain,recovered_ff065cb9c888fd91d2de8763,q_493,chunk_6f402572554b4ae9919d8f7e,document_3f09b598fda8d162189bcc9c,https://hub.americanindustriesgroup.com/insights/usmca-automotive,full_document,False,text/065e892e8edba6efa5728aa601cc6bef4c9898582cae31542faf02ac2b3662ed.txt,not_established,locally_extracted_quote_validated_not_manually_verified,/home/sm11926/Certification_status/outputs/tariffs/pilot-2026-09-09,/home/sm11926/Certification_status/outputs/tariffs/pilot-2026-09-09/text/065e892e8edba6efa5728aa601cc6bef4c9898582cae31542faf02ac2b3662ed.txt,,
passage_425fe720f371c64a9799a99b,"TFT LCDs have at times been included in tariff lists, with duties ranging from 7.5% to 25% depending on classification.",Indicates variable tariff status rather than established current law for specific entities.,not_established,proposal_or_uncertain,recovered_35b8aeac82dc566f8cf2da5a,q_457,chunk_ade58d78811a984ffb6e1b9d,document_fc5422987fa664a0a9211c07,https://microtipsusa.com/navigating-u-s-tariffs-understanding-monitoring-and-minimizing-risk-for-tft-lcd-display-imports-from-china,full_document,False,text/71aa8119a11847b8504a0f678591c876cb3d9cc31ea0d3360e4765bba55206f8.txt,not_established,locally_extracted_quote_validated_not_manually_verified,/home/sm11926/Certification_status/outputs/tariffs/pilot-2026-09-09,/home/sm11926/Certification_status/outputs/tariffs/pilot-2026-09-09/text/71aa8119a11847b8504a0f678591c876cb3d9cc31ea0d3360e4765bba55206f8.txt,,
passage_425fe720f371c64a9799a99b,You need to work closely with your customs broker to determine exactly how your products are classified.,"Confirms classification uncertainty requiring external verification, not established fact in source.",not_established,proposal_or_uncertain,recovered_4ba232b64dcd0d11185176d2,q_457,chunk_ade58d78811a984ffb6e1b9d,document_fc5422987fa664a0a9211c07,https://microtipsusa.com/navigating-u-s-tariffs-understanding-monitoring-and-minimizing-risk-for-tft-lcd-display-imports-from-china,full_document,False,text/71aa8119a11847b8504a0f678591c876cb3d9cc31ea0d3360e4765bba55206f8.txt,not_established,locally_extracted_quote_validated_not_manually_verified,/home/sm11926/Certification_status/outputs/tariffs/pilot-2026-09-09,/home/sm11926/Certification_status/outputs/tariffs/pilot-2026-09-09/text/71aa8119a11847b8504a0f678591c876cb3d9cc31ea0d3360e4765bba55206f8.txt,,
passage_1bb7b120b6d62f7162a0fb43,"CBP classified LCD modules intended for use in automobiles as radio/message displays in heading 8531, HTSUS.",Historical ruling does not establish current tariff law or company exposure.,not_established,proposal_or_uncertain,recovered_050c9c6c1b69d9b10e6682d0,q_457,chunk_ddc21c1aa8b7e016c42b0da5,document_ddde8c39f79e5f08a561410d,https://www.customsmobile.com/rulings/docview?doc_id=H304224,full_document,False,text/8d7024b5895017cbb4b5110d504df7697808ecbc91c0d9c8effec8a5b672ad2f.txt,not_established,locally_extracted_quote_validated_not_manually_verified,/home/sm11926/Certification_status/outputs/tariffs/pilot-2026-09-09,/home/sm11926/Certification_status/outputs/tariffs/pilot-2026-09-09/text/8d7024b5895017cbb4b5110d504df7697808ecbc91c0d9c8effec8a5b672ad2f.txt,,
passage_c6734a53197c3b947b3d65ef,"Solar inverters (string inverters, microinverters, and hybrid/multi-mode inverters) are classified under 8504.40 as static converters.",Establishes classification for solar inverters but not EV specific.,not_established,date_not_established,recovered_6c9aff898ed21fa57b7bc52e,q_435,chunk_9c7722be05def2717b1909c7,document_837f7aee5703e31db133c694,https://dutiable.io/hs-code/solar-renewable-energy/solar-inverter,full_document,True,text/a5945c88cd101ade25289ea30c1f92513e2e33b59899a51ba63cc8025261a96f.txt,not_established,locally_extracted_quote_validated_not_manually_verified,/home/sm11926/Certification_status/outputs/tariffs/pilot-2026-09-09,/home/sm11926/Certification_status/outputs/tariffs/pilot-2026-09-09/text/a5945c88cd101ade25289ea30c1f92513e2e33b59899a51ba63cc8025261a96f.txt,,
passage_c6734a53197c3b947b3d65ef,"Import duty rates: EU 0%, US Free, UK 0%. Rates verified April 2026 against USITC HTS.",Reports US Free rate conflicting with other sources.,not_established,date_not_established,recovered_a61928d430daa9281da16145,q_435,chunk_9c7722be05def2717b1909c7,document_837f7aee5703e31db133c694,https://dutiable.io/hs-code/solar-renewable-energy/solar-inverter,full_document,False,text/a5945c88cd101ade25289ea30c1f92513e2e33b59899a51ba63cc8025261a96f.txt,not_established,locally_extracted_quote_validated_not_manually_verified,/home/sm11926/Certification_status/outputs/tariffs/pilot-2026-09-09,/home/sm11926/Certification_status/outputs/tariffs/pilot-2026-09-09/text/a5945c88cd101ade25289ea30c1f92513e2e33b59899a51ba63cc8025261a96f.txt,,
passage_79310e4d759d427bec78b2db,"Under the new policy, all imports face at least 10% tariff, and specific countries face more – China-made inverters now see ~34% tariff, European inverters ~20%, South Korea 25%, etc.",Reports conflicting tariff rates for same product category.,not_established,date_not_established,recovered_5dcbe592f0b7660f37def505,q_435,chunk_d4be44e91dc5f2ca9350e869,document_c4e0ccdc8d539e40e8821d7d,https://www.sunhub.com/blog/april-2025-reciprocal-tariffs-solar-equipment,full_document,True,text/7c88743a30f496ecbec0e4aaecb50a3fc279d3e30d30ef0f024160720392b875.txt,not_established,locally_extracted_quote_validated_not_manually_verified,/home/sm11926/Certification_status/outputs/tariffs/pilot-2026-09-09,/home/sm11926/Certification_status/outputs/tariffs/pilot-2026-09-09/text/7c88743a30f496ecbec0e4aaecb50a3fc279d3e30d30ef0f024160720392b875.txt,,
passage_f88b8d88c6f61948b386e08b,"Julio De Jesus Marin
Glamar Solar Inc.
PO Box 421 
Jayuya, PR  00664	
RE:	The tariff classification of electrical inverters and chargers from China",Historical ruling (2019) does not establish current EV inverter status.,not_established,date_not_established,recovered_1fb4f26bf56584a6e61c80f4,q_435,chunk_ad9608b60950c988772e65c0,document_d450897e691f4029d8009402,https://www.customsmobile.com/rulings/docview?doc_id=NY+N306512&highlight=NY+N306512,full_document,False,text/b8e88239b5f63c8ac10cee27a1048ea1309bffbdbf0cba6928dca18fdbe0087b.txt,not_established,locally_extracted_quote_validated_not_manually_verified,/home/sm11926/Certification_status/outputs/tariffs/pilot-2026-09-09,/home/sm11926/Certification_status/outputs/tariffs/pilot-2026-09-09/text/b8e88239b5f63c8ac10cee27a1048ea1309bffbdbf0cba6928dca18fdbe0087b.txt,,
passage_cf9d43b196aa57e3e85be25b,"When it comes to the next stage of processing – spherical purified graphite and coated spherical purified graphite, which are essential for lithium-ion battery anodes – the story is entirely different.",Distinguishes processed graphite from raw flake tariffs.,national_or_sector_context,proposal_or_uncertain,recovered_a9d9aa5cc89e7a3012d05379,q_408,chunk_900af9660dce4ef40c144ba1,document_fc082ed89f2a0678b356095e,https://graphitehub.com/what-the-tariff-is-going-on,full_document,False,text/ab7bbaec1523bfb4e534afb5602dc53624d79ad5f467175bd12635229fdce0a8.txt,not_established,locally_extracted_quote_validated_not_manually_verified,/home/sm11926/Certification_status/outputs/tariffs/pilot-2026-09-09,/home/sm11926/Certification_status/outputs/tariffs/pilot-2026-09-09/text/ab7bbaec1523bfb4e534afb5602dc53624d79ad5f467175bd12635229fdce0a8.txt,,
passage_cf9d43b196aa57e3e85be25b,"However, it’s important to clarify that this analysis focuses solely on natural graphite imports in raw form.",Confirms tariff data does not cover processed spherical graphite.,national_or_sector_context,proposal_or_uncertain,recovered_29d14be359af30fda568e33b,q_408,chunk_900af9660dce4ef40c144ba1,document_fc082ed89f2a0678b356095e,https://graphitehub.com/what-the-tariff-is-going-on,full_document,False,text/ab7bbaec1523bfb4e534afb5602dc53624d79ad5f467175bd12635229fdce0a8.txt,not_established,locally_extracted_quote_validated_not_manually_verified,/home/sm11926/Certification_status/outputs/tariffs/pilot-2026-09-09,/home/sm11926/Certification_status/outputs/tariffs/pilot-2026-09-09/text/ab7bbaec1523bfb4e534afb5602dc53624d79ad5f467175bd12635229fdce0a8.txt,,
passage_7a600279553cfec296436d27,"Classification determines the rate. It is the first place money is won or lost, and it is decided by material composition and article form — not by application, brand, or what the purchase order calls the part.",Highlights complexity of classification without providing specific code.,national_or_sector_context,proposal_or_uncertain,recovered_41094569a5a6b7e1aba248c7,q_408,chunk_6e3955423c7192225cd90940,document_0dc3239c91adc334dc305fb4,https://radialmagnet.com/magnet-tariffs-country-of-origin,full_document,False,text/173c0bb67d433d7dab0b185607ec129a71c779c78bb67561dc9e36d5a8b8c497.txt,not_established,locally_extracted_quote_validated_not_manually_verified,/home/sm11926/Certification_status/outputs/tariffs/pilot-2026-09-09,/home/sm11926/Certification_status/outputs/tariffs/pilot-2026-09-09/text/173c0bb67d433d7dab0b185607ec129a71c779c78bb67561dc9e36d5a8b8c497.txt,,
passage_0e869b0c41cd6f9b388580c0,"- Develop a Sourcing Diversification Plan: Based on the audit, formulate a plan to qualify backup suppliers in low-tariff or tariff-exempt countries.",Generic sourcing advice without Georgia-specific EV supplier linkage.,not_established,proposal_or_uncertain,recovered_1e5f63c23d202bf8616db470,q_49,chunk_c05381335a24be8d061df754,document_2ed898a0b44943f3580f8f62,https://www.teamsmt.com/blog/2025-tariffs-reshoring-ems-industry,full_document,False,text/2566eb7981016a97449487c9ac123d2f7633ef0d6a5c0a702054f0d1552c677f.txt,not_established,locally_extracted_quote_validated_not_manually_verified,/home/sm11926/Certification_status/outputs/tariffs/pilot-2026-09-09,/home/sm11926/Certification_status/outputs/tariffs/pilot-2026-09-09/text/2566eb7981016a97449487c9ac123d2f7633ef0d6a5c0a702054f0d1552c677f.txt,,
passage_13a4a7dfb67e4bd4f3806395,Companies operating under IMMEX or maquiladora programs should not assume they are insulated from these changes.,"Discusses Mexico/USMCA generally, no Georgia facility confirmation.",not_established,proposal_or_uncertain,recovered_9a11b1c14a455b36959f4818,q_49,chunk_f2dbaf1bf3d66156ec54acaf,document_0d8cb30c5cd96bf588519dab,https://www.k2sourcing.com/mexico-sourcing-and-global-supply-chain.php,full_document,False,text/f8284cc0c2e72f14752c1f4e4312886fda7baad2a42f52bc2550e8ce3b9e10e9.txt,not_established,locally_extracted_quote_validated_not_manually_verified,/home/sm11926/Certification_status/outputs/tariffs/pilot-2026-09-09,/home/sm11926/Certification_status/outputs/tariffs/pilot-2026-09-09/text/f8284cc0c2e72f14752c1f4e4312886fda7baad2a42f52bc2550e8ce3b9e10e9.txt,,
passage_13a4a7dfb67e4bd4f3806395,"For U.S. manufacturers, the takeaway is clear. Mexico’s tariff reform does not weaken USMCA, but it penalizes non compliant upstream sourcing.","General U.S. manufacturer focus, lacks Georgia EV supplier specificity.",not_established,proposal_or_uncertain,recovered_f91fb874f5f5c2c4d54c4df1,q_49,chunk_f2dbaf1bf3d66156ec54acaf,document_0d8cb30c5cd96bf588519dab,https://www.k2sourcing.com/mexico-sourcing-and-global-supply-chain.php,full_document,False,text/f8284cc0c2e72f14752c1f4e4312886fda7baad2a42f52bc2550e8ce3b9e10e9.txt,not_established,locally_extracted_quote_validated_not_manually_verified,/home/sm11926/Certification_status/outputs/tariffs/pilot-2026-09-09,/home/sm11926/Certification_status/outputs/tariffs/pilot-2026-09-09/text/f8284cc0c2e72f14752c1f4e4312886fda7baad2a42f52bc2550e8ce3b9e10e9.txt,,
passage_aaeb4f2ded4f8d93162003d3,Some Taiwanese giants that invested years ago in Michigan can now ramp up local output to keep U.S. customers supplied.,"Mentions Michigan, not Georgia; confirms location specificity exists but is mismatched.",not_established,proposal_or_uncertain,recovered_f39c5975a871d25251d77537,q_49,chunk_c28d717765ad28224c4d7199,document_5ba465fb3572688e08dd2e0f,https://solution1.com.tw/impact-of-the-2025-u-s-auto-tariffs-challenges-and-strategies-across-the-entire-supply-chain,full_document,False,text/57115bf31339c354a337eaa5819e34826e45e734053e1da86c849c8ff5a54c2b.txt,not_established,locally_extracted_quote_validated_not_manually_verified,/home/sm11926/Certification_status/outputs/tariffs/pilot-2026-09-09,/home/sm11926/Certification_status/outputs/tariffs/pilot-2026-09-09/text/57115bf31339c354a337eaa5819e34826e45e734053e1da86c849c8ff5a54c2b.txt,,
passage_f554b591215632fd52d77f37,"Imported vehicle parts will face a 25% tariff, potentially raising production costs at Georgia’s auto plants.",Mentions Georgia but no specific company name.,not_established,proposal_or_uncertain,recovered_39900e43891f6616f17e14ce,q_5,chunk_abda6832d4708e9d28a77631,document_559b3471aaf08c46cc157b1e,https://www.fox5atlanta.com/news/trumps-tariff-plan-sparks-economic-uncertainty-georgia,full_document,False,text/ef33853c979fb661a9dcb2e3e85e09fe15a9e6319df730c244999701a6e5c05f.txt,not_established,locally_extracted_quote_validated_not_manually_verified,/home/sm11926/Certification_status/outputs/tariffs/pilot-2026-09-09,/home/sm11926/Certification_status/outputs/tariffs/pilot-2026-09-09/text/ef33853c979fb661a9dcb2e3e85e09fe15a9e6319df730c244999701a6e5c05f.txt,,
passage_f219e3be0a96efa95fb9fe75,"Under the current China tariffs, including those introduced in the Trump China Tariffs 2025 policy, EV manufacturers face increased costs for essential battery inputs.",Indicates policy status uncertainty and future dates relative to research date.,not_established,proposal_or_uncertain,recovered_3f03d6e72637fa2939964916,q_5,chunk_6e2612480637e11888def965,document_28a8d8ff9b5b446f64c24996,https://manlybattery.com/battery-tariffs,full_document,False,text/c48a7b7ee427d4f9cbc31536cd7025e00fab6d4ffa97167f1fc85e03c01d69eb.txt,not_established,locally_extracted_quote_validated_not_manually_verified,/home/sm11926/Certification_status/outputs/tariffs/pilot-2026-09-09,/home/sm11926/Certification_status/outputs/tariffs/pilot-2026-09-09/text/c48a7b7ee427d4f9cbc31536cd7025e00fab6d4ffa97167f1fc85e03c01d69eb.txt,,
passage_9ab34c1af0bcef5dc8a0619e,"The automotive sector, including many Tier-2 and Tier-3 parts suppliers, is feeling a heavy pinch from tariffs.",General industry impact without Georgia-specific company data.,not_established,proposal_or_uncertain,recovered_7de69bc5a293da0347c58390,q_5,chunk_0f1b0cb455b586dc06e382c6,document_2571a13302a71e78101a3a4f,https://www.bluebayautomation.com/blog/automation-news-updates-11/impact-of-tariffs-on-u-s-smb-manufacturers-103,full_document,False,text/9f09936c442bd2f0a153bdea543a33372e09faac3f4d8dbd5bc462628a8b1521.txt,not_established,locally_extracted_quote_validated_not_manually_verified,/home/sm11926/Certification_status/outputs/tariffs/pilot-2026-09-09,/home/sm11926/Certification_status/outputs/tariffs/pilot-2026-09-09/text/9f09936c442bd2f0a153bdea543a33372e09faac3f4d8dbd5bc462628a8b1521.txt,,
passage_f554b591215632fd52d77f37,Uncertainty around USMCA exemptions adds confusion for manufacturers reliant on cross-border supply chains.,Highlights policy uncertainty affecting applicability.,not_established,proposal_or_uncertain,recovered_90ad1001585dae412b0f699c,q_5,chunk_abda6832d4708e9d28a77631,document_559b3471aaf08c46cc157b1e,https://www.fox5atlanta.com/news/trumps-tariff-plan-sparks-economic-uncertainty-georgia,full_document,False,text/ef33853c979fb661a9dcb2e3e85e09fe15a9e6319df730c244999701a6e5c05f.txt,not_established,locally_extracted_quote_validated_not_manually_verified,/home/sm11926/Certification_status/outputs/tariffs/pilot-2026-09-09,/home/sm11926/Certification_status/outputs/tariffs/pilot-2026-09-09/text/ef33853c979fb661a9dcb2e3e85e09fe15a9e6319df730c244999701a6e5c05f.txt,,
passage_22ebf9a7501a30784faeaade,"Therefore, the custom battery packs are subject to Section 301 duties.",Confirms duty applicability but lacks specific company facility linkage.,not_established,source_reports_historical,recovered_b9e0947c5948031755cf2818,q_483,chunk_3802299155335d8540a1b194,document_147239c45e4c492f0232dcd8,https://www.customsmobile.com/rulings/docview?doc_id=HQ+H316545&highlight=HQ+H316545,full_document,False,text/52ae68b9b8a6e899074fb54823b860d75703cc128b7972256c6346fe156c4160.txt,not_established,locally_extracted_quote_validated_not_manually_verified,/home/sm11926/Certification_status/outputs/tariffs/pilot-2026-09-09,/home/sm11926/Certification_status/outputs/tariffs/pilot-2026-09-09/text/52ae68b9b8a6e899074fb54823b860d75703cc128b7972256c6346fe156c4160.txt,,
passage_81f3e11893fc407acfb5e83a,"In HQ H308831, CBP held that the assembly processes performed in China, which involved assembling, connecting, attaching, applying, and welding various components together followed by installing them into a plastic housing, did not result in a substantial transformation",Demonstrates conflicting origin determination logic compared to other rulings.,not_established,source_reports_historical,recovered_48b3866377464e31cbbda93b,q_483,chunk_3db3a108c6e23fac3a95eb94,document_89094d2db2a6b11cc65c862c,https://www.customsmobile.com/rulings/docview?doc_id=HQ+H316389&highlight=HQ+H316389,full_document,False,text/0e79e47c62095772efc9982fd9d77b8ddd1f3e1cb32ad35301c845b2dd0bdbb4.txt,not_established,locally_extracted_quote_validated_not_manually_verified,/home/sm11926/Certification_status/outputs/tariffs/pilot-2026-09-09,/home/sm11926/Certification_status/outputs/tariffs/pilot-2026-09-09/text/0e79e47c62095772efc9982fd9d77b8ddd1f3e1cb32ad35301c845b2dd0bdbb4.txt,,
passage_536b494bf051013fee985d8e,Report the Section 232 duties based on the value of the non-U.S. content with HTSUS 9903.94.03.,Indicates regulatory reporting requirements without confirming current Georgia facility exposure.,not_established,source_reports_historical,recovered_928cb55f1c6cc9f32e69e594,q_483,chunk_1cd9a3d35cdd8dc0699298dc,document_e4b15a8983c43a82a1fbe977,https://content.govdelivery.com/accounts/USDHSCBP/bulletins/3e9bbf4,full_document,False,text/d4369e16013b39a81ab1d4adeb277491bdf1b18ed726a1a8836121519e6f965a.txt,not_established,locally_extracted_quote_validated_not_manually_verified,/home/sm11926/Certification_status/outputs/tariffs/pilot-2026-09-09,/home/sm11926/Certification_status/outputs/tariffs/pilot-2026-09-09/text/d4369e16013b39a81ab1d4adeb277491bdf1b18ed726a1a8836121519e6f965a.txt,,
passage_7f3dcd36a4a342b9a8f2cedd,"Hyundai’s supply chain sustainability risk management process consists of prior risk identification (screening), written assessments, on-site audits, and improvement and monitoring.",Shows company disclosure exists but does not confirm tariff exposure or Georgia facility specifics.,not_established,source_reports_historical,recovered_c2d5c342236de7de4fcfe2ef,q_483,chunk_478da7a02c440bdad248de1b,document_fa95f5701bd94c20dfa77c42,https://www.hyundai.com/content/dam/hyundai/kr/ko/images/company-intro/sustain-manage/2026/hmc-sr-eng-2026.pdf,full_document,False,text/4da5bacd27a0c90b06e2e61c449f0e99c48a4338725e058ae1fbbb5f07d2f3c0.txt,not_established,locally_extracted_quote_validated_not_manually_verified,/home/sm11926/Certification_status/outputs/tariffs/pilot-2026-09-09,/home/sm11926/Certification_status/outputs/tariffs/pilot-2026-09-09/text/4da5bacd27a0c90b06e2e61c449f0e99c48a4338725e058ae1fbbb5f07d2f3c0.txt,,
passage_37e368e2084926220236c57b,"China caters to more than 90% of the global demand for rare earth permanent magnets, making the situation even more precarious for manufacturers reliant on these components.",Confirms general supply chain risk without Georgia-specific facility or company identification.,not_established,proposal_or_uncertain,recovered_aeb63f494afe3a2925435855,q_421,chunk_ba4ab04d519e6fea18099fa9,document_668bb1afd937acd72e554c47,https://www.mobilityglobal.com/en-us/automotive-insights/blog/critical-minerals-shortages-looming-threat-ev-industry,full_document,False,text/be98b89dd724ce805548ecabf37b723586741e19c422c7460ff1cf4cd3c1e9ad.txt,not_established,locally_extracted_quote_validated_not_manually_verified,/home/sm11926/Certification_status/outputs/tariffs/pilot-2026-09-09,/home/sm11926/Certification_status/outputs/tariffs/pilot-2026-09-09/text/be98b89dd724ce805548ecabf37b723586741e19c422c7460ff1cf4cd3c1e9ad.txt,,
passage_f6888f7c599ce999a637b592,"On July 26, 2025, the U.S. and China announced that the two countries had reached a deal to accelerate the import of rare earth elements (REEs) and the magnets they are used in, into the U.S. from China.","Indicates conflicting policy status regarding restrictions versus deals, complicating current applicability assessment.",not_established,proposal_or_uncertain,recovered_caebca645ca79ca0f7c4efc8,q_421,chunk_59e313871e514ccbccd3e61a,document_a784da38e5aaa10f01f3264f,https://pamirllc.com/blog/china-and-the-us-sign-a-deal-to-accelerate-the-import-of-rare-earth-elements-rees,full_document,False,text/790d1393bafb015f72ee615fbff9dfc2deb9c89f3ab1999369e9231046435e89.txt,not_established,locally_extracted_quote_validated_not_manually_verified,/home/sm11926/Certification_status/outputs/tariffs/pilot-2026-09-09,/home/sm11926/Certification_status/outputs/tariffs/pilot-2026-09-09/text/790d1393bafb015f72ee615fbff9dfc2deb9c89f3ab1999369e9231046435e89.txt,,
passage_727c1b735b0bbb8f491b1a8f,"It is understood that the 55% tariffs on China consist of a 10% ‘reciprocal’ base tariff, 20% International Emergency Economic Powers Act or IEEPA tariff, and an existing 25% tariff on imports from China.",Details tariff structure but does not confirm specific applicability to Georgia entities or current enforcement status.,not_established,proposal_or_uncertain,recovered_39b463a473277fb80369eabd,q_421,chunk_b9d397355dc925ec4c425ccd,document_257ee235ba1734974245cefd,https://www.automotivelogistics.media/news-and-features/tariff-timeline-us-imposes-10-125-tariffs-on-60-economies-and-50-tariff-on-canada/196419,full_document,False,text/adcc7875c63dc705368581eaf9c6a5f75156d22e05f9b0ae44eada17a5b63930.txt,not_established,locally_extracted_quote_validated_not_manually_verified,/home/sm11926/Certification_status/outputs/tariffs/pilot-2026-09-09,/home/sm11926/Certification_status/outputs/tariffs/pilot-2026-09-09/text/adcc7875c63dc705368581eaf9c6a5f75156d22e05f9b0ae44eada17a5b63930.txt,,
passage_6022edbf823a0e9aa7a5fd8c,"The regulatory environment for tariffs and trade zones changes frequently. This post reflects conditions as of early 2026 and is intended as educational context, not legal or customs compliance advice.","This passage explicitly disclaims providing specific legal or cost advice for a company's situation, confirming the lack of verified tariff data for the query.",not_established,source_reports_effective_as_of_source_date,recovered_01237a165e03528de944bc4c,q_277,chunk_7f8b88b1f85439d7d76b3a8f,document_ff1f71a176d8e81f15b6beeb,https://ankerpak.com/blog/foreign-trade-zones-bonded-warehousing,full_document,False,text/cb62b42b52f4d506fc8a60d37c9812d42da381c5b6cb9aaf8ad8d9cf8672efc9.txt,not_established,locally_extracted_quote_validated_not_manually_verified,/home/sm11926/Certification_status/outputs/tariffs/pilot-2026-09-09,/home/sm11926/Certification_status/outputs/tariffs/pilot-2026-09-09/text/cb62b42b52f4d506fc8a60d37c9812d42da381c5b6cb9aaf8ad8d9cf8672efc9.txt,,
passage_423f8d2d128993ddbc1db46f,"While the Trump administration argues that long-term gains in domestic investment will outweigh short-term disruption, the outcome will depend heavily on how global trade partners respond — and how quickly new deals, if any, are reached. For now, businesses across Georgia are bracing for potentially higher costs, tighter margins, and increased uncertainty.",This passage discusses general economic uncertainty and potential higher costs for 'businesses across Georgia' but does not provide specific tariff rates or costs for Hyundai's EV manufacturing.,national_or_sector_context,source_reports_historical,recovered_f8c7a36249ee4efaa5abd22f,q_277,chunk_abda6832d4708e9d28a77631,document_559b3471aaf08c46cc157b1e,https://www.fox5atlanta.com/news/trumps-tariff-plan-sparks-economic-uncertainty-georgia,full_document,False,text/ef33853c979fb661a9dcb2e3e85e09fe15a9e6319df730c244999701a6e5c05f.txt,not_established,locally_extracted_quote_validated_not_manually_verified,/home/sm11926/Certification_status/outputs/tariffs/pilot-2026-09-09,/home/sm11926/Certification_status/outputs/tariffs/pilot-2026-09-09/text/ef33853c979fb661a9dcb2e3e85e09fe15a9e6319df730c244999701a6e5c05f.txt,,
passage_65adfc43cb457fb27c4b315c,"GPA chief Griff Lynch blamed the downturn squarely on auto-import tariffs. So while container cargo is coasting on a tariff tailwind, the roll-on/roll-off side is squarely in the headwind.",This passage attributes volume drops to 'auto-import tariffs' but does not quantify the specific cost or rate applicable to Hyundai's Savannah plant operations.,national_or_sector_context,source_reports_historical,recovered_1c59df096d4cd974306f42a2,q_277,chunk_67b54c12332bc0e7881e3edb,document_9121c02d44063faf4fda1009,https://valdostadailytimes.com/2025/11/03/gary-wisenbaker-georgia-ports-weather-tariff-turbulence,full_document,False,text/ca9ceb838489392234a867eaf1ce8f7555ed7983d963cca40d280e5e9e9fd22a.txt,not_established,locally_extracted_quote_validated_not_manually_verified,/home/sm11926/Certification_status/outputs/tariffs/pilot-2026-09-09,/home/sm11926/Certification_status/outputs/tariffs/pilot-2026-09-09/text/ca9ceb838489392234a867eaf1ce8f7555ed7983d963cca40d280e5e9e9fd22a.txt,,
passage_4fce77649f202461153a04c0,"In April, the administration launched a Section 232 investigation into processed critical minerals imports and their derivative products to determine whether to levy tariffs to protect U.S. supply chains. (A final decision is expected in mid-October.)",Establishes policy status not established as of research date.,not_established,proposal_or_uncertain,recovered_c5c761a51db205bbfe3ff81c,q_425,chunk_ef936ec10c7783db9c998aab,document_b529c7144ece2fb3c321a1ec,https://www.cfr.org/articles/us-critical-minerals-dilemma-what-know,full_document,False,text/b9e11444332497e6c63cbc2f7b022f317cdff04a18ae3902bc0836995222a041.txt,not_established,locally_extracted_quote_validated_not_manually_verified,/home/sm11926/Certification_status/outputs/tariffs/pilot-2026-09-09,/home/sm11926/Certification_status/outputs/tariffs/pilot-2026-09-09/text/b9e11444332497e6c63cbc2f7b022f317cdff04a18ae3902bc0836995222a041.txt,,
passage_7bdaf6d711548cd21465dd42,"While the details remain unclear, this proposal presents significant risk for investors and miners alike.",Confirms uncertainty contradicts definitive duty claims.,not_established,proposal_or_uncertain,recovered_c704a0b40263de279db859c0,q_425,chunk_741b89a8cccaa4932dd452fc,document_2662f2e01ed6cd8ff3a23b48,https://minerals.org.au/resources/us-tariffs-hurt-exporters-and-us-consumers,full_document,False,text/049dc1e434db0f52b425fca980fdc89bb5ac7b3548f8eebfe9a0fbe0842f0430.txt,not_established,locally_extracted_quote_validated_not_manually_verified,/home/sm11926/Certification_status/outputs/tariffs/pilot-2026-09-09,/home/sm11926/Certification_status/outputs/tariffs/pilot-2026-09-09/text/049dc1e434db0f52b425fca980fdc89bb5ac7b3548f8eebfe9a0fbe0842f0430.txt,,
passage_4fce77649f202461153a04c0,"Although the administration has not imposed tariffs on critical minerals under the probe, it has imposed Section 232 tariffs on other materials such as aluminum, copper, and steel.",Directly contradicts snippet claims of specific mineral duties.,not_established,proposal_or_uncertain,recovered_5fe50fa8241e278d3c865903,q_425,chunk_ef936ec10c7783db9c998aab,document_b529c7144ece2fb3c321a1ec,https://www.cfr.org/articles/us-critical-minerals-dilemma-what-know,full_document,False,text/b9e11444332497e6c63cbc2f7b022f317cdff04a18ae3902bc0836995222a041.txt,not_established,locally_extracted_quote_validated_not_manually_verified,/home/sm11926/Certification_status/outputs/tariffs/pilot-2026-09-09,/home/sm11926/Certification_status/outputs/tariffs/pilot-2026-09-09/text/b9e11444332497e6c63cbc2f7b022f317cdff04a18ae3902bc0836995222a041.txt,,
passage_29965966f215193aab7dc18b,"Recent actions taken by the Trump administration to strengthen critical mineral supply chains include substantial tariffs and tariff threats on goods from traditionally allied countries such as Australia, Canada, and Mexico, as well as a new executive order",Indicates threats/actions rather than confirmed specific rates.,not_established,proposal_or_uncertain,recovered_99fd112154359e5707f1fdb6,q_425,chunk_c76bcef538d6038f93e84084,document_74405be88bf057df0f901b85,https://techpolicy.press/trumps-tariffs-are-harming-us-critical-mineral-supply-chains,full_document,False,text/d054e289a200d7609d96ad40704f70c4ebfa53eccd17430d1419694f3c93c7df.txt,not_established,locally_extracted_quote_validated_not_manually_verified,/home/sm11926/Certification_status/outputs/tariffs/pilot-2026-09-09,/home/sm11926/Certification_status/outputs/tariffs/pilot-2026-09-09/text/d054e289a200d7609d96ad40704f70c4ebfa53eccd17430d1419694f3c93c7df.txt,,
passage_d42063c7f6e7656ff88ec136,"The applicable subheading for the non-rechargeable battery packs comprised of Manganese Dioxide battery cells will be 8506.10.0000, Harmonized Tariff Schedule of the United States (HTSUS), which provides for ""Primary cells and primary batters; parts thereof: Manganese dioxide."" The rate of duty will be 2.7 percent ad valorem.",Outdated 2017 ruling showing specific rate but potentially inapplicable to current research date or product scope.,not_established,date_not_established,recovered_e6bd624d429742f68f4be152,q_414,chunk_2bcd809bd49b9f84f14130c7,document_8695ef4b56febfbbc209df65,https://www.customsmobile.com/rulings/docview?doc_id=NY+N286124&highlight=NY+N286124,full_document,False,text/87fee9a6e48198a3e59782fbd24e0b261e0ddb5c9d9de14193a413eddbaa95c9.txt,not_established,locally_extracted_quote_validated_not_manually_verified,/home/sm11926/Certification_status/outputs/tariffs/pilot-2026-09-09,/home/sm11926/Certification_status/outputs/tariffs/pilot-2026-09-09/text/87fee9a6e48198a3e59782fbd24e0b261e0ddb5c9d9de14193a413eddbaa95c9.txt,,
passage_6243fa3f75a45733717726cf,"The Commission is now conducting a third five-year review pursuant to section 751(c) of the Act, as amended (19 U.S.C. 1675(c)), to determine whether revocation of the order would be likely to lead to continuation or recurrence of material injury",Indicates ongoing review process rather than established final duty status at research date.,not_established,proposal_or_uncertain,recovered_31a6b85c2a2821963df1d528,q_414,chunk_1075938ecde20f47e07970c9,document_ddbc59b521a4cb09c41f4627,https://www.federalregister.gov/documents/2025/06/02/2025-09826/electrolytic-manganese-dioxide-from-china-institution-of-a-five-year-review,full_document,False,text/77265b7b87c21d2cdc94362ee5394c89569638033394ef138831e41441b02968.txt,not_established,locally_extracted_quote_validated_not_manually_verified,/home/sm11926/Certification_status/outputs/tariffs/pilot-2026-09-09,/home/sm11926/Certification_status/outputs/tariffs/pilot-2026-09-09/text/77265b7b87c21d2cdc94362ee5394c89569638033394ef138831e41441b02968.txt,,
passage_3de59188c911eb1c87bc36b9,"The HS number for manganese dioxide is #282010.
Schedule B: #2820100000
U.S. Export Commodity Classifications",Confirms classification code but provides no duty rate information.,not_established,date_not_established,recovered_09f7538bf919f1f23aa2c71c,q_414,chunk_0124502d9edbc26006a54e1e,document_a11d3b9156122404a98957f5,https://www.shipnerd.com/support/freight-class/shipping-codes/chemical/inorganic-compound-precious-metal-rare-earth-radioactive-isotope/manganese-oxides-062820/manganese-dioxide-06282010/manganese-dioxide-062820100000,full_document,False,text/618a79581b1641093a2e66a3781e2a55a86c20c1b2cac64fee05a8caff4ad5f2.txt,not_established,locally_extracted_quote_validated_not_manually_verified,/home/sm11926/Certification_status/outputs/tariffs/pilot-2026-09-09,/home/sm11926/Certification_status/outputs/tariffs/pilot-2026-09-09/text/618a79581b1641093a2e66a3781e2a55a86c20c1b2cac64fee05a8caff4ad5f2.txt,,
passage_c39bb66374bdb15413137e2f,"Represented domestic industry in circumvention reviews of small diameter graphite electrodes (SDGEs) from China, wire rod from Mexico and honey from China.",Demonstrates historical/outdated trade remedy context (2013-2017).,not_established,date_not_established,recovered_6a156ef52c53c4a4a3148e28,q_103,chunk_e0eebd9fe91b87b16c4561cf,document_bf3a10ce931857be4894b203,https://www.kelleydrye.com/practices/trade-remedies-ad-cvd-safeguards,full_document,False,text/aff894c070f0e75d9e4eff4b9b5ee10aa9086230e9c6400fdad6c0c642ad33d9.txt,not_established,locally_extracted_quote_validated_not_manually_verified,/home/sm11926/Certification_status/outputs/tariffs/pilot-2026-09-09,/home/sm11926/Certification_status/outputs/tariffs/pilot-2026-09-09/text/aff894c070f0e75d9e4eff4b9b5ee10aa9086230e9c6400fdad6c0c642ad33d9.txt,,
passage_c8b4ce4518cc231a22c96407,The inquiry is expected to take around 12 months to complete.,Indicates ongoing/uncertain status of circumvention inquiry.,not_established,date_not_established,recovered_73be7c537f2f9c938539cabc,q_103,chunk_64695f4462aa0de2eea48c33,document_9143754f2ace544303bfabb4,https://www.msci.org/united-states-will-investigate-aluminum-foil-from-imports-from-china-korea-and-thailand-2,full_document,False,text/b02bd4fa28a98bba3694bf0558d420ff9fc80213e3629a518da933f862a7bf83.txt,not_established,locally_extracted_quote_validated_not_manually_verified,/home/sm11926/Certification_status/outputs/tariffs/pilot-2026-09-09,/home/sm11926/Certification_status/outputs/tariffs/pilot-2026-09-09/text/b02bd4fa28a98bba3694bf0558d420ff9fc80213e3629a518da933f862a7bf83.txt,,
passage_80e7f63ba9662a4863cb5b1b,"In order to qualify for the duty amount applicable to goods produced by an overseas exporter specified in Table 1, a valid commercial invoice with an accompanying declaration must be presented to HM Revenue and Customs (HMRC) on importation of the",Confirms UK-specific procedural requirements distinct from US/EU.,not_established,date_not_established,recovered_50898eaddfaf95f746c52a2e,q_103,chunk_9f6dcecea93cd430b1c0ee6c,document_1aae8c7b424a35f7b3c994b3,https://www.gov.uk/government/publications/trade-remedies-notices-anti-dumping-duty-on-aluminium-foil-from-china/trade-remedies-notice-202524-anti-dumping-duty-on-certain-aluminium-foil-in-rolls-originating-from-the-peoples-republic-of-china,full_document,False,text/ab914311c0326cece039fb1039086fa4b30f8653123eebbac32660eeb0e23330.txt,not_established,locally_extracted_quote_validated_not_manually_verified,/home/sm11926/Certification_status/outputs/tariffs/pilot-2026-09-09,/home/sm11926/Certification_status/outputs/tariffs/pilot-2026-09-09/text/ab914311c0326cece039fb1039086fa4b30f8653123eebbac32660eeb0e23330.txt,,
passage_a08e178830a84fb811ece61f,Savannah rides a tariff-fueled surge while Brunswick’s auto trade hits the brakes.,Confirms automotive trade context but lacks origin data.,facility_location_only,proposal_or_uncertain,recovered_d689c1b3520ebd932fb50910,q_460,chunk_67b54c12332bc0e7881e3edb,document_9121c02d44063faf4fda1009,https://valdostadailytimes.com/2025/11/03/gary-wisenbaker-georgia-ports-weather-tariff-turbulence,full_document,False,text/ca9ceb838489392234a867eaf1ce8f7555ed7983d963cca40d280e5e9e9fd22a.txt,not_established,locally_extracted_quote_validated_not_manually_verified,/home/sm11926/Certification_status/outputs/tariffs/pilot-2026-09-09,/home/sm11926/Certification_status/outputs/tariffs/pilot-2026-09-09/text/ca9ceb838489392234a867eaf1ce8f7555ed7983d963cca40d280e5e9e9fd22a.txt,,
passage_f13002ca2c3f116a22f27f27,"Kia worked together with the Georgia Ports Authority (GPA), which runs the port of Savannah, to come up with proposals to improve the carmaker’s imported supply chain.",Identifies Kia and imports but does not specify component origin country.,explicit_named_company_effect,proposal_or_uncertain,recovered_50301cd03fc5e612c1eaafb7,q_460,chunk_656dfde63b930dcb23db68c2,document_c02ade84d479879c16b7d65a,https://www.automotivelogistics.media/supply-chain/kia-west-point-midnight-freight-trains-to-georgia/210654,full_document,False,text/e57a6443ba53287c69a273badca5be3c44968c660b9bede5928c4054a99a07bf.txt,not_established,locally_extracted_quote_validated_not_manually_verified,/home/sm11926/Certification_status/outputs/tariffs/pilot-2026-09-09,/home/sm11926/Certification_status/outputs/tariffs/pilot-2026-09-09/text/e57a6443ba53287c69a273badca5be3c44968c660b9bede5928c4054a99a07bf.txt,,
passage_86d392a7474b932a20bf7a6b,Lynch says their auto exports dropped considerably when it comes to China.,"Discusses auto exports to China, not import origins for components.",facility_location_only,proposal_or_uncertain,recovered_2db819db4e89bcd14b01c351,q_460,chunk_9d4288832720253c0c3df619,document_e2985c868e85600c1822d156,https://www.wtoc.com/2026/01/28/port-savannah-tracks-tariff-impacts-following-second-busiest-year-record,full_document,False,text/d93fef2eb459e6085577b97aa4dd5c804c3ccec7b8d5f9b328347aa8995a48ed.txt,not_established,locally_extracted_quote_validated_not_manually_verified,/home/sm11926/Certification_status/outputs/tariffs/pilot-2026-09-09,/home/sm11926/Certification_status/outputs/tariffs/pilot-2026-09-09/text/d93fef2eb459e6085577b97aa4dd5c804c3ccec7b8d5f9b328347aa8995a48ed.txt,,
passage_079520e4f02e2dc32721e0fb,"Great Dane Trailers 460 Industrial trailers and truck bodies Bulloch
Hwashin* 460 Automotive body parts Laurens","Identifies a company (Great Dane Trailers) located in Bulloch County, but provides no information regarding import duties or tariff exposure for that facility.",facility_location_only,source_reports_effective_as_of_source_date,recovered_f8dfcff940eaca7643cab7d3,q_279,chunk_ae120155e0da2233a9ef1564,document_150a243c03e39787abea51cf,https://selectgeorgia-production-assets.s3.amazonaws.com/media/documents/Automotive_Manufacturing_2026.pdf,full_document,False,text/10d78892bed3af44937c5722a55799a091f34d861ab25edb33f9e47dc1356719.txt,not_established,locally_extracted_quote_validated_not_manually_verified,/home/sm11926/Certification_status/outputs/tariffs/pilot-2026-09-09,/home/sm11926/Certification_status/outputs/tariffs/pilot-2026-09-09/text/10d78892bed3af44937c5722a55799a091f34d861ab25edb33f9e47dc1356719.txt,,
passage_b14ad8a8df132acf3b610cbb,Ajin Georgia 300 Automotive body parts and electronics Bulloch,"Identifies a company (Ajin Georgia) located in Bulloch County, but provides no information regarding import duties or tariff exposure for that facility.",facility_location_only,source_reports_effective_as_of_source_date,recovered_800a1ce05b6f84c293ded1b5,q_279,chunk_956d70b57a7c29eda962e9a8,document_150a243c03e39787abea51cf,https://selectgeorgia-production-assets.s3.amazonaws.com/media/documents/Automotive_Manufacturing_2026.pdf,full_document,False,text/10d78892bed3af44937c5722a55799a091f34d861ab25edb33f9e47dc1356719.txt,not_established,locally_extracted_quote_validated_not_manually_verified,/home/sm11926/Certification_status/outputs/tariffs/pilot-2026-09-09,/home/sm11926/Certification_status/outputs/tariffs/pilot-2026-09-09/text/10d78892bed3af44937c5722a55799a091f34d861ab25edb33f9e47dc1356719.txt,,
passage_c1e5b638d9a002eebda4a7e6,Seoyon E-Hwa 525 Interior and exterior automotive components Chatham,Confirms the company's presence in Georgia but provides no tariff or import data.,facility_location_only,source_reports_effective_as_of_source_date,recovered_1fa269da13af1379794dd4e6,q_43,chunk_956d70b57a7c29eda962e9a8,document_150a243c03e39787abea51cf,https://selectgeorgia-production-assets.s3.amazonaws.com/media/documents/Automotive_Manufacturing_2026.pdf,full_document,False,text/10d78892bed3af44937c5722a55799a091f34d861ab25edb33f9e47dc1356719.txt,not_established,locally_extracted_quote_validated_not_manually_verified,/home/sm11926/Certification_status/outputs/tariffs/pilot-2026-09-09,/home/sm11926/Certification_status/outputs/tariffs/pilot-2026-09-09/text/10d78892bed3af44937c5722a55799a091f34d861ab25edb33f9e47dc1356719.txt,,
passage_1fd4d3d116f9453d89f60218,"Standard panel-sized (18x24 inch) double-sided copper clad laminate for 2-layer PCB production, featuring 1.6mm FR-4 glass epoxy core with 1oz refined copper on both sides. Essential raw material for electronic assembly. HTS 7410.21.3040 due to double copper cladding on qualifying base material.",Identifies specific HTS classification for FR-4 PCB laminate relevant to US import context.,national_or_sector_context,source_reports_effective_as_of_source_date,recovered_c8dace0034fd96f57a322c5a,q_433,chunk_4067de052589cb7b91145c3e,document_c904f98e6711a99203a9720a,https://tariffs.wove.com/us/tariff/7410.21.30.40/2-layer-pcb-copper-clad-laminate-panel,full_document,False,text/7b1f39bb3211819b0d0b8767fc7c746011828eadc99726bb9c1dfc21619a3be8.txt,not_established,locally_extracted_quote_validated_not_manually_verified,/home/sm11926/Certification_status/outputs/tariffs/pilot-2026-09-09,/home/sm11926/Certification_status/outputs/tariffs/pilot-2026-09-09/text/7b1f39bb3211819b0d0b8767fc7c746011828eadc99726bb9c1dfc21619a3be8.txt,,
passage_dd3f63b15223f3309cb18ff7,"The applicable subheading for the bare PCB will be 8534.00.0040, Harmonized Tariff Schedule of the United States (HTSUS), which provides for “Printed circuits: Plastics impregnated, not flexible type: Having a base wholly of impregnated glass: Other.” The rate of duty will be Free.",Confirms US tariff classification and duty rate for PCBs from China under specific ruling.,national_or_sector_context,source_reports_effective_as_of_source_date,recovered_514f42885abe6684f0d21478,q_433,chunk_244e9025b98a6a29afaba57b,document_59e6f304db0610830bcefab9,https://www.customsmobile.com/rulings/docview?doc_id=NY+N336087&highlight=8534.00.00%2A,full_document,False,text/8b90c5815aa64a7dd58012ace97526a555a2c3da5291ee3b5bb67add154132ca.txt,not_established,locally_extracted_quote_validated_not_manually_verified,/home/sm11926/Certification_status/outputs/tariffs/pilot-2026-09-09,/home/sm11926/Certification_status/outputs/tariffs/pilot-2026-09-09/text/8b90c5815aa64a7dd58012ace97526a555a2c3da5291ee3b5bb67add154132ca.txt,,
passage_679116c75c1db0eb0f374fa1,"Facing higher barriers to the US market, Chinese PCB companies actively explored diversified markets to reduce dependence on any single market.",Indicates tariff pressures affecting US market access for PCB manufacturers.,national_or_sector_context,source_reports_effective_as_of_source_date,recovered_aea97da352aa7cb7565882c9,q_433,chunk_307a6070b72809afb0b8b4e3,document_f54b0d22c62373a210da7794,https://www.topfastpcb.com/blog/how-u-s-tariffs-are-reshaping-the-global-printed-circuit-board-pcb-industry-landscape,full_document,False,text/69932d9b8683a419d759d82628a0d9056f88e89109cbb634c1dd58f0ef46a2e1.txt,not_established,locally_extracted_quote_validated_not_manually_verified,/home/sm11926/Certification_status/outputs/tariffs/pilot-2026-09-09,/home/sm11926/Certification_status/outputs/tariffs/pilot-2026-09-09/text/69932d9b8683a419d759d82628a0d9056f88e89109cbb634c1dd58f0ef46a2e1.txt,,
passage_1fd4d3d116f9453d89f60218,"Import Duty Rates by Country of Origin
Alternative Classifications
This product could be classified differently depending on its characteristics or intended use.",Highlights variability in classification which contributes to evidence insufficiency for a single definitive rate.,national_or_sector_context,source_reports_effective_as_of_source_date,recovered_90741cd70a93f8ea8e746047,q_433,chunk_4067de052589cb7b91145c3e,document_c904f98e6711a99203a9720a,https://tariffs.wove.com/us/tariff/7410.21.30.40/2-layer-pcb-copper-clad-laminate-panel,full_document,False,text/7b1f39bb3211819b0d0b8767fc7c746011828eadc99726bb9c1dfc21619a3be8.txt,not_established,locally_extracted_quote_validated_not_manually_verified,/home/sm11926/Certification_status/outputs/tariffs/pilot-2026-09-09,/home/sm11926/Certification_status/outputs/tariffs/pilot-2026-09-09/text/7b1f39bb3211819b0d0b8767fc7c746011828eadc99726bb9c1dfc21619a3be8.txt,,
passage_db6241c4a92f98738e3c2091,"“Automobiles now, or machines, 15, 30, up to 50% tariffs on some of those cargoes,” he said. “But we want to continue building for the future. So, we’re building a fourth berth now in Brunswick that will help us to continue building and bringing more customers, more ocean cargo to Brunswick.”",Confirms tariff rates and GPA facility expansion plans.,explicit_named_company_effect,proposal_or_uncertain,recovered_b6c5a45673c23da60ff564b3,q_464,chunk_26a67c8a01c34d15d83c3fc1,document_478fc8b52ebfe79e1d705dc0,https://augustabusinessdaily.com/part-2-impact-of-tariffs-on-imports-sales-and-the-georgia-ports,full_document,False,text/9f10ae96ae7ddde21481a266b854130e0c16f2ee07b17cb368a8820c959afbad.txt,not_established,locally_extracted_quote_validated_not_manually_verified,/home/sm11926/Certification_status/outputs/tariffs/pilot-2026-09-09,/home/sm11926/Certification_status/outputs/tariffs/pilot-2026-09-09/text/9f10ae96ae7ddde21481a266b854130e0c16f2ee07b17cb368a8820c959afbad.txt,,
passage_fc5d3bf0dc1e57703ebd0bdd,"With the introduction of US tariffs in 2025, automakers paused shipments, closed factories and held volumes at ports, leading to a year-on-year reduction in import and export volumes at the Port of Brunswick in Georgia.",Confirms tariff impact on specific facility volumes.,explicit_named_company_effect,date_not_established,recovered_2252aa5160bc66fbbf0509d5,q_464,chunk_5ba3c567fa64da09a9a642ab,document_8696f8516e64d5c22efdd5ee,https://www.automotivelogistics.media/vehicle-logistics/us-tariffs-dent-vehicle-growth-at-brunswick-in-2025/2653646,full_document,False,text/862885d0f74bf5957871acda4d6172be06fbc2e8a500def368a2b13d0c5a90a0.txt,not_established,locally_extracted_quote_validated_not_manually_verified,/home/sm11926/Certification_status/outputs/tariffs/pilot-2026-09-09,/home/sm11926/Certification_status/outputs/tariffs/pilot-2026-09-09/text/862885d0f74bf5957871acda4d6172be06fbc2e8a500def368a2b13d0c5a90a0.txt,,
passage_eac383749f5b0781874c5743,"On April 2, 2026, the White House issued a proclamation overhauling Section 232 tariffs on steel, aluminum and copper imports by introducing a tiered system of 10-50% tariffs applied to the full value of imported products, rather than just the metal content.",Confirms policy status and tariff structure details.,explicit_named_company_effect,date_not_established,recovered_ee5854c6e353f757a5b2ec6c,q_464,chunk_f6cee4b9d6a93b7519ea7ad8,document_257ee235ba1734974245cefd,https://www.automotivelogistics.media/news-and-features/tariff-timeline-us-imposes-10-125-tariffs-on-60-economies-and-50-tariff-on-canada/196419,full_document,False,text/adcc7875c63dc705368581eaf9c6a5f75156d22e05f9b0ae44eada17a5b63930.txt,not_established,locally_extracted_quote_validated_not_manually_verified,/home/sm11926/Certification_status/outputs/tariffs/pilot-2026-09-09,/home/sm11926/Certification_status/outputs/tariffs/pilot-2026-09-09/text/adcc7875c63dc705368581eaf9c6a5f75156d22e05f9b0ae44eada17a5b63930.txt,,
passage_356ddb80fd921c044fcd8a39,"The growth was caused in part by a surge in cargo since President Donald Trump returned to office in January, promising heavy tariffs on China and other U.S. trading partners.",Confirms conflicting port performance narrative (surge vs drop).,explicit_named_company_effect,date_not_established,recovered_b3ddabcfd12a4d0e0f6834e4,q_464,chunk_2357e2204456e03a0ab6179b,document_0fe93b485392284e2758944b,https://www.wabe.org/cargo-surge-amid-tariff-turmoil-drives-the-port-of-savannah-to-its-2nd-busiest-year,full_document,False,text/670f7792e786061954312afdbdce9cfde8249b9f18f8356e859c1f922cbc987b.txt,not_established,locally_extracted_quote_validated_not_manually_verified,/home/sm11926/Certification_status/outputs/tariffs/pilot-2026-09-09,/home/sm11926/Certification_status/outputs/tariffs/pilot-2026-09-09/text/670f7792e786061954312afdbdce9cfde8249b9f18f8356e859c1f922cbc987b.txt,,
passage_71842cc7750438aa9e4074a3,Tariffs imposed during the Trump Administration generally have added costs for automotive companies and may increase costs for some consumers.,Demonstrates historical nature of tariff evidence rather than current Georgia EV supply chain specifics.,not_established,date_not_established,recovered_6fa23668c7ea066b66a636a6,q_495,chunk_72526db3222b8654897aa898,document_35e37010a1a34d0ce7c9d267,https://www.congress.gov/crs_external_products/R/PDF/R48876/R48876.3.pdf,full_document,False,text/76902a8352e3b450188a5963bfc002b6cc2c2789dc0dc7ce1f8d0ec213df349d.txt,not_established,locally_extracted_quote_validated_not_manually_verified,/home/sm11926/Certification_status/outputs/tariffs/pilot-2026-09-09,/home/sm11926/Certification_status/outputs/tariffs/pilot-2026-09-09/text/76902a8352e3b450188a5963bfc002b6cc2c2789dc0dc7ce1f8d0ec213df349d.txt,,
passage_71842cc7750438aa9e4074a3,Automotive manufacturers’ global supply chains may expose vehicles and components to tariffs.,Confirms general tariff exposure without specific Georgia or EV supply chain details.,not_established,date_not_established,recovered_e605941ac3ed0577a2712492,q_495,chunk_72526db3222b8654897aa898,document_35e37010a1a34d0ce7c9d267,https://www.congress.gov/crs_external_products/R/PDF/R48876/R48876.3.pdf,full_document,False,text/76902a8352e3b450188a5963bfc002b6cc2c2789dc0dc7ce1f8d0ec213df349d.txt,not_established,locally_extracted_quote_validated_not_manually_verified,/home/sm11926/Certification_status/outputs/tariffs/pilot-2026-09-09,/home/sm11926/Certification_status/outputs/tariffs/pilot-2026-09-09/text/76902a8352e3b450188a5963bfc002b6cc2c2789dc0dc7ce1f8d0ec213df349d.txt,,
passage_b5621c85e3d1ac8e67e906fb,"Some automotive manufacturers, suppliers, and dealers have absorbed tariff costs and avoided passing on tariff costs to consumers",Indicates cost absorption variability without establishing current Georgia-specific liability.,not_established,date_not_established,recovered_e456f3d9ff0bcf22e72efc09,q_495,chunk_70d8a4fec3cada9b544b7087,document_35e37010a1a34d0ce7c9d267,https://www.congress.gov/crs_external_products/R/PDF/R48876/R48876.3.pdf,full_document,False,text/76902a8352e3b450188a5963bfc002b6cc2c2789dc0dc7ce1f8d0ec213df349d.txt,not_established,locally_extracted_quote_validated_not_manually_verified,/home/sm11926/Certification_status/outputs/tariffs/pilot-2026-09-09,/home/sm11926/Certification_status/outputs/tariffs/pilot-2026-09-09/text/76902a8352e3b450188a5963bfc002b6cc2c2789dc0dc7ce1f8d0ec213df349d.txt,,
passage_0340bef5805d07de509ddd6a,"use to “signaling” in heading 8531, HTSUS. For example, in Headquarters Ruling Letter (HQ) H304224, dated December 3, 2020, CBP classified in heading 8531, HTSUS, a ","This passage cites a 2020 ruling classifying automotive LCDs as signaling apparatus, contrasting with other potential classifications and highlighting the complexity of determining the correct HTS code for current imports.",national_or_sector_context,source_reports_effective_as_of_source_date,recovered_4f81af4e34948c9cf165705a,q_182,chunk_11ccf05dbd681a3584ab0038,document_fd542f99d171260ad8a21b12,https://www.customsmobile.com/rulings/docview?doc_id=HQ+H325872&highlight=category%3AClassification,full_document,False,text/0358fb739b0568af1e6794bf272ef36e3a688bdb60695fd03692af4ea2deddc6.txt,not_established,locally_extracted_quote_validated_not_manually_verified,/home/sm11926/Certification_status/outputs/tariffs/pilot-2026-09-09,/home/sm11926/Certification_status/outputs/tariffs/pilot-2026-09-09/text/0358fb739b0568af1e6794bf272ef36e3a688bdb60695fd03692af4ea2deddc6.txt,,
passage_c1727e4dc9305c2917396494,"Braking systems and their components fall under 8708.30. This includes brake pads, brake rotors (discs), brake drums, brake calipers, and complete brake assemblies.",Confirms classification but lacks duty rate application.,facility_location_only,proposal_or_uncertain,recovered_d7e148cc9f6280d03ac02419,q_76,chunk_1eb84bb933bf2010e6cfd4cf,document_7c67e6c4161964f9ec8f1d75,https://www.camtomx.com/en/blog/hts-classification-automotive-parts-guide,full_document,False,text/da7ef007f72b3a3414a804e6cf0acb6c3494c5b6e98d38c48bcc11567ccc2917.txt,not_established,locally_extracted_quote_validated_not_manually_verified,/home/sm11926/Certification_status/outputs/tariffs/pilot-2026-09-09,/home/sm11926/Certification_status/outputs/tariffs/pilot-2026-09-09/text/da7ef007f72b3a3414a804e6cf0acb6c3494c5b6e98d38c48bcc11567ccc2917.txt,,
passage_77a5908b53cdbb7c2549c133,Nisshinbo Automotive Manufacturing Inc. 310 Motor vehicle brake systems and parts Newton,Identifies facility but no tariff exposure data.,facility_location_only,proposal_or_uncertain,recovered_7ab991fc069edb38db165a78,q_76,chunk_ae120155e0da2233a9ef1564,document_150a243c03e39787abea51cf,https://selectgeorgia-production-assets.s3.amazonaws.com/media/documents/Automotive_Manufacturing_2026.pdf,full_document,False,text/10d78892bed3af44937c5722a55799a091f34d861ab25edb33f9e47dc1356719.txt,not_established,locally_extracted_quote_validated_not_manually_verified,/home/sm11926/Certification_status/outputs/tariffs/pilot-2026-09-09,/home/sm11926/Certification_status/outputs/tariffs/pilot-2026-09-09/text/10d78892bed3af44937c5722a55799a091f34d861ab25edb33f9e47dc1356719.txt,,
passage_3e61ea0ee8bd5f07bf21fe1e,"However, we are very concerned about the adverse impact on manufacturing jobs resulting from the section 232 steel and aluminum tariffs and section 301 China tariffs already in place.",Confirms tariff existence but no specific rates for braking/steering systems.,facility_location_only,proposal_or_uncertain,recovered_0f970d64331f71d2997ffbce,q_76,chunk_18fcfb1124e656785c622e4d,document_03bbe90c34832e1434fed9ad,https://www.govinfo.gov/content/pkg/CHRG-115shrg40897/html/CHRG-115shrg40897.htm,full_document,False,text/f30925b8ea3be5dbaed17d934b11458b924bc6ea7a38f8269bbfb6d50c13a393.txt,not_established,locally_extracted_quote_validated_not_manually_verified,/home/sm11926/Certification_status/outputs/tariffs/pilot-2026-09-09,/home/sm11926/Certification_status/outputs/tariffs/pilot-2026-09-09/text/f30925b8ea3be5dbaed17d934b11458b924bc6ea7a38f8269bbfb6d50c13a393.txt,,
passage_3cb42a6162be6f6096084238,"For any other good of subheading 8708.94:
Harmonized Tariff Schedule of the United States (2026)
Annotated for Statistical Reporting Purposes",Shows regulatory context but no specific duty calculation.,facility_location_only,proposal_or_uncertain,recovered_b4b99c5430c6135a67a90bc5,q_76,chunk_7f07ab47809d7fe1667e7b5e,document_08bda47bed55360f676ebda1,https://hts.usitc.gov/reststop/file?filename=General+Note+11&release=2026HTSBasic,full_document,False,text/79cc981925d8ee8512d973a2e4b1bd660585ce79f01481242b621fb66c62cfa2.txt,not_established,locally_extracted_quote_validated_not_manually_verified,/home/sm11926/Certification_status/outputs/tariffs/pilot-2026-09-09,/home/sm11926/Certification_status/outputs/tariffs/pilot-2026-09-09/text/79cc981925d8ee8512d973a2e4b1bd660585ce79f01481242b621fb66c62cfa2.txt,,
passage_96bb89876baf669c87cb3fee,"On September 26, 2024, the U.S. Department of Commerce (Commerce) announced the initiation of antidumping duty (AD) investigations from corrosion-resistant steel products (CORE) from Australia, Brazil, Canada, Mexico, the Netherlands, South Africa, Taiwan, the Republic of Türkiye (Türkiye), the United Arab Emirates (UAE), and the Socialist Republic of Vietnam (Vietnam), and countervailing duty (CVD) investigations of CORE from Brazil, Canada, Mexico, and Vietnam.","Establishes that investigations were initiated in 2024 with future final determinations, indicating the measures may not be fully effective or finalized as of the research date.",national_or_sector_context,source_reports_future,recovered_7314214ab42f3c1763eb9505,q_93,chunk_b27031d2b817b14b11953f4c,document_a73ae1f5909781491bf94b7c,https://www.trade.gov/initiation-antidumping-and-countervailing-duty-investigations-corrosion-resistant-steel-products,full_document,False,text/bf6ba49f66baeafb99d05be0931c91acc7c19408a26f0fb48e2cca3361ad4043.txt,not_established,locally_extracted_quote_validated_not_manually_verified,/home/sm11926/Certification_status/outputs/tariffs/pilot-2026-09-09,/home/sm11926/Certification_status/outputs/tariffs/pilot-2026-09-09/text/bf6ba49f66baeafb99d05be0931c91acc7c19408a26f0fb48e2cca3361ad4043.txt,,
passage_70b1d006beb0589965dc657f,"Certain Corrosion-Resistant Steel Products from Taiwan: Preliminary Affirmative Determination of Sales at Less than Fair Value, Postponement of Final Determination, and Extension of Provisional Measures,90 FR 15359 (April 10, 2025); Certain Corrosion-Resistant Steel Products from the Republic of Türkiye: Preliminary Affirmative Determination of Sales at Less than Fair Value, Postponement of Final Determination, and Extension of Provisional Measures,90 FR 15340 (April 10, 2025)","Indicates provisional measures were extended in April 2025, but does not confirm final orders or specific automotive product coverage for the research date.",national_or_sector_context,source_reports_future,recovered_3e76483f8becc7cbd6938f89,q_93,chunk_0441c917250ab797fa9e33ae,document_d91ca16bd0ab53ebef757fa4,https://www.federalregister.gov/documents/2025/12/19/2025-23431/corrosion-resistant-steel-products-from-brazil-and-mexico-amended-final-antidumping-duty,full_document,False,text/064ed8d883a6a86f83b5e907e2ebfab797d91e083f8ca2852e22a7975f9ba309.txt,not_established,locally_extracted_quote_validated_not_manually_verified,/home/sm11926/Certification_status/outputs/tariffs/pilot-2026-09-09,/home/sm11926/Certification_status/outputs/tariffs/pilot-2026-09-09/text/064ed8d883a6a86f83b5e907e2ebfab797d91e083f8ca2852e22a7975f9ba309.txt,,
passage_c1d4ee068b209f3f0810faae,"Corrosion-resistant steel – net subsidy rates of 1.28 to 5.34 percent in final results of administrative review of CVD order on corrosion-resistant steel products from Korea for the period Jan. 1 through Dec. 31, 2023",Confirms a CVD order exists for Korean steel but is limited to an administrative review of a past period (2023) and does not address automotive-specific products or current 2026 rates.,national_or_sector_context,source_reports_historical,recovered_245bfff5e1bef4b062cffb4d,q_93,chunk_bb32906de51452abf7abb01f,document_45ec5bd19ed113befa106ce1,https://www.strtrade.com/trade-news-resources/str-trade-report/trade-report/july/ad-cvd-news-aluminum-sheet-cabinets-steel-pet-film-tires,full_document,False,text/0e4a58d3f9d1ed9745963cc507a3c645d7119a06988fecf2321cdc9f890fa7af.txt,not_established,locally_extracted_quote_validated_not_manually_verified,/home/sm11926/Certification_status/outputs/tariffs/pilot-2026-09-09,/home/sm11926/Certification_status/outputs/tariffs/pilot-2026-09-09/text/0e4a58d3f9d1ed9745963cc507a3c645d7119a06988fecf2321cdc9f890fa7af.txt,,
passage_2fd1422bd2af4c77c84c4589,This site displays a prototype of a “Web 2.0” version of the daily Federal Register.,Indicates source is unofficial and lacks legal notice status for tariff verification.,not_established,proposal_or_uncertain,recovered_189734d73c4309fa915c9496,q_499,chunk_06b5cd38cc6dce288143a48b,document_e6377b847b53d05515a43164,https://www.federalregister.gov/documents/2025/12/29/2025-23912/notice-of-action-chinas-acts-policies-and-practices-related-to-targeting-of-the-semiconductor,full_document,False,text/53af75a36f62c58920f6f1fc874def33624537500c0f0ec053fbcaa990765c27.txt,not_established,locally_extracted_quote_validated_not_manually_verified,/home/sm11926/Certification_status/outputs/tariffs/pilot-2026-09-09,/home/sm11926/Certification_status/outputs/tariffs/pilot-2026-09-09/text/53af75a36f62c58920f6f1fc874def33624537500c0f0ec053fbcaa990765c27.txt,,
passage_cf225f0bcbf56b5ff76b4e5f,"It is not an official legal edition of the Federal Register, and does not replace the official print version or the official electronic version on GPO’s govinfo.gov.",Confirms text cannot be used as verified law for tariff exposure assessment.,not_established,proposal_or_uncertain,recovered_e7f93833cbd00a0c0cd3361c,q_499,chunk_22978c62e1ead1310d2afe7c,document_9c030fe8d552a4bb1a1346ff,https://www.federalregister.gov/documents/2025/09/16/2025-17908/implementing-certain-tariff-related-elements-of-the-united-states-japan-agreement,full_document,False,text/a8fcba55ef62125c3914e8a7f81fa114e5a3b9011c561374e8fdb4c8f59c1522.txt,not_established,locally_extracted_quote_validated_not_manually_verified,/home/sm11926/Certification_status/outputs/tariffs/pilot-2026-09-09,/home/sm11926/Certification_status/outputs/tariffs/pilot-2026-09-09/text/a8fcba55ef62125c3914e8a7f81fa114e5a3b9011c561374e8fdb4c8f59c1522.txt,,
passage_2aee0da73efdb10d8fc5a800,This prototype edition of the daily Federal Register on FederalRegister.gov will remain an unofficial informational resource until the Administrative Committee of the Federal Register (ACFR) issues a regulation granting it official legal status.,Demonstrates lack of current applicable law in the provided text for Georgia EV supply chain tariffs.,not_established,proposal_or_uncertain,recovered_2c84f77a26cc4822486e482f,q_499,chunk_adaaaa63114e1c6647b7ddf4,document_e1812ed5fb65cb1eb967e525,https://www.federalregister.gov/documents/2025/08/13/2025-15351/active-anode-material-from-china-scheduling-of-the-final-phase-of-countervailing-duty-and,full_document,False,text/942113f2fbeeba7b456cc636c20b5be968c480b42ff6f5efb8d99397959c16d2.txt,not_established,locally_extracted_quote_validated_not_manually_verified,/home/sm11926/Certification_status/outputs/tariffs/pilot-2026-09-09,/home/sm11926/Certification_status/outputs/tariffs/pilot-2026-09-09/text/942113f2fbeeba7b456cc636c20b5be968c480b42ff6f5efb8d99397959c16d2.txt,,
passage_ac731826b3f2c3246a439052,"Until the ACFR grants it official status, the XML rendition of the daily Federal Register on FederalRegister.gov does not provide legal notice to the public or judicial notice to the courts.",Reinforces that the text does not establish company import exposure or tariff rates.,not_established,proposal_or_uncertain,recovered_3b8626d670ae2db55d5dac4f,q_499,chunk_06c766b049e25a31ab0c2c21,document_d2da6f56bea6928dade477b0,https://www.federalregister.gov/documents/2025/08/19/2025-15819/adoption-and-procedures-of-the-section-232-steel-and-aluminum-tariff-inclusions-process,full_document,False,text/3c0352e900a3db8c03ac97abcdcb407ae912e798f9dfdf7af7d0dc7dabbef32c.txt,not_established,locally_extracted_quote_validated_not_manually_verified,/home/sm11926/Certification_status/outputs/tariffs/pilot-2026-09-09,/home/sm11926/Certification_status/outputs/tariffs/pilot-2026-09-09/text/3c0352e900a3db8c03ac97abcdcb407ae912e798f9dfdf7af7d0dc7dabbef32c.txt,,
passage_8f3a2329fc3907aa6ac08974,"EV battery enclosures and structural components rely on aluminum extrusions and high-pressure die castings. The 10% tariff on aluminum imports has increased costs for extrusions by 8-12%, as domestic smelters cannot meet demand.","This passage connects EV battery enclosures to aluminum extrusions and explicitly states the impact of a 10% tariff on these imports, providing context on cost implications.",national_or_sector_context,source_reports_effective_as_of_source_date,recovered_f327b3f3e79849ffccf895a9,q_105,chunk_ba69b68b76d89ba95a0fe9e4,document_5bdafc0268fd14b1234b879c,https://energy-solutions.co/supply-chain/risk-index/us-section-232-tariffs-steel-aluminum-wind-ev-costs,full_document,False,text/ad246b5d795a6351ab7faed5338648cda55a715a27f0206a0083f5cd90d93d72.txt,not_established,locally_extracted_quote_validated_not_manually_verified,/home/sm11926/Certification_status/outputs/tariffs/pilot-2026-09-09,/home/sm11926/Certification_status/outputs/tariffs/pilot-2026-09-09/text/ad246b5d795a6351ab7faed5338648cda55a715a27f0206a0083f5cd90d93d72.txt,Context only: aluminum extrusion AD investigation scope does not establish Section 232 battery-tray coverage.,False
passage_b91474aa1189d3c88248b42e,"Other Trade Measures: Section 232 metal tariffs (25% on steel, 10% on aluminum) also indirectly affect the EMS industry supply chain. Aluminum enclosures or steel chassis parts face higher costs unless exempted (Canada and Mexico, for instance, are exempt under quotas).","This passage confirms the existence of Section 232 tariffs on aluminum (10%) and notes that aluminum enclosures face higher costs, establishing the tariff mechanism relevant to the query.",national_or_sector_context,source_reports_effective_as_of_source_date,recovered_c6492ca8ad0f0b34f1442bd2,q_105,chunk_545660cb646576e173d1c2c8,document_2ed898a0b44943f3580f8f62,https://www.teamsmt.com/blog/2025-tariffs-reshoring-ems-industry,full_document,False,text/2566eb7981016a97449487c9ac123d2f7633ef0d6a5c0a702054f0d1552c677f.txt,not_established,locally_extracted_quote_validated_not_manually_verified,/home/sm11926/Certification_status/outputs/tariffs/pilot-2026-09-09,/home/sm11926/Certification_status/outputs/tariffs/pilot-2026-09-09/text/2566eb7981016a97449487c9ac123d2f7633ef0d6a5c0a702054f0d1552c677f.txt,Context only: aluminum extrusion AD investigation scope does not establish Section 232 battery-tray coverage.,False
passage_b7553157d429e033748b70e6,"Diversify and Audit the Supply Base
Over-reliance on one country or supplier exposes companies to tariff risk. Diversifying sourcing – both internationally and domestically – is a primary mitigation strategy.",Demonstrates general OEM strategy without Georgia/EV specificity.,facility_location_only,proposal_or_uncertain,recovered_b806d6f3b3c780f7000be9fc,q_7,chunk_ad58826859992d0e70850a3a,document_2ed898a0b44943f3580f8f62,https://www.teamsmt.com/blog/2025-tariffs-reshoring-ems-industry,full_document,False,text/2566eb7981016a97449487c9ac123d2f7633ef0d6a5c0a702054f0d1552c677f.txt,not_established,locally_extracted_quote_validated_not_manually_verified,/home/sm11926/Certification_status/outputs/tariffs/pilot-2026-09-09,/home/sm11926/Certification_status/outputs/tariffs/pilot-2026-09-09/text/2566eb7981016a97449487c9ac123d2f7633ef0d6a5c0a702054f0d1552c677f.txt,,
passage_45b03577b04ff6aa9bfb52c1,Importers should take proactive steps to prepare for the new tariffs by reviewing their operations and identifying potential mitigation strategies.,General importer advice without geographic or company specificity.,facility_location_only,proposal_or_uncertain,recovered_20d7cd029d90ce3c17778624,q_7,chunk_134431185b1836ff7e783219,document_538563ac689489b0bc97a3ca,https://www.hunton.com/insights/legal/us-customs-and-border-protection-issues-guidance-on-reciprocal-tariffs,full_document,False,text/4059a86972657f26788b61a6f433ec73b67792d5a69c9821103a43e5f1dd18df.txt,not_established,locally_extracted_quote_validated_not_manually_verified,/home/sm11926/Certification_status/outputs/tariffs/pilot-2026-09-09,/home/sm11926/Certification_status/outputs/tariffs/pilot-2026-09-09/text/4059a86972657f26788b61a6f433ec73b67792d5a69c9821103a43e5f1dd18df.txt,,
passage_96092f2627c33e0fcd705686,"What this means for your supply chain planning
- Increased landed costs due to full value tariff calculation",General tariff impact analysis without Georgia/EV facility linkage.,facility_location_only,proposal_or_uncertain,recovered_47e289aa6ecdebdd64e539aa,q_7,chunk_7e7c932841e3a6dafc4abaa8,document_e0c3a67645d2e2c460e82d84,https://www.maersk.com/news/articles/2025/03/13/global-tariffs-impacting-supply-chains,full_document,False,text/27259a34d6e7d958aa07dd0442cc441dadb109d8e00d8dc389c58b2332466f81.txt,not_established,locally_extracted_quote_validated_not_manually_verified,/home/sm11926/Certification_status/outputs/tariffs/pilot-2026-09-09,/home/sm11926/Certification_status/outputs/tariffs/pilot-2026-09-09/text/27259a34d6e7d958aa07dd0442cc441dadb109d8e00d8dc389c58b2332466f81.txt,,
passage_faaebdee304cf054ac7beda2,Companies should expect continued uncertainty in both tariff rates and compliance requirements.,Confirms policy uncertainty rather than established mitigation for specific region.,facility_location_only,proposal_or_uncertain,recovered_348c35ba52867d6e14e1ac13,q_7,chunk_a4c1525e2a2484f81ddf52b1,document_fbff09b79902a92b93bae0be,https://www.morganlewis.com/pubs/2026/05/automotive-tariffs-and-trade-remedy-investigations-navigating-shifts-in-the-us-trade-landscape,full_document,False,text/50085a129daa52a58a774c94534a94cbf1204add848f1d504553cab5893b398b.txt,not_established,locally_extracted_quote_validated_not_manually_verified,/home/sm11926/Certification_status/outputs/tariffs/pilot-2026-09-09,/home/sm11926/Certification_status/outputs/tariffs/pilot-2026-09-09/text/50085a129daa52a58a774c94534a94cbf1204add848f1d504553cab5893b398b.txt,,
passage_979b4bc207c00a861ef891bc,"A Mexican-assembled ECU populated with ICs fabricated and packaged in Taiwan, capacitors manufactured in Japan, and PCBs fabricated in China contains very little North American-origin material by value. The assembly labor, the solder, and the conformal coating are North American. The silicon, passives, and substrates - typically 60% to 80% of material cost in a dense electronics assembly - are not.","This passage explains the difficulty in meeting USMCA RVC thresholds for automotive electronics but uses a hypothetical example rather than identifying a specific company or facility, failing to establish named-company effect.",not_established,source_reports_effective_as_of_source_date,recovered_4d1dab029c467d5f18214a45,q_163,chunk_3268a1e3e567297006f62d36,document_08f49fc2382e0fd108cba980,https://www.markzetter.com/usmca-rules-of-origin-and-automotive-electronics-tariff-implications-for-cross-border-sourcing,full_document,False,text/69f3dda80729099d1c44a150c0b73e1fd99cfeb457d8825e4cfde4f2d93c8011.txt,not_established,locally_extracted_quote_validated_not_manually_verified,/home/sm11926/Certification_status/outputs/tariffs/pilot-2026-09-09,/home/sm11926/Certification_status/outputs/tariffs/pilot-2026-09-09/text/69f3dda80729099d1c44a150c0b73e1fd99cfeb457d8825e4cfde4f2d93c8011.txt,,
passage_aef36e3b0e4f5880053fa5ae,"Despite advocacy from industry groups, relief for PCBs and PCBAs remains limited. The following products are still subject to the full 170% tariff burden when imported from China: - 6+ layer rigid PCBs - All other bare PCB types - Fully assembled PCBAs","This passage details specific tariff burdens for PCBs and PCBAs but does not link these rates to a named company or facility, only providing general sector context.",national_or_sector_context,source_reports_effective_as_of_source_date,recovered_0e18a41eca599948632e5bb3,q_163,chunk_b31ba67163064beae88b14b6,document_e2b13035fa0102975f68109b,https://www.teamsmt.com/blog/tariffs-on-electronics-whats-exempt-and-whats-not,full_document,False,text/e52d55d55235783744018b6f3fa28a2a0ee10f559f07e7a5718120c608c43821.txt,not_established,locally_extracted_quote_validated_not_manually_verified,/home/sm11926/Certification_status/outputs/tariffs/pilot-2026-09-09,/home/sm11926/Certification_status/outputs/tariffs/pilot-2026-09-09/text/e52d55d55235783744018b6f3fa28a2a0ee10f559f07e7a5718120c608c43821.txt,,
passage_b99aa0fe0cbfa662b537c101,"The USMCA requires new criteria for automotive goods that are not present in NAFTA, including: - Increased Regional Value Content from 62.5% to 75%, increased in stages over a period three years.",This passage confirms the regulatory framework and thresholds but does not apply them to a specific company's operations or confirm their current compliance status.,national_or_sector_context,source_reports_effective_as_of_source_date,recovered_e3680ad3493d32978a3d70d7,q_163,chunk_3c5569ec6caaafb4db982fd1,document_910e8caebf059c5c9ae02939,https://www.cbp.gov/trade/priority-issues/trade-agreements/free-trade-agreements/USMCA/FAQs,full_document,False,text/f912114be03b031f137160224bc31c6cc112cbf0a3cc47f21d377a9edb205e07.txt,not_established,locally_extracted_quote_validated_not_manually_verified,/home/sm11926/Certification_status/outputs/tariffs/pilot-2026-09-09,/home/sm11926/Certification_status/outputs/tariffs/pilot-2026-09-09/text/f912114be03b031f137160224bc31c6cc112cbf0a3cc47f21d377a9edb205e07.txt,,
passage_17878a028c1bbf53709a803d,"Case Calendar
| EVENT | AD INVESTIGATION | CVD INVESTIGATION |
|---|---|---|
| Petition(s) Filed | December 18, 2024 | December 18, 2024 |
| Commerce Initiation Date1 | January 7, 2025 | January 7, 2025 |
| ITC Preliminary Determinations* | February 3, 2025 | February 3, 2025 |
| Commerce Preliminary Determinations | May 27, 2025 | March 13, 2025 |
| Commerce Final Determinations | August 11, 2025 | May 27, 2025 |
| ITC Final Determinations** | September 25, 2025 | July 11, 2025 |
| Issuance of Orders*** | October 2, 2025 | July 18, 2025","This passage provides a timeline that conflicts with the February 2026 final determination date found in other sources, indicating a significant discrepancy in the reported status of the orders.",national_or_sector_context,source_reports_historical,recovered_8168b844142b3c56dc171ec5,q_128,chunk_50aa530e981acbca498d4fc6,document_1804010d1ddc60f9b2d0b280,https://www.trade.gov/initiation-ad-and-cvd-investigations-active-anode-material-china,full_document,False,text/d8dcabc68ec688979306a4fb6492cdf90ff1c584d8cbebd011c4362473c74829.txt,not_established,locally_extracted_quote_validated_not_manually_verified,/home/sm11926/Certification_status/outputs/tariffs/pilot-2026-09-09,/home/sm11926/Certification_status/outputs/tariffs/pilot-2026-09-09/text/d8dcabc68ec688979306a4fb6492cdf90ff1c584d8cbebd011c4362473c74829.txt,,
passage_6c68e09b241d303678ae10e3,"In customs audits, misclassification of aluminum castings (70% and above) is primarily concentrated in three categories: incorrect classification of specialized parts under 7616.99, declaration as raw castings despite surface treatment, and confusion b","This passage highlights the high risk of misclassification for automotive parts, noting that finished products may be reclassified to Chapters 84 or 87, directly contradicting a simple classification under 7616.",national_or_sector_context,source_reports_effective_as_of_source_date,recovered_8bf9070a66f3b766663e3663,q_104,chunk_f211331386f42cd5815ce994,document_979e75f48eb2a802747fbcc8,https://www.hexinmusu.com/en/hs-code-for-aluminum-castings.html,full_document,False,text/f73c92820030cce1db615506dfa32fa60f16115ce115482246f8e19aeb7b0bda.txt,not_established,locally_extracted_quote_validated_not_manually_verified,/home/sm11926/Certification_status/outputs/tariffs/pilot-2026-09-09,/home/sm11926/Certification_status/outputs/tariffs/pilot-2026-09-09/text/f73c92820030cce1db615506dfa32fa60f16115ce115482246f8e19aeb7b0bda.txt,,
passage_4fdf0756cb63480138e6db84,"Newly covered products include items in HTS Chapter 82, meaning various hand tools, saws, blades, and other steel implements now carry the extra 50% steel tariff. In addition, aluminum-containing automotive and machinery parts (such as housings, castings, or tool components) are now captured under the expanded aluminum derivative lists.",This passage discusses expanded tariffs on aluminum derivatives including castings but does not specify a single HTS code or rate for 'automotive aluminum castings' and refers to 'newly covered products' without defining the exact current status for all such items.,national_or_sector_context,source_reports_effective_as_of_source_date,recovered_cd3be396ebbdd2d9def2f8ba,q_104,chunk_fa50f2cc25381df49ffb364e,document_7ad84f33ab4e01cf319b2f4b,https://www.dentons.com/en/-/media/8b881f65fcff435b8081f82bd0c23750.ashx,full_document,False,text/70faef6b1cba4832ac8ddd7655b4999438db0b6ff4601710e691791b9462a2f5.txt,not_established,locally_extracted_quote_validated_not_manually_verified,/home/sm11926/Certification_status/outputs/tariffs/pilot-2026-09-09,/home/sm11926/Certification_status/outputs/tariffs/pilot-2026-09-09/text/70faef6b1cba4832ac8ddd7655b4999438db0b6ff4601710e691791b9462a2f5.txt,,
passage_9ab34c1af0bcef5dc8a0619e,"If a part or subassembly is sourced from China, the costs balloon further: Chinese-made automotive electronics or castings can face 54%+ tariffs under the new reciprocal tariff regime. All this drives many OEMs and suppliers to reevaluate sourcing.","This excerpt mentions potential future tariffs ('new reciprocal tariff regime') for Chinese castings, indicating that current applicability is uncertain and dependent on policies not yet fully established or verified as law.",national_or_sector_context,proposal_or_uncertain,recovered_1f976d2551ccf3963799196a,q_104,chunk_0f1b0cb455b586dc06e382c6,document_2571a13302a71e78101a3a4f,https://www.bluebayautomation.com/blog/automation-news-updates-11/impact-of-tariffs-on-u-s-smb-manufacturers-103,full_document,False,text/9f09936c442bd2f0a153bdea543a33372e09faac3f4d8dbd5bc462628a8b1521.txt,not_established,locally_extracted_quote_validated_not_manually_verified,/home/sm11926/Certification_status/outputs/tariffs/pilot-2026-09-09,/home/sm11926/Certification_status/outputs/tariffs/pilot-2026-09-09/text/9f09936c442bd2f0a153bdea543a33372e09faac3f4d8dbd5bc462628a8b1521.txt,,
passage_c8e8a0b6b459804689741ac7,"Supplier Re-Negotiations – Expect increased requests from suppliers to pass on tariff costs, forcing fast renegotiation cycles.",General procurement impact without geographic specificity,not_established,proposal_or_uncertain,recovered_097f304c7a0b5fa649ecdf4c,q_6,chunk_72e214ac6e1505a91cdf649b,document_49bc2dcf6e5a033d371bfd60,https://www.linkedin.com/top-content/economics/international-trade-regulations/strategic-sourcing-and-tariff-considerations,full_document,False,text/89c5b4f51e141fd1406a3efec3d81e407b62154d88d29c113f8f5534a3c90a62.txt,not_established,locally_extracted_quote_validated_not_manually_verified,/home/sm11926/Certification_status/outputs/tariffs/pilot-2026-09-09,/home/sm11926/Certification_status/outputs/tariffs/pilot-2026-09-09/text/89c5b4f51e141fd1406a3efec3d81e407b62154d88d29c113f8f5534a3c90a62.txt,,
passage_549c0bdc68e34db7cbe15352,"US tariff policy continues to rapidly evolve, with significant implications for automotive manufacturers, suppliers, and importers.",National policy landscape without Georgia supplier data,not_established,proposal_or_uncertain,recovered_52a68bd7b63a7cc6179f704f,q_6,chunk_fdbd0f793edcf9020372f316,document_fbff09b79902a92b93bae0be,https://www.morganlewis.com/pubs/2026/05/automotive-tariffs-and-trade-remedy-investigations-navigating-shifts-in-the-us-trade-landscape,full_document,False,text/50085a129daa52a58a774c94534a94cbf1204add848f1d504553cab5893b398b.txt,not_established,locally_extracted_quote_validated_not_manually_verified,/home/sm11926/Certification_status/outputs/tariffs/pilot-2026-09-09,/home/sm11926/Certification_status/outputs/tariffs/pilot-2026-09-09/text/50085a129daa52a58a774c94534a94cbf1204add848f1d504553cab5893b398b.txt,,
passage_747ef69b32def442e8efc22f,Every OEM importing components from European and Asian T1s is carrying a version of this exposure.,Generic OEM exposure without Georgia facility linkage,not_established,proposal_or_uncertain,recovered_1b40dfb072315cdca94346f0,q_6,chunk_f9a72cfe06533218aa280387,document_6dd2e026763e8cd233c8e222,https://www.ecocomitychain.ai/blog/posts/t1-supplier-germany-tariff-risk-china,full_document,False,text/5d0cf29a292fb6887367de59dea7b6e314fd7254ae01fb1e94484b611d606283.txt,not_established,locally_extracted_quote_validated_not_manually_verified,/home/sm11926/Certification_status/outputs/tariffs/pilot-2026-09-09,/home/sm11926/Certification_status/outputs/tariffs/pilot-2026-09-09/text/5d0cf29a292fb6887367de59dea7b6e314fd7254ae01fb1e94484b611d606283.txt,,
passage_6758c7d658b6ac0d291a27f0,"In ruling HQ H332752, CBP concluded that the country of origin of the devices is Taiwan because the assembly of the main PCBA in Taiwan results in a substantial transformation. Of particular importance, CBP stated, is that the PCBA enables the devices to distribute power to the LED lamps and therefore imparts the character of the devices.","This passage provides the legal reasoning for substantial transformation regarding PCBA assembly, which is relevant to the 'assembly' aspect of the query, though it concerns LED display panels rather than explicitly automotive modules.",national_or_sector_context,source_reports_effective_as_of_source_date,recovered_96a2f84c285d5b67d2ba3fd9,q_197,chunk_d01d8baac8f762753a6edc24,document_21ffa6dc059431515e6e8957,https://www.strtrade.com/trade-news-resources/str-trade-report/trade-report/june/cbp-rules-on-origin-of-led-display-panels,full_document,False,text/287bdb4761ed0fd58c7ca7175e6aaad49dbb490bfd08c5797f45f0f83891819e.txt,not_established,locally_extracted_quote_validated_not_manually_verified,/home/sm11926/Certification_status/outputs/tariffs/pilot-2026-09-09,/home/sm11926/Certification_status/outputs/tariffs/pilot-2026-09-09/text/287bdb4761ed0fd58c7ca7175e6aaad49dbb490bfd08c5797f45f0f83891819e.txt,,
passage_74a8c5e6afa14eb6061a3299,"The procedures under this rulings program apply to requests for binding classification rulings under the Harmonized Tariff Schedule (HTS) and certain marking, origin, NAFTA and applicability of Trade Program rulings. Under the newly enhanced eRulings program, the importing community may submit an electronic request for a binding ruling by accessing the new eRulings Template.","This passage confirms the existence of the eRulings program but provides no specific tariff classification or ruling for EV components, only the mechanism for requesting one.",national_or_sector_context,source_reports_effective_as_of_source_date,recovered_42cf6db12fa90dc3645c7d85,q_227,chunk_d8a16b71c06dfe1b8b9ef82c,document_99f137edb804b4add8554e5b,https://www.cbp.gov/trade/rulings/eruling-requirements,full_document,False,text/2c9ac20dc11b63e1fe52c56cef253ce4d93f3dd4b243db7ad585e82c3acf508c.txt,not_established,locally_extracted_quote_validated_not_manually_verified,/home/sm11926/Certification_status/outputs/tariffs/pilot-2026-09-09,/home/sm11926/Certification_status/outputs/tariffs/pilot-2026-09-09/text/2c9ac20dc11b63e1fe52c56cef253ce4d93f3dd4b243db7ad585e82c3acf508c.txt,,
passage_2da053a3ab6eeffe60d76cf7,"Get a binding ruling for high-volume parts. CBP offers binding rulings that lock in the classification for future shipments. For parts you import repeatedly, a binding ruling is cheap insurance against reclassification disputes.",This text advises on the utility of binding rulings but does not contain an actual ruling or specific tariff data for EV components.,national_or_sector_context,source_reports_effective_as_of_source_date,recovered_2cc9f89996a7d4aa96ce52f7,q_227,chunk_26f8806bb0e28694d38120ab,document_78ce02fc248dd4443842f53a,https://tglobeconsultants.com/importing-auto-parts-into-us,full_document,False,text/82d7a951e6dccb21cab3deec3a1f5c83abe144215bcb465c9e928418a7ade5ba.txt,not_established,locally_extracted_quote_validated_not_manually_verified,/home/sm11926/Certification_status/outputs/tariffs/pilot-2026-09-09,/home/sm11926/Certification_status/outputs/tariffs/pilot-2026-09-09/text/82d7a951e6dccb21cab3deec3a1f5c83abe144215bcb465c9e928418a7ade5ba.txt,,
passage_b840d47912603a7caefd960c,"Hyundai is expanding its US output, boosting capacity in Georgia, and has adjusted its operating profit margin targets downward to account for tariff pressures. The company is also accelerating its plans for its hybrid and EV portfolio in North America.","Mentions Hyundai's expansion in Georgia and tariff pressure on the company, but does not isolate the exposure of local suppliers or provide a specific named-company effect for the supply chain.",facility_location_only,source_reports_effective_as_of_source_date,recovered_d611d06d59c949682511c3e5,q_2,chunk_c90d561f6993da981a304aaf,document_257ee235ba1734974245cefd,https://www.automotivelogistics.media/news-and-features/tariff-timeline-us-imposes-10-125-tariffs-on-60-economies-and-50-tariff-on-canada/196419,full_document,False,text/adcc7875c63dc705368581eaf9c6a5f75156d22e05f9b0ae44eada17a5b63930.txt,not_established,locally_extracted_quote_validated_not_manually_verified,/home/sm11926/Certification_status/outputs/tariffs/pilot-2026-09-09,/home/sm11926/Certification_status/outputs/tariffs/pilot-2026-09-09/text/adcc7875c63dc705368581eaf9c6a5f75156d22e05f9b0ae44eada17a5b63930.txt,,
passage_549c0bdc68e34db7cbe15352,"Companies must navigate overlapping tariff regimes, evolving regulatory authority, and new relief mechanisms while managing cost exposure and supply chain risk.",Describes the general complexity of the tariff landscape for automotive manufacturers but offers no specific data on Coastal Georgia suppliers or named company effects.,national_or_sector_context,source_reports_effective_as_of_source_date,recovered_0b58eb05646df08fb2a7abee,q_2,chunk_fdbd0f793edcf9020372f316,document_fbff09b79902a92b93bae0be,https://www.morganlewis.com/pubs/2026/05/automotive-tariffs-and-trade-remedy-investigations-navigating-shifts-in-the-us-trade-landscape,full_document,False,text/50085a129daa52a58a774c94534a94cbf1204add848f1d504553cab5893b398b.txt,not_established,locally_extracted_quote_validated_not_manually_verified,/home/sm11926/Certification_status/outputs/tariffs/pilot-2026-09-09,/home/sm11926/Certification_status/outputs/tariffs/pilot-2026-09-09/text/50085a129daa52a58a774c94534a94cbf1204add848f1d504553cab5893b398b.txt,,
passage_79580228a9a2592c468f512b,"The current state of the U.S. market is a result of the ""Fortress"" supply chain strategy that was ushered in by the updates to Section 301 tariffs and the Inflation Reduction Act for 2024 and 2025. Specifically, the 25% tariff on battery components that originate in China created an economic challenge for high-volume OEMs to source imported thermal plates and manifolds.","Mentions tariffs on 'thermal plates' but cites a 25% rate on Chinese components, not the 15% rate claimed in the original answer, and does not establish current applicability to all cooling plates regardless of origin.",national_or_sector_context,source_reports_effective_as_of_source_date,recovered_1bc3fc4b77168f2aa289ac62,q_147,chunk_814f44495c1c96e0a01b53a4,document_28709eec39cb30f520c83992,https://www.knowledge-sourcing.com/report/ev-thermal-management-systems-market,full_document,False,text/a82ffe69feeb7340441720498ed9617924704127f985416acf6e5893a2809d5f.txt,not_established,locally_extracted_quote_validated_not_manually_verified,/home/sm11926/Certification_status/outputs/tariffs/pilot-2026-09-09,/home/sm11926/Certification_status/outputs/tariffs/pilot-2026-09-09/text/a82ffe69feeb7340441720498ed9617924704127f985416acf6e5893a2809d5f.txt,,
passage_9ba1b973109e1da9d8da8c2e,"Heat exchanger plates, cores, finned tubes, cones, shells, bonnets, flanges and baffles (described in statistical reporting number 8419.90.3000)",Lists 'heat exchanger plates' as a category subject to tariff exclusions or classifications but does not specify the duty rate for EV cooling plates or confirm the 15% figure.,national_or_sector_context,source_reports_historical,recovered_bd81ac258089cf6e897f98f1,q_147,chunk_577c492525b111185f4f142e,document_2beb5cfa7ed3f2a14db36015,https://ustr.gov/sites/default/files/Section%20301%20Exclusion%20Extension%20FRN.pdf,full_document,False,text/35b4eb18238fb4924d683ec87b230fffa2916121e6eb26e1cb32fec7f77bc141.txt,not_established,locally_extracted_quote_validated_not_manually_verified,/home/sm11926/Certification_status/outputs/tariffs/pilot-2026-09-09,/home/sm11926/Certification_status/outputs/tariffs/pilot-2026-09-09/text/35b4eb18238fb4924d683ec87b230fffa2916121e6eb26e1cb32fec7f77bc141.txt,,
passage_de79601d6bb967580c9f5347,"The amount that must be paid for thermal management systems will be determined mostly by the costs associated with high-grade aluminium and certain specialised chemicals. High-grade aluminium, which has many applications in heat exchangers and cooling plates, has a volatile price that fluctuates based on energy costs related to smelting.",Discusses cost drivers for cooling plates but provides no information regarding import duties or tariff rates.,national_or_sector_context,source_reports_effective_as_of_source_date,recovered_abe1190e9b8925fb8b2cbd16,q_147,chunk_cc5bc5145b79b3e87723e120,document_28709eec39cb30f520c83992,https://www.knowledge-sourcing.com/report/ev-thermal-management-systems-market,full_document,False,text/a82ffe69feeb7340441720498ed9617924704127f985416acf6e5893a2809d5f.txt,not_established,locally_extracted_quote_validated_not_manually_verified,/home/sm11926/Certification_status/outputs/tariffs/pilot-2026-09-09,/home/sm11926/Certification_status/outputs/tariffs/pilot-2026-09-09/text/a82ffe69feeb7340441720498ed9617924704127f985416acf6e5893a2809d5f.txt,,
passage_00a839ee112935c83dede404,"Tariffs under this framework have targeted:
- Passenger vehicles and light trucks
- Medium- and heavy-duty vehicles
- Key automotive components such as engines, transmissions, and electrical systems",Demonstrates general US tariff scope rather than specific Georgia/Joon exposure.,not_established,proposal_or_uncertain,recovered_e4218bd43708fa2220e2e397,q_42,chunk_fdbd0f793edcf9020372f316,document_fbff09b79902a92b93bae0be,https://www.morganlewis.com/pubs/2026/05/automotive-tariffs-and-trade-remedy-investigations-navigating-shifts-in-the-us-trade-landscape,full_document,False,text/50085a129daa52a58a774c94534a94cbf1204add848f1d504553cab5893b398b.txt,not_established,locally_extracted_quote_validated_not_manually_verified,/home/sm11926/Certification_status/outputs/tariffs/pilot-2026-09-09,/home/sm11926/Certification_status/outputs/tariffs/pilot-2026-09-09/text/50085a129daa52a58a774c94534a94cbf1204add848f1d504553cab5893b398b.txt,,
passage_a691588421c94f5d7cef7879,"Mexico exported an estimated $193.9 billion in automotive products in 2024, yet the country’s average automotive wage of approximately $5 per hour creates a structural gap against the $16-per-hour LVC threshold—a compliance challenge that only an estimated 10% or fewer of Mexican automotive plants currently meet.",Focuses on Mexico compliance rather than Georgia facility exposure.,not_established,proposal_or_uncertain,recovered_0633b49042a540878d66e926,q_42,chunk_f6179965c3f42ed68405f4f6,document_3f09b598fda8d162189bcc9c,https://hub.americanindustriesgroup.com/insights/usmca-automotive,full_document,False,text/065e892e8edba6efa5728aa601cc6bef4c9898582cae31542faf02ac2b3662ed.txt,not_established,locally_extracted_quote_validated_not_manually_verified,/home/sm11926/Certification_status/outputs/tariffs/pilot-2026-09-09,/home/sm11926/Certification_status/outputs/tariffs/pilot-2026-09-09/text/065e892e8edba6efa5728aa601cc6bef4c9898582cae31542faf02ac2b3662ed.txt,,
passage_49dc02b27bd45fae3318c807,"For auto parts from China, the stack is even steeper - Section 301 tariffs of 25% apply on top of the base duty and Section 232, and the Section 122 surcharge at 10% adds further.",Describes general US tariff stacking without Georgia-specific application.,not_established,proposal_or_uncertain,recovered_80ed49ac8398bec7f7e27e25,q_42,chunk_17ac2ffb63924d2e2dc9a7b2,document_b75907e603c6d1165139434d,https://gingercontrol.com/blog/hts-classification-auto-parts,full_document,False,text/f902f218e95fc47880f951543530916799d52c0551ff06abee5c95c343cd116e.txt,not_established,locally_extracted_quote_validated_not_manually_verified,/home/sm11926/Certification_status/outputs/tariffs/pilot-2026-09-09,/home/sm11926/Certification_status/outputs/tariffs/pilot-2026-09-09/text/f902f218e95fc47880f951543530916799d52c0551ff06abee5c95c343cd116e.txt,,
passage_ecab295c17943f2afb9cedd4,"Although many EVs are assembled in the U.S., upstream components—including separators, cathodes, and electrolyte solutions—are often sourced from China.",Confirms general US assembly context without specific Joon/Georgia facility data.,not_established,proposal_or_uncertain,recovered_cd9247363dcd8ba057ae7ddb,q_42,chunk_20b2c1bdb432d5bfb78380b2,document_28a8d8ff9b5b446f64c24996,https://manlybattery.com/battery-tariffs,full_document,False,text/c48a7b7ee427d4f9cbc31536cd7025e00fab6d4ffa97167f1fc85e03c01d69eb.txt,not_established,locally_extracted_quote_validated_not_manually_verified,/home/sm11926/Certification_status/outputs/tariffs/pilot-2026-09-09,/home/sm11926/Certification_status/outputs/tariffs/pilot-2026-09-09/text/c48a7b7ee427d4f9cbc31536cd7025e00fab6d4ffa97167f1fc85e03c01d69eb.txt,,
passage_6af76d6b70e6d2dcff86fc6b,"Foreign trade zone (FTZ) benefits may be reduced as merchandise subject to Section 232 is restricted to privileged foreign status, affecting duty timing and inventory strategies considering the classification and duty rate are set at the time of admission to the FTZ.",Describes how Section 232 tariffs affect FTZs generally for automotive parts but does not identify a specific company in Savannah or its specific tariff outcome.,national_or_sector_context,source_reports_effective_as_of_source_date,recovered_dee1e34af016276f7bc3421a,q_465,chunk_fdbd0f793edcf9020372f316,document_fbff09b79902a92b93bae0be,https://www.morganlewis.com/pubs/2026/05/automotive-tariffs-and-trade-remedy-investigations-navigating-shifts-in-the-us-trade-landscape,full_document,False,text/50085a129daa52a58a774c94534a94cbf1204add848f1d504553cab5893b398b.txt,not_established,locally_extracted_quote_validated_not_manually_verified,/home/sm11926/Certification_status/outputs/tariffs/pilot-2026-09-09,/home/sm11926/Certification_status/outputs/tariffs/pilot-2026-09-09/text/50085a129daa52a58a774c94534a94cbf1204add848f1d504553cab5893b398b.txt,,
passage_425fe720f371c64a9799a99b,"In today’s global supply chain, few disruptions cause as much uncertainty as sudden tariff changes, especially in industries reliant on complex components like TFT LCD displays.",Highlights uncertainty and lack of settled policy status.,not_established,proposal_or_uncertain,recovered_c0f88afc5628495814b9dec5,q_454,chunk_ade58d78811a984ffb6e1b9d,document_fc5422987fa664a0a9211c07,https://microtipsusa.com/navigating-u-s-tariffs-understanding-monitoring-and-minimizing-risk-for-tft-lcd-display-imports-from-china,full_document,False,text/71aa8119a11847b8504a0f678591c876cb3d9cc31ea0d3360e4765bba55206f8.txt,not_established,locally_extracted_quote_validated_not_manually_verified,/home/sm11926/Certification_status/outputs/tariffs/pilot-2026-09-09,/home/sm11926/Certification_status/outputs/tariffs/pilot-2026-09-09/text/71aa8119a11847b8504a0f678591c876cb3d9cc31ea0d3360e4765bba55206f8.txt,,
passage_425fe720f371c64a9799a99b,The U.S. has had a layered approach to tariffs on Chinese goods since the start of the U.S.-China trade war in 2018.,Indicates historical context rather than current definitive rates.,not_established,date_not_established,recovered_401128feba007b2a523b1ae7,q_454,chunk_ade58d78811a984ffb6e1b9d,document_fc5422987fa664a0a9211c07,https://microtipsusa.com/navigating-u-s-tariffs-understanding-monitoring-and-minimizing-risk-for-tft-lcd-display-imports-from-china,full_document,False,text/71aa8119a11847b8504a0f678591c876cb3d9cc31ea0d3360e4765bba55206f8.txt,not_established,locally_extracted_quote_validated_not_manually_verified,/home/sm11926/Certification_status/outputs/tariffs/pilot-2026-09-09,/home/sm11926/Certification_status/outputs/tariffs/pilot-2026-09-09/text/71aa8119a11847b8504a0f678591c876cb3d9cc31ea0d3360e4765bba55206f8.txt,,
passage_10a0821152138b14ce72e8e1,"As such, we conclude that the “A” prefix modules are classified in heading 8531, HTSUS, as signaling apparatus.",Focuses on classification rather than tariff rates or Section 301 applicability.,not_established,date_not_established,recovered_d9536eff3f6e3cb8e674e7f0,q_454,chunk_6a670ce9c9f1052c359e962f,document_76722c4ec54fe87b40d7e21a,https://www.customsmobile.com/rulings/docview?doc_id=H049555,full_document,False,text/ae99c6f2b62ba01eb593882c478566762344d54eac28618481e9e9c08077ac29.txt,not_established,locally_extracted_quote_validated_not_manually_verified,/home/sm11926/Certification_status/outputs/tariffs/pilot-2026-09-09,/home/sm11926/Certification_status/outputs/tariffs/pilot-2026-09-09/text/ae99c6f2b62ba01eb593882c478566762344d54eac28618481e9e9c08077ac29.txt,,
passage_425fe720f371c64a9799a99b,You need to work closely with your customs broker to determine exactly how your products are classified.,"Explicitly states current classification/tariff status requires external verification, indicating insufficiency in source data.",not_established,date_not_established,recovered_9ee2dd3d64a908d205e21e30,q_454,chunk_ade58d78811a984ffb6e1b9d,document_fc5422987fa664a0a9211c07,https://microtipsusa.com/navigating-u-s-tariffs-understanding-monitoring-and-minimizing-risk-for-tft-lcd-display-imports-from-china,full_document,False,text/71aa8119a11847b8504a0f678591c876cb3d9cc31ea0d3360e4765bba55206f8.txt,not_established,locally_extracted_quote_validated_not_manually_verified,/home/sm11926/Certification_status/outputs/tariffs/pilot-2026-09-09,/home/sm11926/Certification_status/outputs/tariffs/pilot-2026-09-09/text/71aa8119a11847b8504a0f678591c876cb3d9cc31ea0d3360e4765bba55206f8.txt,,
passage_c8c4aa7f130dba0d3c42316c,"Copper (busbars, wiring) | 50% | Electrical interconnects, connectors | Yes – US and Chilean sources",This passage confirms copper busbars are affected by tariffs but does not provide the specific HTS classification code required for the query.,national_or_sector_context,source_reports_effective_as_of_source_date,recovered_abafe9d95ff91f70d1620359,q_110,chunk_d625c75d6d3fc6f5cf2f6a0a,document_78d5f38ea11227317f5a972a,https://www.totexmfg.com/battery-pack-tariffs-oem-2026,full_document,False,text/e0ba04e755583e765ed98ccd9a41c4332f768101b26871fe34c5c660b1c84fdb.txt,not_established,locally_extracted_quote_validated_not_manually_verified,/home/sm11926/Certification_status/outputs/tariffs/pilot-2026-09-09,/home/sm11926/Certification_status/outputs/tariffs/pilot-2026-09-09/text/e0ba04e755583e765ed98ccd9a41c4332f768101b26871fe34c5c660b1c84fdb.txt,,
passage_356ddb80fd921c044fcd8a39,"The Savannah port moved 5.7 million container units of imports and exports across its docks in the 2025 fiscal year that ended June 30, the Georgia Ports Authority reported.",Confirms port activity but lacks specific EV component tariff data.,facility_location_only,source_reports_effective_as_of_source_date,recovered_a04e0dfcc32f2804bb51bfc8,q_29,chunk_2357e2204456e03a0ab6179b,document_0fe93b485392284e2758944b,https://www.wabe.org/cargo-surge-amid-tariff-turmoil-drives-the-port-of-savannah-to-its-2nd-busiest-year,full_document,False,text/670f7792e786061954312afdbdce9cfde8249b9f18f8356e859c1f922cbc987b.txt,not_established,locally_extracted_quote_validated_not_manually_verified,/home/sm11926/Certification_status/outputs/tariffs/pilot-2026-09-09,/home/sm11926/Certification_status/outputs/tariffs/pilot-2026-09-09/text/670f7792e786061954312afdbdce9cfde8249b9f18f8356e859c1f922cbc987b.txt,,
passage_86d392a7474b932a20bf7a6b,Lynch says their auto exports dropped considerably when it comes to China.,Mentions auto sector but no specific EV component tariff rates or company exposure.,facility_location_only,source_reports_effective_as_of_source_date,recovered_9e7810e4a09924be1854d9ed,q_29,chunk_9d4288832720253c0c3df619,document_e2985c868e85600c1822d156,https://www.wtoc.com/2026/01/28/port-savannah-tracks-tariff-impacts-following-second-busiest-year-record,full_document,True,text/d93fef2eb459e6085577b97aa4dd5c804c3ccec7b8d5f9b328347aa8995a48ed.txt,not_established,locally_extracted_quote_validated_not_manually_verified,/home/sm11926/Certification_status/outputs/tariffs/pilot-2026-09-09,/home/sm11926/Certification_status/outputs/tariffs/pilot-2026-09-09/text/d93fef2eb459e6085577b97aa4dd5c804c3ccec7b8d5f9b328347aa8995a48ed.txt,,
passage_a08e178830a84fb811ece61f,"Savannah moved 5.7 million containers in fiscal 2025, up 8.6% from the year before — the second-busiest year in port history.",Confirms port volume but lacks specific EV component tariff data.,facility_location_only,source_reports_effective_as_of_source_date,recovered_3444e185d9257c9adac66260,q_29,chunk_67b54c12332bc0e7881e3edb,document_9121c02d44063faf4fda1009,https://valdostadailytimes.com/2025/11/03/gary-wisenbaker-georgia-ports-weather-tariff-turbulence,full_document,False,text/ca9ceb838489392234a867eaf1ce8f7555ed7983d963cca40d280e5e9e9fd22a.txt,not_established,locally_extracted_quote_validated_not_manually_verified,/home/sm11926/Certification_status/outputs/tariffs/pilot-2026-09-09,/home/sm11926/Certification_status/outputs/tariffs/pilot-2026-09-09/text/ca9ceb838489392234a867eaf1ce8f7555ed7983d963cca40d280e5e9e9fd22a.txt,,
passage_233b2220b91a89405b268095,"AnkerPak operates a 350,000 square foot facility in Columbus, Georgia — approximately 65 miles from the Port of Savannah, one of the top container ports in the United States.",Identifies company near port but no tariff exposure for EV components.,facility_location_only,source_reports_effective_as_of_source_date,recovered_0ed65b1903f9f381fd2661d3,q_29,chunk_d526355ebd86419aa5bd5142,document_ff1f71a176d8e81f15b6beeb,https://ankerpak.com/blog/foreign-trade-zones-bonded-warehousing,full_document,False,text/cb62b42b52f4d506fc8a60d37c9812d42da381c5b6cb9aaf8ad8d9cf8672efc9.txt,not_established,locally_extracted_quote_validated_not_manually_verified,/home/sm11926/Certification_status/outputs/tariffs/pilot-2026-09-09,/home/sm11926/Certification_status/outputs/tariffs/pilot-2026-09-09/text/cb62b42b52f4d506fc8a60d37c9812d42da381c5b6cb9aaf8ad8d9cf8672efc9.txt,,
passage_8334946c8df18180262abc1a,"Thus, the automotive sector has been among the hardest hit, especially with the 25% tariff on imported vehicles and auto parts.",National scope without Georgia facility link,national_or_sector_context,proposal_or_uncertain,recovered_a0f8fecb8b7a7c99bf26f740,q_198,chunk_153f9cbd1f6186ffcfe70ce6,document_90ead78a10bf996f2be57ff3,https://www.industryselect.com/blog/manufacturers-face-tariffs-key-industry-impacts,full_document,False,text/a155c5ef9c20ac9a9d27b6222b1a27e00989f1a0121aa167b24eec2b781ea8d9.txt,not_established,locally_extracted_quote_validated_not_manually_verified,/home/sm11926/Certification_status/outputs/tariffs/pilot-2026-09-09,/home/sm11926/Certification_status/outputs/tariffs/pilot-2026-09-09/text/a155c5ef9c20ac9a9d27b6222b1a27e00989f1a0121aa167b24eec2b781ea8d9.txt,,
passage_20e51609d02fb55a1f8bbf8b,"As global supply chains continue to shift, US tariffs on electronics - particularly on components sourced from China - are becoming a critical cost driver for OEMs and electronics manufacturers.",National scope without Georgia facility link,national_or_sector_context,proposal_or_uncertain,recovered_d31d4e820c45e89f78e40740,q_198,chunk_b31ba67163064beae88b14b6,document_e2b13035fa0102975f68109b,https://www.teamsmt.com/blog/tariffs-on-electronics-whats-exempt-and-whats-not,full_document,False,text/e52d55d55235783744018b6f3fa28a2a0ee10f559f07e7a5718120c608c43821.txt,not_established,locally_extracted_quote_validated_not_manually_verified,/home/sm11926/Certification_status/outputs/tariffs/pilot-2026-09-09,/home/sm11926/Certification_status/outputs/tariffs/pilot-2026-09-09/text/e52d55d55235783744018b6f3fa28a2a0ee10f559f07e7a5718120c608c43821.txt,,
passage_c6a4433e210c7b72f741ffcd,"This is in response to your ruling request of May 20, 2022, on behalf of Tianma America, Inc. (Tianma), pertaining to the classification of an automotive display module under the Harmonized Tariff Schedule of the United States (HTSUS).",Historical data vs current research date,national_or_sector_context,proposal_or_uncertain,recovered_364b6c74a0b30dce532a6315,q_198,chunk_fe2fb6f1945abb18ea7d67d7,document_fd542f99d171260ad8a21b12,https://www.customsmobile.com/rulings/docview?doc_id=HQ+H325872&highlight=category%3AClassification,full_document,False,text/0358fb739b0568af1e6794bf272ef36e3a688bdb60695fd03692af4ea2deddc6.txt,not_established,locally_extracted_quote_validated_not_manually_verified,/home/sm11926/Certification_status/outputs/tariffs/pilot-2026-09-09,/home/sm11926/Certification_status/outputs/tariffs/pilot-2026-09-09/text/0358fb739b0568af1e6794bf272ef36e3a688bdb60695fd03692af4ea2deddc6.txt,,
passage_1e7a761686fc9d92ba60ea85,"BESTFPC serves customer industries including automotive, medical, industrial, consumer electronics, and emerging markets, with medical and smart wearable devices accounting for approximately 80% of export volume.",Company named but no Georgia facility exposure,national_or_sector_context,proposal_or_uncertain,recovered_07670aae768c80c34b75129e,q_198,chunk_ec23520aa49864a008ca43ef,document_deed7bcba7c578fe6ec11be4,https://www.bestfpc.com/news/the-ultimate-guide-to-flex-pcb-pricing-in-2026.html,full_document,False,text/89c1f4e93c3eea27ae8a5c3eb032a978fc7bcd5fa3b7546af515b6d89456c2dc.txt,not_established,locally_extracted_quote_validated_not_manually_verified,/home/sm11926/Certification_status/outputs/tariffs/pilot-2026-09-09,/home/sm11926/Certification_status/outputs/tariffs/pilot-2026-09-09/text/89c1f4e93c3eea27ae8a5c3eb032a978fc7bcd5fa3b7546af515b6d89456c2dc.txt,,
passage_754848c636ca8e4bfaccdd4b,"Perhaps more importantly, the Metaplant is open for business at the right place and right time. Building American-made EVs helps to protect export-dependent Hyundai from President Donald Trump's proposed 25% tariffs on imported cars and parts.",Confirms tariff proposal status vs immunity,explicit_named_company_effect,proposal_or_uncertain,recovered_c0f354c3d33bf32c0a049ad7,q_31,chunk_43225a005b217e9e4d94fd42,document_0d54f8a5683c9dab2f81d509,https://insideevs.com/news/755058/hyundai-metaplant-georgia-ioniq-tariffs,full_document,False,text/2f670805853744b61b9c0ec3197ccef07e59d0224ef7c26e19e2734af79c474c.txt,not_established,locally_extracted_quote_validated_not_manually_verified,/home/sm11926/Certification_status/outputs/tariffs/pilot-2026-09-09,/home/sm11926/Certification_status/outputs/tariffs/pilot-2026-09-09/text/2f670805853744b61b9c0ec3197ccef07e59d0224ef7c26e19e2734af79c474c.txt,,
passage_754848c636ca8e4bfaccdd4b,"Yet even with $12.6 billion invested in Georgia alone and an expected 14,000 jobs generated, Hyundai's Metaplant won't make the automaker completely immune to tariffs.",Directly contradicts immunity claims,explicit_named_company_effect,proposal_or_uncertain,recovered_26598ae63dbb7cc7ccbd6b9f,q_31,chunk_43225a005b217e9e4d94fd42,document_0d54f8a5683c9dab2f81d509,https://insideevs.com/news/755058/hyundai-metaplant-georgia-ioniq-tariffs,full_document,False,text/2f670805853744b61b9c0ec3197ccef07e59d0224ef7c26e19e2734af79c474c.txt,not_established,locally_extracted_quote_validated_not_manually_verified,/home/sm11926/Certification_status/outputs/tariffs/pilot-2026-09-09,/home/sm11926/Certification_status/outputs/tariffs/pilot-2026-09-09/text/2f670805853744b61b9c0ec3197ccef07e59d0224ef7c26e19e2734af79c474c.txt,,
passage_edefe4774a559dab503b5afc,"If the US government slaps 25% duties on imported cars to the US, the Korean auto group’s vehicles would likely lose their appeal to US consumers in terms of price.",Indicates potential tariff impact on sales,explicit_named_company_effect,proposal_or_uncertain,recovered_62fcc94064914e22e67b8893,q_31,chunk_a45975bb22d5b7fd5fbab605,document_4b6cddd6dc34d5b0c7e99701,https://www.kedglobal.com/automobiles/newsView/ked202503250003,full_document,False,text/4d9fb1655b919843106876c4080a185af7353f88a24dd3c2530d027eb21c961a.txt,not_established,locally_extracted_quote_validated_not_manually_verified,/home/sm11926/Certification_status/outputs/tariffs/pilot-2026-09-09,/home/sm11926/Certification_status/outputs/tariffs/pilot-2026-09-09/text/4d9fb1655b919843106876c4080a185af7353f88a24dd3c2530d027eb21c961a.txt,,
passage_e4d98097b7cefff64bb7c38a,"President Donald Trump recently announced 25% tariffs on auto imports at the White House. President Trump praised the HMGMA plan in Georgia, commenting it was a “clear demonstration that tariffs very strongly work.”",Confirms tariff announcement but not exemption status,explicit_named_company_effect,proposal_or_uncertain,recovered_94403e8229b7357eeae64fa4,q_31,chunk_c95172b02efed186b6b96091,document_8f6f66d969c4cf6dfce435b8,https://www.teslarati.com/hyundai-georgia-plant-vs-trump-tariffs,full_document,False,text/15b90325c23ee1e7b94390a8fa41764fab71da5f915a272eb720e736a673d47c.txt,not_established,locally_extracted_quote_validated_not_manually_verified,/home/sm11926/Certification_status/outputs/tariffs/pilot-2026-09-09,/home/sm11926/Certification_status/outputs/tariffs/pilot-2026-09-09/text/15b90325c23ee1e7b94390a8fa41764fab71da5f915a272eb720e736a673d47c.txt,,
passage_96695dc27c83b15f1883f2a8,"Georgia's Economic Exposure
With a robust global trade profile, Georgia is especially vulnerable to the fallout, according to a report from the Georgia Chamber of Commerce. In 2024, the state set records with $53.1 billion in exports and $145.6 billion in imports, ranking 7th nationally for net exports.",Shows 2024 data focus rather than specific 2026 EV supply chain tariff rates.,facility_location_only,date_not_established,recovered_c7384679bab0af36f84d8ed1,q_1,chunk_abda6832d4708e9d28a77631,document_559b3471aaf08c46cc157b1e,https://www.fox5atlanta.com/news/trumps-tariff-plan-sparks-economic-uncertainty-georgia,full_document,False,text/ef33853c979fb661a9dcb2e3e85e09fe15a9e6319df730c244999701a6e5c05f.txt,not_established,locally_extracted_quote_validated_not_manually_verified,/home/sm11926/Certification_status/outputs/tariffs/pilot-2026-09-09,/home/sm11926/Certification_status/outputs/tariffs/pilot-2026-09-09/text/ef33853c979fb661a9dcb2e3e85e09fe15a9e6319df730c244999701a6e5c05f.txt,,
passage_23ca517849df196d3adc2e4a,"Remaining in effect, thus far, are a 25% tariff on imported cars and car parts and a 125% tariff on all Chinese goods — both of which, observers say, could deal an immediate blow to Georgia industries.",Shows general tariffs rather than specific 2026 EV supply chain rates for Georgia companies.,facility_location_only,date_not_established,recovered_dd1df7de511597d253622b2e,q_1,chunk_faed90d795e9b34337ddac65,document_6b09a1734e613205481c93a4,https://pro.stateaffairs.com/ga/politics/georgia-tariffs-cars-lockheed-china,full_document,False,text/38de939509b3b142f5cc6442d432ba82aaf409a5efa51747078b55bb7f723284.txt,not_established,locally_extracted_quote_validated_not_manually_verified,/home/sm11926/Certification_status/outputs/tariffs/pilot-2026-09-09,/home/sm11926/Certification_status/outputs/tariffs/pilot-2026-09-09/text/38de939509b3b142f5cc6442d432ba82aaf409a5efa51747078b55bb7f723284.txt,,
passage_dd89ff166b589ed7a4c794aa,"The doubt surrounding the Trump tariff announcements – including whether they are permanent, will be moderated or even cancelled at short notice – ultimately means that the business investment climate is one of extreme uncertainty or even paralysis.",Confirms policy status not established for 2026 specific rates.,facility_location_only,date_not_established,recovered_5cd45ca891addfbea41c880f,q_1,chunk_6bb594047515ea6015be7937,document_d5902d295fa721023388e591,https://www.automotivelogistics.media/supply-chain/automotive-logistics-and-supply-chains-in-2025-tariff-turmoil-investment-uncertainty-and-further-cost-pressures/649740,full_document,False,text/4ff7d047d7bad4228ed6355376f22d5aac524093b3aa71a53fb4be33a0e8450e.txt,not_established,locally_extracted_quote_validated_not_manually_verified,/home/sm11926/Certification_status/outputs/tariffs/pilot-2026-09-09,/home/sm11926/Certification_status/outputs/tariffs/pilot-2026-09-09/text/4ff7d047d7bad4228ed6355376f22d5aac524093b3aa71a53fb4be33a0e8450e.txt,,
passage_db6241c4a92f98738e3c2091,"Fabio Batista, Chief Commercial Officer of the Georgia Ports Authority (GPA), told Metro Augusta business leaders that tariffs are beginning to impact business in the Georgia ports. “Automobiles now, or machines, 15, 30, up to 50% tariffs on some of those cargoes,” he said.",Shows vague rates for 'some cargoes' rather than specific EV supply chain duties.,facility_location_only,date_not_established,recovered_cb30bf6628593b85469ef40b,q_1,chunk_26a67c8a01c34d15d83c3fc1,document_478fc8b52ebfe79e1d705dc0,https://augustabusinessdaily.com/part-2-impact-of-tariffs-on-imports-sales-and-the-georgia-ports,full_document,False,text/9f10ae96ae7ddde21481a266b854130e0c16f2ee07b17cb368a8820c959afbad.txt,not_established,locally_extracted_quote_validated_not_manually_verified,/home/sm11926/Certification_status/outputs/tariffs/pilot-2026-09-09,/home/sm11926/Certification_status/outputs/tariffs/pilot-2026-09-09/text/9f10ae96ae7ddde21481a266b854130e0c16f2ee07b17cb368a8820c959afbad.txt,,
passage_b950880868cef07200aa0f4e,"The Korean OEM is restructuring its North American industrial footprint by expanding production, adding powertrains and deepening local supplier content as it moves to protect itself from tariff exposure and compete on home ground.",Shows strategic intent but no confirmed tariff rate for Georgia battery sourcing.,explicit_named_company_effect,proposal_or_uncertain,recovered_1e73e2904ce9e76e53b27084,q_35,chunk_60e62fd4319f30b58b9356db,document_bd9b4c999011c3e8830aa7ca,https://www.automotivemanufacturingsolutions.com/news/hyundai-commits-to-north-american-manufacturing-scale-with-36-new-models-localised-supply-chain/2640816,full_document,False,text/c7b003ec2eaa08d506efcdfece230b635ccc64693e0c9a3151ea34a74035e015.txt,not_established,locally_extracted_quote_validated_not_manually_verified,/home/sm11926/Certification_status/outputs/tariffs/pilot-2026-09-09,/home/sm11926/Certification_status/outputs/tariffs/pilot-2026-09-09/text/c7b003ec2eaa08d506efcdfece230b635ccc64693e0c9a3151ea34a74035e015.txt,,
passage_b950880868cef07200aa0f4e,"Hyundai aims to increase US-assembled vehicle share from roughly 40% to more than 80% by 2030, while simultaneously increasing US supply chain content from approximately 60% to 80% to improve exposure profile and its cost structure.",Confirms Hyundai's strategy to reduce exposure but does not quantify current tariff liability for Georgia battery sourcing.,explicit_named_company_effect,proposal_or_uncertain,recovered_366988e5bbbcb8a12b5a5ade,q_35,chunk_60e62fd4319f30b58b9356db,document_bd9b4c999011c3e8830aa7ca,https://www.automotivemanufacturingsolutions.com/news/hyundai-commits-to-north-american-manufacturing-scale-with-36-new-models-localised-supply-chain/2640816,full_document,False,text/c7b003ec2eaa08d506efcdfece230b635ccc64693e0c9a3151ea34a74035e015.txt,not_established,locally_extracted_quote_validated_not_manually_verified,/home/sm11926/Certification_status/outputs/tariffs/pilot-2026-09-09,/home/sm11926/Certification_status/outputs/tariffs/pilot-2026-09-09/text/c7b003ec2eaa08d506efcdfece230b635ccc64693e0c9a3151ea34a74035e015.txt,,
passage_04be3b37fb2a0e3f65fb7760,"Voltage, capacity, chemistry, enclosure, intended use, included charger, and whether components are imported together can affect classification. In a March 2026 CBP ruling, a rechargeable 3.7V, 1150mAh lithium-ion replacement battery for a noise-canceling headset was classified under HTSUS 8507.60.0090.",Shows specific battery classification but not testing equipment.,not_established,proposal_or_uncertain,recovered_d90781a6173572a86e34172a,q_398,chunk_3a908fea6ce0738050277e8a,document_6080287f7a45bacc95fb830c,https://www.large-battery.com/blog/us-tariff-on-chinese-lithium-ion-batteries,full_document,False,text/0837cbb87b5a42347550bcd978396b1239312f1de0e331a216c2d8c40ec2ca06.txt,not_established,locally_extracted_quote_validated_not_manually_verified,/home/sm11926/Certification_status/outputs/tariffs/pilot-2026-09-09,/home/sm11926/Certification_status/outputs/tariffs/pilot-2026-09-09/text/0837cbb87b5a42347550bcd978396b1239312f1de0e331a216c2d8c40ec2ca06.txt,,
passage_c0089a9872dc91dd14ec50c2,Test equipment provided free of charge to the foreign manufacturer by the U.S. importer will constitute an assist within the meaning of section 402(h)(1)(A) of the TAA if the equipment is:,"Discusses test equipment valuation (assists), not classification duties.",not_established,proposal_or_uncertain,recovered_87f6a9663515bf617650eb28,q_398,chunk_bdecc8df35ae8ad5e9cae9da,document_d7caa7f3326fa4ffa95ced1c,https://tuttlelaw.com/seminar/value_seminar/pt_4_assists.pdf,full_document,False,text/d94d2524562d66d0d608db525707b3173d3a080beb23cdde13ef94dd3d4f19dc.txt,not_established,locally_extracted_quote_validated_not_manually_verified,/home/sm11926/Certification_status/outputs/tariffs/pilot-2026-09-09,/home/sm11926/Certification_status/outputs/tariffs/pilot-2026-09-09/text/d94d2524562d66d0d608db525707b3173d3a080beb23cdde13ef94dd3d4f19dc.txt,,
passage_f898417ff64545c9a61805c9,"Windshield glass | 8708.29 (parts of bodies, other) | 7007.11 or 7007.21 (safety glass, toughened or laminated) | Note 2(b) to Section XVII excludes glass articles of Chapter 70",Shows classification rules for glass vs auto parts but no duty rates.,not_established,proposal_or_uncertain,recovered_a6dc0086f44a11f4947e8a05,q_190,chunk_cd71ade23abec570321ad2cd,document_b75907e603c6d1165139434d,https://gingercontrol.com/blog/hts-classification-auto-parts,full_document,False,text/f902f218e95fc47880f951543530916799d52c0551ff06abee5c95c343cd116e.txt,not_established,locally_extracted_quote_validated_not_manually_verified,/home/sm11926/Certification_status/outputs/tariffs/pilot-2026-09-09,/home/sm11926/Certification_status/outputs/tariffs/pilot-2026-09-09/text/f902f218e95fc47880f951543530916799d52c0551ff06abee5c95c343cd116e.txt,,
passage_ccc8ebc545ba230f14d3181f,"This chapter does not cover: (a) electrically warmed blankets, bed pads, foot-muffs or the like; electrically warmed clothing, footwear or ear pads or other electrically warmed articles worn on or about the person; (b) articles of glass of heading 7011 ;",Indicates exclusions for Chapter 85 regarding glass items relevant to display modules.,not_established,proposal_or_uncertain,recovered_5399d235dbaf22c6c9e16964,q_190,chunk_7f82ddc1f3fe43dfd4481a91,document_a799ad18ff35345a10395410,https://www.tariffnumber.com/2026/85249200,full_document,False,text/d7ba1a6251ebd150483b67bfee47ed92105be6bc2911c6dabbbcdd8fe0c5af03.txt,not_established,locally_extracted_quote_validated_not_manually_verified,/home/sm11926/Certification_status/outputs/tariffs/pilot-2026-09-09,/home/sm11926/Certification_status/outputs/tariffs/pilot-2026-09-09/text/d7ba1a6251ebd150483b67bfee47ed92105be6bc2911c6dabbbcdd8fe0c5af03.txt,,
passage_f271d67cd80a87d328f90f45,"Chapter Rule 2: For purposes of this chapter:
(a) references to “high definition” as it applies to television receivers and cathode-ray tubes refers to goods having:
(i) an aspect ratio of the screen equal to or greater than 16:9, and",Defines technical parameters for classification but does not state tariff rates.,not_established,proposal_or_uncertain,recovered_a9be70ea3e5371e3ca07f434,q_190,chunk_6599d1af13eeabee627c6b66,document_08bda47bed55360f676ebda1,https://hts.usitc.gov/reststop/file?filename=General+Note+11&release=2026HTSBasic,full_document,False,text/79cc981925d8ee8512d973a2e4b1bd660585ce79f01481242b621fb66c62cfa2.txt,not_established,locally_extracted_quote_validated_not_manually_verified,/home/sm11926/Certification_status/outputs/tariffs/pilot-2026-09-09,/home/sm11926/Certification_status/outputs/tariffs/pilot-2026-09-09/text/79cc981925d8ee8512d973a2e4b1bd660585ce79f01481242b621fb66c62cfa2.txt,,
passage_15edcabec64da12f58c30a09,"The Liberty County Development Authority presented a strategic plan to commissioners that prioritizes automotive/EV suppliers, aerospace, defense-related manufacturing and higher-value distribution",Confirms focus on EV supply chain in Liberty County without tariff specifics.,facility_location_only,proposal_or_uncertain,recovered_12767413831319e72bff447f,q_21,chunk_ce3c62673bc7f3583a37126c,document_da2e4b24c6d2a6d4291d4a38,https://citizenportal.ai/articles/6194127/georgia/liberty-county/liberty-county-development-authority-unveils-strategic-plan-targeting-manufacturing-ev-supply-chain-and-highervalue-distribution,full_document,False,text/3e8221e2df526f5c0402d627c5afec2a09bd76a1a1c89ae98163bc89c04f93ab.txt,not_established,locally_extracted_quote_validated_not_manually_verified,/home/sm11926/Certification_status/outputs/tariffs/pilot-2026-09-09,/home/sm11926/Certification_status/outputs/tariffs/pilot-2026-09-09/text/3e8221e2df526f5c0402d627c5afec2a09bd76a1a1c89ae98163bc89c04f93ab.txt,,
passage_510f7e07df2d578d2acfe464,"Elan Technology Inc. 60 Glass, ceramics and glass ceramic composites Liberty",Identifies company in Liberty County but no tariff data.,facility_location_only,date_not_established,recovered_e6a6abf15fb8995935bb5756,q_21,chunk_956d70b57a7c29eda962e9a8,document_150a243c03e39787abea51cf,https://selectgeorgia-production-assets.s3.amazonaws.com/media/documents/Automotive_Manufacturing_2026.pdf,full_document,False,text/10d78892bed3af44937c5722a55799a091f34d861ab25edb33f9e47dc1356719.txt,not_established,locally_extracted_quote_validated_not_manually_verified,/home/sm11926/Certification_status/outputs/tariffs/pilot-2026-09-09,/home/sm11926/Certification_status/outputs/tariffs/pilot-2026-09-09/text/10d78892bed3af44937c5722a55799a091f34d861ab25edb33f9e47dc1356719.txt,,
passage_bf597a20672921cab8d6fdd4,Seohan Auto Georgia 180 Axle bearings Liberty,Identifies company in Liberty County but no tariff data.,facility_location_only,date_not_established,recovered_167b770abb475b796ace743a,q_21,chunk_ae120155e0da2233a9ef1564,document_150a243c03e39787abea51cf,https://selectgeorgia-production-assets.s3.amazonaws.com/media/documents/Automotive_Manufacturing_2026.pdf,full_document,False,text/10d78892bed3af44937c5722a55799a091f34d861ab25edb33f9e47dc1356719.txt,not_established,locally_extracted_quote_validated_not_manually_verified,/home/sm11926/Certification_status/outputs/tariffs/pilot-2026-09-09,/home/sm11926/Certification_status/outputs/tariffs/pilot-2026-09-09/text/10d78892bed3af44937c5722a55799a091f34d861ab25edb33f9e47dc1356719.txt,,
passage_6d749fc7f1dd2ca25e86395b,Tollison said not relying on shipments outside the country is a win for the Hyundai Metaplant due to the current 25% tariffs put in place by President Donald Trump.,"Discusses tariffs but applies to Bryan County/Hyundai, not Liberty County manufacturers.",facility_location_only,date_not_established,recovered_7c5862ff12a9d5b24761235e,q_21,chunk_e7c5aaacf2fceb4b706a6700,document_079b4ba6ee636e62b14b4271,https://www.wjcl.com/article/hyundai-20-billion-positive-impact-hyundai-metaplant-bryan-county/64290033,full_document,False,text/2145120b013461f75c2dca6a9b8a29c0e4599d490f3156241b9771a76f761785.txt,not_established,locally_extracted_quote_validated_not_manually_verified,/home/sm11926/Certification_status/outputs/tariffs/pilot-2026-09-09,/home/sm11926/Certification_status/outputs/tariffs/pilot-2026-09-09/text/2145120b013461f75c2dca6a9b8a29c0e4599d490f3156241b9771a76f761785.txt,,
passage_f2897f18cd9e0ac090f23851,"Workers employed by Georgia’s 
206 automotive-related facilities 
with 50 or more employees1
939,700
Automotive-related production  
employment in the Southeast2",Confirms Georgia employment volume but lacks tariff impact data.,facility_location_only,source_reports_effective_as_of_source_date,recovered_9ce8c27d22b3fbc1507275b7,q_10,chunk_3310fb3d3e97d7edfbcce745,document_150a243c03e39787abea51cf,https://selectgeorgia-production-assets.s3.amazonaws.com/media/documents/Automotive_Manufacturing_2026.pdf,full_document,False,text/10d78892bed3af44937c5722a55799a091f34d861ab25edb33f9e47dc1356719.txt,not_established,locally_extracted_quote_validated_not_manually_verified,/home/sm11926/Certification_status/outputs/tariffs/pilot-2026-09-09,/home/sm11926/Certification_status/outputs/tariffs/pilot-2026-09-09/text/10d78892bed3af44937c5722a55799a091f34d861ab25edb33f9e47dc1356719.txt,,
passage_6860ac0784196e4b4ca04da3,"The ongoing tariff war between the US and China might be responsible for the disruptions of the automotive vehicle and components supply chain between the two countries; This trade conflict will likely have a significant impact on major automotive manufacturers in China, South Korea, Japan, the European Union, and other regions, affecting the supply of parts and materials and overall market competitiveness.",Discusses tariff impacts generally but excludes Georgia-specific supplier analysis.,not_established,source_reports_effective_as_of_source_date,recovered_3a734ef6d8afa017b6e3bece,q_10,chunk_8a0a33a45648716bd3add7e7,document_b80d6effd2270cb1977ef869,https://www.iebrain.com/mediacoverage/automotive-supply-chain-localization-transformative-step-amid-tariff-wars,full_document,False,text/132a80a89deab732c1d18d30194da10cdf50bea83fab5783b9e90a0483a65252.txt,not_established,locally_extracted_quote_validated_not_manually_verified,/home/sm11926/Certification_status/outputs/tariffs/pilot-2026-09-09,/home/sm11926/Certification_status/outputs/tariffs/pilot-2026-09-09/text/132a80a89deab732c1d18d30194da10cdf50bea83fab5783b9e90a0483a65252.txt,,
passage_cd9db0afe3eef1bd21b58f4e,"In the manufacturing space, domestic automotive manufacturers and suppliers employ roughly 
1,000,000 people (see Figure 4) and account for roughly 8% of manufacturing jobs in the United 
States.",Provides US-wide employment context without Georgia tariff linkage.,not_established,source_reports_effective_as_of_source_date,recovered_59bbe018c9738dd85d7643af,q_10,chunk_4ee646464d5ef185057133d1,document_35e37010a1a34d0ce7c9d267,https://www.congress.gov/crs_external_products/R/PDF/R48876/R48876.3.pdf,full_document,False,text/76902a8352e3b450188a5963bfc002b6cc2c2789dc0dc7ce1f8d0ec213df349d.txt,not_established,locally_extracted_quote_validated_not_manually_verified,/home/sm11926/Certification_status/outputs/tariffs/pilot-2026-09-09,/home/sm11926/Certification_status/outputs/tariffs/pilot-2026-09-09/text/76902a8352e3b450188a5963bfc002b6cc2c2789dc0dc7ce1f8d0ec213df349d.txt,,
passage_cded4e16311c5d1e1f0a56e1,"The automotive sector is where the USMCA introduced the most dramatic changes from NAFTA. The new rules aim to increase production and employment in North America, particularly in Mexico and the United States, and reduce dependence on components from outside the region.",Describes regulatory changes affecting North America broadly without Georgia-specific tariff exposure details.,not_established,source_reports_effective_as_of_source_date,recovered_bc53af8eed7b1a7ca11557e1,q_10,chunk_e13eee4b3d5894543445e2e3,document_c4851a9ec7c6a1196937969b,https://www.camtomx.com/en/guia/usmca-rules-of-origin-mexico,full_document,False,text/b246e247e4bdc19f8e341c0642720f2625576d33300ac70f978bf37fa6fbfc0c.txt,not_established,locally_extracted_quote_validated_not_manually_verified,/home/sm11926/Certification_status/outputs/tariffs/pilot-2026-09-09,/home/sm11926/Certification_status/outputs/tariffs/pilot-2026-09-09/text/b246e247e4bdc19f8e341c0642720f2625576d33300ac70f978bf37fa6fbfc0c.txt,,
passage_57c43cffb0c2644280428588,Facts govern in any specific case; a binding ruling is the only authoritative answer.,Indicates general evidence cannot resolve specific origin exposure without rulings.,not_established,proposal_or_uncertain,recovered_e2886b3028c3c92eedf768b2,q_154,chunk_6e3955423c7192225cd90940,document_0dc3239c91adc334dc305fb4,https://radialmagnet.com/magnet-tariffs-country-of-origin,full_document,False,text/173c0bb67d433d7dab0b185607ec129a71c779c78bb67561dc9e36d5a8b8c497.txt,not_established,locally_extracted_quote_validated_not_manually_verified,/home/sm11926/Certification_status/outputs/tariffs/pilot-2026-09-09,/home/sm11926/Certification_status/outputs/tariffs/pilot-2026-09-09/text/173c0bb67d433d7dab0b185607ec129a71c779c78bb67561dc9e36d5a8b8c497.txt,,
passage_ba7281d90d4bcf5f6606e555,Both natural graphite and permanent magnets carry 25% from 2026.,Confirms general tariff rate but does not specify EV traction motor magnet exclusions or origin nuances.,not_established,proposal_or_uncertain,recovered_7ad4e809144f3601bbc29c04,q_154,chunk_289e7061165f006a5141e33b,document_ca0d2982bb3cf9a3d88f9f9c,https://cargotransinc.com/blog/ev-battery-tariff,full_document,False,text/420003c7b665da044eb71b00b95809c8b73e22b508dab53dea49535bfcd11a2e.txt,not_established,locally_extracted_quote_validated_not_manually_verified,/home/sm11926/Certification_status/outputs/tariffs/pilot-2026-09-09,/home/sm11926/Certification_status/outputs/tariffs/pilot-2026-09-09/text/420003c7b665da044eb71b00b95809c8b73e22b508dab53dea49535bfcd11a2e.txt,,
passage_1bd6913e221a3e65b0e5883d,"exposure drops to the 2% MFN rate: $6 per vehicle, $0.9M per year at programme scale.",Shows conflicting rate (2%) based on specific origin conditions not fully resolved in original answer.,not_established,proposal_or_uncertain,recovered_0b2bca02b19f4c3c2edd301e,q_154,chunk_f9a72cfe06533218aa280387,document_6dd2e026763e8cd233c8e222,https://www.ecocomitychain.ai/blog/posts/t1-supplier-germany-tariff-risk-china,full_document,False,text/5d0cf29a292fb6887367de59dea7b6e314fd7254ae01fb1e94484b611d606283.txt,not_established,locally_extracted_quote_validated_not_manually_verified,/home/sm11926/Certification_status/outputs/tariffs/pilot-2026-09-09,/home/sm11926/Certification_status/outputs/tariffs/pilot-2026-09-09/text/5d0cf29a292fb6887367de59dea7b6e314fd7254ae01fb1e94484b611d606283.txt,,
passage_24ab0d09230e3c5b2bb16fba,"What HTS classification are you using, at ten digits? If the answer is vague, the landed cost is a guess.",Highlights uncertainty in classification contributing to insufficient evidence for specific exposure.,not_established,proposal_or_uncertain,recovered_38df0a7e69f8dbf2c4a4bbd1,q_154,chunk_ffefb04b53b21d33bbe47b5a,document_0dc3239c91adc334dc305fb4,https://radialmagnet.com/magnet-tariffs-country-of-origin,full_document,False,text/173c0bb67d433d7dab0b185607ec129a71c779c78bb67561dc9e36d5a8b8c497.txt,not_established,locally_extracted_quote_validated_not_manually_verified,/home/sm11926/Certification_status/outputs/tariffs/pilot-2026-09-09,/home/sm11926/Certification_status/outputs/tariffs/pilot-2026-09-09/text/173c0bb67d433d7dab0b185607ec129a71c779c78bb67561dc9e36d5a8b8c497.txt,,
passage_9f591a73b75e1f8e9fdb49f1,"The extension applies to goods entered for consumption, or withdrawn from warehouse for consumption, on or after 12:01 a.m. EDT on June 1, 2025, and before 11:59 p.m. EDT on August 31, 2025.","Establishes one expiration date (Aug 31, 2025) conflicting with other sources.",not_established,proposal_or_uncertain,recovered_ffc1fe2f3c80096c42dddd88,q_209,chunk_a691c0964304c772b11abae6,document_7eea6496a2b896b11d139ce9,https://www.troutman.com/insights/ustr-issues-3-month-extension-for-certain-section-301-tariff-exclusions-on-chinese-imports,full_document,True,text/615348eaaa907a1b22e74ff427b52591e079efb5fa83c56ced8a788493e80405.txt,not_established,locally_extracted_quote_validated_not_manually_verified,/home/sm11926/Certification_status/outputs/tariffs/pilot-2026-09-09,/home/sm11926/Certification_status/outputs/tariffs/pilot-2026-09-09/text/615348eaaa907a1b22e74ff427b52591e079efb5fa83c56ced8a788493e80405.txt,,
passage_e73baf74d2ad4cfaaf795792,"On November 26, 2025, USTR further extended certain exclusions from the China Section 301 tariffs through November 10, 2026.","Establishes a conflicting expiration date (Nov 10, 2026).",not_established,proposal_or_uncertain,recovered_ba9fa6259fab74479ddf0221,q_209,chunk_20f5cb53f3fcc7c8f0a86646,document_7b406f46382005e6bb711bb0,https://www.strtrade.com/trade-news-resources/tariff-actions-resources/section-301-tariffs-on-china,full_document,False,text/96acc62b7f6910b6833005074fbfb72a3cf981b4977cd42c14347944bb987242.txt,not_established,locally_extracted_quote_validated_not_manually_verified,/home/sm11926/Certification_status/outputs/tariffs/pilot-2026-09-09,/home/sm11926/Certification_status/outputs/tariffs/pilot-2026-09-09/text/96acc62b7f6910b6833005074fbfb72a3cf981b4977cd42c14347944bb987242.txt,,
passage_c38d54db14fd4a7e07bc8383,"the U.S. Trade Representative has determined to extend the exclusions in the Annexes to this notice for less than 12 months—through December 31, 2020.","Establishes an outdated expiration date (Dec 31, 2020).",not_established,proposal_or_uncertain,recovered_9184718ce1d5550ab84e44c4,q_209,chunk_cdcd6583cd63be99f9ed0ea3,document_8c25ec8891d76c31404514be,https://www.federalregister.gov/documents/2020/09/02/2020-19419/notice-of-product-exclusion-extensions-chinas-acts-policies-and-practices-related-to-technology,full_document,False,text/3e932c98682b4da943659021540f7dd7078f30ed78f0e8ae2235b477aed09128.txt,not_established,locally_extracted_quote_validated_not_manually_verified,/home/sm11926/Certification_status/outputs/tariffs/pilot-2026-09-09,/home/sm11926/Certification_status/outputs/tariffs/pilot-2026-09-09/text/3e932c98682b4da943659021540f7dd7078f30ed78f0e8ae2235b477aed09128.txt,,
passage_e73baf74d2ad4cfaaf795792,"These exclusions are available for any product that meets the specified HTSUS numbers and product descriptions, regardless of whether the importer filed an exclusion request.",Indicates general applicability without specific company or facility linkage.,not_established,proposal_or_uncertain,recovered_088a8b9f55b4672e736db339,q_209,chunk_20f5cb53f3fcc7c8f0a86646,document_7b406f46382005e6bb711bb0,https://www.strtrade.com/trade-news-resources/tariff-actions-resources/section-301-tariffs-on-china,full_document,False,text/96acc62b7f6910b6833005074fbfb72a3cf981b4977cd42c14347944bb987242.txt,not_established,locally_extracted_quote_validated_not_manually_verified,/home/sm11926/Certification_status/outputs/tariffs/pilot-2026-09-09,/home/sm11926/Certification_status/outputs/tariffs/pilot-2026-09-09/text/96acc62b7f6910b6833005074fbfb72a3cf981b4977cd42c14347944bb987242.txt,,
passage_bdaada4ebebaf7b3b9951311,"On 9 April 2025, President Trump caved in to pressure from the stock and bond markets and reneged on his widely derided tariff policy.",Demonstrates policy volatility affecting status establishment.,national_or_sector_context,date_not_established,recovered_d6eb84efd506b333e9223c13,q_14,chunk_1f0ebc1036b3ff77151336c5,document_d5902d295fa721023388e591,https://www.automotivelogistics.media/supply-chain/automotive-logistics-and-supply-chains-in-2025-tariff-turmoil-investment-uncertainty-and-further-cost-pressures/649740,full_document,True,text/4ff7d047d7bad4228ed6355376f22d5aac524093b3aa71a53fb4be33a0e8450e.txt,not_established,locally_extracted_quote_validated_not_manually_verified,/home/sm11926/Certification_status/outputs/tariffs/pilot-2026-09-09,/home/sm11926/Certification_status/outputs/tariffs/pilot-2026-09-09/text/4ff7d047d7bad4228ed6355376f22d5aac524093b3aa71a53fb4be33a0e8450e.txt,,
passage_bdaada4ebebaf7b3b9951311,"It is understood that the flat rate 10% tariffs apply to ‘most goods’ but, crucially, the 25% automotive tariffs remain in place.",Shows general tariff rates without specific facility exemption or inclusion details.,national_or_sector_context,date_not_established,recovered_356951e1a289c20469b651c3,q_14,chunk_1f0ebc1036b3ff77151336c5,document_d5902d295fa721023388e591,https://www.automotivelogistics.media/supply-chain/automotive-logistics-and-supply-chains-in-2025-tariff-turmoil-investment-uncertainty-and-further-cost-pressures/649740,full_document,False,text/4ff7d047d7bad4228ed6355376f22d5aac524093b3aa71a53fb4be33a0e8450e.txt,not_established,locally_extracted_quote_validated_not_manually_verified,/home/sm11926/Certification_status/outputs/tariffs/pilot-2026-09-09,/home/sm11926/Certification_status/outputs/tariffs/pilot-2026-09-09/text/4ff7d047d7bad4228ed6355376f22d5aac524093b3aa71a53fb4be33a0e8450e.txt,,
passage_5dd3dd4115daab2cf57c7d1d,"Yes, tariffs already in place have influenced manufacturing decisions in bringing more production stateside.
But assembly plants and supply chains can’t simply be picked up and moved across the border.",Indicates uncertainty about investment feasibility under tariff threats.,national_or_sector_context,date_not_established,recovered_76ca44f00b61bc6ae651ab1d,q_14,chunk_337d910045ce3bb61dd65025,document_8b3fbd92d33da1cd2ec72eac,https://www.automotive-fleet.com/blogposts/the-only-certainty-with-the-new-tariff-threat-is-uncertainty,full_document,False,text/485d23f9959a30c774c9cf969f5d4b8ae624bf5fce9d65ae094b553a8fa758cc.txt,not_established,locally_extracted_quote_validated_not_manually_verified,/home/sm11926/Certification_status/outputs/tariffs/pilot-2026-09-09,/home/sm11926/Certification_status/outputs/tariffs/pilot-2026-09-09/text/485d23f9959a30c774c9cf969f5d4b8ae624bf5fce9d65ae094b553a8fa758cc.txt,,
passage_10abc2797110ff478c8a06f9,"Hyundai stated that their $21 billion investment will only create 14,000 direct full-time jobs by 2028 with over 100,000 total direct and indirect job opportunities anticipated across manufacturing, technology and infrastructure – however, the US is a country of 340 million people.",Mentions investment scale but lacks specific tariff exposure linkage for Georgia facility.,national_or_sector_context,date_not_established,recovered_f1b1cf01d76193ee911ac4d8,q_14,chunk_6bb594047515ea6015be7937,document_d5902d295fa721023388e591,https://www.automotivelogistics.media/supply-chain/automotive-logistics-and-supply-chains-in-2025-tariff-turmoil-investment-uncertainty-and-further-cost-pressures/649740,full_document,False,text/4ff7d047d7bad4228ed6355376f22d5aac524093b3aa71a53fb4be33a0e8450e.txt,not_established,locally_extracted_quote_validated_not_manually_verified,/home/sm11926/Certification_status/outputs/tariffs/pilot-2026-09-09,/home/sm11926/Certification_status/outputs/tariffs/pilot-2026-09-09/text/4ff7d047d7bad4228ed6355376f22d5aac524093b3aa71a53fb4be33a0e8450e.txt,,
passage_089549d74ccc69b906b8333d,Georgia has been front and center in the southeast region’s emergence as a central player in the United States’ battery and electric mobility industry.,Confirms geographic focus but lacks duty specifics.,facility_location_only,proposal_or_uncertain,recovered_c7e4df860b308aa92d12a05b,q_273,chunk_2891a96192071ed9dc28bc19,document_a162e58e59a48f96d2c77035,https://www.c2es.org/document/securing-the-critical-battery-materials-supply-chain-in-the-southeast-united-states,full_document,False,text/1cb1e0963fd0c0867c9367daf44127f65a68fcc2708c0373c707dd4dc7e34094.txt,not_established,locally_extracted_quote_validated_not_manually_verified,/home/sm11926/Certification_status/outputs/tariffs/pilot-2026-09-09,/home/sm11926/Certification_status/outputs/tariffs/pilot-2026-09-09/text/1cb1e0963fd0c0867c9367daf44127f65a68fcc2708c0373c707dd4dc7e34094.txt,,
passage_089549d74ccc69b906b8333d,"These auto manufacturers have brought in final battery manufacturing, including from Korean conglomerate SK Battery America, who opened its first U.S. battery factory in Georgia to supply Hyundai and other regional OEMs.",Names company but does not state import duty exposure.,facility_location_only,proposal_or_uncertain,recovered_95864b02c73e0c40a7bfc6d1,q_273,chunk_2891a96192071ed9dc28bc19,document_a162e58e59a48f96d2c77035,https://www.c2es.org/document/securing-the-critical-battery-materials-supply-chain-in-the-southeast-united-states,full_document,False,text/1cb1e0963fd0c0867c9367daf44127f65a68fcc2708c0373c707dd4dc7e34094.txt,not_established,locally_extracted_quote_validated_not_manually_verified,/home/sm11926/Certification_status/outputs/tariffs/pilot-2026-09-09,/home/sm11926/Certification_status/outputs/tariffs/pilot-2026-09-09/text/1cb1e0963fd0c0867c9367daf44127f65a68fcc2708c0373c707dd4dc7e34094.txt,,
passage_b9e932178f9285f001cc810b,"However, the US battery manufacturing base remains heavily dependent on imported raw materials and components – particularly graphite, lithium carbonate, and cathode active materials – which means “made in America” batteries often still carry significant tariff exposure through their supply chains.",Generalizes tariff exposure without Georgia-specific data.,facility_location_only,proposal_or_uncertain,recovered_106911d6e6e679566b104def,q_273,chunk_d625c75d6d3fc6f5cf2f6a0a,document_78d5f38ea11227317f5a972a,https://www.totexmfg.com/battery-pack-tariffs-oem-2026,full_document,False,text/e0ba04e755583e765ed98ccd9a41c4332f768101b26871fe34c5c660b1c84fdb.txt,not_established,locally_extracted_quote_validated_not_manually_verified,/home/sm11926/Certification_status/outputs/tariffs/pilot-2026-09-09,/home/sm11926/Certification_status/outputs/tariffs/pilot-2026-09-09/text/e0ba04e755583e765ed98ccd9a41c4332f768101b26871fe34c5c660b1c84fdb.txt,,
passage_cbf23274f8614935c5f70d94,"Many manufacturers are relocating battery production to Southeast Asia to avoid high tariffs, including Vietnam, Thailand, and Indonesia.","Discusses tariff avoidance generally, not Georgia import duties.",facility_location_only,proposal_or_uncertain,recovered_dd54d5882f811330fd3e67ea,q_273,chunk_f79dfb8079dd44d53c7d662c,document_f63b019a1295a9d042eccd58,https://www.ufinebattery.com/blog/comprehensive-analysis-of-u-s-tariffs-on-chinese-lithium-batteries,full_document,False,text/69eac589688cce46bcd4d6f52e13c980c6ef82940cdd0a8c2b32847d901e1889.txt,not_established,locally_extracted_quote_validated_not_manually_verified,/home/sm11926/Certification_status/outputs/tariffs/pilot-2026-09-09,/home/sm11926/Certification_status/outputs/tariffs/pilot-2026-09-09/text/69eac589688cce46bcd4d6f52e13c980c6ef82940cdd0a8c2b32847d901e1889.txt,,
passage_991fa67fd900da1850009e1a,lithium-ion batteries under HTSUS 8507.60.00 will not be subject to the additional Section 301 tariffs.,Shows specific exemption context but does not confirm general duties on recycled materials.,not_established,proposal_or_uncertain,recovered_79585dc84bc7dd390bb64929,q_151,chunk_33bb03bb19ef9ab26f962eac,document_536f67d2c4d1fac52c197927,https://news.metal.com/newscontent/104021517-us-imposes-forced-labor-related-section-301-tariffs-lithium-ion-batteries-and-key-raw-materials-exempt,full_document,False,text/5721a6d1155d14de4e6023a4e72e1f3823701b1e2ffc8abea5c6c359132eaee8.txt,not_established,locally_extracted_quote_validated_not_manually_verified,/home/sm11926/Certification_status/outputs/tariffs/pilot-2026-09-09,/home/sm11926/Certification_status/outputs/tariffs/pilot-2026-09-09/text/5721a6d1155d14de4e6023a4e72e1f3823701b1e2ffc8abea5c6c359132eaee8.txt,,
passage_b85d7b0f90fc24e47db1917f,"Lithium carbonate, lithium hydroxide, cobalt sulphate, cobalt metal, manganese dioxide, natural graphite powder and flakes all are exempt from new additional tariffs.",Indicates exemptions under specific tariff regimes but does not define rates for recycled materials generally.,not_established,proposal_or_uncertain,recovered_7b63853d0dfd32f871e1448d,q_151,chunk_46a20c1adc606ab7eab9ab54,document_0b255615dd7b4ba1ce86e08b,https://www.argusmedia.com/en/news-and-insights/latest-market-news/2674679-us-battery-costs-face-sharp-rise-on-tariffs,full_document,False,text/dffc69a102bc3c49be922eab08045cd85d16b4708d5e9629841f558e80564cac.txt,not_established,locally_extracted_quote_validated_not_manually_verified,/home/sm11926/Certification_status/outputs/tariffs/pilot-2026-09-09,/home/sm11926/Certification_status/outputs/tariffs/pilot-2026-09-09/text/dffc69a102bc3c49be922eab08045cd85d16b4708d5e9629841f558e80564cac.txt,,
passage_785b3c73d78f7ac6733e5ca9,"copper, lithium, nickel and cobalt from spent batteries could reduce combined primary supply requirements for these minerals around 10% by 2040",Discusses supply chain impact rather than import duties or tariff rates.,not_established,proposal_or_uncertain,recovered_ea5a56e59adad07ff7115e36,q_151,chunk_b4ffbe6a57496a6441675223,document_bc72c6112a68baec615b0c32,https://www.coxautoinc.com/mobility/wp-content/uploads/sites/11/2022/09/EV_Battery_Whitepaper.pdf,full_document,False,text/a559a1296f365400581e79ce6fd97063eb0b6a64565c47a0f9e86e471d1fd14d.txt,not_established,locally_extracted_quote_validated_not_manually_verified,/home/sm11926/Certification_status/outputs/tariffs/pilot-2026-09-09,/home/sm11926/Certification_status/outputs/tariffs/pilot-2026-09-09/text/a559a1296f365400581e79ce6fd97063eb0b6a64565c47a0f9e86e471d1fd14d.txt,,
passage_b24a8f2ddf3a2ede1901d7bb,"From 2027, all EV batteries require a Battery Passport – a digital record covering carbon footprint, recycled content, and supply chain due diligence.",References future regulatory requirements rather than current US import duties on recycled materials.,not_established,proposal_or_uncertain,recovered_3806c04fda10408ecbe22263,q_151,chunk_6e4726d0febaf1d783eaaed9,document_1bb264a24a1f6b76860da3cb,https://www.customssupport.com/fta-impact-automotive-landed-costs,full_document,False,text/3bc1abfc4686c67ca19c2aa3d8ed4543e349c6b8548f69785670354a4302675d.txt,not_established,locally_extracted_quote_validated_not_manually_verified,/home/sm11926/Certification_status/outputs/tariffs/pilot-2026-09-09,/home/sm11926/Certification_status/outputs/tariffs/pilot-2026-09-09/text/3bc1abfc4686c67ca19c2aa3d8ed4543e349c6b8548f69785670354a4302675d.txt,,
passage_24f4a286e4adaf4b301e14c2,Modern vehicles increasingly use integrated components that combine functions traditionally handled by separate parts.,Discusses general classification challenges without specific duty rates or geographic applicability.,not_established,proposal_or_uncertain,recovered_6c8c1be577d7b6329bb8d7fd,q_178,chunk_17ac2ffb63924d2e2dc9a7b2,document_b75907e603c6d1165139434d,https://gingercontrol.com/blog/hts-classification-auto-parts,full_document,False,text/f902f218e95fc47880f951543530916799d52c0551ff06abee5c95c343cd116e.txt,not_established,locally_extracted_quote_validated_not_manually_verified,/home/sm11926/Certification_status/outputs/tariffs/pilot-2026-09-09,/home/sm11926/Certification_status/outputs/tariffs/pilot-2026-09-09/text/f902f218e95fc47880f951543530916799d52c0551ff06abee5c95c343cd116e.txt,,
passage_4a7ebc9768cac202e2634a39,"Today, however, the U.S. industry faces tremendous uncertainly as it assesses the risk of extremely high import tariffs.",Indicates general tariff risk without specific rates for sensors/cameras or Georgia context.,not_established,proposal_or_uncertain,recovered_e492f8936eda4687249d2c3a,q_178,chunk_611d9f726e2d1dfd606e00a2,document_5f6c62c823df71b02ed8b6ab,https://www.govinfo.gov/content/pkg/CHRG-115shrg31557/pdf/CHRG-115shrg31557.pdf,full_document,False,text/ad7dc474a905cfce1f6837ce011c766a11880c726c8b5f877e488bcfb07fdda0.txt,not_established,locally_extracted_quote_validated_not_manually_verified,/home/sm11926/Certification_status/outputs/tariffs/pilot-2026-09-09,/home/sm11926/Certification_status/outputs/tariffs/pilot-2026-09-09/text/ad7dc474a905cfce1f6837ce011c766a11880c726c8b5f877e488bcfb07fdda0.txt,,
passage_06a1a72c3b6b5742661e76f4,"Sub-tier commercial suppliers for sensors to North America:
Panasonic Automotive Systems Co. of America*, Valeo Inc.*, Flex Ltd.*",Lists suppliers but does not establish their specific import exposure or duty rates.,not_established,proposal_or_uncertain,recovered_53a10def210f3d45e32d4f4d,q_178,chunk_e0f9cbf97248884dcb4b017b,document_30a8feb950b531fa166c0e15,https://www.federalregister.gov/documents/2021/11/08/2021-24162/publication-of-a-report-on-the-effect-of-imports-of-automobiles-and-automobile-parts-on-the-national,full_document,False,text/89ad4d607374bd7ff732352bde7035b5f8a377439a824799dcd2b601ffabdf5e.txt,not_established,locally_extracted_quote_validated_not_manually_verified,/home/sm11926/Certification_status/outputs/tariffs/pilot-2026-09-09,/home/sm11926/Certification_status/outputs/tariffs/pilot-2026-09-09/text/89ad4d607374bd7ff732352bde7035b5f8a377439a824799dcd2b601ffabdf5e.txt,,
passage_a5103e87c3aa56e1604d5f88,"Position or speed sensors for motor vehicle transmission systems, each valued not over $12 (described in statistical reporting number 8543.70.4500)",Lists statistical reporting numbers but does not confirm current duty status for the query's scope.,not_established,proposal_or_uncertain,recovered_1f797a9fafbd84d194ff2989,q_178,chunk_62a9f295ed8fb99c34050383,document_2beb5cfa7ed3f2a14db36015,https://ustr.gov/sites/default/files/Section%20301%20Exclusion%20Extension%20FRN.pdf,full_document,False,text/35b4eb18238fb4924d683ec87b230fffa2916121e6eb26e1cb32fec7f77bc141.txt,not_established,locally_extracted_quote_validated_not_manually_verified,/home/sm11926/Certification_status/outputs/tariffs/pilot-2026-09-09,/home/sm11926/Certification_status/outputs/tariffs/pilot-2026-09-09/text/35b4eb18238fb4924d683ec87b230fffa2916121e6eb26e1cb32fec7f77bc141.txt,,
passage_b9e932178f9285f001cc810b,"Domestic battery manufacturing in the US is growing, driven by a combination of tariff pressure, defense procurement requirements, and residual IRA investment momentum that was locked in before the subsidies were eliminated.",Confirms US-wide focus without Georgia specificity.,not_established,proposal_or_uncertain,recovered_ca1e39fcd6d610db43ce672e,q_11,chunk_d625c75d6d3fc6f5cf2f6a0a,document_78d5f38ea11227317f5a972a,https://www.totexmfg.com/battery-pack-tariffs-oem-2026,full_document,False,text/e0ba04e755583e765ed98ccd9a41c4332f768101b26871fe34c5c660b1c84fdb.txt,not_established,locally_extracted_quote_validated_not_manually_verified,/home/sm11926/Certification_status/outputs/tariffs/pilot-2026-09-09,/home/sm11926/Certification_status/outputs/tariffs/pilot-2026-09-09/text/e0ba04e755583e765ed98ccd9a41c4332f768101b26871fe34c5c660b1c84fdb.txt,,
passage_98367d3bba4b5cfbd4e05fd2,"Automotive OEMs: Companies like General Motors, Ford, Tesla, BMW, and Toyota will need to reassess sourcing and manufacturing strategies.",Lists major OEMs but omits Georgia-based entities or specific tariff sourcing changes for them.,not_established,proposal_or_uncertain,recovered_1c5bbd424fb872941e59ba58,q_11,chunk_b5f17f3af7ad7535daef23db,document_8fe2972bc8f3973c539449df,https://www.marketsandmarkets.com/ResearchInsight/us-tariff-impact-on-future-of-digital-cockpit-industry.asp,full_document,False,text/f388b3bdfaef8c1b960a5da4fc54e8c058f581146f6ea451b904fd90e45a6bb2.txt,not_established,locally_extracted_quote_validated_not_manually_verified,/home/sm11926/Certification_status/outputs/tariffs/pilot-2026-09-09,/home/sm11926/Certification_status/outputs/tariffs/pilot-2026-09-09/text/f388b3bdfaef8c1b960a5da4fc54e8c058f581146f6ea451b904fd90e45a6bb2.txt,,
passage_6439607e671b202443ec5036,The impact of battery tariffs will continue to influence the battery import market in the U.S. over the long term.,Indicates general US market trends rather than state-specific manufacturer exposure.,not_established,proposal_or_uncertain,recovered_db2a044261b2f8bb57a01c59,q_11,chunk_9e67b2a4f4d551c7b1913c0b,document_ed7db848dffcb4e48fa97e1b,https://manlybattery.com/battery-tools-and-resources/usa-import-duty-calculator,full_document,False,text/ecae6f0ee882df4fc5d8efd1a24869a9222b9c011c055076689cb2ac9fabd7ca.txt,not_established,locally_extracted_quote_validated_not_manually_verified,/home/sm11926/Certification_status/outputs/tariffs/pilot-2026-09-09,/home/sm11926/Certification_status/outputs/tariffs/pilot-2026-09-09/text/ecae6f0ee882df4fc5d8efd1a24869a9222b9c011c055076689cb2ac9fabd7ca.txt,,
passage_83fc47cd6551b639a2d197b8,"Predicting the tariff environment with precision is not possible – policy changes can happen quickly, court decisions can invalidate existing measures, and geopolitical developments can reshape trade relationships in ways that no forecast captures.",Highlights uncertainty preventing definitive current law application to specific Georgia facilities.,not_established,proposal_or_uncertain,recovered_5626300042728467fad77afc,q_11,chunk_239013f99289196c4ed421b6,document_78d5f38ea11227317f5a972a,https://www.totexmfg.com/battery-pack-tariffs-oem-2026,full_document,False,text/e0ba04e755583e765ed98ccd9a41c4332f768101b26871fe34c5c660b1c84fdb.txt,not_established,locally_extracted_quote_validated_not_manually_verified,/home/sm11926/Certification_status/outputs/tariffs/pilot-2026-09-09,/home/sm11926/Certification_status/outputs/tariffs/pilot-2026-09-09/text/e0ba04e755583e765ed98ccd9a41c4332f768101b26871fe34c5c660b1c84fdb.txt,,
passage_e700a4efd80be89e1ea4cf6f,"There have also been indications that the US administration may consider other tariff proposals impacting energy storage, such as a 10–20% universal tariff, tariffs of up to 60% across the board on Chinese-origin goods, and tariffs of 25% on Mexican and Canadian origin goods.",Indicates future proposals vs current law status.,not_established,proposal_or_uncertain,recovered_18ebcab8b1c84c917fb2f28d,q_381,chunk_0291d169c84b8ca118dac4e0,document_509f150d033f6e532a9c598a,https://www.morganlewis.com/pubs/2025/03/addressing-tariffs-and-trade-in-energy-storage-projects,full_document,False,text/23c6f86416709384a8b7cdbdd2153b7b092eef27ad50b9ac2e115e463a934291.txt,not_established,locally_extracted_quote_validated_not_manually_verified,/home/sm11926/Certification_status/outputs/tariffs/pilot-2026-09-09,/home/sm11926/Certification_status/outputs/tariffs/pilot-2026-09-09/text/23c6f86416709384a8b7cdbdd2153b7b092eef27ad50b9ac2e115e463a934291.txt,,
passage_e700a4efd80be89e1ea4cf6f,"With the tariffs imposed on February 1, 2025, President Trump was the first president to utilize the International Emergency Economic Powers Act (IEEPA) to impose a 25% tariff on goods from Mexico and Canada (other than a lower 10% tariff on Canadian energy and energy resources) and an additional 10% tariff on goods from China.",Shows conflicting or paused tariff actions affecting applicability.,not_established,proposal_or_uncertain,recovered_fb70ea6834049e7dab58acb7,q_381,chunk_0291d169c84b8ca118dac4e0,document_509f150d033f6e532a9c598a,https://www.morganlewis.com/pubs/2025/03/addressing-tariffs-and-trade-in-energy-storage-projects,full_document,False,text/23c6f86416709384a8b7cdbdd2153b7b092eef27ad50b9ac2e115e463a934291.txt,not_established,locally_extracted_quote_validated_not_manually_verified,/home/sm11926/Certification_status/outputs/tariffs/pilot-2026-09-09,/home/sm11926/Certification_status/outputs/tariffs/pilot-2026-09-09/text/23c6f86416709384a8b7cdbdd2153b7b092eef27ad50b9ac2e115e463a934291.txt,,
passage_a691588421c94f5d7cef7879,"USMCA fundamentally rewrote the economics of automotive manufacturing in North America, raising the Regional Value Content threshold from 62.5% under NAFTA to 75%, while introducing a Labor Value Content requirement and a 70% North American steel and aluminum mandate.",Establishes complex origin rules that may be outdated or changing.,not_established,proposal_or_uncertain,recovered_a6e1ee2d954ca0119fa05c7d,q_381,chunk_f6179965c3f42ed68405f4f6,document_3f09b598fda8d162189bcc9c,https://hub.americanindustriesgroup.com/insights/usmca-automotive,full_document,False,text/065e892e8edba6efa5728aa601cc6bef4c9898582cae31542faf02ac2b3662ed.txt,not_established,locally_extracted_quote_validated_not_manually_verified,/home/sm11926/Certification_status/outputs/tariffs/pilot-2026-09-09,/home/sm11926/Certification_status/outputs/tariffs/pilot-2026-09-09/text/065e892e8edba6efa5728aa601cc6bef4c9898582cae31542faf02ac2b3662ed.txt,,
passage_10478f3eca711e7900c82437,"USMCA exempts qualifying auto parts from the 25% Section 232 tariff, and qualifying requires more than simply assembling the part in Mexico or Canada.",Clarifies that assembly alone does not guarantee tariff exemption status.,not_established,proposal_or_uncertain,recovered_8b64cc2f1e1b6e94b43824f3,q_381,chunk_80ed6bb8b18ea8212de88d4b,document_6354be1b41bfaa3e4b62462b,https://dedola.com/blog/importing-auto-parts-into-the-us-classification-determines-your-section-232-tariff-rate,full_document,False,text/cfcc49bfa5f82fcbae2237d8a5eacd7f07e2777a9e4807842979a4157c29b47a.txt,not_established,locally_extracted_quote_validated_not_manually_verified,/home/sm11926/Certification_status/outputs/tariffs/pilot-2026-09-09,/home/sm11926/Certification_status/outputs/tariffs/pilot-2026-09-09/text/cfcc49bfa5f82fcbae2237d8a5eacd7f07e2777a9e4807842979a4157c29b47a.txt,,
passage_06393a43899df219466d58e9,"tics providers, these cost pressures will manifest in increased scrutiny of both inbound logistics and FVL cost structures. While cost reduction is a primary focus, it will require more than just freight rate cuts.",Confirms working capital/tariff context but lacks specific Georgia supplier exposure.,national_or_sector_context,proposal_or_uncertain,recovered_5cd60acd93e5b801153f6860,q_243,chunk_6bb594047515ea6015be7937,document_d5902d295fa721023388e591,https://www.automotivelogistics.media/supply-chain/automotive-logistics-and-supply-chains-in-2025-tariff-turmoil-investment-uncertainty-and-further-cost-pressures/649740,full_document,False,text/4ff7d047d7bad4228ed6355376f22d5aac524093b3aa71a53fb4be33a0e8450e.txt,not_established,locally_extracted_quote_validated_not_manually_verified,/home/sm11926/Certification_status/outputs/tariffs/pilot-2026-09-09,/home/sm11926/Certification_status/outputs/tariffs/pilot-2026-09-09/text/4ff7d047d7bad4228ed6355376f22d5aac524093b3aa71a53fb4be33a0e8450e.txt,,
passage_27331a245814dd387837fc90,"“With the high mix and the sheer number of types of vehicles that we run here, capacity is always a challenge to make sure our suppliers’ lines are running as well as they can,” he says. “We are always working with suppliers to ensure that they have the information needed to send the supplies to us.",Identifies Kia Georgia facility and supplier relationship but no tariff impact on working capital.,facility_location_only,proposal_or_uncertain,recovered_21986523ec836bda471c7ad1,q_243,chunk_c61d34dd9e61583de10ef0ae,document_c02ade84d479879c16b7d65a,https://www.automotivelogistics.media/supply-chain/kia-west-point-midnight-freight-trains-to-georgia/210654,full_document,False,text/e57a6443ba53287c69a273badca5be3c44968c660b9bede5928c4054a99a07bf.txt,not_established,locally_extracted_quote_validated_not_manually_verified,/home/sm11926/Certification_status/outputs/tariffs/pilot-2026-09-09,/home/sm11926/Certification_status/outputs/tariffs/pilot-2026-09-09/text/e57a6443ba53287c69a273badca5be3c44968c660b9bede5928c4054a99a07bf.txt,,
passage_064c01f8d59959e7b9704e73,"One tactical approach to consider is the use of customs bonded warehousing services. When importers and re-exporters leverage bonded warehouses at major ports where they’re already active–such as the Port of Savannah, Georgia–they have more say over how and when they spend funds on customs duties, which can help maximize cash flow and reduce business risk.",Mentions Savannah/Georgia and working capital strategy but is generic advice not specific exposure.,national_or_sector_context,proposal_or_uncertain,recovered_bd0bafd3f717eaae91ed05d8,q_243,chunk_7468dabb03ba22d07fd84077,document_716d5cd5b79e31399e3c087f,https://www.porter-logistics.com/blog/bonded-warehouse-savannah-tariff-strategy,full_document,False,text/1ea67deb63e7c1272153757b9397f952317a8c634ace7a6a4334864329ec5ff2.txt,not_established,locally_extracted_quote_validated_not_manually_verified,/home/sm11926/Certification_status/outputs/tariffs/pilot-2026-09-09,/home/sm11926/Certification_status/outputs/tariffs/pilot-2026-09-09/text/1ea67deb63e7c1272153757b9397f952317a8c634ace7a6a4334864329ec5ff2.txt,,
passage_7ea3b65a731b361cddd455e4,"Within specific sectors, such as autonomous vehicles, the CVC funds of large suppliers, including Bosch, Delphi, and Magna, have mad",Mentions supplier names but context is historical/2017 hearing data not current Georgia tariff exposure.,facility_location_only,proposal_or_uncertain,recovered_9aeeef506355aa3d79d870f8,q_243,chunk_a3f59edd99c8a0ddfcd463db,document_03bbe90c34832e1434fed9ad,https://www.govinfo.gov/content/pkg/CHRG-115shrg40897/html/CHRG-115shrg40897.htm,full_document,False,text/f30925b8ea3be5dbaed17d934b11458b924bc6ea7a38f8269bbfb6d50c13a393.txt,not_established,locally_extracted_quote_validated_not_manually_verified,/home/sm11926/Certification_status/outputs/tariffs/pilot-2026-09-09,/home/sm11926/Certification_status/outputs/tariffs/pilot-2026-09-09/text/f30925b8ea3be5dbaed17d934b11458b924bc6ea7a38f8269bbfb6d50c13a393.txt,,
passage_bf475e4fdcaa1007bc972325,"ise regarding the U.S. automotive sector, including our engagement with entities involved in the automotive supply chain across the United States, Mexico, and Canada, the Department believes that this figure is a reasonable approximation of the percentage of U.S. content in the typical USMCA qualifying vehicle.",General US scope without Georgia specificity,not_established,proposal_or_uncertain,recovered_3e631736b60f14dd5e306561,q_15,chunk_89f178c52763baf5f62e3848,document_fd9843942ad03ae7ff414fbc,https://www.federalregister.gov/documents/2025/05/20/2025-08917/procedures-for-submissions-by-importers-of-automobiles-qualifying-for-preferential-tariff-treatment,full_document,False,text/1319c3ce83389c24473d674af872cc9b103077fa4cd9b5dad31a2bcca324fd3f.txt,not_established,locally_extracted_quote_validated_not_manually_verified,/home/sm11926/Certification_status/outputs/tariffs/pilot-2026-09-09,/home/sm11926/Certification_status/outputs/tariffs/pilot-2026-09-09/text/1319c3ce83389c24473d674af872cc9b103077fa4cd9b5dad31a2bcca324fd3f.txt,,
passage_3afcc073bad974a0b15ac814,"Importer eligibility is open
The current extension is broadly available: any importer whose product meets the annex description can claim 9903.88.69.",General eligibility criteria without location constraints,not_established,proposal_or_uncertain,recovered_59f21ee9c972b466690b1ef9,q_15,chunk_4f0767db1af359f9d3560851,document_b8990a84eaf5bf7505599c37,https://tandom.ai/resources/section-301-china-exclusions-2026,full_document,False,text/044247d6d00fbd8643296c2fcd183bc6216f05c5ab73e85492637c5c1f303394.txt,not_established,locally_extracted_quote_validated_not_manually_verified,/home/sm11926/Certification_status/outputs/tariffs/pilot-2026-09-09,/home/sm11926/Certification_status/outputs/tariffs/pilot-2026-09-09/text/044247d6d00fbd8643296c2fcd183bc6216f05c5ab73e85492637c5c1f303394.txt,,
passage_a07a7d08e15e6e0ce8b1056d,"Without additional explanation of efforts undertaken or how further extending the exclusion would aid efforts to shift sourcing, the U.S. Trade Representative declined to extend these exclusions.",Criteria for exclusion extensions without Georgia context,not_established,proposal_or_uncertain,recovered_4540d3dae390c160581e68dd,q_15,chunk_87334c9feea3f8b994519f51,document_2beb5cfa7ed3f2a14db36015,https://ustr.gov/sites/default/files/Section%20301%20Exclusion%20Extension%20FRN.pdf,full_document,False,text/35b4eb18238fb4924d683ec87b230fffa2916121e6eb26e1cb32fec7f77bc141.txt,not_established,locally_extracted_quote_validated_not_manually_verified,/home/sm11926/Certification_status/outputs/tariffs/pilot-2026-09-09,/home/sm11926/Certification_status/outputs/tariffs/pilot-2026-09-09/text/35b4eb18238fb4924d683ec87b230fffa2916121e6eb26e1cb32fec7f77bc141.txt,,
passage_12064597ccae5fc57d5123a1,"Given the “close connections and overlap between part suppliers” for the automobile industry and the MHDV industry, Proclamation 10984 also amends Proclamation 10925 to conform certain aspects of the tariff system imposed by Proclamations 10908 and 10925 for automobiles and automobile parts to the tariff system imposed by Proclamation 10984.","Policy scope covers industry generally, not specific Georgia suppliers",not_established,proposal_or_uncertain,recovered_c114786713251909333794b6,q_15,chunk_debf2be253a40b6c202e7489,document_fd810bfbbbebea0049882924,https://www.federalregister.gov/documents/2026/05/15/2026-09782/amending-the-procedures-to-administer-import-adjustment-offset-amounts-for-certain-imports-of,full_document,False,text/97d9d6b92d5c3ae5620f00cf1b317c1b9faac73a1b558941cc098819a2fca742.txt,not_established,locally_extracted_quote_validated_not_manually_verified,/home/sm11926/Certification_status/outputs/tariffs/pilot-2026-09-09,/home/sm11926/Certification_status/outputs/tariffs/pilot-2026-09-09/text/97d9d6b92d5c3ae5620f00cf1b317c1b9faac73a1b558941cc098819a2fca742.txt,,
passage_db6241c4a92f98738e3c2091,"Georgia’s deepwater ports are responsible for $174 billion in sales, representing 11% of the state’s total sales.",Confirms geographic relevance but lacks company-specific facility exposure.,not_established,source_reports_effective_as_of_source_date,recovered_bb8964cf1e7d45054329065f,q_239,chunk_26a67c8a01c34d15d83c3fc1,document_478fc8b52ebfe79e1d705dc0,https://augustabusinessdaily.com/part-2-impact-of-tariffs-on-imports-sales-and-the-georgia-ports,full_document,False,text/9f10ae96ae7ddde21481a266b854130e0c16f2ee07b17cb368a8820c959afbad.txt,not_established,locally_extracted_quote_validated_not_manually_verified,/home/sm11926/Certification_status/outputs/tariffs/pilot-2026-09-09,/home/sm11926/Certification_status/outputs/tariffs/pilot-2026-09-09/text/9f10ae96ae7ddde21481a266b854130e0c16f2ee07b17cb368a8820c959afbad.txt,,
passage_db6241c4a92f98738e3c2091,"The slowdown follows what NRF called a near-record peak in import cargo volume at the nation’s major container ports, including Georgia’s. The burst of activity in the spring and summer months was believed to be retailers’ stockpiling merchandise ahead of the implementation of reciprocal tariff",Confirms topic relevance (stockpiling/tariffs) but generalizes to retailers rather than specific automotive company facilities.,not_established,source_reports_effective_as_of_source_date,recovered_0690f4b4634657078de41f7b,q_239,chunk_26a67c8a01c34d15d83c3fc1,document_478fc8b52ebfe79e1d705dc0,https://augustabusinessdaily.com/part-2-impact-of-tariffs-on-imports-sales-and-the-georgia-ports,full_document,False,text/9f10ae96ae7ddde21481a266b854130e0c16f2ee07b17cb368a8820c959afbad.txt,not_established,locally_extracted_quote_validated_not_manually_verified,/home/sm11926/Certification_status/outputs/tariffs/pilot-2026-09-09,/home/sm11926/Certification_status/outputs/tariffs/pilot-2026-09-09/text/9f10ae96ae7ddde21481a266b854130e0c16f2ee07b17cb368a8820c959afbad.txt,,
passage_db6241c4a92f98738e3c2091,"“Automobiles now, or machines, 15, 30, up to 50% tariffs on some of those cargoes,” he said.",Confirms tariff rates on automobiles but does not link to specific company inventory stockpiling in Southeast Georgia.,not_established,source_reports_effective_as_of_source_date,recovered_83b8777b66e155a008e4b813,q_239,chunk_26a67c8a01c34d15d83c3fc1,document_478fc8b52ebfe79e1d705dc0,https://augustabusinessdaily.com/part-2-impact-of-tariffs-on-imports-sales-and-the-georgia-ports,full_document,False,text/9f10ae96ae7ddde21481a266b854130e0c16f2ee07b17cb368a8820c959afbad.txt,not_established,locally_extracted_quote_validated_not_manually_verified,/home/sm11926/Certification_status/outputs/tariffs/pilot-2026-09-09,/home/sm11926/Certification_status/outputs/tariffs/pilot-2026-09-09/text/9f10ae96ae7ddde21481a266b854130e0c16f2ee07b17cb368a8820c959afbad.txt,,
passage_8e151aa87c35ffd0eb8bb4bf,"Inventory levels remained relatively stable to start the year but declined sharply at the end of March, driven by a sales surge of buyers rushing to purchase new vehicles ahead of the anticipated tariff increases.",Confirms inventory/tariff trends in automotive sector but lacks specific Southeast Georgia facility or company exposure details.,not_established,source_reports_effective_as_of_source_date,recovered_f90c645883ae78dcd65b1306,q_239,chunk_6487ea3ef9f875fa94d9a29d,document_0b45fff63df0bdd4c1a90393,https://haigpartners.com/wp-content/uploads/2025/05/Q1_2025_HaigReport_Digital.pdf,full_document,False,text/66a99944ccf4fff4919bbb3f318d01ab8fc2951b15d558242af3dca821688476.txt,not_established,locally_extracted_quote_validated_not_manually_verified,/home/sm11926/Certification_status/outputs/tariffs/pilot-2026-09-09,/home/sm11926/Certification_status/outputs/tariffs/pilot-2026-09-09/text/66a99944ccf4fff4919bbb3f318d01ab8fc2951b15d558242af3dca821688476.txt,,
passage_59aac9dc0d084508669beb8e,"Headquartered in Ulsan, Korea, Duckyang supplies cockpit modules to customers around the world including Hyundai, Kia, Renault Samsung Motors, Genesis, and Mobis. Cockpit modules are integrated auto parts comprised of more than 130 subcomponents found near the driver’s seat of a vehicle.",Confirms facility location but lacks tariff exposure data for imports.,facility_location_only,source_reports_historical,recovered_95eb5d0ca4399cd54af764a3,q_199,chunk_edcdab10aaeda3570fdf7441,document_d26cacbd9896ebd89058e825,https://gov.georgia.gov/press-releases/2021-05-20/gov-kemp-announces-korean-automotive-manufacturer-duckyang-open-companys,full_document,False,text/5ab70a69cbd6a5bf44ae9b7fca14be9cb29828e474b2cb0a618bba4df980f0ba.txt,not_established,locally_extracted_quote_validated_not_manually_verified,/home/sm11926/Certification_status/outputs/tariffs/pilot-2026-09-09,/home/sm11926/Certification_status/outputs/tariffs/pilot-2026-09-09/text/5ab70a69cbd6a5bf44ae9b7fca14be9cb29828e474b2cb0a618bba4df980f0ba.txt,,
passage_be559efbaed35c7b4b6b99ed,"Trump-era tariffs introduce significant volatility into the global digital cockpit industry. Companies that proactively address supply chain vulnerabilities, manage cost inflation, and navigate regulatory complexities will be best positioned to safeguard margins and sustain growth.",Indicates policy volatility rather than established current law for specific exposure.,not_established,proposal_or_uncertain,recovered_6a5ce9ee5b329cdd53a32371,q_199,chunk_b5f17f3af7ad7535daef23db,document_8fe2972bc8f3973c539449df,https://www.marketsandmarkets.com/ResearchInsight/us-tariff-impact-on-future-of-digital-cockpit-industry.asp,full_document,False,text/f388b3bdfaef8c1b960a5da4fc54e8c058f581146f6ea451b904fd90e45a6bb2.txt,not_established,locally_extracted_quote_validated_not_manually_verified,/home/sm11926/Certification_status/outputs/tariffs/pilot-2026-09-09,/home/sm11926/Certification_status/outputs/tariffs/pilot-2026-09-09/text/f388b3bdfaef8c1b960a5da4fc54e8c058f581146f6ea451b904fd90e45a6bb2.txt,,
passage_aef36e3b0e4f5880053fa5ae,Proper HTS classification is essential to managing tariff exposure. PCBs and PCBAs often fall under: - 8534 - Printed Circuits (bare boards) - 8537 - Control panels or assemblies - 8542 - Electronic integrated circuits,Highlights classification complexity preventing direct tariff mapping without specific part data.,not_established,source_reports_historical,recovered_5f1b67f806384258dcfce13b,q_199,chunk_b31ba67163064beae88b14b6,document_e2b13035fa0102975f68109b,https://www.teamsmt.com/blog/tariffs-on-electronics-whats-exempt-and-whats-not,full_document,False,text/e52d55d55235783744018b6f3fa28a2a0ee10f559f07e7a5718120c608c43821.txt,not_established,locally_extracted_quote_validated_not_manually_verified,/home/sm11926/Certification_status/outputs/tariffs/pilot-2026-09-09,/home/sm11926/Certification_status/outputs/tariffs/pilot-2026-09-09/text/e52d55d55235783744018b6f3fa28a2a0ee10f559f07e7a5718120c608c43821.txt,,
passage_b61903f485c5dd7a391ca3fc,"Recent trade adjustments have introduced significant increases in battery tariffs, ranging from 54% to 104%, depending on product type and classification.",Shows tariff rates but lacks specific applicability to Georgia facility imports at research date.,not_established,proposal_or_uncertain,recovered_daf286fa25ccf65051fadb84,q_199,chunk_20b2c1bdb432d5bfb78380b2,document_28a8d8ff9b5b446f64c24996,https://manlybattery.com/battery-tariffs,full_document,False,text/c48a7b7ee427d4f9cbc31536cd7025e00fab6d4ffa97167f1fc85e03c01d69eb.txt,not_established,locally_extracted_quote_validated_not_manually_verified,/home/sm11926/Certification_status/outputs/tariffs/pilot-2026-09-09,/home/sm11926/Certification_status/outputs/tariffs/pilot-2026-09-09/text/c48a7b7ee427d4f9cbc31536cd7025e00fab6d4ffa97167f1fc85e03c01d69eb.txt,,
passage_075d5cd6805c865f73e9c03a,"Johnson explained that while the full impact of the tariffs remains uncertain, there are concerns from longshoremen about how their work may change.",Demonstrates current policy status uncertainty.,not_established,proposal_or_uncertain,recovered_58e050084310008ec7860716,q_30,chunk_696a74d0b6897dcba8aa413d,document_6f8bb2d6058cf4fa53fba6a7,https://www.news4jax.com/news/local/2025/04/03/georgia-communities-brace-for-impact-of-president-donald-trumps-new-tariffs-on-local-ports,full_document,False,text/0a920330da091db6df594eaa85b389cca044883209af54c49ee87ae602108888.txt,not_established,locally_extracted_quote_validated_not_manually_verified,/home/sm11926/Certification_status/outputs/tariffs/pilot-2026-09-09,/home/sm11926/Certification_status/outputs/tariffs/pilot-2026-09-09/text/0a920330da091db6df594eaa85b389cca044883209af54c49ee87ae602108888.txt,,
passage_fc5d3bf0dc1e57703ebd0bdd,"Almost 779,000 passenger vehicles were processed through the US port of Brunswick in the 2025 calendar year, along with more than 53,000 units of rolling and static heavy equipment.",Provides historical volume data relevant to 2026 research date.,not_established,date_not_established,recovered_306343de1a08b3e529bdc4cd,q_30,chunk_5ba3c567fa64da09a9a642ab,document_8696f8516e64d5c22efdd5ee,https://www.automotivelogistics.media/vehicle-logistics/us-tariffs-dent-vehicle-growth-at-brunswick-in-2025/2653646,full_document,False,text/862885d0f74bf5957871acda4d6172be06fbc2e8a500def368a2b13d0c5a90a0.txt,not_established,locally_extracted_quote_validated_not_manually_verified,/home/sm11926/Certification_status/outputs/tariffs/pilot-2026-09-09,/home/sm11926/Certification_status/outputs/tariffs/pilot-2026-09-09/text/862885d0f74bf5957871acda4d6172be06fbc2e8a500def368a2b13d0c5a90a0.txt,,
passage_f554b591215632fd52d77f37,Uncertainty around USMCA exemptions adds confusion for manufacturers reliant on cross-border supply chains.,Indicates weak company relevance due to regulatory ambiguity.,not_established,proposal_or_uncertain,recovered_ad3ceba04d7b41dfdbfdf7b8,q_30,chunk_abda6832d4708e9d28a77631,document_559b3471aaf08c46cc157b1e,https://www.fox5atlanta.com/news/trumps-tariff-plan-sparks-economic-uncertainty-georgia,full_document,False,text/ef33853c979fb661a9dcb2e3e85e09fe15a9e6319df730c244999701a6e5c05f.txt,not_established,locally_extracted_quote_validated_not_manually_verified,/home/sm11926/Certification_status/outputs/tariffs/pilot-2026-09-09,/home/sm11926/Certification_status/outputs/tariffs/pilot-2026-09-09/text/ef33853c979fb661a9dcb2e3e85e09fe15a9e6319df730c244999701a6e5c05f.txt,,
passage_a08e178830a84fb811ece61f,"The surge, ironically, is a side effect of the tariff threat itself. Importers, worried about cost hikes, rushed to get goods into the country before the new duties kicked in.",Shows conflicting port impacts complicating generalization.,not_established,proposal_or_uncertain,recovered_5096f86512fa6ca615830a77,q_30,chunk_67b54c12332bc0e7881e3edb,document_9121c02d44063faf4fda1009,https://valdostadailytimes.com/2025/11/03/gary-wisenbaker-georgia-ports-weather-tariff-turbulence,full_document,False,text/ca9ceb838489392234a867eaf1ce8f7555ed7983d963cca40d280e5e9e9fd22a.txt,not_established,locally_extracted_quote_validated_not_manually_verified,/home/sm11926/Certification_status/outputs/tariffs/pilot-2026-09-09,/home/sm11926/Certification_status/outputs/tariffs/pilot-2026-09-09/text/ca9ceb838489392234a867eaf1ce8f7555ed7983d963cca40d280e5e9e9fd22a.txt,,
passage_c4dac56efc41466efb4d9a01,"The classification of ECUs is an area of frequent dispute, and CBP rulings should be consulted carefully.",Indicates classification uncertainty for automotive electronic components.,not_established,proposal_or_uncertain,recovered_35027de3d6824cdde2d01903,q_200,chunk_1eb84bb933bf2010e6cfd4cf,document_7c67e6c4161964f9ec8f1d75,https://www.camtomx.com/en/blog/hts-classification-automotive-parts-guide,full_document,False,text/da7ef007f72b3a3414a804e6cf0acb6c3494c5b6e98d38c48bcc11567ccc2917.txt,not_established,locally_extracted_quote_validated_not_manually_verified,/home/sm11926/Certification_status/outputs/tariffs/pilot-2026-09-09,/home/sm11926/Certification_status/outputs/tariffs/pilot-2026-09-09/text/da7ef007f72b3a3414a804e6cf0acb6c3494c5b6e98d38c48bcc11567ccc2917.txt,,
passage_24f4a286e4adaf4b301e14c2,These multi-function components present a classification challenge because they span multiple possible HTS headings.,Confirms ambiguity for bundled infotainment systems across chapters.,not_established,proposal_or_uncertain,recovered_3b2d812a9602caadeba95f67,q_200,chunk_17ac2ffb63924d2e2dc9a7b2,document_b75907e603c6d1165139434d,https://gingercontrol.com/blog/hts-classification-auto-parts,full_document,False,text/f902f218e95fc47880f951543530916799d52c0551ff06abee5c95c343cd116e.txt,not_established,locally_extracted_quote_validated_not_manually_verified,/home/sm11926/Certification_status/outputs/tariffs/pilot-2026-09-09,/home/sm11926/Certification_status/outputs/tariffs/pilot-2026-09-09/text/f902f218e95fc47880f951543530916799d52c0551ff06abee5c95c343cd116e.txt,,
passage_ccdc8d20e3bd6c3ff001e854,the static nature of customs laws and regulations makes it difficult for the agency to keep up with the fast-paced introduction of new e-products.,Highlights regulatory lag creating evidence gaps for new EV components.,not_established,proposal_or_uncertain,recovered_78b0e0e063091006b1f0b06a,q_200,chunk_463716015b29e15ed85132df,document_0cc0cf29c8505b3477c643be,https://www.jdsupra.com/legalnews/re-thinking-strategies-for-7978507,full_document,False,text/03b640310a677bd94f4c2e3373ff7445e19227a88683c1f805267a7b8702880f.txt,not_established,locally_extracted_quote_validated_not_manually_verified,/home/sm11926/Certification_status/outputs/tariffs/pilot-2026-09-09,/home/sm11926/Certification_status/outputs/tariffs/pilot-2026-09-09/text/03b640310a677bd94f4c2e3373ff7445e19227a88683c1f805267a7b8702880f.txt,,
passage_3159affd22cd878de110e2ee,questions on the HTS classification of these EV parts will be created in parallel to these evolving technologies,Confirms ongoing uncertainty regarding classification of new automotive technologies.,not_established,proposal_or_uncertain,recovered_4eb0234a53630a8a2e8930aa,q_200,chunk_cce3299482920057cb924841,document_f1a28830674bd823bc23ad31,https://www.afslaw.com/perspectives/customs-import-compliance-blog/gateway-customs-issue-us-tariff-classifications-the,full_document,False,text/3ff0ed13c9e4196fe9597476e33bdeae7a433db7143416036551dd3738c286c0.txt,not_established,locally_extracted_quote_validated_not_manually_verified,/home/sm11926/Certification_status/outputs/tariffs/pilot-2026-09-09,/home/sm11926/Certification_status/outputs/tariffs/pilot-2026-09-09/text/3ff0ed13c9e4196fe9597476e33bdeae7a433db7143416036551dd3738c286c0.txt,,
passage_2fea06d8a2145ac73d7fe410,The right approach is the key to negotiation success - we will show you how our team can support you in preparing effective negotiations with top customers based on previous project experience.,General negotiation advice without Georgia or company specificity.,not_established,proposal_or_uncertain,recovered_781e8df306e2e45e7fef178f,q_231,chunk_13f363fefa123952dd64cfb0,document_b5bcc57368fdbac1f1276a95,https://www.fti-andersch.com/en/insights/high-impact-customer-negotiations-in-times-of-huge-cost-increases,full_document,False,text/32ab9487962ae8cbb25de3ef260ba6da2021d4a311111ac8452e062bbf443730.txt,not_established,locally_extracted_quote_validated_not_manually_verified,/home/sm11926/Certification_status/outputs/tariffs/pilot-2026-09-09,/home/sm11926/Certification_status/outputs/tariffs/pilot-2026-09-09/text/32ab9487962ae8cbb25de3ef260ba6da2021d4a311111ac8452e062bbf443730.txt,,
passage_beba4054d8589c796cd0cdef,A supplier with only one manufacturing facility in the U.S. will find its market limited to the Tier 1s as the Tier 1 suppliers find their markets limited to its customer base.,"Discusses US supply chain limitations generally, no Georgia specific data.",not_established,proposal_or_uncertain,recovered_418325e51946c58db4d67b73,q_231,chunk_1b9dc2784823537a1a50ad46,document_03bbe90c34832e1434fed9ad,https://www.govinfo.gov/content/pkg/CHRG-115shrg40897/html/CHRG-115shrg40897.htm,full_document,False,text/f30925b8ea3be5dbaed17d934b11458b924bc6ea7a38f8269bbfb6d50c13a393.txt,not_established,locally_extracted_quote_validated_not_manually_verified,/home/sm11926/Certification_status/outputs/tariffs/pilot-2026-09-09,/home/sm11926/Certification_status/outputs/tariffs/pilot-2026-09-09/text/f30925b8ea3be5dbaed17d934b11458b924bc6ea7a38f8269bbfb6d50c13a393.txt,,
passage_124422a352267af3502a5e6a,"Aftermarket suppliers have greater pricing power and less production in Mexico, but tariffs on China could hurt some aftermarket suppliers.","Mentions Mexico/China impacts, not Georgia automotive supplier pass-through.",not_established,proposal_or_uncertain,recovered_2e7a5f82110053aa18dc5adc,q_231,chunk_09fb3ff6c8701f55f5872069,document_9e90d68f9138d0ce517a4182,https://www.automotive-fleet.com/news/tariff-update-may-30-tariff-shifts-shake-up-auto-industry-as-legal-trade-battles-evolve,full_document,False,text/4ba28204f598267a3c914d164c3a649f21490bcb8fb8d17388fb0f6167613ad0.txt,not_established,locally_extracted_quote_validated_not_manually_verified,/home/sm11926/Certification_status/outputs/tariffs/pilot-2026-09-09,/home/sm11926/Certification_status/outputs/tariffs/pilot-2026-09-09/text/4ba28204f598267a3c914d164c3a649f21490bcb8fb8d17388fb0f6167613ad0.txt,,
passage_aa0e9e279b569b1725b4b020,"Alternatively, the parties can introduce flexible contractual terms and renegotiation clauses within the supply agreements or EPC contracts, including price adjustment mechanisms that trigger renegotiation in response to significant tariff changes.","General BESS project contract advice, not Georgia automotive specific.",not_established,proposal_or_uncertain,recovered_48181e1bf5b4f41b57e1eb0e,q_231,chunk_2a4f5d0e895bf34e2a657492,document_509f150d033f6e532a9c598a,https://www.morganlewis.com/pubs/2025/03/addressing-tariffs-and-trade-in-energy-storage-projects,full_document,False,text/23c6f86416709384a8b7cdbdd2153b7b092eef27ad50b9ac2e115e463a934291.txt,not_established,locally_extracted_quote_validated_not_manually_verified,/home/sm11926/Certification_status/outputs/tariffs/pilot-2026-09-09,/home/sm11926/Certification_status/outputs/tariffs/pilot-2026-09-09/text/23c6f86416709384a8b7cdbdd2153b7b092eef27ad50b9ac2e115e463a934291.txt,,
passage_caecba64bb24dff6eda79582,Tariff exposure should be reviewed before battery design is frozen.,Indicates need for classification review but does not provide specific duty rates or HTS codes for thermal interface materials.,not_established,proposal_or_uncertain,recovered_c2f5bb2ce80f9ece812516bc,q_395,chunk_f262fad6708578192409a7e9,document_6080287f7a45bacc95fb830c,https://www.large-battery.com/blog/us-tariff-on-chinese-lithium-ion-batteries,full_document,False,text/0837cbb87b5a42347550bcd978396b1239312f1de0e331a216c2d8c40ec2ca06.txt,not_established,locally_extracted_quote_validated_not_manually_verified,/home/sm11926/Certification_status/outputs/tariffs/pilot-2026-09-09,/home/sm11926/Certification_status/outputs/tariffs/pilot-2026-09-09/text/0837cbb87b5a42347550bcd978396b1239312f1de0e331a216c2d8c40ec2ca06.txt,,
passage_caecba64bb24dff6eda79582,"Confirm the 10-digit HTS classification for every imported battery, charger, and accessory.",Recommends verification of classification but does not supply the specific data required for the query.,not_established,proposal_or_uncertain,recovered_84bfcd07a360b37665da872e,q_395,chunk_f262fad6708578192409a7e9,document_6080287f7a45bacc95fb830c,https://www.large-battery.com/blog/us-tariff-on-chinese-lithium-ion-batteries,full_document,False,text/0837cbb87b5a42347550bcd978396b1239312f1de0e331a216c2d8c40ec2ca06.txt,not_established,locally_extracted_quote_validated_not_manually_verified,/home/sm11926/Certification_status/outputs/tariffs/pilot-2026-09-09,/home/sm11926/Certification_status/outputs/tariffs/pilot-2026-09-09/text/0837cbb87b5a42347550bcd978396b1239312f1de0e331a216c2d8c40ec2ca06.txt,,
passage_9298b2f650c88c4948acf253,they require the use of active liquid-cooling systems using large volumetric flow rates and optimised thermal interface materials.,Confirms demand for thermal interface materials in EVs but provides no customs classification or duty information.,not_established,proposal_or_uncertain,recovered_90aa6625a9977f0f44dc6631,q_395,chunk_cc5bc5145b79b3e87723e120,document_28709eec39cb30f520c83992,https://www.knowledge-sourcing.com/report/ev-thermal-management-systems-market,full_document,False,text/a82ffe69feeb7340441720498ed9617924704127f985416acf6e5893a2809d5f.txt,not_established,locally_extracted_quote_validated_not_manually_verified,/home/sm11926/Certification_status/outputs/tariffs/pilot-2026-09-09,/home/sm11926/Certification_status/outputs/tariffs/pilot-2026-09-09/text/a82ffe69feeb7340441720498ed9617924704127f985416acf6e5893a2809d5f.txt,,
passage_9a1306268b1d2bcd441f8455,Classified HTS 7019.62.90 as colored closed roving fabric.,"Provides an HTS classification example for a related glass fiber product, but does not confirm applicability to battery thermal interface materials.",not_established,proposal_or_uncertain,recovered_528453069c0414f38c3e87eb,q_395,chunk_243a83485d4d61fe313c4603,document_27a2e0762727bfdfc895ff79,https://tariffs.wove.com/us/tariff/7019.62.90/colored-fiberglass-pcb-prepreg,full_document,False,text/a2a7d470c10453533c466b15128dd9cef323bf16a6384d5a2d6111adbbd4108c.txt,not_established,locally_extracted_quote_validated_not_manually_verified,/home/sm11926/Certification_status/outputs/tariffs/pilot-2026-09-09,/home/sm11926/Certification_status/outputs/tariffs/pilot-2026-09-09/text/a2a7d470c10453533c466b15128dd9cef323bf16a6384d5a2d6111adbbd4108c.txt,,
passage_754848c636ca8e4bfaccdd4b,Building American-made EVs helps to protect export-dependent Hyundai from President Donald Trump's proposed 25% tariffs on imported cars and parts.,"Indicates tariff status is 'proposed', conflicting with claims of current law.",explicit_named_company_effect,proposal_or_uncertain,recovered_98f65d6c404a0c7e7506e3d9,q_34,chunk_43225a005b217e9e4d94fd42,document_0d54f8a5683c9dab2f81d509,https://insideevs.com/news/755058/hyundai-metaplant-georgia-ioniq-tariffs,full_document,False,text/2f670805853744b61b9c0ec3197ccef07e59d0224ef7c26e19e2734af79c474c.txt,not_established,locally_extracted_quote_validated_not_manually_verified,/home/sm11926/Certification_status/outputs/tariffs/pilot-2026-09-09,/home/sm11926/Certification_status/outputs/tariffs/pilot-2026-09-09/text/2f670805853744b61b9c0ec3197ccef07e59d0224ef7c26e19e2734af79c474c.txt,,
passage_6d749fc7f1dd2ca25e86395b,Tollison said not relying on shipments outside the country is a win for the Hyundai Metaplant due to the current 25% tariffs put in place by President Donald Trump.,"Contradicts 'proposed' status, showing conflicting evidence on tariff applicability.",explicit_named_company_effect,source_reports_effective_as_of_source_date,recovered_3b6591838dedd568b01ea0d2,q_34,chunk_e7c5aaacf2fceb4b706a6700,document_079b4ba6ee636e62b14b4271,https://www.wjcl.com/article/hyundai-20-billion-positive-impact-hyundai-metaplant-bryan-county/64290033,full_document,False,text/2145120b013461f75c2dca6a9b8a29c0e4599d490f3156241b9771a76f761785.txt,not_established,locally_extracted_quote_validated_not_manually_verified,/home/sm11926/Certification_status/outputs/tariffs/pilot-2026-09-09,/home/sm11926/Certification_status/outputs/tariffs/pilot-2026-09-09/text/2145120b013461f75c2dca6a9b8a29c0e4599d490f3156241b9771a76f761785.txt,,
passage_754848c636ca8e4bfaccdd4b,"Automated platforms roam the floor carrying components, partially assembled cars and even completed ones from place to place. Boston Dynamics' robotic dog, Spot, roams around performing quality checks on vehicle welds.",Confirms machinery presence but provides no data on import duties for such equipment.,explicit_named_company_effect,source_reports_effective_as_of_source_date,recovered_e043711cc1d0aeadbd021c93,q_34,chunk_43225a005b217e9e4d94fd42,document_0d54f8a5683c9dab2f81d509,https://insideevs.com/news/755058/hyundai-metaplant-georgia-ioniq-tariffs,full_document,False,text/2f670805853744b61b9c0ec3197ccef07e59d0224ef7c26e19e2734af79c474c.txt,not_established,locally_extracted_quote_validated_not_manually_verified,/home/sm11926/Certification_status/outputs/tariffs/pilot-2026-09-09,/home/sm11926/Certification_status/outputs/tariffs/pilot-2026-09-09/text/2f670805853744b61b9c0ec3197ccef07e59d0224ef7c26e19e2734af79c474c.txt,,
passage_22ebf9a7501a30784faeaade,CBP held that the assembly processes performed in Mexico of battery packs did not result in a substantial transformation of the components sourced from China.,Directly addresses Mexico/US origin rules for Section 301 applicability missing from original selection.,national_or_sector_context,proposal_or_uncertain,recovered_390abea78b059b2b8c0809dc,q_118,chunk_3802299155335d8540a1b194,document_147239c45e4c492f0232dcd8,https://www.customsmobile.com/rulings/docview?doc_id=HQ+H316545&highlight=HQ+H316545,full_document,False,text/52ae68b9b8a6e899074fb54823b860d75703cc128b7972256c6346fe156c4160.txt,not_established,locally_extracted_quote_validated_not_manually_verified,/home/sm11926/Certification_status/outputs/tariffs/pilot-2026-09-09,/home/sm11926/Certification_status/outputs/tariffs/pilot-2026-09-09/text/52ae68b9b8a6e899074fb54823b860d75703cc128b7972256c6346fe156c4160.txt,,
passage_c3d09debfecca660410cd0ce,concerning the eligibility of certain custom order battery packs for duty-free treatment under the United States-Mexico-Canada Agreement.,Identifies named company (Inventus Power) and USMCA context not captured in original answer.,national_or_sector_context,proposal_or_uncertain,recovered_fb7ca538c53c826b08f79d33,q_118,chunk_0e60876e8893cefc578ed43d,document_147239c45e4c492f0232dcd8,https://www.customsmobile.com/rulings/docview?doc_id=HQ+H316545&highlight=HQ+H316545,full_document,False,text/52ae68b9b8a6e899074fb54823b860d75703cc128b7972256c6346fe156c4160.txt,not_established,locally_extracted_quote_validated_not_manually_verified,/home/sm11926/Certification_status/outputs/tariffs/pilot-2026-09-09,/home/sm11926/Certification_status/outputs/tariffs/pilot-2026-09-09/text/52ae68b9b8a6e899074fb54823b860d75703cc128b7972256c6346fe156c4160.txt,,
passage_e52bb6492bbe37dfaaca7073,"Non-EV lithium-ion batteries | 7.5% | 25% | January 1, 2026",Demonstrates future tariff rates and effective dates indicating policy status not fully established.,national_or_sector_context,proposal_or_uncertain,recovered_3e19d8d33b408f6fbcfa25f2,q_118,chunk_5372a4563c69e6209a549215,document_962d83e585189fac5f9a629f,https://gingercontrol.com/blog/section-301-tariff-rates-china,full_document,False,text/97cd6145e363c8395065948fb7d6356dffcb224d5d3275c28accca25f65f6fca.txt,not_established,locally_extracted_quote_validated_not_manually_verified,/home/sm11926/Certification_status/outputs/tariffs/pilot-2026-09-09,/home/sm11926/Certification_status/outputs/tariffs/pilot-2026-09-09/text/97cd6145e363c8395065948fb7d6356dffcb224d5d3275c28accca25f65f6fca.txt,,
passage_e700a4efd80be89e1ea4cf6f,"Tariffs on Chinese-origin lithium-ion non-EV batteries are scheduled to increase to 25% effective January 1, 2026.",Confirms future policy changes and current status uncertainty for battery tariffs.,national_or_sector_context,proposal_or_uncertain,recovered_98f3990127420b25366250b3,q_118,chunk_0291d169c84b8ca118dac4e0,document_509f150d033f6e532a9c598a,https://www.morganlewis.com/pubs/2025/03/addressing-tariffs-and-trade-in-energy-storage-projects,full_document,False,text/23c6f86416709384a8b7cdbdd2153b7b092eef27ad50b9ac2e115e463a934291.txt,not_established,locally_extracted_quote_validated_not_manually_verified,/home/sm11926/Certification_status/outputs/tariffs/pilot-2026-09-09,/home/sm11926/Certification_status/outputs/tariffs/pilot-2026-09-09/text/23c6f86416709384a8b7cdbdd2153b7b092eef27ad50b9ac2e115e463a934291.txt,,
passage_7f5d72504a3e51290943d7ac,"In addition, the administration may impose tariffs on foreign trade zone entries of automobiles and parts unless they meet strict domestic status requirements, closing another potential loophole for tariff avoidance.",Shows general auto tariff policy without Georgia company specificity.,not_established,proposal_or_uncertain,recovered_7b0fd9b6bd6733dad12d819c,q_13,chunk_648d3ba6b4d5472bbfcc8a3b,document_2294c1c083216b35007658e2,https://www.ghy.com/trade-compliance/us-to-apply-a-25-tariff-on-imports-of-autos-and-parts,full_document,False,text/9a45951c87478bb0c5924863f8a4cd16779e743b7142d4425e25420095a0cc69.txt,not_established,locally_extracted_quote_validated_not_manually_verified,/home/sm11926/Certification_status/outputs/tariffs/pilot-2026-09-09,/home/sm11926/Certification_status/outputs/tariffs/pilot-2026-09-09/text/9a45951c87478bb0c5924863f8a4cd16779e743b7142d4425e25420095a0cc69.txt,,
passage_b7553157d429e033748b70e6,Manufacturers and EMS providers are employing a variety of strategies to soften the impact of tariffs and optimize their operations.,"General OEM strategy, no Georgia EV company link.",not_established,proposal_or_uncertain,recovered_85dff0e592a7f2c21aa76884,q_13,chunk_ad58826859992d0e70850a3a,document_2ed898a0b44943f3580f8f62,https://www.teamsmt.com/blog/2025-tariffs-reshoring-ems-industry,full_document,False,text/2566eb7981016a97449487c9ac123d2f7633ef0d6a5c0a702054f0d1552c677f.txt,not_established,locally_extracted_quote_validated_not_manually_verified,/home/sm11926/Certification_status/outputs/tariffs/pilot-2026-09-09,/home/sm11926/Certification_status/outputs/tariffs/pilot-2026-09-09/text/2566eb7981016a97449487c9ac123d2f7633ef0d6a5c0a702054f0d1552c677f.txt,,
passage_fb89e0fe5c8b0afccdeb86c2,"While the range across estimates is wide, the direction is the same: the Great Transshipment Scam is far larger than conservative shipment-level measures alone would suggest.","Discusses transshipment generally, not Georgia EV specific avoidance.",not_established,proposal_or_uncertain,recovered_e140b5b53e24335a809cb86e,q_13,chunk_9f74705968b80f708ac6382b,document_e25e5185a5ef17776467b1d1,https://www.whitehouse.gov/wp-content/uploads/2026/08/The-Great-Transshipment-Scam.pdf,full_document,False,text/2595a094085b56e1998f37cc92dbc3170e4de2147abf1e3ef86f52ca7227675e.txt,not_established,locally_extracted_quote_validated_not_manually_verified,/home/sm11926/Certification_status/outputs/tariffs/pilot-2026-09-09,/home/sm11926/Certification_status/outputs/tariffs/pilot-2026-09-09/text/2595a094085b56e1998f37cc92dbc3170e4de2147abf1e3ef86f52ca7227675e.txt,,
passage_1756d84fd0507066ad7ad926,"Hyundai Motor is exploring plans to expand annual production capacity at its new plant in Georgia to as much as 800,000 units. The tariff policies of the Donald Trump administration are seen as a key factor accelerating the push toward local production.",Confirms Hyundai/Georgia/tariff link but describes plans rather than established exposure rates.,explicit_named_company_effect,proposal_or_uncertain,recovered_cf9a6e79f51b140cf8f0410f,q_268,chunk_70920848a4459e26c55c1d6f,document_f9476e65504a25d75d94b0cf,https://finance.biggo.com/news/7c816f70-187d-4f54-84d6-c8c8f26bacb6,full_document,False,text/2e4ad3ac57ef0fca29d597f638acd82ad63cd9486a8de6562a0d8461ac728fda.txt,not_established,locally_extracted_quote_validated_not_manually_verified,/home/sm11926/Certification_status/outputs/tariffs/pilot-2026-09-09,/home/sm11926/Certification_status/outputs/tariffs/pilot-2026-09-09/text/2e4ad3ac57ef0fca29d597f638acd82ad63cd9486a8de6562a0d8461ac728fda.txt,,
passage_1756d84fd0507066ad7ad926,"Muñoz directly acknowledged that the Trump administration's tariffs are pulling forward the localization strategy. ""Tariffs are helping us accelerate our localization plans.","Shows company acknowledgement of tariff impact on strategy, not specific supply chain exposure data.",explicit_named_company_effect,proposal_or_uncertain,recovered_6176fa8a9ee842949f705e52,q_268,chunk_70920848a4459e26c55c1d6f,document_f9476e65504a25d75d94b0cf,https://finance.biggo.com/news/7c816f70-187d-4f54-84d6-c8c8f26bacb6,full_document,False,text/2e4ad3ac57ef0fca29d597f638acd82ad63cd9486a8de6562a0d8461ac728fda.txt,not_established,locally_extracted_quote_validated_not_manually_verified,/home/sm11926/Certification_status/outputs/tariffs/pilot-2026-09-09,/home/sm11926/Certification_status/outputs/tariffs/pilot-2026-09-09/text/2e4ad3ac57ef0fca29d597f638acd82ad63cd9486a8de6562a0d8461ac728fda.txt,,
passage_25f03370bee52db69491fd53,"For instance, Ford and SK Innovation’s USD 5.6 billion Blue Oval City in Tennessee, Hyundai’s USD7.6 billion EV plant in Georgia, and Honda has invested around USD 19 billion in its US manufacturing operations, signaling a strong shift toward USA-based manufacturing.",Establishes facility location but does not quantify tariff exposure or supplier impact.,explicit_named_company_effect,proposal_or_uncertain,recovered_bd5c419ec0923377c594c008,q_268,chunk_8a0a33a45648716bd3add7e7,document_b80d6effd2270cb1977ef869,https://www.iebrain.com/mediacoverage/automotive-supply-chain-localization-transformative-step-amid-tariff-wars,full_document,False,text/132a80a89deab732c1d18d30194da10cdf50bea83fab5783b9e90a0483a65252.txt,not_established,locally_extracted_quote_validated_not_manually_verified,/home/sm11926/Certification_status/outputs/tariffs/pilot-2026-09-09,/home/sm11926/Certification_status/outputs/tariffs/pilot-2026-09-09/text/132a80a89deab732c1d18d30194da10cdf50bea83fab5783b9e90a0483a65252.txt,,
passage_d8d1b2a3755e5083638a7e45,"S. CBP, but custom duty rules don’t apply while in the zone – No access limitations – No time limit | 
Each option has advantages, but bonded warehouses often provide the most straightforward solution for importers seeking tariff flexibility without the complexity of FTZ designation.",Discusses duty deferral mechanisms rather than specific supply chain duties.,not_established,proposal_or_uncertain,recovered_528e6aaa3c7e02fb6b2ba23b,q_17,chunk_7468dabb03ba22d07fd84077,document_716d5cd5b79e31399e3c087f,https://www.porter-logistics.com/blog/bonded-warehouse-savannah-tariff-strategy,full_document,False,text/1ea67deb63e7c1272153757b9397f952317a8c634ace7a6a4334864329ec5ff2.txt,not_established,locally_extracted_quote_validated_not_manually_verified,/home/sm11926/Certification_status/outputs/tariffs/pilot-2026-09-09,/home/sm11926/Certification_status/outputs/tariffs/pilot-2026-09-09/text/1ea67deb63e7c1272153757b9397f952317a8c634ace7a6a4334864329ec5ff2.txt,,
passage_f9b6ce8c42bc1136f3a386d7,"It starts with careful control and planning at the port of Savannah. Griffith V. Lynch, executive director of GPA, says that it monitors KMMG’s cargo prior to its arrival; while the containers are still on the water, it ensures that all documents are in order to allow the immediate availability of the cargo, with no customs holds, for example.",Describes logistics monitoring and customs clearance processes without specifying duty rates.,not_established,proposal_or_uncertain,recovered_3dbe814596b63862db00f3ad,q_17,chunk_656dfde63b930dcb23db68c2,document_c02ade84d479879c16b7d65a,https://www.automotivelogistics.media/supply-chain/kia-west-point-midnight-freight-trains-to-georgia/210654,full_document,False,text/e57a6443ba53287c69a273badca5be3c44968c660b9bede5928c4054a99a07bf.txt,not_established,locally_extracted_quote_validated_not_manually_verified,/home/sm11926/Certification_status/outputs/tariffs/pilot-2026-09-09,/home/sm11926/Certification_status/outputs/tariffs/pilot-2026-09-09/text/e57a6443ba53287c69a273badca5be3c44968c660b9bede5928c4054a99a07bf.txt,,
passage_356ddb80fd921c044fcd8a39,"The growth was caused in part by a surge in cargo since President Donald Trump returned to office in January, promising heavy tariffs on China and other U.S. trading partners.",Mentions tariff promises but does not establish specific rates for the automotive supply chain.,not_established,proposal_or_uncertain,recovered_f3d514619b991fc5a0360711,q_17,chunk_2357e2204456e03a0ab6179b,document_0fe93b485392284e2758944b,https://www.wabe.org/cargo-surge-amid-tariff-turmoil-drives-the-port-of-savannah-to-its-2nd-busiest-year,full_document,False,text/670f7792e786061954312afdbdce9cfde8249b9f18f8356e859c1f922cbc987b.txt,not_established,locally_extracted_quote_validated_not_manually_verified,/home/sm11926/Certification_status/outputs/tariffs/pilot-2026-09-09,/home/sm11926/Certification_status/outputs/tariffs/pilot-2026-09-09/text/670f7792e786061954312afdbdce9cfde8249b9f18f8356e859c1f922cbc987b.txt,,
passage_86d392a7474b932a20bf7a6b,"But all eyes are on tariff impacts from across the world, which are impacting operations in southeast Georgia.",Confirms tariff impact awareness but lacks specific duty data for automotive supply chain exposure.,not_established,proposal_or_uncertain,recovered_72c2750b0c9f305f10fd76b2,q_17,chunk_9d4288832720253c0c3df619,document_e2985c868e85600c1822d156,https://www.wtoc.com/2026/01/28/port-savannah-tracks-tariff-impacts-following-second-busiest-year-record,full_document,False,text/d93fef2eb459e6085577b97aa4dd5c804c3ccec7b8d5f9b328347aa8995a48ed.txt,not_established,locally_extracted_quote_validated_not_manually_verified,/home/sm11926/Certification_status/outputs/tariffs/pilot-2026-09-09,/home/sm11926/Certification_status/outputs/tariffs/pilot-2026-09-09/text/d93fef2eb459e6085577b97aa4dd5c804c3ccec7b8d5f9b328347aa8995a48ed.txt,,
passage_5039e74b480b62d70fbd2060,"Among the challenges: The tariffs will still affect Hyundai, like other auto companies producing in the U.S., to the degree that parts are imported.",Confirms tariff impact on parts but not equipment specifically.,explicit_named_company_effect,proposal_or_uncertain,recovered_267db81a308b98e98ff338c1,q_26,chunk_1bb739b5b8aa2461228dbeee,document_fb6cbe1c5a81d49b8fae718b,https://www.csmonitor.com/Business/2025/0408/tariffs-hyundai-auto-factory-jobs-georgia,full_document,True,text/cecdb3431693c13264b3ab33f6187ca8461ef5f8c95ed1d85d608dab98d3abca.txt,not_established,locally_extracted_quote_validated_not_manually_verified,/home/sm11926/Certification_status/outputs/tariffs/pilot-2026-09-09,/home/sm11926/Certification_status/outputs/tariffs/pilot-2026-09-09/text/cecdb3431693c13264b3ab33f6187ca8461ef5f8c95ed1d85d608dab98d3abca.txt,,
passage_b07327f9e514c9d54c5783c5,Vehicles imported from South Korea face a 15 percent US duty.,"Specifies vehicle tariff, not manufacturing equipment tariff.",explicit_named_company_effect,proposal_or_uncertain,recovered_59633951f2204d9e7b81c586,q_26,chunk_b01cdca1db7f94c95abcd293,document_4fd3c81588d7c9a7cdc424f3,https://businessmodelanalyst.com/hyundai-localization-margin-recovery-26-billion,full_document,False,text/e428b5ab28fc2b0afa41796f1fc4fae641bafd4921c75d3f8cd59a613b2d25c0.txt,not_established,locally_extracted_quote_validated_not_manually_verified,/home/sm11926/Certification_status/outputs/tariffs/pilot-2026-09-09,/home/sm11926/Certification_status/outputs/tariffs/pilot-2026-09-09/text/e428b5ab28fc2b0afa41796f1fc4fae641bafd4921c75d3f8cd59a613b2d25c0.txt,,
passage_baf20c6fef006ed9c8de852e,"On May 31, 2024, USTR issued a Federal Register notice setting out the proposed information it will seek in a new exclusion process for machinery classified in HTS Chapters 84 and 85 that is imported from China for manufacturing in the U.S.","Discusses machinery exclusions generally, not specific to Ellabell EV facility.",facility_location_only,proposal_or_uncertain,recovered_2d1c6739848378314059b47e,q_26,chunk_20f5cb53f3fcc7c8f0a86646,document_7b406f46382005e6bb711bb0,https://www.strtrade.com/trade-news-resources/tariff-actions-resources/section-301-tariffs-on-china,full_document,False,text/96acc62b7f6910b6833005074fbfb72a3cf981b4977cd42c14347944bb987242.txt,not_established,locally_extracted_quote_validated_not_manually_verified,/home/sm11926/Certification_status/outputs/tariffs/pilot-2026-09-09,/home/sm11926/Certification_status/outputs/tariffs/pilot-2026-09-09/text/96acc62b7f6910b6833005074fbfb72a3cf981b4977cd42c14347944bb987242.txt,,
passage_6365ef81795aa0b3c4f5c610,"Georgia’s robust logistics infrastructure, skilled workforce, and pro-business climate contributed to the creation of an electric vehicle ecosystem, led by Hyundai Motor Group and Rivian automotive.",Confirms company presence but no tariff details on equipment.,explicit_named_company_effect,proposal_or_uncertain,recovered_a384db8325819da273866449,q_26,chunk_3310fb3d3e97d7edfbcce745,document_150a243c03e39787abea51cf,https://selectgeorgia-production-assets.s3.amazonaws.com/media/documents/Automotive_Manufacturing_2026.pdf,full_document,False,text/10d78892bed3af44937c5722a55799a091f34d861ab25edb33f9e47dc1356719.txt,not_established,locally_extracted_quote_validated_not_manually_verified,/home/sm11926/Certification_status/outputs/tariffs/pilot-2026-09-09,/home/sm11926/Certification_status/outputs/tariffs/pilot-2026-09-09/text/10d78892bed3af44937c5722a55799a091f34d861ab25edb33f9e47dc1356719.txt,,
passage_73ea86215377dbbcd348d9b9,"Kia’s growth in Georgia has spurred an expanding local and regional supply chain, with suppliers building or expanding production locally.",Confirms facility location but does not quantify tariff exposure.,facility_location_only,proposal_or_uncertain,recovered_8ed2f5b5192c3d4fbfb0af1b,q_270,chunk_656dfde63b930dcb23db68c2,document_c02ade84d479879c16b7d65a,https://www.automotivelogistics.media/supply-chain/kia-west-point-midnight-freight-trains-to-georgia/210654,full_document,False,text/e57a6443ba53287c69a273badca5be3c44968c660b9bede5928c4054a99a07bf.txt,not_established,locally_extracted_quote_validated_not_manually_verified,/home/sm11926/Certification_status/outputs/tariffs/pilot-2026-09-09,/home/sm11926/Certification_status/outputs/tariffs/pilot-2026-09-09/text/e57a6443ba53287c69a273badca5be3c44968c660b9bede5928c4054a99a07bf.txt,,
passage_73ea86215377dbbcd348d9b9,"However, with a significant base of South Korean and Asia-based suppliers, and vehicles built on global platforms in West Point, the carmaker also has a significant amount of imported material that arrives at the plant by sea.",Indicates import reliance but lacks specific tariff rates or legal liability details.,facility_location_only,proposal_or_uncertain,recovered_7dc1325cbac1621bed3a53da,q_270,chunk_656dfde63b930dcb23db68c2,document_c02ade84d479879c16b7d65a,https://www.automotivelogistics.media/supply-chain/kia-west-point-midnight-freight-trains-to-georgia/210654,full_document,False,text/e57a6443ba53287c69a273badca5be3c44968c660b9bede5928c4054a99a07bf.txt,not_established,locally_extracted_quote_validated_not_manually_verified,/home/sm11926/Certification_status/outputs/tariffs/pilot-2026-09-09,/home/sm11926/Certification_status/outputs/tariffs/pilot-2026-09-09/text/e57a6443ba53287c69a273badca5be3c44968c660b9bede5928c4054a99a07bf.txt,,
passage_27af5708ffcc981b41679383,"The merchandise covered by these investigations is aluminum foil having a thickness of 0.2 mm or less, in reels exceeding 25 pounds, regardless of width.","Shows available evidence covers Aluminum Foil, not Copper Foil.",not_established,proposal_or_uncertain,recovered_f019ae35b30c2eb4f7ed6f94,q_143,chunk_8e740b272c6af885e8edd8cd,document_7b9d39ebb8adbbfa74d139e1,https://content.govdelivery.com/accounts/USDHSCBP/bulletins/2a75b2c,full_document,False,text/8fb91944cbb6435bab7e1555e24fd26565a56c33553687b9f4d31c023b5aabcc.txt,not_established,locally_extracted_quote_validated_not_manually_verified,/home/sm11926/Certification_status/outputs/tariffs/pilot-2026-09-09,/home/sm11926/Certification_status/outputs/tariffs/pilot-2026-09-09/text/8fb91944cbb6435bab7e1555e24fd26565a56c33553687b9f4d31c023b5aabcc.txt,,
passage_fcf9c166c24b06cfb5e25e6b,"The merchandise covered by these Orders is aluminum foil having a thickness of 0.2 mm or less, in reels exceeding 25 pounds, regardless of width.","Confirms Aluminum Foil scope in orders, distinct from Copper Foil query.",not_established,proposal_or_uncertain,recovered_74e12ef8b98eb033d62d9db3,q_143,chunk_54181070481b234b3c55dfaf,document_46f0c13605e19dfd893a3921,https://www.federalregister.gov/documents/2023/10/02/2023-21653/certain-aluminum-foil-from-the-peoples-republic-of-china-continuation-of-antidumping-and,full_document,False,text/0651eefb6c660b48989a993ef0ff844a1d955811342925fccf34af2ac1293615.txt,not_established,locally_extracted_quote_validated_not_manually_verified,/home/sm11926/Certification_status/outputs/tariffs/pilot-2026-09-09,/home/sm11926/Certification_status/outputs/tariffs/pilot-2026-09-09/text/0651eefb6c660b48989a993ef0ff844a1d955811342925fccf34af2ac1293615.txt,,
passage_c8b4ce4518cc231a22c96407,"The merchandise covered by the orders includes certain aluminum foil from China, “having a thickness of 0.2 mm or less, in reels exceeding 25 pounds, regardless of width.”",Further confirms Aluminum Foil scope in circumvention inquiry.,not_established,proposal_or_uncertain,recovered_96753d59e9e998f653055fee,q_143,chunk_64695f4462aa0de2eea48c33,document_9143754f2ace544303bfabb4,https://www.msci.org/united-states-will-investigate-aluminum-foil-from-imports-from-china-korea-and-thailand-2,full_document,False,text/b02bd4fa28a98bba3694bf0558d420ff9fc80213e3629a518da933f862a7bf83.txt,not_established,locally_extracted_quote_validated_not_manually_verified,/home/sm11926/Certification_status/outputs/tariffs/pilot-2026-09-09,/home/sm11926/Certification_status/outputs/tariffs/pilot-2026-09-09/text/b02bd4fa28a98bba3694bf0558d420ff9fc80213e3629a518da933f862a7bf83.txt,,
passage_72cf2ea2d8f8ae05e57ed482,"prototype imports.
- Duty drawback may help importers who later export qualifying goods.
- Use a licensed customs broker for classification and entry advice.
What Is the HTS Code for Wire Harnesses?
The main HTS code for many wire harnesses is HTS 8544.30.0000. This code covers ignition wiring sets and other wiring sets used in vehicles, aircraft, or ships.
That direct answer matters because many U.S. buyers search for one “wire harness tariff number.” However, not every cable or harness belongs under 8544.30.",Demonstrates classification variability preventing single rate assignment.,not_established,source_reports_effective_as_of_source_date,recovered_4eb76c6bc6a5f7e93381f8f0,q_108,chunk_2080cf14a26d63961be50eda,document_76e3dd7e96ebfcf483ebb218,https://www.ourpcb.com/blog/china-us-wire-harness-tariffs-2026,full_document,False,text/8bd31c068649b24bfb05be510b84d152866a90da7497f38f95dce09f461f0de5.txt,not_established,locally_extracted_quote_validated_not_manually_verified,/home/sm11926/Certification_status/outputs/tariffs/pilot-2026-09-09,/home/sm11926/Certification_status/outputs/tariffs/pilot-2026-09-09/text/8bd31c068649b24bfb05be510b84d152866a90da7497f38f95dce09f461f0de5.txt,,
passage_89c745e26421b0cf85138f81,"What is the wire harness import duty from China?
For many China-origin wire harnesses under HTS 8544.30, the duty stack can include a 5% general duty plus a 25% Section 301 duty, creating a common 30% duty estimate before freight, customs fees, brokerage, and other charges. The exact rate depends on the HTS code, entry date, and exclusion status.",Confirms rate dependency on specific factors rather than fixed product classification.,not_established,source_reports_effective_as_of_source_date,recovered_1b1fcd17b36c04322bcf08c0,q_108,chunk_6d5cb163972a44d2b4b1be8a,document_76e3dd7e96ebfcf483ebb218,https://www.ourpcb.com/blog/china-us-wire-harness-tariffs-2026,full_document,False,text/8bd31c068649b24bfb05be510b84d152866a90da7497f38f95dce09f461f0de5.txt,not_established,locally_extracted_quote_validated_not_manually_verified,/home/sm11926/Certification_status/outputs/tariffs/pilot-2026-09-09,/home/sm11926/Certification_status/outputs/tariffs/pilot-2026-09-09/text/8bd31c068649b24bfb05be510b84d152866a90da7497f38f95dce09f461f0de5.txt,,
passage_3fdc7252e88ed57bed7b6324,"Proposed Tariffs Could Impact Wire Harness Supply Chain
DETROIT—Experts warn that widespread tariffs proposed by the Trump Administration could have catastrophic effects on the U.S. auto industry, especially when it comes to key components such as wiring harnesses.",Highlights proposal vs law distinction contributing to outdated evidence risk.,not_established,proposal_or_uncertain,recovered_873387b3eefc0154238bf846,q_108,chunk_23400266ba910a7417e6e59c,document_8b147960e94ce74cc45ee8f3,https://www.assemblymag.com/articles/99046-proposed-tariffs-could-impact-wire-harness-supply-chain,full_document,False,text/b7e09d1bf47a3f6ff4fe22c75b9412f6086c78ebd6894c2bb379a242be3bcce1.txt,not_established,locally_extracted_quote_validated_not_manually_verified,/home/sm11926/Certification_status/outputs/tariffs/pilot-2026-09-09,/home/sm11926/Certification_status/outputs/tariffs/pilot-2026-09-09/text/b7e09d1bf47a3f6ff4fe22c75b9412f6086c78ebd6894c2bb379a242be3bcce1.txt,,
passage_426a8545aba655bc153a9517,"As of April 3, a 25% tariff now applies to imported vehicles and will extend to imported automotive parts by May 3. Safety-critical components, including airbags, windshields, mirrors, and seat belts, are among the targeted items.",Claims specific rate but lacks verification of current status relative to query date.,not_established,date_not_established,recovered_af4e2650779f58b16a38c3d4,q_329,chunk_0e904fe2cb92be0365d8e6dc,document_9e90d68f9138d0ce517a4182,https://www.automotive-fleet.com/news/tariff-update-may-30-tariff-shifts-shake-up-auto-industry-as-legal-trade-battles-evolve,full_document,False,text/4ba28204f598267a3c914d164c3a649f21490bcb8fb8d17388fb0f6167613ad0.txt,not_established,locally_extracted_quote_validated_not_manually_verified,/home/sm11926/Certification_status/outputs/tariffs/pilot-2026-09-09,/home/sm11926/Certification_status/outputs/tariffs/pilot-2026-09-09/text/4ba28204f598267a3c914d164c3a649f21490bcb8fb8d17388fb0f6167613ad0.txt,,
passage_da737a492b4ac8f2ef581e1d,Persons seeking data for individual or different product codes are welcome to utilize at no charge the data retrieval system operated by the USITC to access the federal government’s official trade data base.,"Indicates official rate data is external, not contained in this document.",not_established,date_not_established,recovered_82b8cd77c7a2f26e2b83f9f1,q_329,chunk_57fe4f7cd1279b7a7edecc79,document_10a14492092f30e7c7d2f976,https://www.trade.gov/automotive-parts-tariff-codes,full_document,False,text/407287bb9a039871b4b9f66d2aabe9c50a4ba18be7ebb44de2b744f6049400b6.txt,not_established,locally_extracted_quote_validated_not_manually_verified,/home/sm11926/Certification_status/outputs/tariffs/pilot-2026-09-09,/home/sm11926/Certification_status/outputs/tariffs/pilot-2026-09-09/text/407287bb9a039871b4b9f66d2aabe9c50a4ba18be7ebb44de2b744f6049400b6.txt,,
passage_dddb68c034d22cb9bcee35f6,"Automotive manufacturers have developed and incorporated safety technologies (e.g., seat belts, airbags, and advanced driver assistance systems) to promote vehicle safety.",Confirms product relevance but provides no tariff or duty information.,not_established,date_not_established,recovered_ba789b471f6d7447f95ac054,q_329,chunk_444117c056555c43fb32ecfb,document_35e37010a1a34d0ce7c9d267,https://www.congress.gov/crs_external_products/R/PDF/R48876/R48876.3.pdf,full_document,False,text/76902a8352e3b450188a5963bfc002b6cc2c2789dc0dc7ce1f8d0ec213df349d.txt,not_established,locally_extracted_quote_validated_not_manually_verified,/home/sm11926/Certification_status/outputs/tariffs/pilot-2026-09-09,/home/sm11926/Certification_status/outputs/tariffs/pilot-2026-09-09/text/76902a8352e3b450188a5963bfc002b6cc2c2789dc0dc7ce1f8d0ec213df349d.txt,,
passage_f72a07474655349dd2584112,"SK Battery America 3,000 Electric vehicle batteries Jackson",Confirms facility location but no tariff data.,facility_location_only,date_not_established,recovered_b2a69e5ad135bcb6e2cf0cf8,q_300,chunk_956d70b57a7c29eda962e9a8,document_150a243c03e39787abea51cf,https://selectgeorgia-production-assets.s3.amazonaws.com/media/documents/Automotive_Manufacturing_2026.pdf,full_document,False,text/10d78892bed3af44937c5722a55799a091f34d861ab25edb33f9e47dc1356719.txt,not_established,locally_extracted_quote_validated_not_manually_verified,/home/sm11926/Certification_status/outputs/tariffs/pilot-2026-09-09,/home/sm11926/Certification_status/outputs/tariffs/pilot-2026-09-09/text/10d78892bed3af44937c5722a55799a091f34d861ab25edb33f9e47dc1356719.txt,,
passage_3a004899070fc001b4f616b3,The U.S. joint venture between Hyundai Motor Group and SK On has started series production of battery cells.,Confirms operations but no import duty specifics.,facility_location_only,date_not_established,recovered_40be6d42182298f5330d4391,q_300,chunk_79d870d110fb7dc49ea6b981,document_6639c375dd8589aa6f7a5717,https://battery-news.de/en/2026/07/16/hyundai-and-sk-on-begin-battery-production-in-georgia,full_document,False,text/cd55b45055247bc0167cedc70cb772137a87f6fce688ef2aeb75a1356375cc4c.txt,not_established,locally_extracted_quote_validated_not_manually_verified,/home/sm11926/Certification_status/outputs/tariffs/pilot-2026-09-09,/home/sm11926/Certification_status/outputs/tariffs/pilot-2026-09-09/text/cd55b45055247bc0167cedc70cb772137a87f6fce688ef2aeb75a1356375cc4c.txt,,
passage_b9e932178f9285f001cc810b,"However, the US battery manufacturing base remains heavily dependent on imported raw materials and components – particularly graphite, lithium carbonate, and cathode active materials – which means “made in America” batteries often still carry significant tariff exposure through their supply chains.",General tariff exposure noted without company-specific rates.,national_or_sector_context,date_not_established,recovered_d671732dc028a93392e4a28b,q_300,chunk_d625c75d6d3fc6f5cf2f6a0a,document_78d5f38ea11227317f5a972a,https://www.totexmfg.com/battery-pack-tariffs-oem-2026,full_document,False,text/e0ba04e755583e765ed98ccd9a41c4332f768101b26871fe34c5c660b1c84fdb.txt,not_established,locally_extracted_quote_validated_not_manually_verified,/home/sm11926/Certification_status/outputs/tariffs/pilot-2026-09-09,/home/sm11926/Certification_status/outputs/tariffs/pilot-2026-09-09/text/e0ba04e755583e765ed98ccd9a41c4332f768101b26871fe34c5c660b1c84fdb.txt,,
passage_b76160826ad1793f7c71ff6d,"The US Department of Commerce announced final affirmative determinations in its anti dumping and countervailing duty investigations of active battery anode material imported from China this week, with details published in the Federal Register expected next week.",Specific tariff rates exist for Chinese materials but not SK Battery America.,national_or_sector_context,date_not_established,recovered_b5e39def01c8576e915e171f,q_300,chunk_b5fbb5cb3876f71efab4c105,document_10ab437f1472c5c1447ddb5d,https://www.linkedin.com/posts/missgoelectric_evnews-ev-electric-activity-7428754956649750528-eGVi,full_document,False,text/136c267834c12228abe67ef50c7c6e23361c4524042e72a88ff8ca3e27a05e13.txt,not_established,locally_extracted_quote_validated_not_manually_verified,/home/sm11926/Certification_status/outputs/tariffs/pilot-2026-09-09,/home/sm11926/Certification_status/outputs/tariffs/pilot-2026-09-09/text/136c267834c12228abe67ef50c7c6e23361c4524042e72a88ff8ca3e27a05e13.txt,,
passage_f554b591215632fd52d77f37,"Key Georgia Impacts by Sector
Local perspective:
Automotive
- Imported vehicle parts will face a 25% tariff, potentially raising production costs at Georgia’s auto plants.",Confirms geographic relevance but lacks specific EV project construction equipment cost data.,facility_location_only,proposal_or_uncertain,recovered_636702445708e1b8b0ae4d73,q_233,chunk_abda6832d4708e9d28a77631,document_559b3471aaf08c46cc157b1e,https://www.fox5atlanta.com/news/trumps-tariff-plan-sparks-economic-uncertainty-georgia,full_document,False,text/ef33853c979fb661a9dcb2e3e85e09fe15a9e6319df730c244999701a6e5c05f.txt,not_established,locally_extracted_quote_validated_not_manually_verified,/home/sm11926/Certification_status/outputs/tariffs/pilot-2026-09-09,/home/sm11926/Certification_status/outputs/tariffs/pilot-2026-09-09/text/ef33853c979fb661a9dcb2e3e85e09fe15a9e6319df730c244999701a6e5c05f.txt,,
passage_f554b591215632fd52d77f37,"Construction and Manufacturing
- New tariffs on steel and aluminum will raise the price of materials, squeezing builders and manufacturers alike.",Confirms construction industry impact but does not isolate EV projects or equipment costs.,facility_location_only,proposal_or_uncertain,recovered_86a2b5095c7154d1f679d2e9,q_233,chunk_abda6832d4708e9d28a77631,document_559b3471aaf08c46cc157b1e,https://www.fox5atlanta.com/news/trumps-tariff-plan-sparks-economic-uncertainty-georgia,full_document,False,text/ef33853c979fb661a9dcb2e3e85e09fe15a9e6319df730c244999701a6e5c05f.txt,not_established,locally_extracted_quote_validated_not_manually_verified,/home/sm11926/Certification_status/outputs/tariffs/pilot-2026-09-09,/home/sm11926/Certification_status/outputs/tariffs/pilot-2026-09-09/text/ef33853c979fb661a9dcb2e3e85e09fe15a9e6319df730c244999701a6e5c05f.txt,,
passage_a9db809b9cffd5b0e3684b15,"Mitigating tariff risk in battery energy storage system (BESS) projects is crucial for ensuring project financial viability, as tariff changes can significantly affect cost structures and overall project economics.",Confirms BESS/EV relevance but lacks Georgia geographic specificity.,not_established,proposal_or_uncertain,recovered_8409561576c45eca2f1a36a0,q_233,chunk_2a4f5d0e895bf34e2a657492,document_509f150d033f6e532a9c598a,https://www.morganlewis.com/pubs/2025/03/addressing-tariffs-and-trade-in-energy-storage-projects,full_document,False,text/23c6f86416709384a8b7cdbdd2153b7b092eef27ad50b9ac2e115e463a934291.txt,not_established,locally_extracted_quote_validated_not_manually_verified,/home/sm11926/Certification_status/outputs/tariffs/pilot-2026-09-09,/home/sm11926/Certification_status/outputs/tariffs/pilot-2026-09-09/text/23c6f86416709384a8b7cdbdd2153b7b092eef27ad50b9ac2e115e463a934291.txt,,
passage_5d40de13f66dda95907700d6,Tariffs are government-imposed taxes on imported goods designed to protect domestic industries and reduce reliance on foreign manufacturers.,Provides generic tariff definition without specific cost or project data.,not_established,proposal_or_uncertain,recovered_6bd7e615f4041db5234fc5e0,q_233,chunk_3c2083cb4e7566712de2de36,document_cce1bd845f07d2a2808f4f24,https://ahearnequipment.com/how-will-tariffs-affect-heavy-construction-equipment,full_document,True,text/b535c9ff333c6f096cd99a8204cd1e458b9e96a26a67ec04698cc93aae6dd992.txt,not_established,locally_extracted_quote_validated_not_manually_verified,/home/sm11926/Certification_status/outputs/tariffs/pilot-2026-09-09,/home/sm11926/Certification_status/outputs/tariffs/pilot-2026-09-09/text/b535c9ff333c6f096cd99a8204cd1e458b9e96a26a67ec04698cc93aae6dd992.txt,,
passage_cfa9b9b7bc84b99cebdbdb11,Duty rates are provided for your convenience and are subject to change.,Explicitly states duty rates are not fixed law at time of ruling.,explicit_named_company_effect,date_not_established,recovered_bcb2b5f83becf299af3dcc4a,q_176,chunk_9264f5f302d0ab37a8c5d3f7,document_d2c9ed3faf35998718265caa,https://www.customsmobile.com/rulings/docview?doc_id=NY+N025506&highlight=8541.29.00%2A,full_document,False,text/18c14157f9ee01a0e05ebebb13de0aa38d416e31b44c9a6e99f66201d3776870.txt,not_established,locally_extracted_quote_validated_not_manually_verified,/home/sm11926/Certification_status/outputs/tariffs/pilot-2026-09-09,/home/sm11926/Certification_status/outputs/tariffs/pilot-2026-09-09/text/18c14157f9ee01a0e05ebebb13de0aa38d416e31b44c9a6e99f66201d3776870.txt,,
passage_0cb008756b209ae3fa18998c,"The IPM (Intelligent/Integrated Power Module) is a sealed electronic module containing a printed circuit board (PCB), insulated gate bi-polar transistors (IGBT output power transistors)",Defines specific product composition distinct from general IGBT query.,explicit_named_company_effect,date_not_established,recovered_08132600ff5f8c8f239910df,q_176,chunk_e2818398ee72ac02e1b2b551,document_31136dc9b87c8ce846720df9,https://www.customsmobile.com/rulings/docview?doc_id=NY+N198199&highlight=8504.90.6500%2A,full_document,False,text/fc3e4cf7e610dad08365f9b22b35b90c0351afd89057b5a7acdedb252f51f2bc.txt,not_established,locally_extracted_quote_validated_not_manually_verified,/home/sm11926/Certification_status/outputs/tariffs/pilot-2026-09-09,/home/sm11926/Certification_status/outputs/tariffs/pilot-2026-09-09/text/fc3e4cf7e610dad08365f9b22b35b90c0351afd89057b5a7acdedb252f51f2bc.txt,,
passage_cfa9b9b7bc84b99cebdbdb11,"This item, which is identified within your submission as Part Number FZ600R12KE3, contains a non-photosensitive transistor.",Links specific part number to classification ruling.,explicit_named_company_effect,date_not_established,recovered_896dc0d59cf253566ce5d0a8,q_176,chunk_9264f5f302d0ab37a8c5d3f7,document_d2c9ed3faf35998718265caa,https://www.customsmobile.com/rulings/docview?doc_id=NY+N025506&highlight=8541.29.00%2A,full_document,False,text/18c14157f9ee01a0e05ebebb13de0aa38d416e31b44c9a6e99f66201d3776870.txt,not_established,locally_extracted_quote_validated_not_manually_verified,/home/sm11926/Certification_status/outputs/tariffs/pilot-2026-09-09,/home/sm11926/Certification_status/outputs/tariffs/pilot-2026-09-09/text/18c14157f9ee01a0e05ebebb13de0aa38d416e31b44c9a6e99f66201d3776870.txt,,
passage_cfa9b9b7bc84b99cebdbdb11,"The IGBT is mounted in an isolated base plate module. It has a dissipation rate of 2,800 watts and an operating frequency between 1 to 8 kilo hertz.",Details technical specifications affecting classification distinct from general query.,explicit_named_company_effect,date_not_established,recovered_4ad496076bed0ad5d72d8efb,q_176,chunk_9264f5f302d0ab37a8c5d3f7,document_d2c9ed3faf35998718265caa,https://www.customsmobile.com/rulings/docview?doc_id=NY+N025506&highlight=8541.29.00%2A,full_document,False,text/18c14157f9ee01a0e05ebebb13de0aa38d416e31b44c9a6e99f66201d3776870.txt,not_established,locally_extracted_quote_validated_not_manually_verified,/home/sm11926/Certification_status/outputs/tariffs/pilot-2026-09-09,/home/sm11926/Certification_status/outputs/tariffs/pilot-2026-09-09/text/18c14157f9ee01a0e05ebebb13de0aa38d416e31b44c9a6e99f66201d3776870.txt,,
passage_e175bb092c6b518c3397c1f0,"The investigations targeted active anode materials of the type used in lithium-ion batteries for battery energy storage systems, electric vehicles, consumer electronics, medical equipment, and other appliances.","Demonstrates evidence scope is on material, not equipment tariffs.",not_established,proposal_or_uncertain,recovered_29e30a677cc6fae94356d8bd,q_397,chunk_c4e426030dbb5ee5dfbf1ca0,document_ccbf5c8421b44abbe94d6ac7,https://www.morganlewis.com/pubs/2026/03/tariffs-and-trade-risk-in-energy-storage-projects-2026-and-beyond,full_document,False,text/5ee38bd3ea12d0febd21361146f750dff9df67393d9dddefcf458336d5a44828.txt,not_established,locally_extracted_quote_validated_not_manually_verified,/home/sm11926/Certification_status/outputs/tariffs/pilot-2026-09-09,/home/sm11926/Certification_status/outputs/tariffs/pilot-2026-09-09/text/5ee38bd3ea12d0febd21361146f750dff9df67393d9dddefcf458336d5a44828.txt,,
passage_c1350796a740161093c937ca,"Subject merchandise may be in the form of powder, dry, liquid, or block form and is covered irrespective of the form in which it enters.","Confirms scope covers material forms, not manufacturing equipment.",not_established,proposal_or_uncertain,recovered_a295f39943796a79438941bb,q_397,chunk_64e000f6f720afa16b1ae250,document_e3c2c0d03effc2973e24c96c,https://www.federalregister.gov/documents/2026/02/17/2026-02999/active-anode-material-from-the-peoples-republic-of-china-final-affirmative-countervailing-duty,full_document,False,text/1b112ecc1001e1964ba6337fe465629f0aaf7ee50c905fe50e454b479e1e4df8.txt,not_established,locally_extracted_quote_validated_not_manually_verified,/home/sm11926/Certification_status/outputs/tariffs/pilot-2026-09-09,/home/sm11926/Certification_status/outputs/tariffs/pilot-2026-09-09/text/1b112ecc1001e1964ba6337fe465629f0aaf7ee50c905fe50e454b479e1e4df8.txt,,
passage_c1350796a740161093c937ca,"Active anode material subject to this investigation may be classified under the Harmonized Tariff Schedule of the United States (HTSUS) subheadings 2504.10.5000, 3801.10.5010, and 3801.10.5090.","Shows tariff classification applies to material, not equipment.",not_established,proposal_or_uncertain,recovered_c0cd2332664ce43273279fa0,q_397,chunk_64e000f6f720afa16b1ae250,document_e3c2c0d03effc2973e24c96c,https://www.federalregister.gov/documents/2026/02/17/2026-02999/active-anode-material-from-the-peoples-republic-of-china-final-affirmative-countervailing-duty,full_document,False,text/1b112ecc1001e1964ba6337fe465629f0aaf7ee50c905fe50e454b479e1e4df8.txt,not_established,locally_extracted_quote_validated_not_manually_verified,/home/sm11926/Certification_status/outputs/tariffs/pilot-2026-09-09,/home/sm11926/Certification_status/outputs/tariffs/pilot-2026-09-09/text/1b112ecc1001e1964ba6337fe465629f0aaf7ee50c905fe50e454b479e1e4df8.txt,,
passage_9bfb8de18504466036739726,"roduct with a new name, character and use, namely doped Cobalt Lithium Manganese Nickel Oxide, CAS No. 182442-95-1 of subheading 3824.99.39, HTSUS.",Specific HTS classification details found in full text but not snippets.,not_established,proposal_or_uncertain,recovered_e8db9822fdcadab320a8db24,q_125,chunk_c5b388c721f937d65d880895,document_27e3a0e66da76768360492df,https://www.customsmobile.com/rulings/docview?doc_id=HQ+H327000&highlight=category%3AOrigin%2C+USMCA,full_document,False,text/ea3de288824a0d3083000338e9386dc00c8eee6f7435f8152eed590c97ce8146.txt,not_established,locally_extracted_quote_validated_not_manually_verified,/home/sm11926/Certification_status/outputs/tariffs/pilot-2026-09-09,/home/sm11926/Certification_status/outputs/tariffs/pilot-2026-09-09/text/ea3de288824a0d3083000338e9386dc00c8eee6f7435f8152eed590c97ce8146.txt,,
passage_dbd617af8f6652c0b28a94c0,HS code for nickel sulfate hexahydrate aligns with standard classifications for tariff compliance 2025.,Tariff compliance details for specific chemical forms.,not_established,proposal_or_uncertain,recovered_014c439fd1a6ceb72837497a,q_125,chunk_67e171290de30c474d20daab,document_10f3e9928e3faf88a8ebe386,https://www.freightamigo.com/en/blog/hs-code/hs-code-for-nickel-sulfate,full_document,False,text/11f6518d62414c84ad577c03d737bdf3327a6c1ff6534798a6a60b0b2b5702fc.txt,not_established,locally_extracted_quote_validated_not_manually_verified,/home/sm11926/Certification_status/outputs/tariffs/pilot-2026-09-09,/home/sm11926/Certification_status/outputs/tariffs/pilot-2026-09-09/text/11f6518d62414c84ad577c03d737bdf3327a6c1ff6534798a6a60b0b2b5702fc.txt,,
passage_9bfb8de18504466036739726,CBP has held that converting powder into coated microgranules that are subsequently covered with an enteric coating would not result in a substantial transformation.,Substantial transformation precedent relevant to tariff classification.,not_established,proposal_or_uncertain,recovered_329fc6c35725c16012821071,q_125,chunk_c5b388c721f937d65d880895,document_27e3a0e66da76768360492df,https://www.customsmobile.com/rulings/docview?doc_id=HQ+H327000&highlight=category%3AOrigin%2C+USMCA,full_document,False,text/ea3de288824a0d3083000338e9386dc00c8eee6f7435f8152eed590c97ce8146.txt,not_established,locally_extracted_quote_validated_not_manually_verified,/home/sm11926/Certification_status/outputs/tariffs/pilot-2026-09-09,/home/sm11926/Certification_status/outputs/tariffs/pilot-2026-09-09/text/ea3de288824a0d3083000338e9386dc00c8eee6f7435f8152eed590c97ce8146.txt,,
passage_9fde74d1e403654bc4efe28c,"The Main PCB consists of a printed circuit board (PCB) that has capacitors, diodes, transistors, resistors, terminal strips, connectors, integrated circuits, and zener diodes mounted upon it.","Specific to Hitachi IPM/PCB components, not general EV supply chain exposure.",explicit_named_company_effect,source_reports_effective_as_of_source_date,recovered_23017e132afa3b5f551e62a5,q_173,chunk_e2818398ee72ac02e1b2b551,document_31136dc9b87c8ce846720df9,https://www.customsmobile.com/rulings/docview?doc_id=NY+N198199&highlight=8504.90.6500%2A,full_document,False,text/fc3e4cf7e610dad08365f9b22b35b90c0351afd89057b5a7acdedb252f51f2bc.txt,not_established,locally_extracted_quote_validated_not_manually_verified,/home/sm11926/Certification_status/outputs/tariffs/pilot-2026-09-09,/home/sm11926/Certification_status/outputs/tariffs/pilot-2026-09-09/text/fc3e4cf7e610dad08365f9b22b35b90c0351afd89057b5a7acdedb252f51f2bc.txt,,
passage_635f25e5eeaf3ea25a490116,There is no single universal HS Code for PCB assembly because classification depends on: - Level of assembly - Function of the board - End-use application,Demonstrates ambiguity and lack of definitive classification for generic EV inverter PCB assemblies.,not_established,source_reports_effective_as_of_source_date,recovered_fcc5c11710058424b0d9fd5b,q_173,chunk_cd874bef00e480997e245a92,document_b826b531526ee3f6af685e75,https://www.anzer-usa.com/resources/hs-code-for-pcb-assembly-guide,full_document,False,text/5b33ae46f7da9ca4f46f43e7690efc10fd14dad9f684878a0de0a544b6b2df3d.txt,not_established,locally_extracted_quote_validated_not_manually_verified,/home/sm11926/Certification_status/outputs/tariffs/pilot-2026-09-09,/home/sm11926/Certification_status/outputs/tariffs/pilot-2026-09-09/text/5b33ae46f7da9ca4f46f43e7690efc10fd14dad9f684878a0de0a544b6b2df3d.txt,,
passage_aef36e3b0e4f5880053fa5ae,"PCBs and PCBAs often fall under:
- 8534 - Printed Circuits (bare boards)
- 8537 - Control panels or assemblies
- 8542 - Electronic integrated circuits","Shows conflicting potential HTS codes for PCBs/PCBAs, complicating specific classification.",not_established,source_reports_effective_as_of_source_date,recovered_539895bebdf26ce74fed2cee,q_173,chunk_b31ba67163064beae88b14b6,document_e2b13035fa0102975f68109b,https://www.teamsmt.com/blog/tariffs-on-electronics-whats-exempt-and-whats-not,full_document,False,text/e52d55d55235783744018b6f3fa28a2a0ee10f559f07e7a5718120c608c43821.txt,not_established,locally_extracted_quote_validated_not_manually_verified,/home/sm11926/Certification_status/outputs/tariffs/pilot-2026-09-09,/home/sm11926/Certification_status/outputs/tariffs/pilot-2026-09-09/text/e52d55d55235783744018b6f3fa28a2a0ee10f559f07e7a5718120c608c43821.txt,,
passage_f88b8d88c6f61948b386e08b,"In your letter dated September 30, 2019 you requested a tariff classification ruling.",Indicates source date (2019) is potentially outdated relative to the 2026 research query.,explicit_named_company_effect,source_reports_effective_as_of_source_date,recovered_b6360f6ea2e90a3aa41ff669,q_173,chunk_ad9608b60950c988772e65c0,document_d450897e691f4029d8009402,https://www.customsmobile.com/rulings/docview?doc_id=NY+N306512&highlight=NY+N306512,full_document,False,text/b8e88239b5f63c8ac10cee27a1048ea1309bffbdbf0cba6928dca18fdbe0087b.txt,not_established,locally_extracted_quote_validated_not_manually_verified,/home/sm11926/Certification_status/outputs/tariffs/pilot-2026-09-09,/home/sm11926/Certification_status/outputs/tariffs/pilot-2026-09-09/text/b8e88239b5f63c8ac10cee27a1048ea1309bffbdbf0cba6928dca18fdbe0087b.txt,,
passage_90fc3c14cd03da7a38b66667,Subject merchandise typically has a maximum size of 80 microns. Subject merchandise has an energy density of 330 milliamp hours per gram or greater and a degree of graphitization of 80% or greater.,Defines product scope without company-specific liability.,not_established,proposal_or_uncertain,recovered_327113bcfbd687cf5d5db7f6,q_142,chunk_0291d169c84b8ca118dac4e0,document_509f150d033f6e532a9c598a,https://www.morganlewis.com/pubs/2025/03/addressing-tariffs-and-trade-in-energy-storage-projects,full_document,False,text/23c6f86416709384a8b7cdbdd2153b7b092eef27ad50b9ac2e115e463a934291.txt,not_established,locally_extracted_quote_validated_not_manually_verified,/home/sm11926/Certification_status/outputs/tariffs/pilot-2026-09-09,/home/sm11926/Certification_status/outputs/tariffs/pilot-2026-09-09/text/23c6f86416709384a8b7cdbdd2153b7b092eef27ad50b9ac2e115e463a934291.txt,,
passage_02c713181c1025b81e93e716,"Active anode material subject to the investigations may be classified under the Harmonized Tariff Schedule of the United States (HTSUS) subheadings 2504.10.5000, 3801.10.5000 or 3801.90.0000.","Indicates classification is for convenience only, not final duty liability.",not_established,proposal_or_uncertain,recovered_0c90cd7208dcc8f5d272f5b4,q_142,chunk_05ae97ff7545504d396e3a87,document_25138db570bb442bb5a50360,https://www.hklaw.com/en/insights/publications/2025/01/new-antidumping-and-countervailing-duty-investigations,full_document,False,text/cd8b1873f10fb8f60844d9638a089a74ad756be6728cd261705c5045de1651f3.txt,not_established,locally_extracted_quote_validated_not_manually_verified,/home/sm11926/Certification_status/outputs/tariffs/pilot-2026-09-09,/home/sm11926/Certification_status/outputs/tariffs/pilot-2026-09-09/text/cd8b1873f10fb8f60844d9638a089a74ad756be6728cd261705c5045de1651f3.txt,,
passage_798cb98ba1bb8ee908559712,"If AD/CVD are imposed, Chinese-origin active anode material would be subject to duties. It will depend on the language in any preliminary or final determinations to determine whether AD/CVD may apply to active anode material that may be incorporated or transformed into other merchandise outside of China.",Confirms duty applicability is conditional and not yet established for specific entities.,not_established,proposal_or_uncertain,recovered_db63deb4d6023d24fc6ae332,q_142,chunk_2a4f5d0e895bf34e2a657492,document_509f150d033f6e532a9c598a,https://www.morganlewis.com/pubs/2025/03/addressing-tariffs-and-trade-in-energy-storage-projects,full_document,False,text/23c6f86416709384a8b7cdbdd2153b7b092eef27ad50b9ac2e115e463a934291.txt,not_established,locally_extracted_quote_validated_not_manually_verified,/home/sm11926/Certification_status/outputs/tariffs/pilot-2026-09-09,/home/sm11926/Certification_status/outputs/tariffs/pilot-2026-09-09/text/23c6f86416709384a8b7cdbdd2153b7b092eef27ad50b9ac2e115e463a934291.txt,,
passage_12edaa43ff6e7f88d63a8ecf,"Subject merchandise does not include active anode material incorporated into imports of lithium-ion battery products (such as cells, modules, and packs), electric vehicles, hybrid vehicles, cell phones or battery energy storage systems.",Defines exclusions but does not establish specific company import exposure.,not_established,proposal_or_uncertain,recovered_a477738fe871a57a72a1ec92,q_142,chunk_c4e426030dbb5ee5dfbf1ca0,document_ccbf5c8421b44abbe94d6ac7,https://www.morganlewis.com/pubs/2026/03/tariffs-and-trade-risk-in-energy-storage-projects-2026-and-beyond,full_document,False,text/5ee38bd3ea12d0febd21361146f750dff9df67393d9dddefcf458336d5a44828.txt,not_established,locally_extracted_quote_validated_not_manually_verified,/home/sm11926/Certification_status/outputs/tariffs/pilot-2026-09-09,/home/sm11926/Certification_status/outputs/tariffs/pilot-2026-09-09/text/5ee38bd3ea12d0febd21361146f750dff9df67393d9dddefcf458336d5a44828.txt,,
passage_abd3930100d7c38894f17f71,"Cars and auto parts will also face a 25% tariff, but for now, they remain exempt until April 2nd.",Contradicts snippet claims of immediate effect by establishing conditional exemption status.,national_or_sector_context,proposal_or_uncertain,recovered_35932a4a20a2d389a353a379,q_3,chunk_c8f20035c684173c70612022,document_6458c173cfeebfa1bd4c968e,https://www.construction.com/blog/how-will-tariffs-impact-the-construction-industry-in-2025,full_document,False,text/87593a29f39bda64d5fb9a786c4fa03c8741d2045a1bdd1ca8143d9736ae926f.txt,not_established,locally_extracted_quote_validated_not_manually_verified,/home/sm11926/Certification_status/outputs/tariffs/pilot-2026-09-09,/home/sm11926/Certification_status/outputs/tariffs/pilot-2026-09-09/text/87593a29f39bda64d5fb9a786c4fa03c8741d2045a1bdd1ca8143d9736ae926f.txt,,
passage_4e332fd535be4ac7f14c0afa,"Georgia is becoming a critical state for EV and battery manufacturing. Significant investment from automakers, battery suppliers, energy companies, and government funding is driving economic output in the state.",Confirms facility presence but lacks specific tariff exposure data required for company applicability.,facility_location_only,proposal_or_uncertain,recovered_0cabe2966fed8f476cc89842,q_3,chunk_cf1485dd06b0e14d0a37b0f0,document_2ae42d2d976038d72bd5e26d,https://electrificationcoalition.org/wp-content/uploads/2025/10/GA-Factsheet-20251229.pdf,full_document,False,text/cd145f2ef47dc396342d1fd3ce57d7e7b294608ca8f7b34260fb6eb798da1d67.txt,not_established,locally_extracted_quote_validated_not_manually_verified,/home/sm11926/Certification_status/outputs/tariffs/pilot-2026-09-09,/home/sm11926/Certification_status/outputs/tariffs/pilot-2026-09-09/text/cd145f2ef47dc396342d1fd3ce57d7e7b294608ca8f7b34260fb6eb798da1d67.txt,,
passage_16916e248e30fd616eef36d6,Automotive manufacturers and suppliers began to scale back electrified vehicle investments and product plans in 2025.,"Indicates investment scaling back due to various factors, not explicitly verified tariff law impact on Georgia facilities.",national_or_sector_context,proposal_or_uncertain,recovered_68bfd0aac9664d57eafa049c,q_3,chunk_af40e2c31e82d94dc8ac5e78,document_35e37010a1a34d0ce7c9d267,https://www.congress.gov/crs_external_products/R/PDF/R48876/R48876.3.pdf,full_document,False,text/76902a8352e3b450188a5963bfc002b6cc2c2789dc0dc7ce1f8d0ec213df349d.txt,not_established,locally_extracted_quote_validated_not_manually_verified,/home/sm11926/Certification_status/outputs/tariffs/pilot-2026-09-09,/home/sm11926/Certification_status/outputs/tariffs/pilot-2026-09-09/text/76902a8352e3b450188a5963bfc002b6cc2c2789dc0dc7ce1f8d0ec213df349d.txt,,
passage_9f40eff976d8fc90589cd124,"While import duties on South Korean-built vehicles fell from 25% to 15% as part of a November 2025 trade deal, there's no doubt that tariffs expose companies like Hyundai and Kia to major cost disadvantages. Kia was already reeling from US tariffs when the new HMGMA project opened, and such tariffs apparently cost the company more than $2.3 billion in 2025 alone.",Confirms conflicting rates and specific named-company cost impact.,explicit_named_company_effect,proposal_or_uncertain,recovered_9a9142e29081f9fdb14bfc10,q_33,chunk_263eb34a2bfb8f4ca6a5507f,document_b8f0c1952da0a7331c07734a,https://www.military.com/how-kia-quietly-built-the-most-tariff-proof-car-factory-in-america,full_document,False,text/ef3510b8f89c328033658ef996265892b226f8ceca07bcc903e0e6bed5fe0f3c.txt,not_established,locally_extracted_quote_validated_not_manually_verified,/home/sm11926/Certification_status/outputs/tariffs/pilot-2026-09-09,/home/sm11926/Certification_status/outputs/tariffs/pilot-2026-09-09/text/ef3510b8f89c328033658ef996265892b226f8ceca07bcc903e0e6bed5fe0f3c.txt,,
passage_61a0cdaf048fab63ba3e3e7a,"Standing here today, I can say I have never been more confident about building the future of mobility with America, in America. This plant couldn’t come at a better time than now…because definitely all the cars that we would produce here are going to be exempted from any tariffs,",Shows conflicting exemption claims vs tariff threats.,explicit_named_company_effect,proposal_or_uncertain,recovered_a479fcddd95050c6550ac365,q_33,chunk_9301cf17e1206662c94b760c,document_0eadca903ab05c9fc5714c03,https://news.dealershipguy.com/p/hyundai-s-new-georgia-megaplant-opens-as-u-s-tariffs-loom-2025-03-31,full_document,False,text/bdb767b63b73ca901275353aa4fa20b27951d2167398a3e745efbb5dd2065067.txt,not_established,locally_extracted_quote_validated_not_manually_verified,/home/sm11926/Certification_status/outputs/tariffs/pilot-2026-09-09,/home/sm11926/Certification_status/outputs/tariffs/pilot-2026-09-09/text/bdb767b63b73ca901275353aa4fa20b27951d2167398a3e745efbb5dd2065067.txt,,
passage_43bc513313fa1ca335f553d6,"The automaker said in a statement it trimmed its 2025 operating profit margin target to 6-7% from a previously announced 7-8%, citing the impact of U.S. tariffs.",Establishes direct named-company financial impact.,explicit_named_company_effect,proposal_or_uncertain,recovered_bdc2afee4c61e0cbf91fbc0f,q_33,chunk_63adb9ff9befd17ac0ca80aa,document_2920628bd13b1c7867b465d3,https://finance.yahoo.com/news/hyundai-motor-ramp-us-output-084922286.html,full_document,False,text/a340ba11ca75be28ad08d1055476c27ac6ae21b92d08ddce73cc12e3eec0d143.txt,not_established,locally_extracted_quote_validated_not_manually_verified,/home/sm11926/Certification_status/outputs/tariffs/pilot-2026-09-09,/home/sm11926/Certification_status/outputs/tariffs/pilot-2026-09-09/text/a340ba11ca75be28ad08d1055476c27ac6ae21b92d08ddce73cc12e3eec0d143.txt,,
passage_7c07098b18e6bae52f24704c,"Hyundai is investing $20.5B in domestic production and will also benefit from the recently opened Metaplant America facility in Georgia that it shares with Kia, reducing downside tariff risk for dealers.",Links facility location to specific company investment strategy.,explicit_named_company_effect,proposal_or_uncertain,recovered_95f20cce634b7e9577ea47d3,q_33,chunk_fd9075c841396fc5d87b5de5,document_0b45fff63df0bdd4c1a90393,https://haigpartners.com/wp-content/uploads/2025/05/Q1_2025_HaigReport_Digital.pdf,full_document,False,text/66a99944ccf4fff4919bbb3f318d01ab8fc2951b15d558242af3dca821688476.txt,not_established,locally_extracted_quote_validated_not_manually_verified,/home/sm11926/Certification_status/outputs/tariffs/pilot-2026-09-09,/home/sm11926/Certification_status/outputs/tariffs/pilot-2026-09-09/text/66a99944ccf4fff4919bbb3f318d01ab8fc2951b15d558242af3dca821688476.txt,,
passage_5d50a01f80eeff341aadef6b,"Kia faced the same duty and held its profitability considerably better than Hyundai did. Some of Hyundai’s gap is mix and incentives, not Washington.",Mentions 'duty' but does not specify rates or applicability to the Georgia venture.,explicit_named_company_effect,proposal_or_uncertain,recovered_c2880d8619b0a95b17039b07,q_301,chunk_445a98404a9bb3e018ddfd70,document_4fd3c81588d7c9a7cdc424f3,https://businessmodelanalyst.com/hyundai-localization-margin-recovery-26-billion,full_document,False,text/e428b5ab28fc2b0afa41796f1fc4fae641bafd4921c75d3f8cd59a613b2d25c0.txt,not_established,locally_extracted_quote_validated_not_manually_verified,/home/sm11926/Certification_status/outputs/tariffs/pilot-2026-09-09,/home/sm11926/Certification_status/outputs/tariffs/pilot-2026-09-09/text/e428b5ab28fc2b0afa41796f1fc4fae641bafd4921c75d3f8cd59a613b2d25c0.txt,,
passage_8ee941e074183742f2e3087e,"Hyundai SK Battery Manufacturing America, or HSBMA, is the formal name for the plant that just started running. Hyundai and SK On each put up roughly half of a combined $5 billion to build it, with Georgia kicking in $641 million in incentives back when the joint venture was announced in 2023.",Confirms facility location and investment but provides no tariff data.,explicit_named_company_effect,proposal_or_uncertain,recovered_584bd181562d58e53aa1b4dc,q_301,chunk_d31b00d5f5da855e75573db0,document_c1bf829f2c8514e001497f8d,https://finance.yahoo.com/economy/policy/articles/hyundai-just-turned-georgia-battery-193000332.html,full_document,False,text/2d2a75438e9a16dbb3486768b48bebfe17d41585f9b1a6b1590ed508dfc30100.txt,not_established,locally_extracted_quote_validated_not_manually_verified,/home/sm11926/Certification_status/outputs/tariffs/pilot-2026-09-09,/home/sm11926/Certification_status/outputs/tariffs/pilot-2026-09-09/text/2d2a75438e9a16dbb3486768b48bebfe17d41585f9b1a6b1590ed508dfc30100.txt,,
passage_a45809c78aca5d6a31feee97,"The state-run Korea Trade Insurance Corporation (K-sure) announced Wednesday that it had agreed to provide the two firms with the required collateral to pursue the loan, which will finance their $5 billion battery cell plant in Bartow County.",Links financing to tariff policies but does not quantify exposure or rates.,explicit_named_company_effect,proposal_or_uncertain,recovered_8a71b25b001ad7095381d305,q_301,chunk_5fea46f47fceaf70f734cf6d,document_6565862e96ba6c3d3a2a4e1a,https://www.koreajoongangdaily.com/business/hyundai-sk-on-seek-15-billion-loan-for-georgia-battery-plant/10502431,full_document,True,text/dc25abd0d4af253c9dd21349ae7da51a35ae01fa884bcb33c85e5a0c2647ecd5.txt,not_established,locally_extracted_quote_validated_not_manually_verified,/home/sm11926/Certification_status/outputs/tariffs/pilot-2026-09-09,/home/sm11926/Certification_status/outputs/tariffs/pilot-2026-09-09/text/dc25abd0d4af253c9dd21349ae7da51a35ae01fa884bcb33c85e5a0c2647ecd5.txt,,
passage_3a004899070fc001b4f616b3,"The U.S. joint venture between Hyundai Motor Group and SK On has started series production of battery cells. According to The Atlanta Journal-Constitution, Hyundai SK Battery Manufacturing America began mass production in June.",Establishes operational status but lacks tariff classification or duty information.,explicit_named_company_effect,proposal_or_uncertain,recovered_83b6bb7bcbbaf7187d3dff01,q_301,chunk_79d870d110fb7dc49ea6b981,document_6639c375dd8589aa6f7a5717,https://battery-news.de/en/2026/07/16/hyundai-and-sk-on-begin-battery-production-in-georgia,full_document,False,text/cd55b45055247bc0167cedc70cb772137a87f6fce688ef2aeb75a1356375cc4c.txt,not_established,locally_extracted_quote_validated_not_manually_verified,/home/sm11926/Certification_status/outputs/tariffs/pilot-2026-09-09,/home/sm11926/Certification_status/outputs/tariffs/pilot-2026-09-09/text/cd55b45055247bc0167cedc70cb772137a87f6fce688ef2aeb75a1356375cc4c.txt,,
passage_b7553157d429e033748b70e6,"Diversify and Audit the Supply Base
Over-reliance on one country or supplier exposes companies to tariff risk. Diversifying sourcing – both internationally and domestically – is a primary mitigation strategy.",General OEM strategy without Georgia/EV specificity,not_established,proposal_or_uncertain,recovered_3b450506c048d5fa78227799,q_288,chunk_ad58826859992d0e70850a3a,document_2ed898a0b44943f3580f8f62,https://www.teamsmt.com/blog/2025-tariffs-reshoring-ems-industry,full_document,False,text/2566eb7981016a97449487c9ac123d2f7633ef0d6a5c0a702054f0d1552c677f.txt,not_established,locally_extracted_quote_validated_not_manually_verified,/home/sm11926/Certification_status/outputs/tariffs/pilot-2026-09-09,/home/sm11926/Certification_status/outputs/tariffs/pilot-2026-09-09/text/2566eb7981016a97449487c9ac123d2f7633ef0d6a5c0a702054f0d1552c677f.txt,,
passage_427d2cb97d317978359fdd65,"Re-engineer the spec. We replaced a personal care bottle’s resin with a domestic alternative that met performance specs, eliminating a tariff on imported HDPE without sacrificing quality.",Generic CPG example not applicable to EV suppliers,not_established,proposal_or_uncertain,recovered_3a1a31488f6195989b26f39d,q_288,chunk_559a09d1f25c51ae30e243a4,document_49bc2dcf6e5a033d371bfd60,https://www.linkedin.com/top-content/economics/international-trade-regulations/strategic-sourcing-and-tariff-considerations,full_document,False,text/89c5b4f51e141fd1406a3efec3d81e407b62154d88d29c113f8f5534a3c90a62.txt,not_established,locally_extracted_quote_validated_not_manually_verified,/home/sm11926/Certification_status/outputs/tariffs/pilot-2026-09-09,/home/sm11926/Certification_status/outputs/tariffs/pilot-2026-09-09/text/89c5b4f51e141fd1406a3efec3d81e407b62154d88d29c113f8f5534a3c90a62.txt,,
passage_2bfc129c3984e97b0e8b0b96,"Automation also improves consistency and yield – valuable when qualifying new suppliers or ramping up local facilities. Additionally, AI-driven supply chain software is being used to optimize inventory and logistics in the face of tariffs.",General EMS industry automation without Georgia/EV focus,not_established,proposal_or_uncertain,recovered_9e3f25f1a36f18d6d065e915,q_288,chunk_c5f58c499efac9b6bb9d4ced,document_2ed898a0b44943f3580f8f62,https://www.teamsmt.com/blog/2025-tariffs-reshoring-ems-industry,full_document,False,text/2566eb7981016a97449487c9ac123d2f7633ef0d6a5c0a702054f0d1552c677f.txt,not_established,locally_extracted_quote_validated_not_manually_verified,/home/sm11926/Certification_status/outputs/tariffs/pilot-2026-09-09,/home/sm11926/Certification_status/outputs/tariffs/pilot-2026-09-09/text/2566eb7981016a97449487c9ac123d2f7633ef0d6a5c0a702054f0d1552c677f.txt,,
passage_6a8a89d4be4d1eccf6517634,"The applicable subheading for CSG131-13AW will be 3824.99.3900, Harmonized Tariff Schedule of the United States (HTSUS), which provides for Prepared binders for foundry molds or cores; chemical products and preparations of the chemical or allied industries (including
those consisting of mixtures of natural products), not elsewhere specified or included: Other: Other: Other: Mixtures of two or more inorganic compounds: Other.  The rate of duty will be free.",Directly contradicts 'High tariff exposure' claim with specific 'free' duty ruling for NMC from Korea (2021).,explicit_named_company_effect,date_not_established,recovered_fc379cb4e77a1fec12a8e680,q_124,chunk_d5b4d5e3f1df619c41c7af50,document_73ad0881acdaa59a7e9ad264,https://www.customsmobile.com/rulings/docview?doc_id=NY+N321598&highlight=3824.99.39%2A,full_document,False,text/170335216ad21a7eaa29c33885dfc11420243a3d299551428cc520672c37ce7f.txt,not_established,locally_extracted_quote_validated_not_manually_verified,/home/sm11926/Certification_status/outputs/tariffs/pilot-2026-09-09,/home/sm11926/Certification_status/outputs/tariffs/pilot-2026-09-09/text/170335216ad21a7eaa29c33885dfc11420243a3d299551428cc520672c37ce7f.txt,,
passage_a1812fa3eb99faa9006df6d7,"Since April 2025, a deal effective August 1, 2025, set tariffs at 15%. The 50% tariff rate on aluminum, steel, and copper products remains in place.",Shows variable future tariffs by origin (Japan/Korea) rather than general high exposure.,national_or_sector_context,proposal_or_uncertain,recovered_88ba04fd84f53d19f53b5484,q_124,chunk_2741f40c25100e765d8be632,document_13d2e3b3f4dcddf612491236,https://acculonenergy.com/navigating-the-ebb-flow-of-todays-unpredictable-tariff-tides-the-impact-on-the-global-domestic-battery-industry,full_document,False,text/30d3e8f818f1066aac525d894dbd7b77569498b38bcfc4962d2411c251579f32.txt,not_established,locally_extracted_quote_validated_not_manually_verified,/home/sm11926/Certification_status/outputs/tariffs/pilot-2026-09-09,/home/sm11926/Certification_status/outputs/tariffs/pilot-2026-09-09/text/30d3e8f818f1066aac525d894dbd7b77569498b38bcfc4962d2411c251579f32.txt,,
passage_5bff7691eccad2c17646be34,"The resulting Cobalt Manganese Nickel Hydroxide, Chemical Abstracts Service Number (“CAS No.”) 189139-63-7 (“semi-finished good A”) classifiable in subheading 2825.90.90, Harmonized Tariff Schedule of the United States (“HTSUS”), will be evenly blended, sieved, de-ironed, packaged, and shipped to Canada.",Demonstrates complex classification (HTSUS) dependent on processing origin rather than simple import duty rates.,national_or_sector_context,date_not_established,recovered_8471b9adce79d9b49f80ce09,q_124,chunk_947cb7e58f5fa2ec71c650cc,document_27e3a0e66da76768360492df,https://www.customsmobile.com/rulings/docview?doc_id=HQ+H327000&highlight=category%3AOrigin%2C+USMCA,full_document,False,text/ea3de288824a0d3083000338e9386dc00c8eee6f7435f8152eed590c97ce8146.txt,not_established,locally_extracted_quote_validated_not_manually_verified,/home/sm11926/Certification_status/outputs/tariffs/pilot-2026-09-09,/home/sm11926/Certification_status/outputs/tariffs/pilot-2026-09-09/text/ea3de288824a0d3083000338e9386dc00c8eee6f7435f8152eed590c97ce8146.txt,,
passage_1a32eeb316c39d8d904021cc,"Freshly refined precursor cathode active material, battery-grade lithium carbonate, NCM hydroxide, and recovered graphite produced through domestic post-treatment refining are not ""shredded lithium-ion battery scrap."" They are finished battery-grade materials that have completed the refining step and are ready for cell manufacturing.","Clarifies scope of restrictions vs import duties, showing original answer conflated export restrictions with import tariffs.",national_or_sector_context,date_not_established,recovered_1ddcf0d6a590abe46612296f,q_124,chunk_2cc811572b857572c55c2d02,document_c18215d70a7c7d36dd1d0237,https://www.greenli-ion.com/post/bis-black-mass-export-restrictions-directive-allocation-order,full_document,False,text/730ca62ba5b3fa578426249c643f222c5aee850197fbc3925611ecfd2a2b1670.txt,not_established,locally_extracted_quote_validated_not_manually_verified,/home/sm11926/Certification_status/outputs/tariffs/pilot-2026-09-09,/home/sm11926/Certification_status/outputs/tariffs/pilot-2026-09-09/text/730ca62ba5b3fa578426249c643f222c5aee850197fbc3925611ecfd2a2b1670.txt,,
passage_b24a8f2ddf3a2ede1901d7bb,"From the 1st of January 2027, the maximum non-originating materials (MaxNOM) allowed in a finished battery electric vehicle (BEV) or Plug-in Hybrid Electric Vehicle (PHEV) drops from 60% to 45% of the ex-works value.",Indicates future policy change not yet effective law at research date.,not_established,proposal_or_uncertain,recovered_073c6c2ab233a7863d0fba6a,q_261,chunk_6e4726d0febaf1d783eaaed9,document_1bb264a24a1f6b76860da3cb,https://www.customssupport.com/fta-impact-automotive-landed-costs,full_document,False,text/3bc1abfc4686c67ca19c2aa3d8ed4543e349c6b8548f69785670354a4302675d.txt,not_established,locally_extracted_quote_validated_not_manually_verified,/home/sm11926/Certification_status/outputs/tariffs/pilot-2026-09-09,/home/sm11926/Certification_status/outputs/tariffs/pilot-2026-09-09/text/3bc1abfc4686c67ca19c2aa3d8ed4543e349c6b8548f69785670354a4302675d.txt,,
passage_677ae9121e4c3542c127beb7,"The products at issue are battery packs to be used in power tools such as lawnmowers, string trimmers, and chainsaws.","Distinguishes product type from electric vehicles, limiting direct applicability.",not_established,proposal_or_uncertain,recovered_b260e8269e5f264713610946,q_261,chunk_c78f32c2daff451edcd871bb,document_89094d2db2a6b11cc65c862c,https://www.customsmobile.com/rulings/docview?doc_id=HQ+H316389&highlight=HQ+H316389,full_document,False,text/0e79e47c62095772efc9982fd9d77b8ddd1f3e1cb32ad35301c845b2dd0bdbb4.txt,not_established,locally_extracted_quote_validated_not_manually_verified,/home/sm11926/Certification_status/outputs/tariffs/pilot-2026-09-09,/home/sm11926/Certification_status/outputs/tariffs/pilot-2026-09-09/text/0e79e47c62095772efc9982fd9d77b8ddd1f3e1cb32ad35301c845b2dd0bdbb4.txt,,
passage_9c5b838b06ef8aa2c9fc09a0,"After already being extended once, this derogation is set to expire at the end of 2026.",Confirms policy changes are time-bound and not permanent current law.,not_established,proposal_or_uncertain,recovered_d75cc49426a5234946a22001,q_261,chunk_26ec5a9098339b749da55e93,document_ffb64b1cd451cbed682d851c,https://mostfavourednation.substack.com/p/ev-rules-of-origin-cam-and-why-tariffs,full_document,False,text/e9dbefbb69a13297f9ceef34011f6ce9e91c646cf85cfb81396af48afe49e51c.txt,not_established,locally_extracted_quote_validated_not_manually_verified,/home/sm11926/Certification_status/outputs/tariffs/pilot-2026-09-09,/home/sm11926/Certification_status/outputs/tariffs/pilot-2026-09-09/text/e9dbefbb69a13297f9ceef34011f6ce9e91c646cf85cfb81396af48afe49e51c.txt,,
passage_519abbd74302067592fe3637,higher country-specific rates from April 9th will apply to rare earth permanent magnets but not upstream products.,Conflicting rate claim vs exemption,not_established,proposal_or_uncertain,recovered_d798598266e805698caee88e,q_152,chunk_ccc097cc96d58f9134f3228b,document_ac8c4ea91f6223fc032d261d,https://www.adamasintel.com/us-reciprocal-tariffs-to-hit-rare-earth-magnets-upstream-products-exempt,full_document,False,text/27391e47ea96e6807d8e5c98e2e50db10e158b4e6f8acf3b278dd1f8b4d510a2.txt,not_established,locally_extracted_quote_validated_not_manually_verified,/home/sm11926/Certification_status/outputs/tariffs/pilot-2026-09-09,/home/sm11926/Certification_status/outputs/tariffs/pilot-2026-09-09/text/27391e47ea96e6807d8e5c98e2e50db10e158b4e6f8acf3b278dd1f8b4d510a2.txt,,
passage_519abbd74302067592fe3637,"Irrespective of US plans to tariff imports of magnets from China, the latter today announced plans to restrict exports of high-performance magnets and other rare earth products on grounds of national security.",Indicates future/planned measures rather than enacted law,not_established,proposal_or_uncertain,recovered_c607f9c67f0f7d5f453042a7,q_152,chunk_ccc097cc96d58f9134f3228b,document_ac8c4ea91f6223fc032d261d,https://www.adamasintel.com/us-reciprocal-tariffs-to-hit-rare-earth-magnets-upstream-products-exempt,full_document,False,text/27391e47ea96e6807d8e5c98e2e50db10e158b4e6f8acf3b278dd1f8b4d510a2.txt,not_established,locally_extracted_quote_validated_not_manually_verified,/home/sm11926/Certification_status/outputs/tariffs/pilot-2026-09-09,/home/sm11926/Certification_status/outputs/tariffs/pilot-2026-09-09/text/27391e47ea96e6807d8e5c98e2e50db10e158b4e6f8acf3b278dd1f8b4d510a2.txt,,
passage_a3950cf1425c1947563c2839,"While there were first signs of rapprochement between the US and China in the trade dispute in October 2019, China also made clear that it might seriously consider using its market power in rare earth production and the US dependency on this as a leverage in the trade dispute.",Historical context indicates outdated evidence,not_established,date_not_established,recovered_9b5d535ab492030ef9fe419b,q_152,chunk_b54497db1e9e73bfb77f2770,document_0220285e498baa16bd0b160f,https://www.intereconomics.eu/contents/year/2019/number/6/article/rare-earths-in-the-trade-dispute-between-the-us-and-china-a-deja-vu.html,full_document,False,text/913454b95a469c8a1b0509e2ecb5bb84c3669045def048389b8cdbef9f3c504c.txt,not_established,locally_extracted_quote_validated_not_manually_verified,/home/sm11926/Certification_status/outputs/tariffs/pilot-2026-09-09,/home/sm11926/Certification_status/outputs/tariffs/pilot-2026-09-09/text/913454b95a469c8a1b0509e2ecb5bb84c3669045def048389b8cdbef9f3c504c.txt,,
passage_0effb4f80794562aceca9854,The directive of the investigation is to assess the effects of imports of NdFeB magnets on the national security of the United States.,Investigation scope does not confirm enacted tariff liability,not_established,date_not_established,recovered_47745627a0660405020e35c6,q_152,chunk_7b6a531da672eb3f7b2ae4f3,document_a7dbe6a196be7a4fb8796cd9,https://www.federalregister.gov/documents/2023/02/14/2023-03078/publication-of-a-report-on-the-effect-of-imports-of-neodymium-iron-boron-ndfeb-permanent-magnets-on,full_document,False,text/7d9a8e05fa685624880690d483624a3514891eb3a6e86832a73075992b277d7a.txt,not_established,locally_extracted_quote_validated_not_manually_verified,/home/sm11926/Certification_status/outputs/tariffs/pilot-2026-09-09,/home/sm11926/Certification_status/outputs/tariffs/pilot-2026-09-09/text/7d9a8e05fa685624880690d483624a3514891eb3a6e86832a73075992b277d7a.txt,,
passage_c1350796a740161093c937ca,"Subject merchandise does not include active anode material incorporated into imports of lithium-ion battery products (such as cells, modules, and packs)",Exclusions limit applicability to finished battery products.,not_established,proposal_or_uncertain,recovered_04aefe36ce37a47c3a323049,q_130,chunk_64e000f6f720afa16b1ae250,document_e3c2c0d03effc2973e24c96c,https://www.federalregister.gov/documents/2026/02/17/2026-02999/active-anode-material-from-the-peoples-republic-of-china-final-affirmative-countervailing-duty,full_document,False,text/1b112ecc1001e1964ba6337fe465629f0aaf7ee50c905fe50e454b479e1e4df8.txt,not_established,locally_extracted_quote_validated_not_manually_verified,/home/sm11926/Certification_status/outputs/tariffs/pilot-2026-09-09,/home/sm11926/Certification_status/outputs/tariffs/pilot-2026-09-09/text/1b112ecc1001e1964ba6337fe465629f0aaf7ee50c905fe50e454b479e1e4df8.txt,,
passage_02c713181c1025b81e93e716,The AAAMP alleges dumping margins from 828 percent and 921 percent.,Alleged rates not final law; status unverified.,not_established,proposal_or_uncertain,recovered_fa194455196d8f1794b0b024,q_130,chunk_05ae97ff7545504d396e3a87,document_25138db570bb442bb5a50360,https://www.hklaw.com/en/insights/publications/2025/01/new-antidumping-and-countervailing-duty-investigations,full_document,False,text/cd8b1873f10fb8f60844d9638a089a74ad756be6728cd261705c5045de1651f3.txt,not_established,locally_extracted_quote_validated_not_manually_verified,/home/sm11926/Certification_status/outputs/tariffs/pilot-2026-09-09,/home/sm11926/Certification_status/outputs/tariffs/pilot-2026-09-09/text/cd8b1873f10fb8f60844d9638a089a74ad756be6728cd261705c5045de1651f3.txt,,
passage_12edaa43ff6e7f88d63a8ecf,This is a welcome outcome for the battery energy storage industry and intermittent renewables in general as it effectively means that finished battery energy storage systems and oth,"Industry level impact, no company specific exposure.",not_established,proposal_or_uncertain,recovered_f8b5dfaa60531b29fb3911b8,q_130,chunk_c4e426030dbb5ee5dfbf1ca0,document_ccbf5c8421b44abbe94d6ac7,https://www.morganlewis.com/pubs/2026/03/tariffs-and-trade-risk-in-energy-storage-projects-2026-and-beyond,full_document,False,text/5ee38bd3ea12d0febd21361146f750dff9df67393d9dddefcf458336d5a44828.txt,not_established,locally_extracted_quote_validated_not_manually_verified,/home/sm11926/Certification_status/outputs/tariffs/pilot-2026-09-09,/home/sm11926/Certification_status/outputs/tariffs/pilot-2026-09-09/text/5ee38bd3ea12d0febd21361146f750dff9df67393d9dddefcf458336d5a44828.txt,,
passage_81f3e11893fc407acfb5e83a,U.S. Customs and Border Protection (“CBP”) has previously held that the assembly of battery cells into battery packs does not result in a substantial transformation of the cells because the essential character of the cells does not change by being placed together in a plastic case.,Demonstrates reliance on historical CBP rulings which may be outdated or insufficient for current company-specific exposure.,not_established,proposal_or_uncertain,recovered_aa2b8e470a82abb73c80efa9,q_382,chunk_3db3a108c6e23fac3a95eb94,document_89094d2db2a6b11cc65c862c,https://www.customsmobile.com/rulings/docview?doc_id=HQ+H316389&highlight=HQ+H316389,full_document,False,text/0e79e47c62095772efc9982fd9d77b8ddd1f3e1cb32ad35301c845b2dd0bdbb4.txt,not_established,locally_extracted_quote_validated_not_manually_verified,/home/sm11926/Certification_status/outputs/tariffs/pilot-2026-09-09,/home/sm11926/Certification_status/outputs/tariffs/pilot-2026-09-09/text/0e79e47c62095772efc9982fd9d77b8ddd1f3e1cb32ad35301c845b2dd0bdbb4.txt,,
passage_ba7281d90d4bcf5f6606e555,"Chinese-origin electric vehicles carry a 100% Section 301 duty, effective from 2024 under the four-year review modification published on 18 September 2024.",Indicates current tariff rates that may conflict with historical origin rulings or require specific company verification.,not_established,proposal_or_uncertain,recovered_a4190740b46ed197bf9e5218,q_382,chunk_289e7061165f006a5141e33b,document_ca0d2982bb3cf9a3d88f9f9c,https://cargotransinc.com/blog/ev-battery-tariff,full_document,False,text/420003c7b665da044eb71b00b95809c8b73e22b508dab53dea49535bfcd11a2e.txt,not_established,locally_extracted_quote_validated_not_manually_verified,/home/sm11926/Certification_status/outputs/tariffs/pilot-2026-09-09,/home/sm11926/Certification_status/outputs/tariffs/pilot-2026-09-09/text/420003c7b665da044eb71b00b95809c8b73e22b508dab53dea49535bfcd11a2e.txt,,
passage_75c3a1650a8eb77224cf969f,The HTSUS is subject to periodic amendment so you should exercise reasonable care in monitoring the status of goods covered by the Note cited above and the applicable Chapter 99 subheading.,"Highlights the dynamic nature of tariff codes, suggesting original snippets may not reflect current compliance requirements.",not_established,proposal_or_uncertain,recovered_70d909f52a118ec3cce10f97,q_382,chunk_ed064653ea23ea51d67d5e98,document_9037552253553884a198b48c,https://www.customsmobile.com/rulings/docview?doc_id=NY+N335323&highlight=8507.60.0010%2A,full_document,False,text/9ca63a2a6ff813d51163260fc57af52b4c9b525389585111657f3a500203290c.txt,not_established,locally_extracted_quote_validated_not_manually_verified,/home/sm11926/Certification_status/outputs/tariffs/pilot-2026-09-09,/home/sm11926/Certification_status/outputs/tariffs/pilot-2026-09-09/text/9ca63a2a6ff813d51163260fc57af52b4c9b525389585111657f3a500203290c.txt,,
passage_86c26f166fa343c31a6554fa,HTS 7410.21.3040 applies due to plastics-impregnated glass base with copper on both surfaces.,Identifies HTS for FR4 laminates but not IMS substrates.,not_established,proposal_or_uncertain,recovered_b1d2b9671ea5b83ccd8696ed,q_167,chunk_4067de052589cb7b91145c3e,document_c904f98e6711a99203a9720a,https://tariffs.wove.com/us/tariff/7410.21.30.40/2-layer-pcb-copper-clad-laminate-panel,full_document,False,text/7b1f39bb3211819b0d0b8767fc7c746011828eadc99726bb9c1dfc21619a3be8.txt,not_established,locally_extracted_quote_validated_not_manually_verified,/home/sm11926/Certification_status/outputs/tariffs/pilot-2026-09-09,/home/sm11926/Certification_status/outputs/tariffs/pilot-2026-09-09/text/7b1f39bb3211819b0d0b8767fc7c746011828eadc99726bb9c1dfc21619a3be8.txt,,
passage_9854e1007f99f3af30a9bc34,"flex, rigid-flex, and specialty substrate boards are excluded from these exemptions.",Notes exclusions for specialty substrates but does not confirm IMS status or rates.,not_established,proposal_or_uncertain,recovered_23ade754c58bfaf7a28b3021,q_167,chunk_ec23520aa49864a008ca43ef,document_deed7bcba7c578fe6ec11be4,https://www.bestfpc.com/news/the-ultimate-guide-to-flex-pcb-pricing-in-2026.html,full_document,False,text/89c1f4e93c3eea27ae8a5c3eb032a978fc7bcd5fa3b7546af515b6d89456c2dc.txt,not_established,locally_extracted_quote_validated_not_manually_verified,/home/sm11926/Certification_status/outputs/tariffs/pilot-2026-09-09,/home/sm11926/Certification_status/outputs/tariffs/pilot-2026-09-09/text/89c1f4e93c3eea27ae8a5c3eb032a978fc7bcd5fa3b7546af515b6d89456c2dc.txt,,
passage_5716614074ddd149c7506531,"Does it include switches, fuses, relays, or PCBs? | Ask a customs broker to review the full assembly",Indicates classification uncertainty for assemblies containing PCBs.,not_established,proposal_or_uncertain,recovered_eb5a9b6eabebb2fc55d3152c,q_167,chunk_2080cf14a26d63961be50eda,document_76e3dd7e96ebfcf483ebb218,https://www.ourpcb.com/blog/china-us-wire-harness-tariffs-2026,full_document,False,text/8bd31c068649b24bfb05be510b84d152866a90da7497f38f95dce09f461f0de5.txt,not_established,locally_extracted_quote_validated_not_manually_verified,/home/sm11926/Certification_status/outputs/tariffs/pilot-2026-09-09,/home/sm11926/Certification_status/outputs/tariffs/pilot-2026-09-09/text/8bd31c068649b24bfb05be510b84d152866a90da7497f38f95dce09f461f0de5.txt,,
passage_e4d98097b7cefff64bb7c38a,Hyundai’s $7.6 billion Georgia plant dodged U.S. President Donald Trump’s recently announced tariffs on imported vehicles and auto parts.,Directly addresses tariff applicability to Hyundai's Georgia facility.,explicit_named_company_effect,source_reports_effective_as_of_source_date,recovered_9675e7d78dce13b3898df8f7,q_16,chunk_c95172b02efed186b6b96091,document_8f6f66d969c4cf6dfce435b8,https://www.teslarati.com/hyundai-georgia-plant-vs-trump-tariffs,full_document,False,text/15b90325c23ee1e7b94390a8fa41764fab71da5f915a272eb720e736a673d47c.txt,not_established,locally_extracted_quote_validated_not_manually_verified,/home/sm11926/Certification_status/outputs/tariffs/pilot-2026-09-09,/home/sm11926/Certification_status/outputs/tariffs/pilot-2026-09-09/text/15b90325c23ee1e7b94390a8fa41764fab71da5f915a272eb720e736a673d47c.txt,,
passage_e4d98097b7cefff64bb7c38a,"“This plant couldn’t come at a better time than now. Because definitely all the cars that we would produce here are going to be exempted from any tariffs,” said Hyundai Motor Company CEO Jose Munoz.",Confirms company claim of exemption conflicting with general tariff announcements.,explicit_named_company_effect,source_reports_effective_as_of_source_date,recovered_15d0cd0a6e858776b98056f8,q_16,chunk_c95172b02efed186b6b96091,document_8f6f66d969c4cf6dfce435b8,https://www.teslarati.com/hyundai-georgia-plant-vs-trump-tariffs,full_document,False,text/15b90325c23ee1e7b94390a8fa41764fab71da5f915a272eb720e736a673d47c.txt,not_established,locally_extracted_quote_validated_not_manually_verified,/home/sm11926/Certification_status/outputs/tariffs/pilot-2026-09-09,/home/sm11926/Certification_status/outputs/tariffs/pilot-2026-09-09/text/15b90325c23ee1e7b94390a8fa41764fab71da5f915a272eb720e736a673d47c.txt,,
passage_6d749fc7f1dd2ca25e86395b,Tollison said not relying on shipments outside the country is a win for the Hyundai Metaplant due to the current 25% tariffs put in place by President Donald Trump.,"Indicates current tariff status impacting facility strategy, conflicting with exemption claims.",explicit_named_company_effect,source_reports_effective_as_of_source_date,recovered_0b1343cead449b7067a68733,q_16,chunk_e7c5aaacf2fceb4b706a6700,document_079b4ba6ee636e62b14b4271,https://www.wjcl.com/article/hyundai-20-billion-positive-impact-hyundai-metaplant-bryan-county/64290033,full_document,False,text/2145120b013461f75c2dca6a9b8a29c0e4599d490f3156241b9771a76f761785.txt,not_established,locally_extracted_quote_validated_not_manually_verified,/home/sm11926/Certification_status/outputs/tariffs/pilot-2026-09-09,/home/sm11926/Certification_status/outputs/tariffs/pilot-2026-09-09/text/2145120b013461f75c2dca6a9b8a29c0e4599d490f3156241b9771a76f761785.txt,,
passage_60d1bf48b6081cc97af6bee9,"Hyundai is weighing a massive expansion of its Georgia car plant, citing tariffs: CEO José Muñoz told CNBC the move would make the Bryan County facility the largest vehicle assembly plant by capacity in the U.S.",Links company expansion decision directly to tariff concerns.,explicit_named_company_effect,source_reports_effective_as_of_source_date,recovered_621b87bd8a169ba4cd4c48cb,q_16,chunk_c57aba5f6982abdfcddca499,document_fba45fa351d23e589a4b6afc,https://www.linkedin.com/posts/quartzmedia_hyundai-is-weighing-a-massive-expansion-of-activity-7496529152984903680-wIW-,full_document,False,text/352e92020b0fb3e66ffc329dbfd5486f4a56f14bfc261683a7a9baa8fde9d053.txt,not_established,locally_extracted_quote_validated_not_manually_verified,/home/sm11926/Certification_status/outputs/tariffs/pilot-2026-09-09,/home/sm11926/Certification_status/outputs/tariffs/pilot-2026-09-09/text/352e92020b0fb3e66ffc329dbfd5486f4a56f14bfc261683a7a9baa8fde9d053.txt,,
passage_549c0bdc68e34db7cbe15352,"US tariff policy continues to rapidly evolve, with significant implications for automotive manufacturers, suppliers, and importers.",Establishes general landscape complexity without specific Georgia authority linkage.,not_established,proposal_or_uncertain,recovered_63d1cc81db44c8b1cdbe83dd,q_27,chunk_fdbd0f793edcf9020372f316,document_fbff09b79902a92b93bae0be,https://www.morganlewis.com/pubs/2026/05/automotive-tariffs-and-trade-remedy-investigations-navigating-shifts-in-the-us-trade-landscape,full_document,False,text/50085a129daa52a58a774c94534a94cbf1204add848f1d504553cab5893b398b.txt,not_established,locally_extracted_quote_validated_not_manually_verified,/home/sm11926/Certification_status/outputs/tariffs/pilot-2026-09-09,/home/sm11926/Certification_status/outputs/tariffs/pilot-2026-09-09/text/50085a129daa52a58a774c94534a94cbf1204add848f1d504553cab5893b398b.txt,,
passage_2d2cc0a62e496840255bfffd,Full production at HMGMA began in October 2024; the first model produced was the 2025 Ioniq 5.,Confirms facility existence but provides no tariff impact data for named company.,not_established,proposal_or_uncertain,recovered_4df2f808de084fdcc58f3933,q_27,chunk_80f53a3be6ca605d02c19dc3,document_3255c41857c6cbbfa7ee8d86,https://en.wikipedia.org/wiki/Hyundai_Motor_Group_Metaplant_America,full_document,False,text/a3a426bc4130601bd1502ebd10435740fee86b21043caf66156fe214a9bee90b.txt,not_established,locally_extracted_quote_validated_not_manually_verified,/home/sm11926/Certification_status/outputs/tariffs/pilot-2026-09-09,/home/sm11926/Certification_status/outputs/tariffs/pilot-2026-09-09/text/a3a426bc4130601bd1502ebd10435740fee86b21043caf66156fe214a9bee90b.txt,,
passage_40a10f8a9eacaf60e8b368d2,"Compliance with import regulations introduces a range of indirect costs, including legal and administrative expenses",Describes general compliance burdens rather than specific tariff rates or authority impacts.,not_established,proposal_or_uncertain,recovered_6ee279d0af07db6166495618,q_27,chunk_8824126b58c68496a4fe001c,document_061d5b6cfecf24d124e722f2,https://www.blg.com/en/insights/2025/05/us-releases-new-tariff-changes-for-the-automotive-industry,full_document,False,text/f424bae6ce7b39232508693d2cd22f0d1b50e55e4f7e96b105f18505b7830477.txt,not_established,locally_extracted_quote_validated_not_manually_verified,/home/sm11926/Certification_status/outputs/tariffs/pilot-2026-09-09,/home/sm11926/Certification_status/outputs/tariffs/pilot-2026-09-09/text/f424bae6ce7b39232508693d2cd22f0d1b50e55e4f7e96b105f18505b7830477.txt,,
passage_46969ff15baff2f682df4428,"There is no bright-line rule for substantial transformation. CBP evaluates each case individually, and the same type of processing may or may not constitute substantial transformation depending on the specific facts.",Establishes lack of clear rules contributing to evidence conflict.,national_or_sector_context,date_not_established,recovered_56ee27aa164f6fc1e7db3a70,q_315,chunk_b307dcf15b0d033803c67c0b,document_cc2bcddd973804f344f90f3d,https://www.camtomx.com/en/blog/country-of-origin-marking-requirements,full_document,False,text/719b1d847f4839bc0fc515aa6413030a5f17532abe304c6d3be70469b59962e1.txt,not_established,locally_extracted_quote_validated_not_manually_verified,/home/sm11926/Certification_status/outputs/tariffs/pilot-2026-09-09,/home/sm11926/Certification_status/outputs/tariffs/pilot-2026-09-09/text/719b1d847f4839bc0fc515aa6413030a5f17532abe304c6d3be70469b59962e1.txt,,
passage_ad2ef35dd3f917f3e3d54e3b,Simple/minor assembly usually fails (origin stays with key components): - Energizer (CIT 2016): assembling ~50 flashlight parts in the U.S. did not change origin.,Provides historical precedent for simple assembly failing transformation test.,national_or_sector_context,date_not_established,recovered_9cd2bed6453a4d62e6a624cd,q_315,chunk_c931de67bd5fafcee063a38d,document_a24b7c8b15cd230ca93df20a,https://schulzlaw.us/2025-us-tariffs-vietnam-transshipment-country-of-origin,full_document,False,text/f1a949611b07e9c91aeefccedd1ead637054de443f8797a36b67db918429a4a1.txt,not_established,locally_extracted_quote_validated_not_manually_verified,/home/sm11926/Certification_status/outputs/tariffs/pilot-2026-09-09,/home/sm11926/Certification_status/outputs/tariffs/pilot-2026-09-09/text/f1a949611b07e9c91aeefccedd1ead637054de443f8797a36b67db918429a4a1.txt,,
passage_0fede4264a1288bb84a7396d,"Typically, “substantial transformation” is determined by U.S. Custom and Border Protection (CBP) on a case-by-case basis. CBP examines the totality of circumstances to determine whether a change in the good’s name, character, or use occurred due to the manufacturing or processing operations in the last country of production",Confirms case-by-case determination creates uncertainty for general answers.,national_or_sector_context,date_not_established,recovered_c43e60da47958704a513da02,q_315,chunk_9f6125c976068cee51ffcb38,document_15b7e1408aa8729c4c3e9c46,https://www.amundsendavislaw.com/alert-how-to-understand-substantial-transformation-in-a-country-of-origin-determination,full_document,False,text/d1ae82396fc1970d67fa1fb4c3d2f3c0ce1f056c5a5837847c68fc5284bc9476.txt,not_established,locally_extracted_quote_validated_not_manually_verified,/home/sm11926/Certification_status/outputs/tariffs/pilot-2026-09-09,/home/sm11926/Certification_status/outputs/tariffs/pilot-2026-09-09/text/d1ae82396fc1970d67fa1fb4c3d2f3c0ce1f056c5a5837847c68fc5284bc9476.txt,,
passage_36797f151341c2b43213f2a8,"Can an importer avoid the duties by moving an assembly operation from China to Mexico? If under the NAFTA marking rules a product is determined to be of Mexican origin, will that suffice?",Highlights conflict between marking rules and trade remedy duties for Mexico assembly.,not_established,date_not_established,recovered_a1d17e71977f0eeffa0fe344,q_196,chunk_ba80d647d6a8487687fcb7e2,document_ace4b950ea5727d4c3d9e1ff,https://tax.thomsonreuters.com/blog/can-i-avoid-section-301-chinese-duties-by-assembling-my-product-in-mexico-you-better-double-check,full_document,False,text/70b8cbf8359d895bd2a4c9c4de0fe637fc90b03af130e102a2f02a8604bab030.txt,not_established,locally_extracted_quote_validated_not_manually_verified,/home/sm11926/Certification_status/outputs/tariffs/pilot-2026-09-09,/home/sm11926/Certification_status/outputs/tariffs/pilot-2026-09-09/text/70b8cbf8359d895bd2a4c9c4de0fe637fc90b03af130e102a2f02a8604bab030.txt,,
