q_company_fdd3fe73423e13e3b595140c_discovery: insufficient_evidence
q_company_fdd3fe73423e13e3b595140c_targeted: insufficient_evidence
q_company_1a42c8704adcaf70bd49cb78_discovery: insufficient_evidence
q_company_1a42c8704adcaf70bd49cb78_targeted: insufficient_evidence
q_company_c637266c7de19e629af5b867_discovery: insufficient_evidence
q_company_c637266c7de19e629af5b867_targeted: insufficient_evidence
q_company_2c4b6344bfab2e8f192bfba9_discovery: insufficient_evidence
q_company_2c4b6344bfab2e8f192bfba9_targeted: insufficient_evidence
q_company_79ae9d99f72979a1c1261010_discovery: insufficient_evidence
q_company_79ae9d99f72979a1c1261010_targeted: insufficient_evidence
q_company_c01c638d33df890a6b51cd0c_discovery: insufficient_evidence
q_company_c01c638d33df890a6b51cd0c_targeted: insufficient_evidence
q_company_90ce15ff13f865cb62749afb_discovery: insufficient_evidence
q_company_90ce15ff13f865cb62749afb_targeted: insufficient_evidence
q_company_87068da9d6a4b546bd557609_discovery: complete
q_company_87068da9d6a4b546bd557609_targeted: complete
q_company_da9706f4b8d8a7c81d035528_discovery: complete
q_company_da9706f4b8d8a7c81d035528_targeted: complete
q_company_c04f33ffc5921844cc767a0a_discovery: insufficient_evidence
q_company_c04f33ffc5921844cc767a0a_targeted: insufficient_evidence
q_company_9c033fbbbe5dd968878b7417_discovery: insufficient_evidence
q_company_9c033fbbbe5dd968878b7417_targeted: insufficient_evidence
q_company_2b21c38fbded6ea1b5538a75_discovery: insufficient_evidence
q_company_2b21c38fbded6ea1b5538a75_targeted: insufficient_evidence
q_company_2fc6813eb9f41f003204ef69_discovery: insufficient_evidence
q_company_2fc6813eb9f41f003204ef69_targeted: insufficient_evidence
q_company_3d4d0f99f4974152e5c9657d_discovery: insufficient_evidence
q_company_3d4d0f99f4974152e5c9657d_targeted: insufficient_evidence
q_company_2ca807a86c0a7e4aeb4ae014_discovery: insufficient_evidence
q_company_2ca807a86c0a7e4aeb4ae014_targeted: insufficient_evidence
q_company_56947b6791bbd3d8817d1869_discovery: insufficient_evidence
q_company_56947b6791bbd3d8817d1869_targeted: insufficient_evidence
q_company_39f85ab24943ff1c43fdb019_discovery: insufficient_evidence
q_company_39f85ab24943ff1c43fdb019_targeted: insufficient_evidence
q_company_a1d2f17b3360077e6922a03d_discovery: insufficient_evidence
q_company_a1d2f17b3360077e6922a03d_targeted: insufficient_evidence
q_company_5d6710bbebca17301582eef6_discovery: insufficient_evidence
q_company_5d6710bbebca17301582eef6_targeted: insufficient_evidence
q_company_105d9963b102a6ae236572eb_discovery: complete
q_company_105d9963b102a6ae236572eb_targeted: insufficient_evidence
q_company_2e20e495efaa524f3c7b4c3a_discovery: insufficient_evidence
q_company_2e20e495efaa524f3c7b4c3a_targeted: insufficient_evidence
q_company_8102602c2cf120a2e06de532_discovery: insufficient_evidence
q_company_8102602c2cf120a2e06de532_targeted: insufficient_evidence
q_company_2c8b7f05b5f09138866667d6_discovery: insufficient_evidence
q_company_2c8b7f05b5f09138866667d6_targeted: insufficient_evidence
q_company_36bb5b7f923c6cc0642f4aca_discovery: insufficient_evidence
q_company_36bb5b7f923c6cc0642f4aca_targeted: insufficient_evidence
q_company_42975cd2568a7dcbeb7cbd98_discovery: complete
q_company_42975cd2568a7dcbeb7cbd98_targeted: insufficient_evidence
q_company_af625009d15eb10609433c7a_discovery: insufficient_evidence
q_company_af625009d15eb10609433c7a_targeted: insufficient_evidence
q_company_c7297d0309518878c6b970e8_discovery: insufficient_evidence
q_company_c7297d0309518878c6b970e8_targeted: insufficient_evidence
q_company_17d2a2419c972bbfbd0d3c66_discovery: complete
q_company_17d2a2419c972bbfbd0d3c66_targeted: insufficient_evidence
q_company_7401d56b17c5cd19433e6b12_discovery: insufficient_evidence
q_company_7401d56b17c5cd19433e6b12_targeted: insufficient_evidence
q_company_22670a5f0b194d8bd2c5eb74_discovery: insufficient_evidence
q_company_22670a5f0b194d8bd2c5eb74_targeted: insufficient_evidence
q_company_d34cd4f09e41e0c33dd7091f_discovery: insufficient_evidence
q_company_d34cd4f09e41e0c33dd7091f_targeted: insufficient_evidence
q_company_c5335f42ecc83c2a03899ecb_discovery: insufficient_evidence
q_company_c5335f42ecc83c2a03899ecb_targeted: insufficient_evidence
q_company_0d0c7e1f704d4df061e129a4_discovery: insufficient_evidence
q_company_0d0c7e1f704d4df061e129a4_targeted: insufficient_evidence
q_company_c5fcc97bfb2974073676415c_discovery: insufficient_evidence
q_company_c5fcc97bfb2974073676415c_targeted: complete
q_company_ae431317033c698ebc8dbdc9_discovery: insufficient_evidence
q_company_ae431317033c698ebc8dbdc9_targeted: complete
q_company_554a225e8185b55b8a0a41bd_discovery: insufficient_evidence
q_company_554a225e8185b55b8a0a41bd_targeted: insufficient_evidence
q_company_9f7649ab93e553fce03a0293_discovery: complete
q_company_9f7649ab93e553fce03a0293_targeted: complete
q_company_80c510ece7aa44948187d533_discovery: insufficient_evidence
q_company_80c510ece7aa44948187d533_targeted: insufficient_evidence
q_company_fc7c935e96c630b5d97e68a4_discovery: insufficient_evidence
q_company_fc7c935e96c630b5d97e68a4_targeted: insufficient_evidence
q_company_9e5f148c5a229152f328fcb1_discovery: insufficient_evidence
q_company_9e5f148c5a229152f328fcb1_targeted: insufficient_evidence
q_company_85bc0be08bc4340515f23feb_discovery: insufficient_evidence
q_company_85bc0be08bc4340515f23feb_targeted: insufficient_evidence
q_company_95301b2e6722331d5c2f845b_discovery: insufficient_evidence
q_company_95301b2e6722331d5c2f845b_targeted: insufficient_evidence
q_company_afab7be1621b5bafcfb7f0b4_discovery: insufficient_evidence
q_company_afab7be1621b5bafcfb7f0b4_targeted: insufficient_evidence
q_company_8d42c7988edcfa40dca2f234_discovery: insufficient_evidence
q_company_8d42c7988edcfa40dca2f234_targeted: complete
q_company_0493452f9eb077afb0f244bd_discovery: insufficient_evidence
q_company_0493452f9eb077afb0f244bd_targeted: insufficient_evidence
q_company_90866fc8cf495eea5d2f62ee_discovery: insufficient_evidence
q_company_90866fc8cf495eea5d2f62ee_targeted: insufficient_evidence
q_company_a67cb8fe187afc2e4991e639_discovery: insufficient_evidence
q_company_a67cb8fe187afc2e4991e639_targeted: insufficient_evidence
q_company_15be2d53cdedc8bb7d9f1da8_discovery: insufficient_evidence
q_company_15be2d53cdedc8bb7d9f1da8_targeted: insufficient_evidence
q_company_5b628ee8f4aa57a92808347b_discovery: complete
q_company_5b628ee8f4aa57a92808347b_targeted: insufficient_evidence
q_company_89c7fb4ea40a16de2124266e_discovery: insufficient_evidence
q_company_89c7fb4ea40a16de2124266e_targeted: insufficient_evidence
q_company_8c24996dab6424ef3a7a1d2c_discovery: insufficient_evidence
q_company_8c24996dab6424ef3a7a1d2c_targeted: complete
q_company_e4034603e2ef1f2c82e9bef8_discovery: insufficient_evidence
q_company_e4034603e2ef1f2c82e9bef8_targeted: insufficient_evidence
q_company_9ddeeb9ac201aee6620312ef_discovery: insufficient_evidence
q_company_9ddeeb9ac201aee6620312ef_targeted: insufficient_evidence
q_company_2a4a597f72ccf38caccb9442_discovery: insufficient_evidence
q_company_2a4a597f72ccf38caccb9442_targeted: complete
q_company_5dcbbc145bf0d5ed726febae_discovery: insufficient_evidence
q_company_5dcbbc145bf0d5ed726febae_targeted: insufficient_evidence
q_company_c1c4fd592ddbedf564507b8b_discovery: insufficient_evidence
q_company_c1c4fd592ddbedf564507b8b_targeted: complete
q_company_23ebfd09d6c7f37b2dc25904_discovery: insufficient_evidence
q_company_23ebfd09d6c7f37b2dc25904_targeted: complete
q_company_2433d9dc53f48bd785fdde67_discovery: insufficient_evidence
q_company_2433d9dc53f48bd785fdde67_targeted: complete
q_company_39deb7adc0f95475d16ebb1b_discovery: insufficient_evidence
q_company_39deb7adc0f95475d16ebb1b_targeted: insufficient_evidence
q_company_8b600a968a9e1e7afd1f6cb1_discovery: insufficient_evidence
q_company_8b600a968a9e1e7afd1f6cb1_targeted: insufficient_evidence
q_company_72b49d856cf0c4ec907d8a5c_discovery: complete
q_company_72b49d856cf0c4ec907d8a5c_targeted: insufficient_evidence
q_company_16cfdd7795f2585f3782e10a_discovery: insufficient_evidence
q_company_16cfdd7795f2585f3782e10a_targeted: insufficient_evidence
q_company_dd47a3941fa7ff93d27cfe5d_discovery: insufficient_evidence
q_company_dd47a3941fa7ff93d27cfe5d_targeted: insufficient_evidence
q_company_5fd1cdbb7f4fedfb0fc5ec73_discovery: insufficient_evidence
q_company_5fd1cdbb7f4fedfb0fc5ec73_targeted: complete
q_company_db84bb9d505096e9f1ac05ff_discovery: insufficient_evidence
q_company_db84bb9d505096e9f1ac05ff_targeted: insufficient_evidence
q_company_b77873acd655b85203123334_discovery: insufficient_evidence
q_company_b77873acd655b85203123334_targeted: insufficient_evidence
q_company_95499c81d98267ad7ee60c61_discovery: insufficient_evidence
q_company_95499c81d98267ad7ee60c61_targeted: insufficient_evidence
q_company_0f47bea73e79482f99163b3b_discovery: complete
q_company_0f47bea73e79482f99163b3b_targeted: complete
q_company_4cf9aea6b8343b258d83e9d6_discovery: insufficient_evidence
q_company_4cf9aea6b8343b258d83e9d6_targeted: insufficient_evidence
q_company_1397e4a3a1b21417765afda3_discovery: insufficient_evidence
q_company_1397e4a3a1b21417765afda3_targeted: complete
fontTools is required to fully parse the encoding of a CFF Type1 font in font dictionary {'/Subtype': '/Type1', '/BaseFont': '/TWJDGS+Times-Roman', '/Type': '/Font', '/Name': '/R14', '/FontDescriptor': IndirectObject(13, 0, 139665967692784), '/FirstChar': 1, '/LastChar': 255, '/Widths': [333, 333, 333, 278, 556, 556, 167, 333, 611, 278, 564, 333, 333, 611, 444, 250, 250, 250, 250, 250, 250, 250, 250, 250, 250, 250, 250, 250, 250, 250, 250, 250, 333, 408, 500, 500, 833, 778, 180, 333, 333, 500, 564, 250, 333, 250, 278, 500, 500, 500, 500, 500, 500, 500, 500, 500, 500, 278, 278, 564, 564, 564, 444, 921, 722, 667, 667, 722, 611, 556, 722, 722, 333, 389, 722, 611, 889, 722, 722, 556, 722, 667, 556, 611, 722, 722, 944, 722, 722, 611, 333, 278, 333, 469, 500, 333, 444, 500, 444, 500, 444, 333, 500, 500, 278, 278, 500, 278, 778, 500, 500, 500, 500, 333, 389, 278, 500, 500, 722, 500, 500, 444, 480, 200, 480, 541, 250, 500, 250, 333, 500, 444, 1000, 500, 500, 333, 1000, 556, 333, 889, 250, 250, 250, 250, 333, 333, 444, 444, 350, 500, 1000, 333, 980, 389, 333, 722, 250, 250, 722, 250, 333, 500, 500, 500, 500, 200, 500, 333, 760, 276, 500, 564, 250, 760, 333, 400, 564, 300, 300, 333, 500, 453, 250, 333, 300, 310, 500, 750, 750, 750, 444, 722, 722, 722, 722, 722, 722, 889, 667, 611, 611, 611, 611, 333, 333, 333, 333, 722, 722, 722, 722, 722, 722, 722, 564, 722, 722, 722, 722, 722, 722, 556, 500, 444, 444, 444, 444, 444, 444, 667, 444, 444, 444, 444, 444, 278, 278, 278, 278, 500, 500, 500, 500, 500, 500, 500, 564, 500, 500, 500, 500, 500, 500, 500, 500], '/Encoding': IndirectObject(48, 0, 139665967692784)}, but is not installed. Consider installing fontTools if you encounter encoding problems.
fontTools is required to fully parse the encoding of a CFF Type1 font in font dictionary {'/Subtype': '/Type1', '/BaseFont': '/KVBEGS+Times-Bold', '/Type': '/Font', '/Name': '/R17', '/FontDescriptor': IndirectObject(16, 0, 139665967692784), '/FirstChar': 1, '/LastChar': 255, '/Widths': [333, 333, 333, 278, 556, 556, 167, 333, 667, 278, 570, 333, 333, 667, 444, 250, 250, 250, 250, 250, 250, 250, 250, 250, 250, 250, 250, 250, 250, 250, 250, 250, 333, 555, 500, 500, 1000, 833, 278, 333, 333, 500, 570, 250, 333, 250, 278, 500, 500, 500, 500, 500, 500, 500, 500, 500, 500, 333, 333, 570, 570, 570, 500, 930, 722, 667, 722, 722, 667, 611, 778, 778, 389, 500, 778, 667, 944, 722, 778, 611, 778, 722, 556, 667, 722, 722, 1000, 722, 722, 667, 333, 278, 333, 581, 500, 333, 500, 556, 444, 556, 444, 333, 500, 556, 278, 333, 556, 278, 833, 556, 500, 556, 556, 444, 389, 333, 556, 500, 722, 500, 500, 444, 394, 220, 394, 520, 250, 500, 250, 333, 500, 500, 1000, 500, 500, 333, 1000, 556, 333, 1000, 250, 250, 250, 250, 333, 333, 500, 500, 350, 500, 1000, 333, 1000, 389, 333, 722, 250, 250, 722, 250, 333, 500, 500, 500, 500, 220, 500, 333, 747, 300, 500, 570, 250, 747, 333, 400, 570, 300, 300, 333, 556, 540, 250, 333, 300, 330, 500, 750, 750, 750, 500, 722, 722, 722, 722, 722, 722, 1000, 722, 667, 667, 667, 667, 389, 389, 389, 389, 722, 722, 778, 778, 778, 778, 778, 570, 778, 722, 722, 722, 722, 722, 611, 556, 500, 500, 500, 500, 500, 500, 722, 444, 444, 444, 444, 444, 278, 278, 278, 278, 500, 556, 500, 500, 500, 500, 500, 570, 500, 556, 556, 556, 556, 500, 556, 500]}, but is not installed. Consider installing fontTools if you encounter encoding problems.
fontTools is required to fully parse the encoding of a CFF Type1 font in font dictionary {'/Subtype': '/Type1', '/BaseFont': '/SOADGS+Helvetica', '/Type': '/Font', '/Name': '/R20', '/FontDescriptor': IndirectObject(19, 0, 139665967692784), '/FirstChar': 1, '/LastChar': 255, '/Widths': [333, 333, 333, 278, 500, 500, 167, 333, 556, 222, 584, 333, 333, 611, 500, 278, 278, 278, 278, 278, 278, 278, 278, 278, 278, 278, 278, 278, 278, 278, 278, 278, 278, 355, 556, 556, 889, 667, 191, 333, 333, 389, 584, 278, 333, 278, 278, 556, 556, 556, 556, 556, 556, 556, 556, 556, 556, 278, 278, 584, 584, 584, 556, 1015, 667, 667, 722, 722, 667, 611, 778, 722, 278, 500, 667, 556, 833, 722, 778, 667, 778, 722, 667, 611, 722, 667, 944, 667, 667, 611, 278, 278, 278, 469, 556, 333, 556, 556, 500, 556, 556, 278, 556, 556, 222, 222, 500, 222, 833, 556, 556, 556, 556, 333, 500, 278, 556, 500, 722, 500, 500, 500, 334, 260, 334, 584, 278, 556, 278, 222, 556, 333, 1000, 556, 556, 333, 1000, 667, 333, 1000, 278, 278, 278, 278, 222, 221, 333, 333, 350, 556, 1000, 333, 1000, 500, 333, 944, 278, 278, 667, 278, 333, 556, 556, 556, 556, 260, 556, 333, 737, 370, 556, 584, 278, 737, 333, 606, 584, 351, 351, 333, 556, 537, 278, 333, 351, 365, 556, 869, 869, 869, 611, 667, 667, 667, 667, 667, 667, 1000, 722, 667, 667, 667, 667, 278, 278, 278, 278, 722, 722, 778, 778, 778, 778, 778, 584, 778, 722, 722, 722, 722, 666, 666, 611, 556, 556, 556, 556, 556, 556, 889, 500, 556, 556, 556, 556, 278, 278, 278, 278, 556, 556, 556, 556, 556, 556, 556, 584, 611, 556, 556, 556, 556, 500, 555, 500]}, but is not installed. Consider installing fontTools if you encounter encoding problems.
fontTools is required to fully parse the encoding of a CFF Type1 font in font dictionary {'/Subtype': '/Type1', '/BaseFont': '/TWJDGS+Times-Roman', '/Type': '/Font', '/Name': '/R14', '/FontDescriptor': IndirectObject(13, 0, 139665967692784), '/FirstChar': 1, '/LastChar': 255, '/Widths': [333, 333, 333, 278, 556, 556, 167, 333, 611, 278, 564, 333, 333, 611, 444, 250, 250, 250, 250, 250, 250, 250, 250, 250, 250, 250, 250, 250, 250, 250, 250, 250, 333, 408, 500, 500, 833, 778, 180, 333, 333, 500, 564, 250, 333, 250, 278, 500, 500, 500, 500, 500, 500, 500, 500, 500, 500, 278, 278, 564, 564, 564, 444, 921, 722, 667, 667, 722, 611, 556, 722, 722, 333, 389, 722, 611, 889, 722, 722, 556, 722, 667, 556, 611, 722, 722, 944, 722, 722, 611, 333, 278, 333, 469, 500, 333, 444, 500, 444, 500, 444, 333, 500, 500, 278, 278, 500, 278, 778, 500, 500, 500, 500, 333, 389, 278, 500, 500, 722, 500, 500, 444, 480, 200, 480, 541, 250, 500, 250, 333, 500, 444, 1000, 500, 500, 333, 1000, 556, 333, 889, 250, 250, 250, 250, 333, 333, 444, 444, 350, 500, 1000, 333, 980, 389, 333, 722, 250, 250, 722, 250, 333, 500, 500, 500, 500, 200, 500, 333, 760, 276, 500, 564, 250, 760, 333, 400, 564, 300, 300, 333, 500, 453, 250, 333, 300, 310, 500, 750, 750, 750, 444, 722, 722, 722, 722, 722, 722, 889, 667, 611, 611, 611, 611, 333, 333, 333, 333, 722, 722, 722, 722, 722, 722, 722, 564, 722, 722, 722, 722, 722, 722, 556, 500, 444, 444, 444, 444, 444, 444, 667, 444, 444, 444, 444, 444, 278, 278, 278, 278, 500, 500, 500, 500, 500, 500, 500, 564, 500, 500, 500, 500, 500, 500, 500, 500], '/Encoding': IndirectObject(48, 0, 139665967692784)}, but is not installed. Consider installing fontTools if you encounter encoding problems.
fontTools is required to fully parse the encoding of a CFF Type1 font in font dictionary {'/Subtype': '/Type1', '/BaseFont': '/KVBEGS+Times-Bold', '/Type': '/Font', '/Name': '/R17', '/FontDescriptor': IndirectObject(16, 0, 139665967692784), '/FirstChar': 1, '/LastChar': 255, '/Widths': [333, 333, 333, 278, 556, 556, 167, 333, 667, 278, 570, 333, 333, 667, 444, 250, 250, 250, 250, 250, 250, 250, 250, 250, 250, 250, 250, 250, 250, 250, 250, 250, 333, 555, 500, 500, 1000, 833, 278, 333, 333, 500, 570, 250, 333, 250, 278, 500, 500, 500, 500, 500, 500, 500, 500, 500, 500, 333, 333, 570, 570, 570, 500, 930, 722, 667, 722, 722, 667, 611, 778, 778, 389, 500, 778, 667, 944, 722, 778, 611, 778, 722, 556, 667, 722, 722, 1000, 722, 722, 667, 333, 278, 333, 581, 500, 333, 500, 556, 444, 556, 444, 333, 500, 556, 278, 333, 556, 278, 833, 556, 500, 556, 556, 444, 389, 333, 556, 500, 722, 500, 500, 444, 394, 220, 394, 520, 250, 500, 250, 333, 500, 500, 1000, 500, 500, 333, 1000, 556, 333, 1000, 250, 250, 250, 250, 333, 333, 500, 500, 350, 500, 1000, 333, 1000, 389, 333, 722, 250, 250, 722, 250, 333, 500, 500, 500, 500, 220, 500, 333, 747, 300, 500, 570, 250, 747, 333, 400, 570, 300, 300, 333, 556, 540, 250, 333, 300, 330, 500, 750, 750, 750, 500, 722, 722, 722, 722, 722, 722, 1000, 722, 667, 667, 667, 667, 389, 389, 389, 389, 722, 722, 778, 778, 778, 778, 778, 570, 778, 722, 722, 722, 722, 722, 611, 556, 500, 500, 500, 500, 500, 500, 722, 444, 444, 444, 444, 444, 278, 278, 278, 278, 500, 556, 500, 500, 500, 500, 500, 570, 500, 556, 556, 556, 556, 500, 556, 500]}, but is not installed. Consider installing fontTools if you encounter encoding problems.
fontTools is required to fully parse the encoding of a CFF Type1 font in font dictionary {'/Subtype': '/Type1', '/BaseFont': '/SOADGS+Helvetica', '/Type': '/Font', '/Name': '/R20', '/FontDescriptor': IndirectObject(19, 0, 139665967692784), '/FirstChar': 1, '/LastChar': 255, '/Widths': [333, 333, 333, 278, 500, 500, 167, 333, 556, 222, 584, 333, 333, 611, 500, 278, 278, 278, 278, 278, 278, 278, 278, 278, 278, 278, 278, 278, 278, 278, 278, 278, 278, 355, 556, 556, 889, 667, 191, 333, 333, 389, 584, 278, 333, 278, 278, 556, 556, 556, 556, 556, 556, 556, 556, 556, 556, 278, 278, 584, 584, 584, 556, 1015, 667, 667, 722, 722, 667, 611, 778, 722, 278, 500, 667, 556, 833, 722, 778, 667, 778, 722, 667, 611, 722, 667, 944, 667, 667, 611, 278, 278, 278, 469, 556, 333, 556, 556, 500, 556, 556, 278, 556, 556, 222, 222, 500, 222, 833, 556, 556, 556, 556, 333, 500, 278, 556, 500, 722, 500, 500, 500, 334, 260, 334, 584, 278, 556, 278, 222, 556, 333, 1000, 556, 556, 333, 1000, 667, 333, 1000, 278, 278, 278, 278, 222, 221, 333, 333, 350, 556, 1000, 333, 1000, 500, 333, 944, 278, 278, 667, 278, 333, 556, 556, 556, 556, 260, 556, 333, 737, 370, 556, 584, 278, 737, 333, 606, 584, 351, 351, 333, 556, 537, 278, 333, 351, 365, 556, 869, 869, 869, 611, 667, 667, 667, 667, 667, 667, 1000, 722, 667, 667, 667, 667, 278, 278, 278, 278, 722, 722, 778, 778, 778, 778, 778, 584, 778, 722, 722, 722, 722, 666, 666, 611, 556, 556, 556, 556, 556, 556, 889, 500, 556, 556, 556, 556, 278, 278, 278, 278, 556, 556, 556, 556, 556, 556, 556, 584, 611, 556, 556, 556, 556, 500, 555, 500]}, but is not installed. Consider installing fontTools if you encounter encoding problems.
fontTools is required to fully parse the encoding of a CFF Type1 font in font dictionary {'/Subtype': '/Type1', '/BaseFont': '/JSNEGS+Times-BoldItalic', '/Type': '/Font', '/Name': '/R34', '/FontDescriptor': IndirectObject(33, 0, 139665967692784), '/FirstChar': 1, '/LastChar': 255, '/Widths': [333, 333, 333, 278, 556, 556, 167, 333, 611, 278, 606, 333, 333, 611, 389, 250, 250, 250, 250, 250, 250, 250, 250, 250, 250, 250, 250, 250, 250, 250, 250, 250, 389, 555, 500, 500, 833, 778, 278, 333, 333, 500, 570, 250, 333, 250, 278, 500, 500, 500, 500, 500, 500, 500, 500, 500, 500, 333, 333, 570, 570, 570, 500, 832, 667, 667, 667, 722, 667, 667, 722, 778, 389, 500, 667, 611, 889, 722, 722, 611, 722, 667, 556, 611, 722, 667, 889, 667, 611, 611, 333, 278, 333, 570, 500, 333, 500, 500, 444, 500, 444, 333, 500, 556, 278, 278, 500, 278, 778, 556, 500, 500, 500, 389, 389, 278, 556, 444, 667, 500, 444, 389, 348, 220, 348, 570, 250, 500, 250, 333, 500, 500, 1000, 500, 500, 333, 1000, 556, 333, 944, 250, 250, 250, 250, 333, 333, 500, 500, 350, 500, 1000, 333, 1000, 389, 333, 722, 250, 250, 611, 250, 389, 500, 500, 500, 500, 220, 500, 333, 747, 266, 500, 606, 250, 747, 333, 400, 570, 300, 300, 333, 576, 500, 250, 333, 300, 300, 500, 750, 750, 750, 500, 667, 667, 667, 667, 667, 667, 944, 667, 667, 667, 667, 667, 389, 389, 389, 389, 722, 722, 722, 722, 722, 722, 722, 570, 722, 722, 722, 722, 722, 611, 611, 500, 500, 500, 500, 500, 500, 500, 722, 444, 444, 444, 444, 444, 278, 278, 278, 278, 500, 556, 500, 500, 500, 500, 500, 570, 500, 556, 556, 556, 556, 444, 500, 444]}, but is not installed. Consider installing fontTools if you encounter encoding problems.
fontTools is required to fully parse the encoding of a CFF Type1 font in font dictionary {'/Subtype': '/Type1', '/BaseFont': '/TWJDGS+Times-Roman', '/Type': '/Font', '/Name': '/R14', '/FontDescriptor': IndirectObject(13, 0, 139665967692784), '/FirstChar': 1, '/LastChar': 255, '/Widths': [333, 333, 333, 278, 556, 556, 167, 333, 611, 278, 564, 333, 333, 611, 444, 250, 250, 250, 250, 250, 250, 250, 250, 250, 250, 250, 250, 250, 250, 250, 250, 250, 333, 408, 500, 500, 833, 778, 180, 333, 333, 500, 564, 250, 333, 250, 278, 500, 500, 500, 500, 500, 500, 500, 500, 500, 500, 278, 278, 564, 564, 564, 444, 921, 722, 667, 667, 722, 611, 556, 722, 722, 333, 389, 722, 611, 889, 722, 722, 556, 722, 667, 556, 611, 722, 722, 944, 722, 722, 611, 333, 278, 333, 469, 500, 333, 444, 500, 444, 500, 444, 333, 500, 500, 278, 278, 500, 278, 778, 500, 500, 500, 500, 333, 389, 278, 500, 500, 722, 500, 500, 444, 480, 200, 480, 541, 250, 500, 250, 333, 500, 444, 1000, 500, 500, 333, 1000, 556, 333, 889, 250, 250, 250, 250, 333, 333, 444, 444, 350, 500, 1000, 333, 980, 389, 333, 722, 250, 250, 722, 250, 333, 500, 500, 500, 500, 200, 500, 333, 760, 276, 500, 564, 250, 760, 333, 400, 564, 300, 300, 333, 500, 453, 250, 333, 300, 310, 500, 750, 750, 750, 444, 722, 722, 722, 722, 722, 722, 889, 667, 611, 611, 611, 611, 333, 333, 333, 333, 722, 722, 722, 722, 722, 722, 722, 564, 722, 722, 722, 722, 722, 722, 556, 500, 444, 444, 444, 444, 444, 444, 667, 444, 444, 444, 444, 444, 278, 278, 278, 278, 500, 500, 500, 500, 500, 500, 500, 564, 500, 500, 500, 500, 500, 500, 500, 500], '/Encoding': IndirectObject(48, 0, 139665967692784)}, but is not installed. Consider installing fontTools if you encounter encoding problems.
fontTools is required to fully parse the encoding of a CFF Type1 font in font dictionary {'/Subtype': '/Type1', '/BaseFont': '/KVBEGS+Times-Bold', '/Type': '/Font', '/Name': '/R17', '/FontDescriptor': IndirectObject(16, 0, 139665967692784), '/FirstChar': 1, '/LastChar': 255, '/Widths': [333, 333, 333, 278, 556, 556, 167, 333, 667, 278, 570, 333, 333, 667, 444, 250, 250, 250, 250, 250, 250, 250, 250, 250, 250, 250, 250, 250, 250, 250, 250, 250, 333, 555, 500, 500, 1000, 833, 278, 333, 333, 500, 570, 250, 333, 250, 278, 500, 500, 500, 500, 500, 500, 500, 500, 500, 500, 333, 333, 570, 570, 570, 500, 930, 722, 667, 722, 722, 667, 611, 778, 778, 389, 500, 778, 667, 944, 722, 778, 611, 778, 722, 556, 667, 722, 722, 1000, 722, 722, 667, 333, 278, 333, 581, 500, 333, 500, 556, 444, 556, 444, 333, 500, 556, 278, 333, 556, 278, 833, 556, 500, 556, 556, 444, 389, 333, 556, 500, 722, 500, 500, 444, 394, 220, 394, 520, 250, 500, 250, 333, 500, 500, 1000, 500, 500, 333, 1000, 556, 333, 1000, 250, 250, 250, 250, 333, 333, 500, 500, 350, 500, 1000, 333, 1000, 389, 333, 722, 250, 250, 722, 250, 333, 500, 500, 500, 500, 220, 500, 333, 747, 300, 500, 570, 250, 747, 333, 400, 570, 300, 300, 333, 556, 540, 250, 333, 300, 330, 500, 750, 750, 750, 500, 722, 722, 722, 722, 722, 722, 1000, 722, 667, 667, 667, 667, 389, 389, 389, 389, 722, 722, 778, 778, 778, 778, 778, 570, 778, 722, 722, 722, 722, 722, 611, 556, 500, 500, 500, 500, 500, 500, 722, 444, 444, 444, 444, 444, 278, 278, 278, 278, 500, 556, 500, 500, 500, 500, 500, 570, 500, 556, 556, 556, 556, 500, 556, 500]}, but is not installed. Consider installing fontTools if you encounter encoding problems.
fontTools is required to fully parse the encoding of a CFF Type1 font in font dictionary {'/Subtype': '/Type1', '/BaseFont': '/TWJDGS+Times-Roman', '/Type': '/Font', '/Name': '/R14', '/FontDescriptor': IndirectObject(13, 0, 139665967692784), '/FirstChar': 1, '/LastChar': 255, '/Widths': [333, 333, 333, 278, 556, 556, 167, 333, 611, 278, 564, 333, 333, 611, 444, 250, 250, 250, 250, 250, 250, 250, 250, 250, 250, 250, 250, 250, 250, 250, 250, 250, 333, 408, 500, 500, 833, 778, 180, 333, 333, 500, 564, 250, 333, 250, 278, 500, 500, 500, 500, 500, 500, 500, 500, 500, 500, 278, 278, 564, 564, 564, 444, 921, 722, 667, 667, 722, 611, 556, 722, 722, 333, 389, 722, 611, 889, 722, 722, 556, 722, 667, 556, 611, 722, 722, 944, 722, 722, 611, 333, 278, 333, 469, 500, 333, 444, 500, 444, 500, 444, 333, 500, 500, 278, 278, 500, 278, 778, 500, 500, 500, 500, 333, 389, 278, 500, 500, 722, 500, 500, 444, 480, 200, 480, 541, 250, 500, 250, 333, 500, 444, 1000, 500, 500, 333, 1000, 556, 333, 889, 250, 250, 250, 250, 333, 333, 444, 444, 350, 500, 1000, 333, 980, 389, 333, 722, 250, 250, 722, 250, 333, 500, 500, 500, 500, 200, 500, 333, 760, 276, 500, 564, 250, 760, 333, 400, 564, 300, 300, 333, 500, 453, 250, 333, 300, 310, 500, 750, 750, 750, 444, 722, 722, 722, 722, 722, 722, 889, 667, 611, 611, 611, 611, 333, 333, 333, 333, 722, 722, 722, 722, 722, 722, 722, 564, 722, 722, 722, 722, 722, 722, 556, 500, 444, 444, 444, 444, 444, 444, 667, 444, 444, 444, 444, 444, 278, 278, 278, 278, 500, 500, 500, 500, 500, 500, 500, 564, 500, 500, 500, 500, 500, 500, 500, 500], '/Encoding': IndirectObject(48, 0, 139665967692784)}, but is not installed. Consider installing fontTools if you encounter encoding problems.
fontTools is required to fully parse the encoding of a CFF Type1 font in font dictionary {'/Subtype': '/Type1', '/BaseFont': '/KVBEGS+Times-Bold', '/Type': '/Font', '/Name': '/R17', '/FontDescriptor': IndirectObject(16, 0, 139665967692784), '/FirstChar': 1, '/LastChar': 255, '/Widths': [333, 333, 333, 278, 556, 556, 167, 333, 667, 278, 570, 333, 333, 667, 444, 250, 250, 250, 250, 250, 250, 250, 250, 250, 250, 250, 250, 250, 250, 250, 250, 250, 333, 555, 500, 500, 1000, 833, 278, 333, 333, 500, 570, 250, 333, 250, 278, 500, 500, 500, 500, 500, 500, 500, 500, 500, 500, 333, 333, 570, 570, 570, 500, 930, 722, 667, 722, 722, 667, 611, 778, 778, 389, 500, 778, 667, 944, 722, 778, 611, 778, 722, 556, 667, 722, 722, 1000, 722, 722, 667, 333, 278, 333, 581, 500, 333, 500, 556, 444, 556, 444, 333, 500, 556, 278, 333, 556, 278, 833, 556, 500, 556, 556, 444, 389, 333, 556, 500, 722, 500, 500, 444, 394, 220, 394, 520, 250, 500, 250, 333, 500, 500, 1000, 500, 500, 333, 1000, 556, 333, 1000, 250, 250, 250, 250, 333, 333, 500, 500, 350, 500, 1000, 333, 1000, 389, 333, 722, 250, 250, 722, 250, 333, 500, 500, 500, 500, 220, 500, 333, 747, 300, 500, 570, 250, 747, 333, 400, 570, 300, 300, 333, 556, 540, 250, 333, 300, 330, 500, 750, 750, 750, 500, 722, 722, 722, 722, 722, 722, 1000, 722, 667, 667, 667, 667, 389, 389, 389, 389, 722, 722, 778, 778, 778, 778, 778, 570, 778, 722, 722, 722, 722, 722, 611, 556, 500, 500, 500, 500, 500, 500, 722, 444, 444, 444, 444, 444, 278, 278, 278, 278, 500, 556, 500, 500, 500, 500, 500, 570, 500, 556, 556, 556, 556, 500, 556, 500]}, but is not installed. Consider installing fontTools if you encounter encoding problems.
fontTools is required to fully parse the encoding of a CFF Type1 font in font dictionary {'/Subtype': '/Type1', '/BaseFont': '/TWJDGS+Times-Roman', '/Type': '/Font', '/Name': '/R14', '/FontDescriptor': IndirectObject(13, 0, 139665967692784), '/FirstChar': 1, '/LastChar': 255, '/Widths': [333, 333, 333, 278, 556, 556, 167, 333, 611, 278, 564, 333, 333, 611, 444, 250, 250, 250, 250, 250, 250, 250, 250, 250, 250, 250, 250, 250, 250, 250, 250, 250, 333, 408, 500, 500, 833, 778, 180, 333, 333, 500, 564, 250, 333, 250, 278, 500, 500, 500, 500, 500, 500, 500, 500, 500, 500, 278, 278, 564, 564, 564, 444, 921, 722, 667, 667, 722, 611, 556, 722, 722, 333, 389, 722, 611, 889, 722, 722, 556, 722, 667, 556, 611, 722, 722, 944, 722, 722, 611, 333, 278, 333, 469, 500, 333, 444, 500, 444, 500, 444, 333, 500, 500, 278, 278, 500, 278, 778, 500, 500, 500, 500, 333, 389, 278, 500, 500, 722, 500, 500, 444, 480, 200, 480, 541, 250, 500, 250, 333, 500, 444, 1000, 500, 500, 333, 1000, 556, 333, 889, 250, 250, 250, 250, 333, 333, 444, 444, 350, 500, 1000, 333, 980, 389, 333, 722, 250, 250, 722, 250, 333, 500, 500, 500, 500, 200, 500, 333, 760, 276, 500, 564, 250, 760, 333, 400, 564, 300, 300, 333, 500, 453, 250, 333, 300, 310, 500, 750, 750, 750, 444, 722, 722, 722, 722, 722, 722, 889, 667, 611, 611, 611, 611, 333, 333, 333, 333, 722, 722, 722, 722, 722, 722, 722, 564, 722, 722, 722, 722, 722, 722, 556, 500, 444, 444, 444, 444, 444, 444, 667, 444, 444, 444, 444, 444, 278, 278, 278, 278, 500, 500, 500, 500, 500, 500, 500, 564, 500, 500, 500, 500, 500, 500, 500, 500], '/Encoding': IndirectObject(48, 0, 139665967692784)}, but is not installed. Consider installing fontTools if you encounter encoding problems.
q_company_b7b4dc548795424b83c672ad_discovery: complete
q_company_b7b4dc548795424b83c672ad_targeted: insufficient_evidence
q_company_284da82fa1a5d254a086d112_discovery: insufficient_evidence
q_company_284da82fa1a5d254a086d112_targeted: insufficient_evidence
q_company_62439ed88b20d99762107a5c_discovery: insufficient_evidence
q_company_62439ed88b20d99762107a5c_targeted: insufficient_evidence
q_company_cd5434e61fd91cb82ebf56cf_discovery: insufficient_evidence
q_company_cd5434e61fd91cb82ebf56cf_targeted: insufficient_evidence
q_company_2f674205f91f09171f99b95d_discovery: insufficient_evidence
q_company_2f674205f91f09171f99b95d_targeted: insufficient_evidence
q_company_83738a1fb07cdd4d4438490b_discovery: insufficient_evidence
q_company_83738a1fb07cdd4d4438490b_targeted: insufficient_evidence
q_company_c07c982df0d492aa3945a40c_discovery: insufficient_evidence
q_company_c07c982df0d492aa3945a40c_targeted: insufficient_evidence
q_company_09c2e352043905f0b725491b_discovery: insufficient_evidence
q_company_09c2e352043905f0b725491b_targeted: insufficient_evidence
Ignoring wrong pointing object 56 0 (offset 0)
Ignoring wrong pointing object 57 0 (offset 0)
Ignoring wrong pointing object 58 0 (offset 0)
Ignoring wrong pointing object 59 0 (offset 0)
Ignoring wrong pointing object 60 0 (offset 0)
Ignoring wrong pointing object 61 0 (offset 0)
Ignoring wrong pointing object 62 0 (offset 0)
Ignoring wrong pointing object 63 0 (offset 0)
Ignoring wrong pointing object 65 0 (offset 0)
Ignoring wrong pointing object 66 0 (offset 0)
Ignoring wrong pointing object 67 0 (offset 0)
Ignoring wrong pointing object 68 0 (offset 0)
Ignoring wrong pointing object 69 0 (offset 0)
Ignoring wrong pointing object 70 0 (offset 0)
Ignoring wrong pointing object 71 0 (offset 0)
Ignoring wrong pointing object 72 0 (offset 0)
Ignoring wrong pointing object 73 0 (offset 0)
Ignoring wrong pointing object 74 0 (offset 0)
Ignoring wrong pointing object 75 0 (offset 0)
Ignoring wrong pointing object 76 0 (offset 0)
Ignoring wrong pointing object 77 0 (offset 0)
Ignoring wrong pointing object 78 0 (offset 0)
Ignoring wrong pointing object 79 0 (offset 0)
Ignoring wrong pointing object 80 0 (offset 0)
Ignoring wrong pointing object 81 0 (offset 0)
Ignoring wrong pointing object 82 0 (offset 0)
Ignoring wrong pointing object 83 0 (offset 0)
Ignoring wrong pointing object 84 0 (offset 0)
Ignoring wrong pointing object 85 0 (offset 0)
Ignoring wrong pointing object 86 0 (offset 0)
Ignoring wrong pointing object 87 0 (offset 0)
Ignoring wrong pointing object 88 0 (offset 0)
Ignoring wrong pointing object 89 0 (offset 0)
Ignoring wrong pointing object 90 0 (offset 0)
Ignoring wrong pointing object 91 0 (offset 0)
Ignoring wrong pointing object 92 0 (offset 0)
Ignoring wrong pointing object 93 0 (offset 0)
Ignoring wrong pointing object 94 0 (offset 0)
Ignoring wrong pointing object 95 0 (offset 0)
Ignoring wrong pointing object 96 0 (offset 0)
Ignoring wrong pointing object 97 0 (offset 0)
Ignoring wrong pointing object 98 0 (offset 0)
Ignoring wrong pointing object 99 0 (offset 0)
Ignoring wrong pointing object 100 0 (offset 0)
Ignoring wrong pointing object 101 0 (offset 0)
Ignoring wrong pointing object 103 0 (offset 0)
Ignoring wrong pointing object 104 0 (offset 0)
Ignoring wrong pointing object 105 0 (offset 0)
Ignoring wrong pointing object 106 0 (offset 0)
Ignoring wrong pointing object 107 0 (offset 0)
Ignoring wrong pointing object 108 0 (offset 0)
Ignoring wrong pointing object 109 0 (offset 0)
Ignoring wrong pointing object 110 0 (offset 0)
Ignoring wrong pointing object 111 0 (offset 0)
Ignoring wrong pointing object 112 0 (offset 0)
Ignoring wrong pointing object 113 0 (offset 0)
Ignoring wrong pointing object 115 0 (offset 0)
Ignoring wrong pointing object 116 0 (offset 0)
Ignoring wrong pointing object 117 0 (offset 0)
Ignoring wrong pointing object 118 0 (offset 0)
Ignoring wrong pointing object 119 0 (offset 0)
Ignoring wrong pointing object 120 0 (offset 0)
Ignoring wrong pointing object 121 0 (offset 0)
Ignoring wrong pointing object 122 0 (offset 0)
Ignoring wrong pointing object 123 0 (offset 0)
Ignoring wrong pointing object 124 0 (offset 0)
Ignoring wrong pointing object 125 0 (offset 0)
Ignoring wrong pointing object 126 0 (offset 0)
Ignoring wrong pointing object 127 0 (offset 0)
Ignoring wrong pointing object 128 0 (offset 0)
Ignoring wrong pointing object 130 0 (offset 0)
Ignoring wrong pointing object 131 0 (offset 0)
Ignoring wrong pointing object 132 0 (offset 0)
Ignoring wrong pointing object 133 0 (offset 0)
Ignoring wrong pointing object 134 0 (offset 0)
Ignoring wrong pointing object 135 0 (offset 0)
Ignoring wrong pointing object 136 0 (offset 0)
Ignoring wrong pointing object 137 0 (offset 0)
Ignoring wrong pointing object 138 0 (offset 0)
Ignoring wrong pointing object 140 0 (offset 0)
Ignoring wrong pointing object 141 0 (offset 0)
Ignoring wrong pointing object 142 0 (offset 0)
Ignoring wrong pointing object 143 0 (offset 0)
Ignoring wrong pointing object 144 0 (offset 0)
Ignoring wrong pointing object 145 0 (offset 0)
Ignoring wrong pointing object 146 0 (offset 0)
Ignoring wrong pointing object 147 0 (offset 0)
Ignoring wrong pointing object 148 0 (offset 0)
Ignoring wrong pointing object 149 0 (offset 0)
Ignoring wrong pointing object 150 0 (offset 0)
Ignoring wrong pointing object 151 0 (offset 0)
Ignoring wrong pointing object 153 0 (offset 0)
Ignoring wrong pointing object 154 0 (offset 0)
Ignoring wrong pointing object 155 0 (offset 0)
Ignoring wrong pointing object 156 0 (offset 0)
Ignoring wrong pointing object 157 0 (offset 0)
Ignoring wrong pointing object 158 0 (offset 0)
Ignoring wrong pointing object 159 0 (offset 0)
Ignoring wrong pointing object 160 0 (offset 0)
Ignoring wrong pointing object 162 0 (offset 0)
Ignoring wrong pointing object 163 0 (offset 0)
Ignoring wrong pointing object 164 0 (offset 0)
Ignoring wrong pointing object 165 0 (offset 0)
Ignoring wrong pointing object 166 0 (offset 0)
Ignoring wrong pointing object 167 0 (offset 0)
Ignoring wrong pointing object 168 0 (offset 0)
Ignoring wrong pointing object 169 0 (offset 0)
Ignoring wrong pointing object 170 0 (offset 0)
Ignoring wrong pointing object 171 0 (offset 0)
Ignoring wrong pointing object 172 0 (offset 0)
Ignoring wrong pointing object 173 0 (offset 0)
Ignoring wrong pointing object 175 0 (offset 0)
Ignoring wrong pointing object 176 0 (offset 0)
Ignoring wrong pointing object 177 0 (offset 0)
Ignoring wrong pointing object 178 0 (offset 0)
Ignoring wrong pointing object 179 0 (offset 0)
Ignoring wrong pointing object 180 0 (offset 0)
Ignoring wrong pointing object 182 0 (offset 0)
Ignoring wrong pointing object 183 0 (offset 0)
Ignoring wrong pointing object 184 0 (offset 0)
Ignoring wrong pointing object 185 0 (offset 0)
Ignoring wrong pointing object 186 0 (offset 0)
Ignoring wrong pointing object 187 0 (offset 0)
Ignoring wrong pointing object 188 0 (offset 0)
Ignoring wrong pointing object 189 0 (offset 0)
Ignoring wrong pointing object 190 0 (offset 0)
Ignoring wrong pointing object 191 0 (offset 0)
Ignoring wrong pointing object 193 0 (offset 0)
Ignoring wrong pointing object 194 0 (offset 0)
Ignoring wrong pointing object 195 0 (offset 0)
Ignoring wrong pointing object 196 0 (offset 0)
Ignoring wrong pointing object 197 0 (offset 0)
Ignoring wrong pointing object 198 0 (offset 0)
Ignoring wrong pointing object 199 0 (offset 0)
Ignoring wrong pointing object 201 0 (offset 0)
Ignoring wrong pointing object 202 0 (offset 0)
Ignoring wrong pointing object 203 0 (offset 0)
Ignoring wrong pointing object 204 0 (offset 0)
Ignoring wrong pointing object 205 0 (offset 0)
Ignoring wrong pointing object 206 0 (offset 0)
Ignoring wrong pointing object 207 0 (offset 0)
Ignoring wrong pointing object 208 0 (offset 0)
Ignoring wrong pointing object 210 0 (offset 0)
Ignoring wrong pointing object 211 0 (offset 0)
Ignoring wrong pointing object 212 0 (offset 0)
Ignoring wrong pointing object 213 0 (offset 0)
Ignoring wrong pointing object 214 0 (offset 0)
Ignoring wrong pointing object 215 0 (offset 0)
Ignoring wrong pointing object 216 0 (offset 0)
Ignoring wrong pointing object 217 0 (offset 0)
Ignoring wrong pointing object 218 0 (offset 0)
Ignoring wrong pointing object 219 0 (offset 0)
Ignoring wrong pointing object 221 0 (offset 0)
Ignoring wrong pointing object 222 0 (offset 0)
Ignoring wrong pointing object 223 0 (offset 0)
Ignoring wrong pointing object 224 0 (offset 0)
Ignoring wrong pointing object 225 0 (offset 0)
Ignoring wrong pointing object 226 0 (offset 0)
Ignoring wrong pointing object 227 0 (offset 0)
Ignoring wrong pointing object 228 0 (offset 0)
Ignoring wrong pointing object 229 0 (offset 0)
Ignoring wrong pointing object 230 0 (offset 0)
Ignoring wrong pointing object 231 0 (offset 0)
Ignoring wrong pointing object 232 0 (offset 0)
Ignoring wrong pointing object 233 0 (offset 0)
Ignoring wrong pointing object 234 0 (offset 0)
Ignoring wrong pointing object 235 0 (offset 0)
Ignoring wrong pointing object 236 0 (offset 0)
Ignoring wrong pointing object 238 0 (offset 0)
Ignoring wrong pointing object 239 0 (offset 0)
Ignoring wrong pointing object 240 0 (offset 0)
Ignoring wrong pointing object 241 0 (offset 0)
Ignoring wrong pointing object 242 0 (offset 0)
Ignoring wrong pointing object 243 0 (offset 0)
Ignoring wrong pointing object 244 0 (offset 0)
Ignoring wrong pointing object 245 0 (offset 0)
Ignoring wrong pointing object 246 0 (offset 0)
Ignoring wrong pointing object 248 0 (offset 0)
Ignoring wrong pointing object 249 0 (offset 0)
Ignoring wrong pointing object 250 0 (offset 0)
Ignoring wrong pointing object 251 0 (offset 0)
Ignoring wrong pointing object 252 0 (offset 0)
Ignoring wrong pointing object 253 0 (offset 0)
Ignoring wrong pointing object 254 0 (offset 0)
Ignoring wrong pointing object 255 0 (offset 0)
Ignoring wrong pointing object 256 0 (offset 0)
Ignoring wrong pointing object 257 0 (offset 0)
Ignoring wrong pointing object 258 0 (offset 0)
Ignoring wrong pointing object 259 0 (offset 0)
q_company_857a53c98c8af0ccf25cdd3a_discovery: insufficient_evidence
q_company_857a53c98c8af0ccf25cdd3a_targeted: insufficient_evidence
q_company_1a995c929c9b6b4f4eafd428_discovery: insufficient_evidence
q_company_1a995c929c9b6b4f4eafd428_targeted: complete
q_company_19c065ceff1df6bfa321c147_discovery: insufficient_evidence
q_company_19c065ceff1df6bfa321c147_targeted: insufficient_evidence
q_company_26beff672f7c2515d668d5a8_discovery: insufficient_evidence
q_company_26beff672f7c2515d668d5a8_targeted: insufficient_evidence
q_company_c616bc37ca5f1ed57590e3c9_discovery: insufficient_evidence
q_company_c616bc37ca5f1ed57590e3c9_targeted: insufficient_evidence
q_company_a5d8748e8f29ace38fb5e117_discovery: insufficient_evidence
q_company_a5d8748e8f29ace38fb5e117_targeted: insufficient_evidence
q_company_127cc1bfd36760f9a2c064cc_discovery: insufficient_evidence
q_company_127cc1bfd36760f9a2c064cc_targeted: insufficient_evidence
q_company_b1eb8328a45bb51000d1ecaa_discovery: complete
q_company_b1eb8328a45bb51000d1ecaa_targeted: insufficient_evidence
q_company_688fd73015130e3680f03efc_discovery: insufficient_evidence
q_company_688fd73015130e3680f03efc_targeted: complete
q_company_bf629aedfdcb5f68f8719223_discovery: insufficient_evidence
q_company_bf629aedfdcb5f68f8719223_targeted: insufficient_evidence
q_company_3d6e0348f06d2e4c8bef6828_discovery: complete
q_company_3d6e0348f06d2e4c8bef6828_targeted: complete
q_company_5e93b599969eccdd9ccfe0a3_discovery: insufficient_evidence
q_company_5e93b599969eccdd9ccfe0a3_targeted: insufficient_evidence
q_company_b7bd683c22b8b3f21d8e9f7d_discovery: insufficient_evidence
q_company_b7bd683c22b8b3f21d8e9f7d_targeted: insufficient_evidence
q_company_933e96a9f78bb1d41d7089e0_discovery: insufficient_evidence
q_company_933e96a9f78bb1d41d7089e0_targeted: insufficient_evidence
q_company_51acf7e91bf99d07602b0a15_discovery: insufficient_evidence
q_company_51acf7e91bf99d07602b0a15_targeted: insufficient_evidence
fontTools is required to fully parse the encoding of a CFF Type1 font in font dictionary {'/BaseFont': '/LJZHCC+Helvetica-Bold', '/FontDescriptor': IndirectObject(18, 0, 139665889535872), '/Type': '/Font', '/FirstChar': 32, '/LastChar': 32, '/Widths': [278], '/Encoding': '/WinAnsiEncoding', '/Subtype': '/Type1'}, but is not installed. Consider installing fontTools if you encounter encoding problems.
fontTools is required to fully parse the encoding of a CFF Type1 font in font dictionary {'/BaseFont': '/RWMEWN+Times-Bold', '/FontDescriptor': IndirectObject(10, 0, 139665889535872), '/Type': '/Font', '/FirstChar': 32, '/LastChar': 57, '/Widths': [250, 0, 0, 0, 0, 0, 0, 0, 0, 0, 0, 0, 0, 0, 0, 0, 500, 500, 500, 500, 500, 500, 500, 500, 500, 500], '/Encoding': '/WinAnsiEncoding', '/Subtype': '/Type1'}, but is not installed. Consider installing fontTools if you encounter encoding problems.
fontTools is required to fully parse the encoding of a CFF Type1 font in font dictionary {'/BaseFont': '/FLUIDS+Times-Roman', '/FontDescriptor': IndirectObject(12, 0, 139665889535872), '/Type': '/Font', '/FirstChar': 32, '/LastChar': 146, '/Widths': [250, 0, 0, 0, 0, 0, 0, 180, 333, 333, 0, 0, 250, 333, 250, 0, 500, 500, 500, 0, 0, 0, 500, 500, 0, 500, 0, 0, 0, 0, 0, 0, 0, 722, 0, 667, 722, 0, 556, 722, 0, 333, 0, 722, 611, 889, 0, 722, 556, 0, 0, 556, 611, 0, 722, 944, 0, 0, 0, 0, 0, 0, 0, 0, 0, 444, 500, 444, 500, 444, 333, 500, 500, 278, 0, 500, 278, 778, 500, 500, 500, 500, 333, 389, 278, 500, 500, 722, 500, 500, 0, 0, 0, 0, 0, 0, 0, 0, 0, 0, 0, 0, 0, 0, 0, 0, 0, 0, 0, 0, 0, 0, 0, 0, 333], '/Encoding': '/WinAnsiEncoding', '/Subtype': '/Type1'}, but is not installed. Consider installing fontTools if you encounter encoding problems.
fontTools is required to fully parse the encoding of a CFF Type1 font in font dictionary {'/BaseFont': '/LJZHCC+Helvetica-Bold', '/FontDescriptor': IndirectObject(18, 0, 139665889535872), '/Type': '/Font', '/FirstChar': 32, '/LastChar': 32, '/Widths': [278], '/Encoding': '/WinAnsiEncoding', '/Subtype': '/Type1'}, but is not installed. Consider installing fontTools if you encounter encoding problems.
fontTools is required to fully parse the encoding of a CFF Type1 font in font dictionary {'/BaseFont': '/RWMEWN+Times-Bold', '/FontDescriptor': IndirectObject(10, 0, 139665889535872), '/Type': '/Font', '/FirstChar': 32, '/LastChar': 57, '/Widths': [250, 0, 0, 0, 0, 0, 0, 0, 0, 0, 0, 0, 0, 0, 0, 0, 500, 500, 500, 500, 500, 500, 500, 500, 500, 500], '/Encoding': '/WinAnsiEncoding', '/Subtype': '/Type1'}, but is not installed. Consider installing fontTools if you encounter encoding problems.
fontTools is required to fully parse the encoding of a CFF Type1 font in font dictionary {'/BaseFont': '/FLUIDS+Times-Roman', '/FontDescriptor': IndirectObject(12, 0, 139665889535872), '/Type': '/Font', '/FirstChar': 32, '/LastChar': 146, '/Widths': [250, 0, 0, 0, 0, 0, 0, 180, 333, 333, 0, 0, 250, 333, 250, 0, 500, 500, 500, 0, 0, 0, 500, 500, 0, 500, 0, 0, 0, 0, 0, 0, 0, 722, 0, 667, 722, 0, 556, 722, 0, 333, 0, 722, 611, 889, 0, 722, 556, 0, 0, 556, 611, 0, 722, 944, 0, 0, 0, 0, 0, 0, 0, 0, 0, 444, 500, 444, 500, 444, 333, 500, 500, 278, 0, 500, 278, 778, 500, 500, 500, 500, 333, 389, 278, 500, 500, 722, 500, 500, 0, 0, 0, 0, 0, 0, 0, 0, 0, 0, 0, 0, 0, 0, 0, 0, 0, 0, 0, 0, 0, 0, 0, 0, 333], '/Encoding': '/WinAnsiEncoding', '/Subtype': '/Type1'}, but is not installed. Consider installing fontTools if you encounter encoding problems.
fontTools is required to fully parse the encoding of a CFF Type1 font in font dictionary {'/BaseFont': '/MCCCWW+Courier', '/FontDescriptor': IndirectObject(36, 0, 139665889535872), '/Type': '/Font', '/FirstChar': 45, '/LastChar': 45, '/Widths': [600], '/Encoding': '/WinAnsiEncoding', '/Subtype': '/Type1'}, but is not installed. Consider installing fontTools if you encounter encoding problems.
fontTools is required to fully parse the encoding of a CFF Type1 font in font dictionary {'/BaseFont': '/QDQQMC+Helvetica', '/FontDescriptor': IndirectObject(38, 0, 139665889535872), '/Type': '/Font', '/FirstChar': 32, '/LastChar': 32, '/Widths': [278], '/Encoding': '/WinAnsiEncoding', '/Subtype': '/Type1'}, but is not installed. Consider installing fontTools if you encounter encoding problems.
fontTools is required to fully parse the encoding of a CFF Type1 font in font dictionary {'/BaseFont': '/RWMEWN+Times-Bold', '/FontDescriptor': IndirectObject(10, 0, 139665889535872), '/Type': '/Font', '/FirstChar': 32, '/LastChar': 57, '/Widths': [250, 0, 0, 0, 0, 0, 0, 0, 0, 0, 0, 0, 0, 0, 0, 0, 500, 500, 500, 500, 500, 500, 500, 500, 500, 500], '/Encoding': '/WinAnsiEncoding', '/Subtype': '/Type1'}, but is not installed. Consider installing fontTools if you encounter encoding problems.
fontTools is required to fully parse the encoding of a CFF Type1 font in font dictionary {'/BaseFont': '/FLUIDS+Times-Roman', '/FontDescriptor': IndirectObject(12, 0, 139665889535872), '/Type': '/Font', '/FirstChar': 32, '/LastChar': 146, '/Widths': [250, 0, 0, 0, 0, 0, 0, 180, 333, 333, 0, 0, 250, 333, 250, 0, 500, 500, 500, 0, 0, 0, 500, 500, 0, 500, 0, 0, 0, 0, 0, 0, 0, 722, 0, 667, 722, 0, 556, 722, 0, 333, 0, 722, 611, 889, 0, 722, 556, 0, 0, 556, 611, 0, 722, 944, 0, 0, 0, 0, 0, 0, 0, 0, 0, 444, 500, 444, 500, 444, 333, 500, 500, 278, 0, 500, 278, 778, 500, 500, 500, 500, 333, 389, 278, 500, 500, 722, 500, 500, 0, 0, 0, 0, 0, 0, 0, 0, 0, 0, 0, 0, 0, 0, 0, 0, 0, 0, 0, 0, 0, 0, 0, 0, 333], '/Encoding': '/WinAnsiEncoding', '/Subtype': '/Type1'}, but is not installed. Consider installing fontTools if you encounter encoding problems.
fontTools is required to fully parse the encoding of a CFF Type1 font in font dictionary {'/BaseFont': '/MCCCWW+Courier', '/FontDescriptor': IndirectObject(36, 0, 139665889535872), '/Type': '/Font', '/FirstChar': 45, '/LastChar': 45, '/Widths': [600], '/Encoding': '/WinAnsiEncoding', '/Subtype': '/Type1'}, but is not installed. Consider installing fontTools if you encounter encoding problems.
fontTools is required to fully parse the encoding of a CFF Type1 font in font dictionary {'/BaseFont': '/LJZHCC+Helvetica-Bold', '/FontDescriptor': IndirectObject(18, 0, 139665889535872), '/Type': '/Font', '/FirstChar': 32, '/LastChar': 32, '/Widths': [278], '/Encoding': '/WinAnsiEncoding', '/Subtype': '/Type1'}, but is not installed. Consider installing fontTools if you encounter encoding problems.
fontTools is required to fully parse the encoding of a CFF Type1 font in font dictionary {'/BaseFont': '/QDQQMC+Helvetica', '/FontDescriptor': IndirectObject(38, 0, 139665889535872), '/Type': '/Font', '/FirstChar': 32, '/LastChar': 32, '/Widths': [278], '/Encoding': '/WinAnsiEncoding', '/Subtype': '/Type1'}, but is not installed. Consider installing fontTools if you encounter encoding problems.
fontTools is required to fully parse the encoding of a CFF Type1 font in font dictionary {'/BaseFont': '/RWMEWN+Times-Bold', '/FontDescriptor': IndirectObject(10, 0, 139665889535872), '/Type': '/Font', '/FirstChar': 32, '/LastChar': 57, '/Widths': [250, 0, 0, 0, 0, 0, 0, 0, 0, 0, 0, 0, 0, 0, 0, 0, 500, 500, 500, 500, 500, 500, 500, 500, 500, 500], '/Encoding': '/WinAnsiEncoding', '/Subtype': '/Type1'}, but is not installed. Consider installing fontTools if you encounter encoding problems.
fontTools is required to fully parse the encoding of a CFF Type1 font in font dictionary {'/BaseFont': '/FLUIDS+Times-Roman', '/FontDescriptor': IndirectObject(12, 0, 139665889535872), '/Type': '/Font', '/FirstChar': 32, '/LastChar': 146, '/Widths': [250, 0, 0, 0, 0, 0, 0, 180, 333, 333, 0, 0, 250, 333, 250, 0, 500, 500, 500, 0, 0, 0, 500, 500, 0, 500, 0, 0, 0, 0, 0, 0, 0, 722, 0, 667, 722, 0, 556, 722, 0, 333, 0, 722, 611, 889, 0, 722, 556, 0, 0, 556, 611, 0, 722, 944, 0, 0, 0, 0, 0, 0, 0, 0, 0, 444, 500, 444, 500, 444, 333, 500, 500, 278, 0, 500, 278, 778, 500, 500, 500, 500, 333, 389, 278, 500, 500, 722, 500, 500, 0, 0, 0, 0, 0, 0, 0, 0, 0, 0, 0, 0, 0, 0, 0, 0, 0, 0, 0, 0, 0, 0, 0, 0, 333], '/Encoding': '/WinAnsiEncoding', '/Subtype': '/Type1'}, but is not installed. Consider installing fontTools if you encounter encoding problems.
fontTools is required to fully parse the encoding of a CFF Type1 font in font dictionary {'/BaseFont': '/LJZHCC+Helvetica-Bold', '/FontDescriptor': IndirectObject(18, 0, 139665889535872), '/Type': '/Font', '/FirstChar': 32, '/LastChar': 32, '/Widths': [278], '/Encoding': '/WinAnsiEncoding', '/Subtype': '/Type1'}, but is not installed. Consider installing fontTools if you encounter encoding problems.
fontTools is required to fully parse the encoding of a CFF Type1 font in font dictionary {'/BaseFont': '/RWMEWN+Times-Bold', '/FontDescriptor': IndirectObject(10, 0, 139665889535872), '/Type': '/Font', '/FirstChar': 32, '/LastChar': 57, '/Widths': [250, 0, 0, 0, 0, 0, 0, 0, 0, 0, 0, 0, 0, 0, 0, 0, 500, 500, 500, 500, 500, 500, 500, 500, 500, 500], '/Encoding': '/WinAnsiEncoding', '/Subtype': '/Type1'}, but is not installed. Consider installing fontTools if you encounter encoding problems.
fontTools is required to fully parse the encoding of a CFF Type1 font in font dictionary {'/BaseFont': '/FLUIDS+Times-Roman', '/FontDescriptor': IndirectObject(12, 0, 139665889535872), '/Type': '/Font', '/FirstChar': 32, '/LastChar': 146, '/Widths': [250, 0, 0, 0, 0, 0, 0, 180, 333, 333, 0, 0, 250, 333, 250, 0, 500, 500, 500, 0, 0, 0, 500, 500, 0, 500, 0, 0, 0, 0, 0, 0, 0, 722, 0, 667, 722, 0, 556, 722, 0, 333, 0, 722, 611, 889, 0, 722, 556, 0, 0, 556, 611, 0, 722, 944, 0, 0, 0, 0, 0, 0, 0, 0, 0, 444, 500, 444, 500, 444, 333, 500, 500, 278, 0, 500, 278, 778, 500, 500, 500, 500, 333, 389, 278, 500, 500, 722, 500, 500, 0, 0, 0, 0, 0, 0, 0, 0, 0, 0, 0, 0, 0, 0, 0, 0, 0, 0, 0, 0, 0, 0, 0, 0, 333], '/Encoding': '/WinAnsiEncoding', '/Subtype': '/Type1'}, but is not installed. Consider installing fontTools if you encounter encoding problems.
fontTools is required to fully parse the encoding of a CFF Type1 font in font dictionary {'/BaseFont': '/RWMEWN+Times-Bold', '/FontDescriptor': IndirectObject(10, 0, 139665889535872), '/Type': '/Font', '/FirstChar': 32, '/LastChar': 57, '/Widths': [250, 0, 0, 0, 0, 0, 0, 0, 0, 0, 0, 0, 0, 0, 0, 0, 500, 500, 500, 500, 500, 500, 500, 500, 500, 500], '/Encoding': '/WinAnsiEncoding', '/Subtype': '/Type1'}, but is not installed. Consider installing fontTools if you encounter encoding problems.
fontTools is required to fully parse the encoding of a CFF Type1 font in font dictionary {'/BaseFont': '/FLUIDS+Times-Roman', '/FontDescriptor': IndirectObject(12, 0, 139665889535872), '/Type': '/Font', '/FirstChar': 32, '/LastChar': 146, '/Widths': [250, 0, 0, 0, 0, 0, 0, 180, 333, 333, 0, 0, 250, 333, 250, 0, 500, 500, 500, 0, 0, 0, 500, 500, 0, 500, 0, 0, 0, 0, 0, 0, 0, 722, 0, 667, 722, 0, 556, 722, 0, 333, 0, 722, 611, 889, 0, 722, 556, 0, 0, 556, 611, 0, 722, 944, 0, 0, 0, 0, 0, 0, 0, 0, 0, 444, 500, 444, 500, 444, 333, 500, 500, 278, 0, 500, 278, 778, 500, 500, 500, 500, 333, 389, 278, 500, 500, 722, 500, 500, 0, 0, 0, 0, 0, 0, 0, 0, 0, 0, 0, 0, 0, 0, 0, 0, 0, 0, 0, 0, 0, 0, 0, 0, 333], '/Encoding': '/WinAnsiEncoding', '/Subtype': '/Type1'}, but is not installed. Consider installing fontTools if you encounter encoding problems.
fontTools is required to fully parse the encoding of a CFF Type1 font in font dictionary {'/BaseFont': '/LJZHCC+Helvetica-Bold', '/FontDescriptor': IndirectObject(18, 0, 139665889535872), '/Type': '/Font', '/FirstChar': 32, '/LastChar': 32, '/Widths': [278], '/Encoding': '/WinAnsiEncoding', '/Subtype': '/Type1'}, but is not installed. Consider installing fontTools if you encounter encoding problems.
fontTools is required to fully parse the encoding of a CFF Type1 font in font dictionary {'/BaseFont': '/RWMEWN+Times-Bold', '/FontDescriptor': IndirectObject(10, 0, 139665889535872), '/Type': '/Font', '/FirstChar': 32, '/LastChar': 57, '/Widths': [250, 0, 0, 0, 0, 0, 0, 0, 0, 0, 0, 0, 0, 0, 0, 0, 500, 500, 500, 500, 500, 500, 500, 500, 500, 500], '/Encoding': '/WinAnsiEncoding', '/Subtype': '/Type1'}, but is not installed. Consider installing fontTools if you encounter encoding problems.
fontTools is required to fully parse the encoding of a CFF Type1 font in font dictionary {'/BaseFont': '/FLUIDS+Times-Roman', '/FontDescriptor': IndirectObject(12, 0, 139665889535872), '/Type': '/Font', '/FirstChar': 32, '/LastChar': 146, '/Widths': [250, 0, 0, 0, 0, 0, 0, 180, 333, 333, 0, 0, 250, 333, 250, 0, 500, 500, 500, 0, 0, 0, 500, 500, 0, 500, 0, 0, 0, 0, 0, 0, 0, 722, 0, 667, 722, 0, 556, 722, 0, 333, 0, 722, 611, 889, 0, 722, 556, 0, 0, 556, 611, 0, 722, 944, 0, 0, 0, 0, 0, 0, 0, 0, 0, 444, 500, 444, 500, 444, 333, 500, 500, 278, 0, 500, 278, 778, 500, 500, 500, 500, 333, 389, 278, 500, 500, 722, 500, 500, 0, 0, 0, 0, 0, 0, 0, 0, 0, 0, 0, 0, 0, 0, 0, 0, 0, 0, 0, 0, 0, 0, 0, 0, 333], '/Encoding': '/WinAnsiEncoding', '/Subtype': '/Type1'}, but is not installed. Consider installing fontTools if you encounter encoding problems.
fontTools is required to fully parse the encoding of a CFF Type1 font in font dictionary {'/BaseFont': '/RWMEWN+Times-Bold', '/FontDescriptor': IndirectObject(10, 0, 139665889535872), '/Type': '/Font', '/FirstChar': 32, '/LastChar': 57, '/Widths': [250, 0, 0, 0, 0, 0, 0, 0, 0, 0, 0, 0, 0, 0, 0, 0, 500, 500, 500, 500, 500, 500, 500, 500, 500, 500], '/Encoding': '/WinAnsiEncoding', '/Subtype': '/Type1'}, but is not installed. Consider installing fontTools if you encounter encoding problems.
fontTools is required to fully parse the encoding of a CFF Type1 font in font dictionary {'/BaseFont': '/FLUIDS+Times-Roman', '/FontDescriptor': IndirectObject(12, 0, 139665889535872), '/Type': '/Font', '/FirstChar': 32, '/LastChar': 146, '/Widths': [250, 0, 0, 0, 0, 0, 0, 180, 333, 333, 0, 0, 250, 333, 250, 0, 500, 500, 500, 0, 0, 0, 500, 500, 0, 500, 0, 0, 0, 0, 0, 0, 0, 722, 0, 667, 722, 0, 556, 722, 0, 333, 0, 722, 611, 889, 0, 722, 556, 0, 0, 556, 611, 0, 722, 944, 0, 0, 0, 0, 0, 0, 0, 0, 0, 444, 500, 444, 500, 444, 333, 500, 500, 278, 0, 500, 278, 778, 500, 500, 500, 500, 333, 389, 278, 500, 500, 722, 500, 500, 0, 0, 0, 0, 0, 0, 0, 0, 0, 0, 0, 0, 0, 0, 0, 0, 0, 0, 0, 0, 0, 0, 0, 0, 333], '/Encoding': '/WinAnsiEncoding', '/Subtype': '/Type1'}, but is not installed. Consider installing fontTools if you encounter encoding problems.
fontTools is required to fully parse the encoding of a CFF Type1 font in font dictionary {'/BaseFont': '/LJZHCC+Helvetica-Bold', '/FontDescriptor': IndirectObject(18, 0, 139665889535872), '/Type': '/Font', '/FirstChar': 32, '/LastChar': 32, '/Widths': [278], '/Encoding': '/WinAnsiEncoding', '/Subtype': '/Type1'}, but is not installed. Consider installing fontTools if you encounter encoding problems.
fontTools is required to fully parse the encoding of a CFF Type1 font in font dictionary {'/BaseFont': '/RWMEWN+Times-Bold', '/FontDescriptor': IndirectObject(10, 0, 139665889535872), '/Type': '/Font', '/FirstChar': 32, '/LastChar': 57, '/Widths': [250, 0, 0, 0, 0, 0, 0, 0, 0, 0, 0, 0, 0, 0, 0, 0, 500, 500, 500, 500, 500, 500, 500, 500, 500, 500], '/Encoding': '/WinAnsiEncoding', '/Subtype': '/Type1'}, but is not installed. Consider installing fontTools if you encounter encoding problems.
fontTools is required to fully parse the encoding of a CFF Type1 font in font dictionary {'/BaseFont': '/FLUIDS+Times-Roman', '/FontDescriptor': IndirectObject(12, 0, 139665889535872), '/Type': '/Font', '/FirstChar': 32, '/LastChar': 146, '/Widths': [250, 0, 0, 0, 0, 0, 0, 180, 333, 333, 0, 0, 250, 333, 250, 0, 500, 500, 500, 0, 0, 0, 500, 500, 0, 500, 0, 0, 0, 0, 0, 0, 0, 722, 0, 667, 722, 0, 556, 722, 0, 333, 0, 722, 611, 889, 0, 722, 556, 0, 0, 556, 611, 0, 722, 944, 0, 0, 0, 0, 0, 0, 0, 0, 0, 444, 500, 444, 500, 444, 333, 500, 500, 278, 0, 500, 278, 778, 500, 500, 500, 500, 333, 389, 278, 500, 500, 722, 500, 500, 0, 0, 0, 0, 0, 0, 0, 0, 0, 0, 0, 0, 0, 0, 0, 0, 0, 0, 0, 0, 0, 0, 0, 0, 333], '/Encoding': '/WinAnsiEncoding', '/Subtype': '/Type1'}, but is not installed. Consider installing fontTools if you encounter encoding problems.
fontTools is required to fully parse the encoding of a CFF Type1 font in font dictionary {'/BaseFont': '/LJZHCC+Helvetica-Bold', '/FontDescriptor': IndirectObject(18, 0, 139665889535872), '/Type': '/Font', '/FirstChar': 32, '/LastChar': 32, '/Widths': [278], '/Encoding': '/WinAnsiEncoding', '/Subtype': '/Type1'}, but is not installed. Consider installing fontTools if you encounter encoding problems.
fontTools is required to fully parse the encoding of a CFF Type1 font in font dictionary {'/BaseFont': '/RWMEWN+Times-Bold', '/FontDescriptor': IndirectObject(10, 0, 139665889535872), '/Type': '/Font', '/FirstChar': 32, '/LastChar': 57, '/Widths': [250, 0, 0, 0, 0, 0, 0, 0, 0, 0, 0, 0, 0, 0, 0, 0, 500, 500, 500, 500, 500, 500, 500, 500, 500, 500], '/Encoding': '/WinAnsiEncoding', '/Subtype': '/Type1'}, but is not installed. Consider installing fontTools if you encounter encoding problems.
fontTools is required to fully parse the encoding of a CFF Type1 font in font dictionary {'/BaseFont': '/FLUIDS+Times-Roman', '/FontDescriptor': IndirectObject(12, 0, 139665889535872), '/Type': '/Font', '/FirstChar': 32, '/LastChar': 146, '/Widths': [250, 0, 0, 0, 0, 0, 0, 180, 333, 333, 0, 0, 250, 333, 250, 0, 500, 500, 500, 0, 0, 0, 500, 500, 0, 500, 0, 0, 0, 0, 0, 0, 0, 722, 0, 667, 722, 0, 556, 722, 0, 333, 0, 722, 611, 889, 0, 722, 556, 0, 0, 556, 611, 0, 722, 944, 0, 0, 0, 0, 0, 0, 0, 0, 0, 444, 500, 444, 500, 444, 333, 500, 500, 278, 0, 500, 278, 778, 500, 500, 500, 500, 333, 389, 278, 500, 500, 722, 500, 500, 0, 0, 0, 0, 0, 0, 0, 0, 0, 0, 0, 0, 0, 0, 0, 0, 0, 0, 0, 0, 0, 0, 0, 0, 333], '/Encoding': '/WinAnsiEncoding', '/Subtype': '/Type1'}, but is not installed. Consider installing fontTools if you encounter encoding problems.
fontTools is required to fully parse the encoding of a CFF Type1 font in font dictionary {'/BaseFont': '/LJZHCC+Helvetica-Bold', '/FontDescriptor': IndirectObject(18, 0, 139665889535872), '/Type': '/Font', '/FirstChar': 32, '/LastChar': 32, '/Widths': [278], '/Encoding': '/WinAnsiEncoding', '/Subtype': '/Type1'}, but is not installed. Consider installing fontTools if you encounter encoding problems.
fontTools is required to fully parse the encoding of a CFF Type1 font in font dictionary {'/BaseFont': '/RWMEWN+Times-Bold', '/FontDescriptor': IndirectObject(10, 0, 139665889535872), '/Type': '/Font', '/FirstChar': 32, '/LastChar': 57, '/Widths': [250, 0, 0, 0, 0, 0, 0, 0, 0, 0, 0, 0, 0, 0, 0, 0, 500, 500, 500, 500, 500, 500, 500, 500, 500, 500], '/Encoding': '/WinAnsiEncoding', '/Subtype': '/Type1'}, but is not installed. Consider installing fontTools if you encounter encoding problems.
fontTools is required to fully parse the encoding of a CFF Type1 font in font dictionary {'/BaseFont': '/FLUIDS+Times-Roman', '/FontDescriptor': IndirectObject(12, 0, 139665889535872), '/Type': '/Font', '/FirstChar': 32, '/LastChar': 146, '/Widths': [250, 0, 0, 0, 0, 0, 0, 180, 333, 333, 0, 0, 250, 333, 250, 0, 500, 500, 500, 0, 0, 0, 500, 500, 0, 500, 0, 0, 0, 0, 0, 0, 0, 722, 0, 667, 722, 0, 556, 722, 0, 333, 0, 722, 611, 889, 0, 722, 556, 0, 0, 556, 611, 0, 722, 944, 0, 0, 0, 0, 0, 0, 0, 0, 0, 444, 500, 444, 500, 444, 333, 500, 500, 278, 0, 500, 278, 778, 500, 500, 500, 500, 333, 389, 278, 500, 500, 722, 500, 500, 0, 0, 0, 0, 0, 0, 0, 0, 0, 0, 0, 0, 0, 0, 0, 0, 0, 0, 0, 0, 0, 0, 0, 0, 333], '/Encoding': '/WinAnsiEncoding', '/Subtype': '/Type1'}, but is not installed. Consider installing fontTools if you encounter encoding problems.
fontTools is required to fully parse the encoding of a CFF Type1 font in font dictionary {'/BaseFont': '/RWMEWN+Times-Bold', '/FontDescriptor': IndirectObject(10, 0, 139665889535872), '/Type': '/Font', '/FirstChar': 32, '/LastChar': 57, '/Widths': [250, 0, 0, 0, 0, 0, 0, 0, 0, 0, 0, 0, 0, 0, 0, 0, 500, 500, 500, 500, 500, 500, 500, 500, 500, 500], '/Encoding': '/WinAnsiEncoding', '/Subtype': '/Type1'}, but is not installed. Consider installing fontTools if you encounter encoding problems.
fontTools is required to fully parse the encoding of a CFF Type1 font in font dictionary {'/BaseFont': '/FLUIDS+Times-Roman', '/FontDescriptor': IndirectObject(12, 0, 139665889535872), '/Type': '/Font', '/FirstChar': 32, '/LastChar': 146, '/Widths': [250, 0, 0, 0, 0, 0, 0, 180, 333, 333, 0, 0, 250, 333, 250, 0, 500, 500, 500, 0, 0, 0, 500, 500, 0, 500, 0, 0, 0, 0, 0, 0, 0, 722, 0, 667, 722, 0, 556, 722, 0, 333, 0, 722, 611, 889, 0, 722, 556, 0, 0, 556, 611, 0, 722, 944, 0, 0, 0, 0, 0, 0, 0, 0, 0, 444, 500, 444, 500, 444, 333, 500, 500, 278, 0, 500, 278, 778, 500, 500, 500, 500, 333, 389, 278, 500, 500, 722, 500, 500, 0, 0, 0, 0, 0, 0, 0, 0, 0, 0, 0, 0, 0, 0, 0, 0, 0, 0, 0, 0, 0, 0, 0, 0, 333], '/Encoding': '/WinAnsiEncoding', '/Subtype': '/Type1'}, but is not installed. Consider installing fontTools if you encounter encoding problems.
fontTools is required to fully parse the encoding of a CFF Type1 font in font dictionary {'/BaseFont': '/LJZHCC+Helvetica-Bold', '/FontDescriptor': IndirectObject(18, 0, 139665889535872), '/Type': '/Font', '/FirstChar': 32, '/LastChar': 32, '/Widths': [278], '/Encoding': '/WinAnsiEncoding', '/Subtype': '/Type1'}, but is not installed. Consider installing fontTools if you encounter encoding problems.
fontTools is required to fully parse the encoding of a CFF Type1 font in font dictionary {'/BaseFont': '/RWMEWN+Times-Bold', '/FontDescriptor': IndirectObject(10, 0, 139665889535872), '/Type': '/Font', '/FirstChar': 32, '/LastChar': 57, '/Widths': [250, 0, 0, 0, 0, 0, 0, 0, 0, 0, 0, 0, 0, 0, 0, 0, 500, 500, 500, 500, 500, 500, 500, 500, 500, 500], '/Encoding': '/WinAnsiEncoding', '/Subtype': '/Type1'}, but is not installed. Consider installing fontTools if you encounter encoding problems.
fontTools is required to fully parse the encoding of a CFF Type1 font in font dictionary {'/BaseFont': '/FLUIDS+Times-Roman', '/FontDescriptor': IndirectObject(12, 0, 139665889535872), '/Type': '/Font', '/FirstChar': 32, '/LastChar': 146, '/Widths': [250, 0, 0, 0, 0, 0, 0, 180, 333, 333, 0, 0, 250, 333, 250, 0, 500, 500, 500, 0, 0, 0, 500, 500, 0, 500, 0, 0, 0, 0, 0, 0, 0, 722, 0, 667, 722, 0, 556, 722, 0, 333, 0, 722, 611, 889, 0, 722, 556, 0, 0, 556, 611, 0, 722, 944, 0, 0, 0, 0, 0, 0, 0, 0, 0, 444, 500, 444, 500, 444, 333, 500, 500, 278, 0, 500, 278, 778, 500, 500, 500, 500, 333, 389, 278, 500, 500, 722, 500, 500, 0, 0, 0, 0, 0, 0, 0, 0, 0, 0, 0, 0, 0, 0, 0, 0, 0, 0, 0, 0, 0, 0, 0, 0, 333], '/Encoding': '/WinAnsiEncoding', '/Subtype': '/Type1'}, but is not installed. Consider installing fontTools if you encounter encoding problems.
fontTools is required to fully parse the encoding of a CFF Type1 font in font dictionary {'/BaseFont': '/RWMEWN+Times-Bold', '/FontDescriptor': IndirectObject(10, 0, 139665889535872), '/Type': '/Font', '/FirstChar': 32, '/LastChar': 57, '/Widths': [250, 0, 0, 0, 0, 0, 0, 0, 0, 0, 0, 0, 0, 0, 0, 0, 500, 500, 500, 500, 500, 500, 500, 500, 500, 500], '/Encoding': '/WinAnsiEncoding', '/Subtype': '/Type1'}, but is not installed. Consider installing fontTools if you encounter encoding problems.
fontTools is required to fully parse the encoding of a CFF Type1 font in font dictionary {'/BaseFont': '/FLUIDS+Times-Roman', '/FontDescriptor': IndirectObject(12, 0, 139665889535872), '/Type': '/Font', '/FirstChar': 32, '/LastChar': 146, '/Widths': [250, 0, 0, 0, 0, 0, 0, 180, 333, 333, 0, 0, 250, 333, 250, 0, 500, 500, 500, 0, 0, 0, 500, 500, 0, 500, 0, 0, 0, 0, 0, 0, 0, 722, 0, 667, 722, 0, 556, 722, 0, 333, 0, 722, 611, 889, 0, 722, 556, 0, 0, 556, 611, 0, 722, 944, 0, 0, 0, 0, 0, 0, 0, 0, 0, 444, 500, 444, 500, 444, 333, 500, 500, 278, 0, 500, 278, 778, 500, 500, 500, 500, 333, 389, 278, 500, 500, 722, 500, 500, 0, 0, 0, 0, 0, 0, 0, 0, 0, 0, 0, 0, 0, 0, 0, 0, 0, 0, 0, 0, 0, 0, 0, 0, 333], '/Encoding': '/WinAnsiEncoding', '/Subtype': '/Type1'}, but is not installed. Consider installing fontTools if you encounter encoding problems.
fontTools is required to fully parse the encoding of a CFF Type1 font in font dictionary {'/BaseFont': '/LJZHCC+Helvetica-Bold', '/FontDescriptor': IndirectObject(18, 0, 139665889535872), '/Type': '/Font', '/FirstChar': 32, '/LastChar': 32, '/Widths': [278], '/Encoding': '/WinAnsiEncoding', '/Subtype': '/Type1'}, but is not installed. Consider installing fontTools if you encounter encoding problems.
fontTools is required to fully parse the encoding of a CFF Type1 font in font dictionary {'/BaseFont': '/RWMEWN+Times-Bold', '/FontDescriptor': IndirectObject(10, 0, 139665889535872), '/Type': '/Font', '/FirstChar': 32, '/LastChar': 57, '/Widths': [250, 0, 0, 0, 0, 0, 0, 0, 0, 0, 0, 0, 0, 0, 0, 0, 500, 500, 500, 500, 500, 500, 500, 500, 500, 500], '/Encoding': '/WinAnsiEncoding', '/Subtype': '/Type1'}, but is not installed. Consider installing fontTools if you encounter encoding problems.
fontTools is required to fully parse the encoding of a CFF Type1 font in font dictionary {'/BaseFont': '/FLUIDS+Times-Roman', '/FontDescriptor': IndirectObject(12, 0, 139665889535872), '/Type': '/Font', '/FirstChar': 32, '/LastChar': 146, '/Widths': [250, 0, 0, 0, 0, 0, 0, 180, 333, 333, 0, 0, 250, 333, 250, 0, 500, 500, 500, 0, 0, 0, 500, 500, 0, 500, 0, 0, 0, 0, 0, 0, 0, 722, 0, 667, 722, 0, 556, 722, 0, 333, 0, 722, 611, 889, 0, 722, 556, 0, 0, 556, 611, 0, 722, 944, 0, 0, 0, 0, 0, 0, 0, 0, 0, 444, 500, 444, 500, 444, 333, 500, 500, 278, 0, 500, 278, 778, 500, 500, 500, 500, 333, 389, 278, 500, 500, 722, 500, 500, 0, 0, 0, 0, 0, 0, 0, 0, 0, 0, 0, 0, 0, 0, 0, 0, 0, 0, 0, 0, 0, 0, 0, 0, 333], '/Encoding': '/WinAnsiEncoding', '/Subtype': '/Type1'}, but is not installed. Consider installing fontTools if you encounter encoding problems.
fontTools is required to fully parse the encoding of a CFF Type1 font in font dictionary {'/BaseFont': '/LJZHCC+Helvetica-Bold', '/FontDescriptor': IndirectObject(18, 0, 139665889535872), '/Type': '/Font', '/FirstChar': 32, '/LastChar': 32, '/Widths': [278], '/Encoding': '/WinAnsiEncoding', '/Subtype': '/Type1'}, but is not installed. Consider installing fontTools if you encounter encoding problems.
fontTools is required to fully parse the encoding of a CFF Type1 font in font dictionary {'/BaseFont': '/QDQQMC+Helvetica', '/FontDescriptor': IndirectObject(38, 0, 139665889535872), '/Type': '/Font', '/FirstChar': 32, '/LastChar': 32, '/Widths': [278], '/Encoding': '/WinAnsiEncoding', '/Subtype': '/Type1'}, but is not installed. Consider installing fontTools if you encounter encoding problems.
fontTools is required to fully parse the encoding of a CFF Type1 font in font dictionary {'/BaseFont': '/RWMEWN+Times-Bold', '/FontDescriptor': IndirectObject(10, 0, 139665889535872), '/Type': '/Font', '/FirstChar': 32, '/LastChar': 57, '/Widths': [250, 0, 0, 0, 0, 0, 0, 0, 0, 0, 0, 0, 0, 0, 0, 0, 500, 500, 500, 500, 500, 500, 500, 500, 500, 500], '/Encoding': '/WinAnsiEncoding', '/Subtype': '/Type1'}, but is not installed. Consider installing fontTools if you encounter encoding problems.
fontTools is required to fully parse the encoding of a CFF Type1 font in font dictionary {'/BaseFont': '/FLUIDS+Times-Roman', '/FontDescriptor': IndirectObject(12, 0, 139665889535872), '/Type': '/Font', '/FirstChar': 32, '/LastChar': 146, '/Widths': [250, 0, 0, 0, 0, 0, 0, 180, 333, 333, 0, 0, 250, 333, 250, 0, 500, 500, 500, 0, 0, 0, 500, 500, 0, 500, 0, 0, 0, 0, 0, 0, 0, 722, 0, 667, 722, 0, 556, 722, 0, 333, 0, 722, 611, 889, 0, 722, 556, 0, 0, 556, 611, 0, 722, 944, 0, 0, 0, 0, 0, 0, 0, 0, 0, 444, 500, 444, 500, 444, 333, 500, 500, 278, 0, 500, 278, 778, 500, 500, 500, 500, 333, 389, 278, 500, 500, 722, 500, 500, 0, 0, 0, 0, 0, 0, 0, 0, 0, 0, 0, 0, 0, 0, 0, 0, 0, 0, 0, 0, 0, 0, 0, 0, 333], '/Encoding': '/WinAnsiEncoding', '/Subtype': '/Type1'}, but is not installed. Consider installing fontTools if you encounter encoding problems.
fontTools is required to fully parse the encoding of a CFF Type1 font in font dictionary {'/BaseFont': '/QDQQMC+Helvetica', '/FontDescriptor': IndirectObject(38, 0, 139665889535872), '/Type': '/Font', '/FirstChar': 32, '/LastChar': 32, '/Widths': [278], '/Encoding': '/WinAnsiEncoding', '/Subtype': '/Type1'}, but is not installed. Consider installing fontTools if you encounter encoding problems.
fontTools is required to fully parse the encoding of a CFF Type1 font in font dictionary {'/BaseFont': '/RWMEWN+Times-Bold', '/FontDescriptor': IndirectObject(10, 0, 139665889535872), '/Type': '/Font', '/FirstChar': 32, '/LastChar': 57, '/Widths': [250, 0, 0, 0, 0, 0, 0, 0, 0, 0, 0, 0, 0, 0, 0, 0, 500, 500, 500, 500, 500, 500, 500, 500, 500, 500], '/Encoding': '/WinAnsiEncoding', '/Subtype': '/Type1'}, but is not installed. Consider installing fontTools if you encounter encoding problems.
fontTools is required to fully parse the encoding of a CFF Type1 font in font dictionary {'/BaseFont': '/FLUIDS+Times-Roman', '/FontDescriptor': IndirectObject(12, 0, 139665889535872), '/Type': '/Font', '/FirstChar': 32, '/LastChar': 146, '/Widths': [250, 0, 0, 0, 0, 0, 0, 180, 333, 333, 0, 0, 250, 333, 250, 0, 500, 500, 500, 0, 0, 0, 500, 500, 0, 500, 0, 0, 0, 0, 0, 0, 0, 722, 0, 667, 722, 0, 556, 722, 0, 333, 0, 722, 611, 889, 0, 722, 556, 0, 0, 556, 611, 0, 722, 944, 0, 0, 0, 0, 0, 0, 0, 0, 0, 444, 500, 444, 500, 444, 333, 500, 500, 278, 0, 500, 278, 778, 500, 500, 500, 500, 333, 389, 278, 500, 500, 722, 500, 500, 0, 0, 0, 0, 0, 0, 0, 0, 0, 0, 0, 0, 0, 0, 0, 0, 0, 0, 0, 0, 0, 0, 0, 0, 333], '/Encoding': '/WinAnsiEncoding', '/Subtype': '/Type1'}, but is not installed. Consider installing fontTools if you encounter encoding problems.
fontTools is required to fully parse the encoding of a CFF Type1 font in font dictionary {'/BaseFont': '/LJZHCC+Helvetica-Bold', '/FontDescriptor': IndirectObject(18, 0, 139665889535872), '/Type': '/Font', '/FirstChar': 32, '/LastChar': 32, '/Widths': [278], '/Encoding': '/WinAnsiEncoding', '/Subtype': '/Type1'}, but is not installed. Consider installing fontTools if you encounter encoding problems.
fontTools is required to fully parse the encoding of a CFF Type1 font in font dictionary {'/BaseFont': '/RWMEWN+Times-Bold', '/FontDescriptor': IndirectObject(10, 0, 139665889535872), '/Type': '/Font', '/FirstChar': 32, '/LastChar': 57, '/Widths': [250, 0, 0, 0, 0, 0, 0, 0, 0, 0, 0, 0, 0, 0, 0, 0, 500, 500, 500, 500, 500, 500, 500, 500, 500, 500], '/Encoding': '/WinAnsiEncoding', '/Subtype': '/Type1'}, but is not installed. Consider installing fontTools if you encounter encoding problems.
fontTools is required to fully parse the encoding of a CFF Type1 font in font dictionary {'/BaseFont': '/FLUIDS+Times-Roman', '/FontDescriptor': IndirectObject(12, 0, 139665889535872), '/Type': '/Font', '/FirstChar': 32, '/LastChar': 146, '/Widths': [250, 0, 0, 0, 0, 0, 0, 180, 333, 333, 0, 0, 250, 333, 250, 0, 500, 500, 500, 0, 0, 0, 500, 500, 0, 500, 0, 0, 0, 0, 0, 0, 0, 722, 0, 667, 722, 0, 556, 722, 0, 333, 0, 722, 611, 889, 0, 722, 556, 0, 0, 556, 611, 0, 722, 944, 0, 0, 0, 0, 0, 0, 0, 0, 0, 444, 500, 444, 500, 444, 333, 500, 500, 278, 0, 500, 278, 778, 500, 500, 500, 500, 333, 389, 278, 500, 500, 722, 500, 500, 0, 0, 0, 0, 0, 0, 0, 0, 0, 0, 0, 0, 0, 0, 0, 0, 0, 0, 0, 0, 0, 0, 0, 0, 333], '/Encoding': '/WinAnsiEncoding', '/Subtype': '/Type1'}, but is not installed. Consider installing fontTools if you encounter encoding problems.
fontTools is required to fully parse the encoding of a CFF Type1 font in font dictionary {'/BaseFont': '/LJZHCC+Helvetica-Bold', '/FontDescriptor': IndirectObject(18, 0, 139665889535872), '/Type': '/Font', '/FirstChar': 32, '/LastChar': 32, '/Widths': [278], '/Encoding': '/WinAnsiEncoding', '/Subtype': '/Type1'}, but is not installed. Consider installing fontTools if you encounter encoding problems.
fontTools is required to fully parse the encoding of a CFF Type1 font in font dictionary {'/BaseFont': '/RWMEWN+Times-Bold', '/FontDescriptor': IndirectObject(10, 0, 139665889535872), '/Type': '/Font', '/FirstChar': 32, '/LastChar': 57, '/Widths': [250, 0, 0, 0, 0, 0, 0, 0, 0, 0, 0, 0, 0, 0, 0, 0, 500, 500, 500, 500, 500, 500, 500, 500, 500, 500], '/Encoding': '/WinAnsiEncoding', '/Subtype': '/Type1'}, but is not installed. Consider installing fontTools if you encounter encoding problems.
fontTools is required to fully parse the encoding of a CFF Type1 font in font dictionary {'/BaseFont': '/FLUIDS+Times-Roman', '/FontDescriptor': IndirectObject(12, 0, 139665889535872), '/Type': '/Font', '/FirstChar': 32, '/LastChar': 146, '/Widths': [250, 0, 0, 0, 0, 0, 0, 180, 333, 333, 0, 0, 250, 333, 250, 0, 500, 500, 500, 0, 0, 0, 500, 500, 0, 500, 0, 0, 0, 0, 0, 0, 0, 722, 0, 667, 722, 0, 556, 722, 0, 333, 0, 722, 611, 889, 0, 722, 556, 0, 0, 556, 611, 0, 722, 944, 0, 0, 0, 0, 0, 0, 0, 0, 0, 444, 500, 444, 500, 444, 333, 500, 500, 278, 0, 500, 278, 778, 500, 500, 500, 500, 333, 389, 278, 500, 500, 722, 500, 500, 0, 0, 0, 0, 0, 0, 0, 0, 0, 0, 0, 0, 0, 0, 0, 0, 0, 0, 0, 0, 0, 0, 0, 0, 333], '/Encoding': '/WinAnsiEncoding', '/Subtype': '/Type1'}, but is not installed. Consider installing fontTools if you encounter encoding problems.
fontTools is required to fully parse the encoding of a CFF Type1 font in font dictionary {'/BaseFont': '/RWMEWN+Times-Bold', '/FontDescriptor': IndirectObject(10, 0, 139665889535872), '/Type': '/Font', '/FirstChar': 32, '/LastChar': 57, '/Widths': [250, 0, 0, 0, 0, 0, 0, 0, 0, 0, 0, 0, 0, 0, 0, 0, 500, 500, 500, 500, 500, 500, 500, 500, 500, 500], '/Encoding': '/WinAnsiEncoding', '/Subtype': '/Type1'}, but is not installed. Consider installing fontTools if you encounter encoding problems.
fontTools is required to fully parse the encoding of a CFF Type1 font in font dictionary {'/BaseFont': '/FLUIDS+Times-Roman', '/FontDescriptor': IndirectObject(12, 0, 139665889535872), '/Type': '/Font', '/FirstChar': 32, '/LastChar': 146, '/Widths': [250, 0, 0, 0, 0, 0, 0, 180, 333, 333, 0, 0, 250, 333, 250, 0, 500, 500, 500, 0, 0, 0, 500, 500, 0, 500, 0, 0, 0, 0, 0, 0, 0, 722, 0, 667, 722, 0, 556, 722, 0, 333, 0, 722, 611, 889, 0, 722, 556, 0, 0, 556, 611, 0, 722, 944, 0, 0, 0, 0, 0, 0, 0, 0, 0, 444, 500, 444, 500, 444, 333, 500, 500, 278, 0, 500, 278, 778, 500, 500, 500, 500, 333, 389, 278, 500, 500, 722, 500, 500, 0, 0, 0, 0, 0, 0, 0, 0, 0, 0, 0, 0, 0, 0, 0, 0, 0, 0, 0, 0, 0, 0, 0, 0, 333], '/Encoding': '/WinAnsiEncoding', '/Subtype': '/Type1'}, but is not installed. Consider installing fontTools if you encounter encoding problems.
fontTools is required to fully parse the encoding of a CFF Type1 font in font dictionary {'/BaseFont': '/LJZHCC+Helvetica-Bold', '/FontDescriptor': IndirectObject(18, 0, 139665889535872), '/Type': '/Font', '/FirstChar': 32, '/LastChar': 32, '/Widths': [278], '/Encoding': '/WinAnsiEncoding', '/Subtype': '/Type1'}, but is not installed. Consider installing fontTools if you encounter encoding problems.
fontTools is required to fully parse the encoding of a CFF Type1 font in font dictionary {'/BaseFont': '/RWMEWN+Times-Bold', '/FontDescriptor': IndirectObject(10, 0, 139665889535872), '/Type': '/Font', '/FirstChar': 32, '/LastChar': 57, '/Widths': [250, 0, 0, 0, 0, 0, 0, 0, 0, 0, 0, 0, 0, 0, 0, 0, 500, 500, 500, 500, 500, 500, 500, 500, 500, 500], '/Encoding': '/WinAnsiEncoding', '/Subtype': '/Type1'}, but is not installed. Consider installing fontTools if you encounter encoding problems.
fontTools is required to fully parse the encoding of a CFF Type1 font in font dictionary {'/BaseFont': '/FLUIDS+Times-Roman', '/FontDescriptor': IndirectObject(12, 0, 139665889535872), '/Type': '/Font', '/FirstChar': 32, '/LastChar': 146, '/Widths': [250, 0, 0, 0, 0, 0, 0, 180, 333, 333, 0, 0, 250, 333, 250, 0, 500, 500, 500, 0, 0, 0, 500, 500, 0, 500, 0, 0, 0, 0, 0, 0, 0, 722, 0, 667, 722, 0, 556, 722, 0, 333, 0, 722, 611, 889, 0, 722, 556, 0, 0, 556, 611, 0, 722, 944, 0, 0, 0, 0, 0, 0, 0, 0, 0, 444, 500, 444, 500, 444, 333, 500, 500, 278, 0, 500, 278, 778, 500, 500, 500, 500, 333, 389, 278, 500, 500, 722, 500, 500, 0, 0, 0, 0, 0, 0, 0, 0, 0, 0, 0, 0, 0, 0, 0, 0, 0, 0, 0, 0, 0, 0, 0, 0, 333], '/Encoding': '/WinAnsiEncoding', '/Subtype': '/Type1'}, but is not installed. Consider installing fontTools if you encounter encoding problems.
fontTools is required to fully parse the encoding of a CFF Type1 font in font dictionary {'/BaseFont': '/LJZHCC+Helvetica-Bold', '/FontDescriptor': IndirectObject(18, 0, 139665889535872), '/Type': '/Font', '/FirstChar': 32, '/LastChar': 32, '/Widths': [278], '/Encoding': '/WinAnsiEncoding', '/Subtype': '/Type1'}, but is not installed. Consider installing fontTools if you encounter encoding problems.
fontTools is required to fully parse the encoding of a CFF Type1 font in font dictionary {'/BaseFont': '/RWMEWN+Times-Bold', '/FontDescriptor': IndirectObject(10, 0, 139665889535872), '/Type': '/Font', '/FirstChar': 32, '/LastChar': 57, '/Widths': [250, 0, 0, 0, 0, 0, 0, 0, 0, 0, 0, 0, 0, 0, 0, 0, 500, 500, 500, 500, 500, 500, 500, 500, 500, 500], '/Encoding': '/WinAnsiEncoding', '/Subtype': '/Type1'}, but is not installed. Consider installing fontTools if you encounter encoding problems.
fontTools is required to fully parse the encoding of a CFF Type1 font in font dictionary {'/BaseFont': '/FLUIDS+Times-Roman', '/FontDescriptor': IndirectObject(12, 0, 139665889535872), '/Type': '/Font', '/FirstChar': 32, '/LastChar': 146, '/Widths': [250, 0, 0, 0, 0, 0, 0, 180, 333, 333, 0, 0, 250, 333, 250, 0, 500, 500, 500, 0, 0, 0, 500, 500, 0, 500, 0, 0, 0, 0, 0, 0, 0, 722, 0, 667, 722, 0, 556, 722, 0, 333, 0, 722, 611, 889, 0, 722, 556, 0, 0, 556, 611, 0, 722, 944, 0, 0, 0, 0, 0, 0, 0, 0, 0, 444, 500, 444, 500, 444, 333, 500, 500, 278, 0, 500, 278, 778, 500, 500, 500, 500, 333, 389, 278, 500, 500, 722, 500, 500, 0, 0, 0, 0, 0, 0, 0, 0, 0, 0, 0, 0, 0, 0, 0, 0, 0, 0, 0, 0, 0, 0, 0, 0, 333], '/Encoding': '/WinAnsiEncoding', '/Subtype': '/Type1'}, but is not installed. Consider installing fontTools if you encounter encoding problems.
fontTools is required to fully parse the encoding of a CFF Type1 font in font dictionary {'/BaseFont': '/LJZHCC+Helvetica-Bold', '/FontDescriptor': IndirectObject(18, 0, 139665889535872), '/Type': '/Font', '/FirstChar': 32, '/LastChar': 32, '/Widths': [278], '/Encoding': '/WinAnsiEncoding', '/Subtype': '/Type1'}, but is not installed. Consider installing fontTools if you encounter encoding problems.
fontTools is required to fully parse the encoding of a CFF Type1 font in font dictionary {'/BaseFont': '/RWMEWN+Times-Bold', '/FontDescriptor': IndirectObject(10, 0, 139665889535872), '/Type': '/Font', '/FirstChar': 32, '/LastChar': 57, '/Widths': [250, 0, 0, 0, 0, 0, 0, 0, 0, 0, 0, 0, 0, 0, 0, 0, 500, 500, 500, 500, 500, 500, 500, 500, 500, 500], '/Encoding': '/WinAnsiEncoding', '/Subtype': '/Type1'}, but is not installed. Consider installing fontTools if you encounter encoding problems.
fontTools is required to fully parse the encoding of a CFF Type1 font in font dictionary {'/BaseFont': '/FLUIDS+Times-Roman', '/FontDescriptor': IndirectObject(12, 0, 139665889535872), '/Type': '/Font', '/FirstChar': 32, '/LastChar': 146, '/Widths': [250, 0, 0, 0, 0, 0, 0, 180, 333, 333, 0, 0, 250, 333, 250, 0, 500, 500, 500, 0, 0, 0, 500, 500, 0, 500, 0, 0, 0, 0, 0, 0, 0, 722, 0, 667, 722, 0, 556, 722, 0, 333, 0, 722, 611, 889, 0, 722, 556, 0, 0, 556, 611, 0, 722, 944, 0, 0, 0, 0, 0, 0, 0, 0, 0, 444, 500, 444, 500, 444, 333, 500, 500, 278, 0, 500, 278, 778, 500, 500, 500, 500, 333, 389, 278, 500, 500, 722, 500, 500, 0, 0, 0, 0, 0, 0, 0, 0, 0, 0, 0, 0, 0, 0, 0, 0, 0, 0, 0, 0, 0, 0, 0, 0, 333], '/Encoding': '/WinAnsiEncoding', '/Subtype': '/Type1'}, but is not installed. Consider installing fontTools if you encounter encoding problems.
fontTools is required to fully parse the encoding of a CFF Type1 font in font dictionary {'/BaseFont': '/LJZHCC+Helvetica-Bold', '/FontDescriptor': IndirectObject(18, 0, 139665889535872), '/Type': '/Font', '/FirstChar': 32, '/LastChar': 32, '/Widths': [278], '/Encoding': '/WinAnsiEncoding', '/Subtype': '/Type1'}, but is not installed. Consider installing fontTools if you encounter encoding problems.
fontTools is required to fully parse the encoding of a CFF Type1 font in font dictionary {'/BaseFont': '/RWMEWN+Times-Bold', '/FontDescriptor': IndirectObject(10, 0, 139665889535872), '/Type': '/Font', '/FirstChar': 32, '/LastChar': 57, '/Widths': [250, 0, 0, 0, 0, 0, 0, 0, 0, 0, 0, 0, 0, 0, 0, 0, 500, 500, 500, 500, 500, 500, 500, 500, 500, 500], '/Encoding': '/WinAnsiEncoding', '/Subtype': '/Type1'}, but is not installed. Consider installing fontTools if you encounter encoding problems.
fontTools is required to fully parse the encoding of a CFF Type1 font in font dictionary {'/BaseFont': '/FLUIDS+Times-Roman', '/FontDescriptor': IndirectObject(12, 0, 139665889535872), '/Type': '/Font', '/FirstChar': 32, '/LastChar': 146, '/Widths': [250, 0, 0, 0, 0, 0, 0, 180, 333, 333, 0, 0, 250, 333, 250, 0, 500, 500, 500, 0, 0, 0, 500, 500, 0, 500, 0, 0, 0, 0, 0, 0, 0, 722, 0, 667, 722, 0, 556, 722, 0, 333, 0, 722, 611, 889, 0, 722, 556, 0, 0, 556, 611, 0, 722, 944, 0, 0, 0, 0, 0, 0, 0, 0, 0, 444, 500, 444, 500, 444, 333, 500, 500, 278, 0, 500, 278, 778, 500, 500, 500, 500, 333, 389, 278, 500, 500, 722, 500, 500, 0, 0, 0, 0, 0, 0, 0, 0, 0, 0, 0, 0, 0, 0, 0, 0, 0, 0, 0, 0, 0, 0, 0, 0, 333], '/Encoding': '/WinAnsiEncoding', '/Subtype': '/Type1'}, but is not installed. Consider installing fontTools if you encounter encoding problems.
fontTools is required to fully parse the encoding of a CFF Type1 font in font dictionary {'/BaseFont': '/RWMEWN+Times-Bold', '/FontDescriptor': IndirectObject(10, 0, 139665889535872), '/Type': '/Font', '/FirstChar': 32, '/LastChar': 57, '/Widths': [250, 0, 0, 0, 0, 0, 0, 0, 0, 0, 0, 0, 0, 0, 0, 0, 500, 500, 500, 500, 500, 500, 500, 500, 500, 500], '/Encoding': '/WinAnsiEncoding', '/Subtype': '/Type1'}, but is not installed. Consider installing fontTools if you encounter encoding problems.
fontTools is required to fully parse the encoding of a CFF Type1 font in font dictionary {'/BaseFont': '/FLUIDS+Times-Roman', '/FontDescriptor': IndirectObject(12, 0, 139665889535872), '/Type': '/Font', '/FirstChar': 32, '/LastChar': 146, '/Widths': [250, 0, 0, 0, 0, 0, 0, 180, 333, 333, 0, 0, 250, 333, 250, 0, 500, 500, 500, 0, 0, 0, 500, 500, 0, 500, 0, 0, 0, 0, 0, 0, 0, 722, 0, 667, 722, 0, 556, 722, 0, 333, 0, 722, 611, 889, 0, 722, 556, 0, 0, 556, 611, 0, 722, 944, 0, 0, 0, 0, 0, 0, 0, 0, 0, 444, 500, 444, 500, 444, 333, 500, 500, 278, 0, 500, 278, 778, 500, 500, 500, 500, 333, 389, 278, 500, 500, 722, 500, 500, 0, 0, 0, 0, 0, 0, 0, 0, 0, 0, 0, 0, 0, 0, 0, 0, 0, 0, 0, 0, 0, 0, 0, 0, 333], '/Encoding': '/WinAnsiEncoding', '/Subtype': '/Type1'}, but is not installed. Consider installing fontTools if you encounter encoding problems.
fontTools is required to fully parse the encoding of a CFF Type1 font in font dictionary {'/BaseFont': '/LJZHCC+Helvetica-Bold', '/FontDescriptor': IndirectObject(18, 0, 139665889535872), '/Type': '/Font', '/FirstChar': 32, '/LastChar': 32, '/Widths': [278], '/Encoding': '/WinAnsiEncoding', '/Subtype': '/Type1'}, but is not installed. Consider installing fontTools if you encounter encoding problems.
fontTools is required to fully parse the encoding of a CFF Type1 font in font dictionary {'/BaseFont': '/RWMEWN+Times-Bold', '/FontDescriptor': IndirectObject(10, 0, 139665889535872), '/Type': '/Font', '/FirstChar': 32, '/LastChar': 57, '/Widths': [250, 0, 0, 0, 0, 0, 0, 0, 0, 0, 0, 0, 0, 0, 0, 0, 500, 500, 500, 500, 500, 500, 500, 500, 500, 500], '/Encoding': '/WinAnsiEncoding', '/Subtype': '/Type1'}, but is not installed. Consider installing fontTools if you encounter encoding problems.
fontTools is required to fully parse the encoding of a CFF Type1 font in font dictionary {'/BaseFont': '/FLUIDS+Times-Roman', '/FontDescriptor': IndirectObject(12, 0, 139665889535872), '/Type': '/Font', '/FirstChar': 32, '/LastChar': 146, '/Widths': [250, 0, 0, 0, 0, 0, 0, 180, 333, 333, 0, 0, 250, 333, 250, 0, 500, 500, 500, 0, 0, 0, 500, 500, 0, 500, 0, 0, 0, 0, 0, 0, 0, 722, 0, 667, 722, 0, 556, 722, 0, 333, 0, 722, 611, 889, 0, 722, 556, 0, 0, 556, 611, 0, 722, 944, 0, 0, 0, 0, 0, 0, 0, 0, 0, 444, 500, 444, 500, 444, 333, 500, 500, 278, 0, 500, 278, 778, 500, 500, 500, 500, 333, 389, 278, 500, 500, 722, 500, 500, 0, 0, 0, 0, 0, 0, 0, 0, 0, 0, 0, 0, 0, 0, 0, 0, 0, 0, 0, 0, 0, 0, 0, 0, 333], '/Encoding': '/WinAnsiEncoding', '/Subtype': '/Type1'}, but is not installed. Consider installing fontTools if you encounter encoding problems.
fontTools is required to fully parse the encoding of a CFF Type1 font in font dictionary {'/BaseFont': '/RWMEWN+Times-Bold', '/FontDescriptor': IndirectObject(10, 0, 139665889535872), '/Type': '/Font', '/FirstChar': 32, '/LastChar': 57, '/Widths': [250, 0, 0, 0, 0, 0, 0, 0, 0, 0, 0, 0, 0, 0, 0, 0, 500, 500, 500, 500, 500, 500, 500, 500, 500, 500], '/Encoding': '/WinAnsiEncoding', '/Subtype': '/Type1'}, but is not installed. Consider installing fontTools if you encounter encoding problems.
fontTools is required to fully parse the encoding of a CFF Type1 font in font dictionary {'/BaseFont': '/FLUIDS+Times-Roman', '/FontDescriptor': IndirectObject(12, 0, 139665889535872), '/Type': '/Font', '/FirstChar': 32, '/LastChar': 146, '/Widths': [250, 0, 0, 0, 0, 0, 0, 180, 333, 333, 0, 0, 250, 333, 250, 0, 500, 500, 500, 0, 0, 0, 500, 500, 0, 500, 0, 0, 0, 0, 0, 0, 0, 722, 0, 667, 722, 0, 556, 722, 0, 333, 0, 722, 611, 889, 0, 722, 556, 0, 0, 556, 611, 0, 722, 944, 0, 0, 0, 0, 0, 0, 0, 0, 0, 444, 500, 444, 500, 444, 333, 500, 500, 278, 0, 500, 278, 778, 500, 500, 500, 500, 333, 389, 278, 500, 500, 722, 500, 500, 0, 0, 0, 0, 0, 0, 0, 0, 0, 0, 0, 0, 0, 0, 0, 0, 0, 0, 0, 0, 0, 0, 0, 0, 333], '/Encoding': '/WinAnsiEncoding', '/Subtype': '/Type1'}, but is not installed. Consider installing fontTools if you encounter encoding problems.
fontTools is required to fully parse the encoding of a CFF Type1 font in font dictionary {'/BaseFont': '/LJZHCC+Helvetica-Bold', '/FontDescriptor': IndirectObject(18, 0, 139665889535872), '/Type': '/Font', '/FirstChar': 32, '/LastChar': 32, '/Widths': [278], '/Encoding': '/WinAnsiEncoding', '/Subtype': '/Type1'}, but is not installed. Consider installing fontTools if you encounter encoding problems.
fontTools is required to fully parse the encoding of a CFF Type1 font in font dictionary {'/BaseFont': '/RWMEWN+Times-Bold', '/FontDescriptor': IndirectObject(10, 0, 139665889535872), '/Type': '/Font', '/FirstChar': 32, '/LastChar': 57, '/Widths': [250, 0, 0, 0, 0, 0, 0, 0, 0, 0, 0, 0, 0, 0, 0, 0, 500, 500, 500, 500, 500, 500, 500, 500, 500, 500], '/Encoding': '/WinAnsiEncoding', '/Subtype': '/Type1'}, but is not installed. Consider installing fontTools if you encounter encoding problems.
fontTools is required to fully parse the encoding of a CFF Type1 font in font dictionary {'/BaseFont': '/FLUIDS+Times-Roman', '/FontDescriptor': IndirectObject(12, 0, 139665889535872), '/Type': '/Font', '/FirstChar': 32, '/LastChar': 146, '/Widths': [250, 0, 0, 0, 0, 0, 0, 180, 333, 333, 0, 0, 250, 333, 250, 0, 500, 500, 500, 0, 0, 0, 500, 500, 0, 500, 0, 0, 0, 0, 0, 0, 0, 722, 0, 667, 722, 0, 556, 722, 0, 333, 0, 722, 611, 889, 0, 722, 556, 0, 0, 556, 611, 0, 722, 944, 0, 0, 0, 0, 0, 0, 0, 0, 0, 444, 500, 444, 500, 444, 333, 500, 500, 278, 0, 500, 278, 778, 500, 500, 500, 500, 333, 389, 278, 500, 500, 722, 500, 500, 0, 0, 0, 0, 0, 0, 0, 0, 0, 0, 0, 0, 0, 0, 0, 0, 0, 0, 0, 0, 0, 0, 0, 0, 333], '/Encoding': '/WinAnsiEncoding', '/Subtype': '/Type1'}, but is not installed. Consider installing fontTools if you encounter encoding problems.
fontTools is required to fully parse the encoding of a CFF Type1 font in font dictionary {'/BaseFont': '/RWMEWN+Times-Bold', '/FontDescriptor': IndirectObject(10, 0, 139665889535872), '/Type': '/Font', '/FirstChar': 32, '/LastChar': 57, '/Widths': [250, 0, 0, 0, 0, 0, 0, 0, 0, 0, 0, 0, 0, 0, 0, 0, 500, 500, 500, 500, 500, 500, 500, 500, 500, 500], '/Encoding': '/WinAnsiEncoding', '/Subtype': '/Type1'}, but is not installed. Consider installing fontTools if you encounter encoding problems.
fontTools is required to fully parse the encoding of a CFF Type1 font in font dictionary {'/BaseFont': '/FLUIDS+Times-Roman', '/FontDescriptor': IndirectObject(12, 0, 139665889535872), '/Type': '/Font', '/FirstChar': 32, '/LastChar': 146, '/Widths': [250, 0, 0, 0, 0, 0, 0, 180, 333, 333, 0, 0, 250, 333, 250, 0, 500, 500, 500, 0, 0, 0, 500, 500, 0, 500, 0, 0, 0, 0, 0, 0, 0, 722, 0, 667, 722, 0, 556, 722, 0, 333, 0, 722, 611, 889, 0, 722, 556, 0, 0, 556, 611, 0, 722, 944, 0, 0, 0, 0, 0, 0, 0, 0, 0, 444, 500, 444, 500, 444, 333, 500, 500, 278, 0, 500, 278, 778, 500, 500, 500, 500, 333, 389, 278, 500, 500, 722, 500, 500, 0, 0, 0, 0, 0, 0, 0, 0, 0, 0, 0, 0, 0, 0, 0, 0, 0, 0, 0, 0, 0, 0, 0, 0, 333], '/Encoding': '/WinAnsiEncoding', '/Subtype': '/Type1'}, but is not installed. Consider installing fontTools if you encounter encoding problems.
fontTools is required to fully parse the encoding of a CFF Type1 font in font dictionary {'/BaseFont': '/LJZHCC+Helvetica-Bold', '/FontDescriptor': IndirectObject(18, 0, 139665889535872), '/Type': '/Font', '/FirstChar': 32, '/LastChar': 32, '/Widths': [278], '/Encoding': '/WinAnsiEncoding', '/Subtype': '/Type1'}, but is not installed. Consider installing fontTools if you encounter encoding problems.
fontTools is required to fully parse the encoding of a CFF Type1 font in font dictionary {'/BaseFont': '/RWMEWN+Times-Bold', '/FontDescriptor': IndirectObject(10, 0, 139665889535872), '/Type': '/Font', '/FirstChar': 32, '/LastChar': 57, '/Widths': [250, 0, 0, 0, 0, 0, 0, 0, 0, 0, 0, 0, 0, 0, 0, 0, 500, 500, 500, 500, 500, 500, 500, 500, 500, 500], '/Encoding': '/WinAnsiEncoding', '/Subtype': '/Type1'}, but is not installed. Consider installing fontTools if you encounter encoding problems.
fontTools is required to fully parse the encoding of a CFF Type1 font in font dictionary {'/BaseFont': '/FLUIDS+Times-Roman', '/FontDescriptor': IndirectObject(12, 0, 139665889535872), '/Type': '/Font', '/FirstChar': 32, '/LastChar': 146, '/Widths': [250, 0, 0, 0, 0, 0, 0, 180, 333, 333, 0, 0, 250, 333, 250, 0, 500, 500, 500, 0, 0, 0, 500, 500, 0, 500, 0, 0, 0, 0, 0, 0, 0, 722, 0, 667, 722, 0, 556, 722, 0, 333, 0, 722, 611, 889, 0, 722, 556, 0, 0, 556, 611, 0, 722, 944, 0, 0, 0, 0, 0, 0, 0, 0, 0, 444, 500, 444, 500, 444, 333, 500, 500, 278, 0, 500, 278, 778, 500, 500, 500, 500, 333, 389, 278, 500, 500, 722, 500, 500, 0, 0, 0, 0, 0, 0, 0, 0, 0, 0, 0, 0, 0, 0, 0, 0, 0, 0, 0, 0, 0, 0, 0, 0, 333], '/Encoding': '/WinAnsiEncoding', '/Subtype': '/Type1'}, but is not installed. Consider installing fontTools if you encounter encoding problems.
fontTools is required to fully parse the encoding of a CFF Type1 font in font dictionary {'/BaseFont': '/LJZHCC+Helvetica-Bold', '/FontDescriptor': IndirectObject(18, 0, 139665889535872), '/Type': '/Font', '/FirstChar': 32, '/LastChar': 32, '/Widths': [278], '/Encoding': '/WinAnsiEncoding', '/Subtype': '/Type1'}, but is not installed. Consider installing fontTools if you encounter encoding problems.
fontTools is required to fully parse the encoding of a CFF Type1 font in font dictionary {'/BaseFont': '/RWMEWN+Times-Bold', '/FontDescriptor': IndirectObject(10, 0, 139665889535872), '/Type': '/Font', '/FirstChar': 32, '/LastChar': 57, '/Widths': [250, 0, 0, 0, 0, 0, 0, 0, 0, 0, 0, 0, 0, 0, 0, 0, 500, 500, 500, 500, 500, 500, 500, 500, 500, 500], '/Encoding': '/WinAnsiEncoding', '/Subtype': '/Type1'}, but is not installed. Consider installing fontTools if you encounter encoding problems.
fontTools is required to fully parse the encoding of a CFF Type1 font in font dictionary {'/BaseFont': '/FLUIDS+Times-Roman', '/FontDescriptor': IndirectObject(12, 0, 139665889535872), '/Type': '/Font', '/FirstChar': 32, '/LastChar': 146, '/Widths': [250, 0, 0, 0, 0, 0, 0, 180, 333, 333, 0, 0, 250, 333, 250, 0, 500, 500, 500, 0, 0, 0, 500, 500, 0, 500, 0, 0, 0, 0, 0, 0, 0, 722, 0, 667, 722, 0, 556, 722, 0, 333, 0, 722, 611, 889, 0, 722, 556, 0, 0, 556, 611, 0, 722, 944, 0, 0, 0, 0, 0, 0, 0, 0, 0, 444, 500, 444, 500, 444, 333, 500, 500, 278, 0, 500, 278, 778, 500, 500, 500, 500, 333, 389, 278, 500, 500, 722, 500, 500, 0, 0, 0, 0, 0, 0, 0, 0, 0, 0, 0, 0, 0, 0, 0, 0, 0, 0, 0, 0, 0, 0, 0, 0, 333], '/Encoding': '/WinAnsiEncoding', '/Subtype': '/Type1'}, but is not installed. Consider installing fontTools if you encounter encoding problems.
fontTools is required to fully parse the encoding of a CFF Type1 font in font dictionary {'/BaseFont': '/LJZHCC+Helvetica-Bold', '/FontDescriptor': IndirectObject(18, 0, 139665889535872), '/Type': '/Font', '/FirstChar': 32, '/LastChar': 32, '/Widths': [278], '/Encoding': '/WinAnsiEncoding', '/Subtype': '/Type1'}, but is not installed. Consider installing fontTools if you encounter encoding problems.
fontTools is required to fully parse the encoding of a CFF Type1 font in font dictionary {'/BaseFont': '/RWMEWN+Times-Bold', '/FontDescriptor': IndirectObject(10, 0, 139665889535872), '/Type': '/Font', '/FirstChar': 32, '/LastChar': 57, '/Widths': [250, 0, 0, 0, 0, 0, 0, 0, 0, 0, 0, 0, 0, 0, 0, 0, 500, 500, 500, 500, 500, 500, 500, 500, 500, 500], '/Encoding': '/WinAnsiEncoding', '/Subtype': '/Type1'}, but is not installed. Consider installing fontTools if you encounter encoding problems.
fontTools is required to fully parse the encoding of a CFF Type1 font in font dictionary {'/BaseFont': '/FLUIDS+Times-Roman', '/FontDescriptor': IndirectObject(12, 0, 139665889535872), '/Type': '/Font', '/FirstChar': 32, '/LastChar': 146, '/Widths': [250, 0, 0, 0, 0, 0, 0, 180, 333, 333, 0, 0, 250, 333, 250, 0, 500, 500, 500, 0, 0, 0, 500, 500, 0, 500, 0, 0, 0, 0, 0, 0, 0, 722, 0, 667, 722, 0, 556, 722, 0, 333, 0, 722, 611, 889, 0, 722, 556, 0, 0, 556, 611, 0, 722, 944, 0, 0, 0, 0, 0, 0, 0, 0, 0, 444, 500, 444, 500, 444, 333, 500, 500, 278, 0, 500, 278, 778, 500, 500, 500, 500, 333, 389, 278, 500, 500, 722, 500, 500, 0, 0, 0, 0, 0, 0, 0, 0, 0, 0, 0, 0, 0, 0, 0, 0, 0, 0, 0, 0, 0, 0, 0, 0, 333], '/Encoding': '/WinAnsiEncoding', '/Subtype': '/Type1'}, but is not installed. Consider installing fontTools if you encounter encoding problems.
fontTools is required to fully parse the encoding of a CFF Type1 font in font dictionary {'/BaseFont': '/RWMEWN+Times-Bold', '/FontDescriptor': IndirectObject(10, 0, 139665889535872), '/Type': '/Font', '/FirstChar': 32, '/LastChar': 57, '/Widths': [250, 0, 0, 0, 0, 0, 0, 0, 0, 0, 0, 0, 0, 0, 0, 0, 500, 500, 500, 500, 500, 500, 500, 500, 500, 500], '/Encoding': '/WinAnsiEncoding', '/Subtype': '/Type1'}, but is not installed. Consider installing fontTools if you encounter encoding problems.
fontTools is required to fully parse the encoding of a CFF Type1 font in font dictionary {'/BaseFont': '/FLUIDS+Times-Roman', '/FontDescriptor': IndirectObject(12, 0, 139665889535872), '/Type': '/Font', '/FirstChar': 32, '/LastChar': 146, '/Widths': [250, 0, 0, 0, 0, 0, 0, 180, 333, 333, 0, 0, 250, 333, 250, 0, 500, 500, 500, 0, 0, 0, 500, 500, 0, 500, 0, 0, 0, 0, 0, 0, 0, 722, 0, 667, 722, 0, 556, 722, 0, 333, 0, 722, 611, 889, 0, 722, 556, 0, 0, 556, 611, 0, 722, 944, 0, 0, 0, 0, 0, 0, 0, 0, 0, 444, 500, 444, 500, 444, 333, 500, 500, 278, 0, 500, 278, 778, 500, 500, 500, 500, 333, 389, 278, 500, 500, 722, 500, 500, 0, 0, 0, 0, 0, 0, 0, 0, 0, 0, 0, 0, 0, 0, 0, 0, 0, 0, 0, 0, 0, 0, 0, 0, 333], '/Encoding': '/WinAnsiEncoding', '/Subtype': '/Type1'}, but is not installed. Consider installing fontTools if you encounter encoding problems.
fontTools is required to fully parse the encoding of a CFF Type1 font in font dictionary {'/BaseFont': '/LJZHCC+Helvetica-Bold', '/FontDescriptor': IndirectObject(18, 0, 139665889535872), '/Type': '/Font', '/FirstChar': 32, '/LastChar': 32, '/Widths': [278], '/Encoding': '/WinAnsiEncoding', '/Subtype': '/Type1'}, but is not installed. Consider installing fontTools if you encounter encoding problems.
fontTools is required to fully parse the encoding of a CFF Type1 font in font dictionary {'/BaseFont': '/RWMEWN+Times-Bold', '/FontDescriptor': IndirectObject(10, 0, 139665889535872), '/Type': '/Font', '/FirstChar': 32, '/LastChar': 57, '/Widths': [250, 0, 0, 0, 0, 0, 0, 0, 0, 0, 0, 0, 0, 0, 0, 0, 500, 500, 500, 500, 500, 500, 500, 500, 500, 500], '/Encoding': '/WinAnsiEncoding', '/Subtype': '/Type1'}, but is not installed. Consider installing fontTools if you encounter encoding problems.
fontTools is required to fully parse the encoding of a CFF Type1 font in font dictionary {'/BaseFont': '/FLUIDS+Times-Roman', '/FontDescriptor': IndirectObject(12, 0, 139665889535872), '/Type': '/Font', '/FirstChar': 32, '/LastChar': 146, '/Widths': [250, 0, 0, 0, 0, 0, 0, 180, 333, 333, 0, 0, 250, 333, 250, 0, 500, 500, 500, 0, 0, 0, 500, 500, 0, 500, 0, 0, 0, 0, 0, 0, 0, 722, 0, 667, 722, 0, 556, 722, 0, 333, 0, 722, 611, 889, 0, 722, 556, 0, 0, 556, 611, 0, 722, 944, 0, 0, 0, 0, 0, 0, 0, 0, 0, 444, 500, 444, 500, 444, 333, 500, 500, 278, 0, 500, 278, 778, 500, 500, 500, 500, 333, 389, 278, 500, 500, 722, 500, 500, 0, 0, 0, 0, 0, 0, 0, 0, 0, 0, 0, 0, 0, 0, 0, 0, 0, 0, 0, 0, 0, 0, 0, 0, 333], '/Encoding': '/WinAnsiEncoding', '/Subtype': '/Type1'}, but is not installed. Consider installing fontTools if you encounter encoding problems.
fontTools is required to fully parse the encoding of a CFF Type1 font in font dictionary {'/BaseFont': '/LJZHCC+Helvetica-Bold', '/FontDescriptor': IndirectObject(18, 0, 139665889535872), '/Type': '/Font', '/FirstChar': 32, '/LastChar': 32, '/Widths': [278], '/Encoding': '/WinAnsiEncoding', '/Subtype': '/Type1'}, but is not installed. Consider installing fontTools if you encounter encoding problems.
fontTools is required to fully parse the encoding of a CFF Type1 font in font dictionary {'/BaseFont': '/RWMEWN+Times-Bold', '/FontDescriptor': IndirectObject(10, 0, 139665889535872), '/Type': '/Font', '/FirstChar': 32, '/LastChar': 57, '/Widths': [250, 0, 0, 0, 0, 0, 0, 0, 0, 0, 0, 0, 0, 0, 0, 0, 500, 500, 500, 500, 500, 500, 500, 500, 500, 500], '/Encoding': '/WinAnsiEncoding', '/Subtype': '/Type1'}, but is not installed. Consider installing fontTools if you encounter encoding problems.
fontTools is required to fully parse the encoding of a CFF Type1 font in font dictionary {'/BaseFont': '/FLUIDS+Times-Roman', '/FontDescriptor': IndirectObject(12, 0, 139665889535872), '/Type': '/Font', '/FirstChar': 32, '/LastChar': 146, '/Widths': [250, 0, 0, 0, 0, 0, 0, 180, 333, 333, 0, 0, 250, 333, 250, 0, 500, 500, 500, 0, 0, 0, 500, 500, 0, 500, 0, 0, 0, 0, 0, 0, 0, 722, 0, 667, 722, 0, 556, 722, 0, 333, 0, 722, 611, 889, 0, 722, 556, 0, 0, 556, 611, 0, 722, 944, 0, 0, 0, 0, 0, 0, 0, 0, 0, 444, 500, 444, 500, 444, 333, 500, 500, 278, 0, 500, 278, 778, 500, 500, 500, 500, 333, 389, 278, 500, 500, 722, 500, 500, 0, 0, 0, 0, 0, 0, 0, 0, 0, 0, 0, 0, 0, 0, 0, 0, 0, 0, 0, 0, 0, 0, 0, 0, 333], '/Encoding': '/WinAnsiEncoding', '/Subtype': '/Type1'}, but is not installed. Consider installing fontTools if you encounter encoding problems.
q_company_7959438dbd42735054f1a7a4_discovery: insufficient_evidence
q_company_7959438dbd42735054f1a7a4_targeted: insufficient_evidence
q_company_284421b36ec8283988c17894_discovery: complete
q_company_284421b36ec8283988c17894_targeted: complete
q_company_98ae8e7c06629f61cd42906f_discovery: insufficient_evidence
q_company_98ae8e7c06629f61cd42906f_targeted: insufficient_evidence
q_company_0070706649688b18a55fb394_discovery: complete
q_company_0070706649688b18a55fb394_targeted: insufficient_evidence
q_company_fc5db24fad4fb6564b0f2519_discovery: complete
q_company_fc5db24fad4fb6564b0f2519_targeted: insufficient_evidence
q_company_9c755b1461327a4d399720e7_discovery: insufficient_evidence
q_company_9c755b1461327a4d399720e7_targeted: insufficient_evidence
q_company_1ccd8d549b6d5b76fe835826_discovery: insufficient_evidence
q_company_1ccd8d549b6d5b76fe835826_targeted: complete
q_company_ccca310b7ffd19ccc338c019_discovery: insufficient_evidence
q_company_ccca310b7ffd19ccc338c019_targeted: insufficient_evidence
q_company_007f5c302685153392ed0dc8_discovery: insufficient_evidence
q_company_007f5c302685153392ed0dc8_targeted: insufficient_evidence
q_company_f8508eb6bd1d98eac99aa886_discovery: insufficient_evidence
q_company_f8508eb6bd1d98eac99aa886_targeted: insufficient_evidence
q_company_41d9c60287871fc6c424af25_discovery: insufficient_evidence
q_company_41d9c60287871fc6c424af25_targeted: insufficient_evidence
q_company_b5ea19d5054e315d972744db_discovery: insufficient_evidence
q_company_b5ea19d5054e315d972744db_targeted: insufficient_evidence
q_company_ef38ad6c248a16d5d72da55c_discovery: complete
q_company_ef38ad6c248a16d5d72da55c_targeted: complete
q_company_6ad2cc466d4f49495289e32c_discovery: insufficient_evidence
q_company_6ad2cc466d4f49495289e32c_targeted: insufficient_evidence
q_company_74f4835a25a8890b2477e48b_discovery: insufficient_evidence
q_company_74f4835a25a8890b2477e48b_targeted: insufficient_evidence
q_company_cc05f0fa42a8b67bc3fac107_discovery: insufficient_evidence
q_company_cc05f0fa42a8b67bc3fac107_targeted: insufficient_evidence
q_company_40f766afc78f2026929f2f25_discovery: insufficient_evidence
q_company_40f766afc78f2026929f2f25_targeted: complete
q_company_04aa588dd09fd1f4ac08e185_discovery: insufficient_evidence
q_company_04aa588dd09fd1f4ac08e185_targeted: insufficient_evidence
q_company_a4ae0b0d9a7850bda1de1dbe_discovery: insufficient_evidence
q_company_a4ae0b0d9a7850bda1de1dbe_targeted: complete
q_company_154339ddd87245d6b7e95ca5_discovery: insufficient_evidence
q_company_154339ddd87245d6b7e95ca5_targeted: insufficient_evidence
q_company_d75ac400f676e94363abe01a_discovery: insufficient_evidence
q_company_d75ac400f676e94363abe01a_targeted: insufficient_evidence
q_company_d4ec137cd59e7e026abc774c_discovery: insufficient_evidence
q_company_d4ec137cd59e7e026abc774c_targeted: insufficient_evidence
q_company_859f550089b8293c0ae121ed_discovery: insufficient_evidence
q_company_859f550089b8293c0ae121ed_targeted: insufficient_evidence
q_company_10d15bbbe68ff2be14d6aec2_discovery: insufficient_evidence
q_company_10d15bbbe68ff2be14d6aec2_targeted: insufficient_evidence
q_company_eede3852858fee3e71f33721_discovery: complete
q_company_eede3852858fee3e71f33721_targeted: insufficient_evidence
q_company_1586819e6c963998b5db83da_discovery: insufficient_evidence
q_company_1586819e6c963998b5db83da_targeted: insufficient_evidence
q_company_4744f7fd4e0e4f89f2f73b2a_discovery: insufficient_evidence
q_company_4744f7fd4e0e4f89f2f73b2a_targeted: insufficient_evidence
Ignoring wrong pointing object 6 0 (offset 0)
Ignoring wrong pointing object 10 0 (offset 0)
Ignoring wrong pointing object 12 0 (offset 0)
Ignoring wrong pointing object 14 0 (offset 0)
q_company_88a2081314267701955f6546_discovery: complete
q_company_88a2081314267701955f6546_targeted: complete
q_company_7849dc05e9630d0106497b00_discovery: insufficient_evidence
q_company_7849dc05e9630d0106497b00_targeted: insufficient_evidence
q_company_8f5291e2a5a64e6a8f7f09e2_discovery: insufficient_evidence
q_company_8f5291e2a5a64e6a8f7f09e2_targeted: complete
q_company_c511a92fcd95a7cc9a4a2c33_discovery: insufficient_evidence
q_company_c511a92fcd95a7cc9a4a2c33_targeted: insufficient_evidence
q_company_620054e4e188e563c4920e21_discovery: insufficient_evidence
q_company_620054e4e188e563c4920e21_targeted: insufficient_evidence
q_company_bcc838354309e862758a8371_discovery: insufficient_evidence
q_company_bcc838354309e862758a8371_targeted: insufficient_evidence
q_company_a51a3f8338d12ca01a577774_discovery: complete
q_company_a51a3f8338d12ca01a577774_targeted: complete
q_company_a25ed74f86091489db686a03_discovery: insufficient_evidence
q_company_a25ed74f86091489db686a03_targeted: insufficient_evidence
q_company_bce2d26074c9cd4b0409dbc0_discovery: insufficient_evidence
q_company_bce2d26074c9cd4b0409dbc0_targeted: insufficient_evidence
q_company_b2519d425e8c787c3825d2b9_discovery: insufficient_evidence
q_company_b2519d425e8c787c3825d2b9_targeted: insufficient_evidence
q_company_065f929c58de60436123306d_discovery: insufficient_evidence
q_company_065f929c58de60436123306d_targeted: insufficient_evidence
q_company_d0e4b3968ef99687d30dd1ba_discovery: insufficient_evidence
q_company_d0e4b3968ef99687d30dd1ba_targeted: insufficient_evidence
q_company_f4939036511c0ee9ade29b46_discovery: complete
q_company_f4939036511c0ee9ade29b46_targeted: insufficient_evidence
q_company_abf2b48f96cf55c66c957e6e_discovery: insufficient_evidence
q_company_abf2b48f96cf55c66c957e6e_targeted: insufficient_evidence
q_company_58e740dcd9f3598d25e1cf8c_discovery: insufficient_evidence
q_company_58e740dcd9f3598d25e1cf8c_targeted: insufficient_evidence
q_company_09088da4230e4aa9653a62b0_discovery: insufficient_evidence
q_company_09088da4230e4aa9653a62b0_targeted: insufficient_evidence
q_company_3b08d60cda1e626125460263_discovery: insufficient_evidence
q_company_3b08d60cda1e626125460263_targeted: complete
q_company_2d4ba2a74a409a97bbfe7442_discovery: insufficient_evidence
q_company_2d4ba2a74a409a97bbfe7442_targeted: insufficient_evidence
q_company_f5609ab445df94a594136ba8_discovery: insufficient_evidence
q_company_f5609ab445df94a594136ba8_targeted: insufficient_evidence
q_company_ca4c6bbbf98fac1857c252a1_discovery: complete
q_company_ca4c6bbbf98fac1857c252a1_targeted: insufficient_evidence
q_company_916426eb70ecce5624bfa654_discovery: insufficient_evidence
q_company_916426eb70ecce5624bfa654_targeted: complete
q_company_d52e9e16bbe521b4e9847297_discovery: complete
q_company_d52e9e16bbe521b4e9847297_targeted: complete
q_company_29f6309444ab2e1c3472c3a7_discovery: insufficient_evidence
q_company_29f6309444ab2e1c3472c3a7_targeted: insufficient_evidence
q_company_7dd0e30354ae58e70bc7f1ab_discovery: insufficient_evidence
q_company_7dd0e30354ae58e70bc7f1ab_targeted: insufficient_evidence
q_company_733f406bade7f8e2e5e1a4ac_discovery: complete
q_company_733f406bade7f8e2e5e1a4ac_targeted: insufficient_evidence
q_company_bf47a285d281fa0f069e5d46_discovery: insufficient_evidence
q_company_bf47a285d281fa0f069e5d46_targeted: insufficient_evidence
q_company_12e67d5ae5db170e67a50b2e_discovery: insufficient_evidence
q_company_12e67d5ae5db170e67a50b2e_targeted: complete
q_company_200ebe21e055e72509aa1abc_discovery: insufficient_evidence
q_company_200ebe21e055e72509aa1abc_targeted: insufficient_evidence
q_company_e9fd0ec8b547bf4492af2a45_discovery: insufficient_evidence
q_company_e9fd0ec8b547bf4492af2a45_targeted: insufficient_evidence
q_company_07bdb7c1d1dbfa2bc94f0282_discovery: insufficient_evidence
q_company_07bdb7c1d1dbfa2bc94f0282_targeted: insufficient_evidence
q_company_c89f5b7a127c7ebb39ac7795_discovery: insufficient_evidence
q_company_c89f5b7a127c7ebb39ac7795_targeted: complete
q_company_8888aef32079e2fde2def9b4_discovery: insufficient_evidence
q_company_8888aef32079e2fde2def9b4_targeted: complete
q_company_a3f3c6917807f4d6e5d3818f_discovery: insufficient_evidence
q_company_a3f3c6917807f4d6e5d3818f_targeted: insufficient_evidence
q_company_0840ca72a880ea975df81150_discovery: insufficient_evidence
q_company_0840ca72a880ea975df81150_targeted: insufficient_evidence
q_company_8df8745aa77e1b6d38397a4e_discovery: insufficient_evidence
q_company_8df8745aa77e1b6d38397a4e_targeted: insufficient_evidence
q_company_2703f483acb6cc525b6a7848_discovery: insufficient_evidence
q_company_2703f483acb6cc525b6a7848_targeted: insufficient_evidence
q_company_897a9db8aebed83bd2799b36_discovery: insufficient_evidence
q_company_897a9db8aebed83bd2799b36_targeted: complete
q_company_5851dbb8592edb520cc2ac87_discovery: insufficient_evidence
q_company_5851dbb8592edb520cc2ac87_targeted: insufficient_evidence
q_company_01817ab985f63f3cc976a82f_discovery: complete
q_company_01817ab985f63f3cc976a82f_targeted: insufficient_evidence
q_company_705c975c0b21d509bfb29018_discovery: insufficient_evidence
q_company_705c975c0b21d509bfb29018_targeted: insufficient_evidence
q_company_37a56bc9ae554661c98d2c5e_discovery: insufficient_evidence
q_company_37a56bc9ae554661c98d2c5e_targeted: insufficient_evidence
q_company_f48a5d63b769d5a79766038c_discovery: insufficient_evidence
q_company_f48a5d63b769d5a79766038c_targeted: insufficient_evidence
q_company_a70d2f26955acf1b5a0306e6_discovery: insufficient_evidence
q_company_a70d2f26955acf1b5a0306e6_targeted: insufficient_evidence
q_company_1f5709cc554bb7b9bb9826bf_discovery: insufficient_evidence
q_company_1f5709cc554bb7b9bb9826bf_targeted: complete
q_company_3e0686f60c22b008dd5a18cf_discovery: insufficient_evidence
q_company_3e0686f60c22b008dd5a18cf_targeted: insufficient_evidence
q_company_aaa7f0307f6d78ed3a046f8c_discovery: insufficient_evidence
q_company_aaa7f0307f6d78ed3a046f8c_targeted: insufficient_evidence
q_company_c6dcb308bcb598c09e54dacd_discovery: complete
q_company_c6dcb308bcb598c09e54dacd_targeted: complete
q_company_7941a108fa084dfe890ed1d8_discovery: insufficient_evidence
q_company_7941a108fa084dfe890ed1d8_targeted: insufficient_evidence
q_company_102e1a25f7c6be28624dcef0_discovery: insufficient_evidence
q_company_102e1a25f7c6be28624dcef0_targeted: insufficient_evidence
q_company_2abed4e8267cf9012537b79e_discovery: insufficient_evidence
q_company_2abed4e8267cf9012537b79e_targeted: insufficient_evidence
q_company_6cbe93bbec566a18e6054681_discovery: insufficient_evidence
q_company_6cbe93bbec566a18e6054681_targeted: insufficient_evidence
q_company_e0551e94478a46a41053fe4e_discovery: insufficient_evidence
q_company_e0551e94478a46a41053fe4e_targeted: insufficient_evidence
q_company_dfea087f5e2dd31c50e24164_discovery: insufficient_evidence
q_company_dfea087f5e2dd31c50e24164_targeted: insufficient_evidence
q_company_caacbd2dc0461ed785c2c708_discovery: insufficient_evidence
q_company_caacbd2dc0461ed785c2c708_targeted: insufficient_evidence
q_company_ee8dbbd4cf1c48979fcf0406_discovery: insufficient_evidence
q_company_ee8dbbd4cf1c48979fcf0406_targeted: insufficient_evidence
q_company_d6618350a3c99d906f0ee2c2_discovery: insufficient_evidence
q_company_d6618350a3c99d906f0ee2c2_targeted: complete
q_company_7150fb43251087a238bda4ce_discovery: insufficient_evidence
q_company_7150fb43251087a238bda4ce_targeted: insufficient_evidence
q_company_596feb00112a7e34ae91ab24_discovery: insufficient_evidence
q_company_596feb00112a7e34ae91ab24_targeted: insufficient_evidence
q_company_2bc94a6bcf8d11a21a6cf4eb_discovery: insufficient_evidence
q_company_2bc94a6bcf8d11a21a6cf4eb_targeted: complete
q_company_b0f60975ef3d7167cafebe78_discovery: insufficient_evidence
q_company_b0f60975ef3d7167cafebe78_targeted: insufficient_evidence
q_company_e8ba5621ee1abfc8fd4637ee_discovery: complete
q_company_e8ba5621ee1abfc8fd4637ee_targeted: insufficient_evidence
q_company_1b71f48f9617b15b0e014979_discovery: insufficient_evidence
q_company_1b71f48f9617b15b0e014979_targeted: complete
q_company_7a96eea5ccf771c156845947_discovery: insufficient_evidence
q_company_7a96eea5ccf771c156845947_targeted: insufficient_evidence
q_company_bac57d36c7250058fae99e10_discovery: insufficient_evidence
q_company_bac57d36c7250058fae99e10_targeted: insufficient_evidence
q_company_aacc5e2a4c9fc98b8e2f9d80_discovery: insufficient_evidence
q_company_aacc5e2a4c9fc98b8e2f9d80_targeted: insufficient_evidence
q_company_3c67e220aad7d9c8ee1929f3_discovery: insufficient_evidence
q_company_3c67e220aad7d9c8ee1929f3_targeted: insufficient_evidence
q_company_a61f2691b7ceb2228b2ccd4d_discovery: insufficient_evidence
q_company_a61f2691b7ceb2228b2ccd4d_targeted: insufficient_evidence
q_company_aa1a5dfbbcb7e72c4fc98871_discovery: insufficient_evidence
q_company_aa1a5dfbbcb7e72c4fc98871_targeted: insufficient_evidence
q_company_74bf2146c064be5012820c17_discovery: insufficient_evidence
q_company_74bf2146c064be5012820c17_targeted: insufficient_evidence
q_company_3bfce136e09e64002bf1582c_discovery: insufficient_evidence
fontTools is required to fully parse the encoding of a CFF Type1 font in font dictionary {'/BaseFont': '/BKSOHC+YMFont_4v1-Bold', '/Encoding': IndirectObject(2385, 0, 139665878458512), '/FirstChar': 4, '/FontDescriptor': IndirectObject(2386, 0, 139665878458512), '/LastChar': 31, '/Subtype': '/Type1', '/Type': '/Font', '/Widths': [784, 615, 786, 830, 762, 710, 710, 710, 648, 762, 652, 606, 660, 324, 649, 606, 286, 280, 681, 443, 455, 626, 958, 250, 660, 991, 602, 666]}, but is not installed. Consider installing fontTools if you encounter encoding problems.
fontTools is required to fully parse the encoding of a CFF Type1 font in font dictionary {'/BaseFont': '/BKSNZS+YMFont_4v1-Regular', '/Encoding': IndirectObject(2388, 0, 139665878458512), '/FirstChar': 1, '/FontDescriptor': IndirectObject(2389, 0, 139665878458512), '/LastChar': 144, '/Subtype': '/Type1', '/Type': '/Font', '/Widths': [270, 585, 618, 608, 300, 623, 500, 270, 521, 620, 415, 630, 664, 366, 669, 761, 733, 633, 611, 963, 270, 700, 736, 794, 290, 796, 630, 260, 660, 660, 660, 0, 0, 0, 0, 0, 0, 0, 0, 0, 0, 0, 0, 0, 0, 0, 0, 0, 0, 0, 0, 0, 0, 0, 0, 0, 0, 0, 0, 0, 0, 0, 0, 0, 0, 0, 0, 0, 0, 0, 0, 0, 0, 0, 0, 0, 0, 0, 0, 0, 0, 0, 0, 0, 0, 0, 0, 0, 0, 0, 0, 0, 0, 0, 0, 0, 0, 0, 0, 0, 0, 0, 0, 0, 0, 0, 0, 0, 0, 0, 0, 0, 0, 0, 0, 0, 0, 0, 0, 0, 0, 0, 0, 0, 0, 0, 564, 0, 959, 0, 0, 0, 0, 0, 0, 0, 0, 0, 0, 0, 360, 0, 404, 518]}, but is not installed. Consider installing fontTools if you encounter encoding problems.
fontTools is required to fully parse the encoding of a CFF Type1 font in font dictionary {'/BaseFont': '/BKSMWE+YMFont_4v1-CondRegular', '/Encoding': IndirectObject(2391, 0, 139665878458512), '/FirstChar': 1, '/FontDescriptor': IndirectObject(2392, 0, 139665878458512), '/LastChar': 31, '/Subtype': '/Type1', '/Type': '/Font', '/Widths': [530, 232, 530, 530, 525, 770, 525, 525, 370, 485, 485, 235, 255, 485, 450, 450, 235, 470, 530, 530, 530, 600, 560, 580, 580, 580, 580, 500, 500, 660, 260]}, but is not installed. Consider installing fontTools if you encounter encoding problems.
fontTools is required to fully parse the encoding of a CFF Type1 font in font dictionary {'/BaseFont': '/BKSOII+YMFont_4v1-Regular', '/Encoding': IndirectObject(1077, 0, 139665878458512), '/FirstChar': 1, '/FontDescriptor': IndirectObject(1971, 0, 139665878458512), '/LastChar': 173, '/Subtype': '/Type1', '/Type': '/Font', '/Widths': [697, 539, 618, 557, 761, 270, 270, 518, 615, 620, 564, 300, 250, 924, 959, 585, 618, 521, 560, 608, 416, 623, 270, 625, 625, 404, 415, 260, 594, 630, 611, 0, 0, 0, 0, 0, 0, 0, 0, 0, 0, 0, 0, 0, 0, 0, 0, 0, 0, 0, 0, 0, 0, 0, 0, 0, 0, 0, 0, 0, 0, 0, 0, 0, 0, 0, 0, 0, 0, 0, 0, 0, 0, 0, 0, 0, 0, 0, 0, 0, 0, 0, 0, 0, 0, 0, 0, 0, 0, 0, 0, 0, 0, 0, 0, 0, 0, 0, 0, 0, 0, 0, 0, 0, 0, 0, 0, 0, 0, 0, 0, 0, 0, 0, 0, 0, 0, 0, 0, 0, 0, 0, 0, 0, 0, 0, 793, 656, 564, 664, 659, 0, 0, 0, 0, 0, 0, 0, 0, 0, 470, 0, 722, 796, 0, 0, 0, 0, 0, 0, 0, 0, 0, 0, 0, 0, 470, 0, 0, 360, 0, 0, 0, 0, 0, 0, 0, 0, 0, 0, 0, 0, 669]}, but is not installed. Consider installing fontTools if you encounter encoding problems.
fontTools is required to fully parse the encoding of a CFF Type1 font in font dictionary {'/BaseFont': '/BKSOII+YMFont_4v1-Regular', '/Encoding': IndirectObject(1095, 0, 139665878458512), '/FirstChar': 1, '/FontDescriptor': IndirectObject(1971, 0, 139665878458512), '/LastChar': 173, '/Subtype': '/Type1', '/Type': '/Font', '/Widths': [618, 416, 659, 611, 660, 630, 660, 625, 290, 660, 660, 521, 656, 623, 625, 722, 594, 620, 630, 564, 518, 664, 260, 300, 585, 404, 608, 415, 270, 615, 657, 0, 0, 0, 0, 0, 0, 0, 0, 0, 0, 0, 0, 0, 0, 0, 0, 0, 0, 0, 0, 0, 0, 0, 0, 0, 0, 0, 0, 0, 0, 0, 0, 0, 0, 0, 0, 0, 0, 0, 0, 0, 0, 0, 0, 0, 0, 0, 0, 0, 0, 0, 0, 0, 0, 0, 0, 0, 0, 0, 0, 0, 0, 0, 0, 0, 0, 0, 0, 0, 0, 0, 0, 0, 0, 0, 0, 0, 0, 0, 0, 0, 0, 0, 0, 0, 0, 0, 0, 0, 0, 0, 0, 0, 0, 0, 959, 761, 924, 562, 360, 660, 641, 557, 697, 766, 660, 660, 560, 700, 660, 788, 796, 660, 618, 500, 310, 600, 310, 794, 270, 564, 539, 250, 270, 963, 736, 500, 366, 660, 0, 0, 0, 0, 0, 0, 0, 0, 0, 0, 0, 0, 793]}, but is not installed. Consider installing fontTools if you encounter encoding problems.
fontTools is required to fully parse the encoding of a CFF Type1 font in font dictionary {'/BaseFont': '/BKSOEQ+YMFont_4v1-CondRegular', '/Encoding': IndirectObject(1096, 0, 139665878458512), '/FirstChar': 1, '/FontDescriptor': IndirectObject(2011, 0, 139665878458512), '/LastChar': 173, '/Subtype': '/Type1', '/Type': '/Font', '/Widths': [290, 255, 370, 530, 525, 525, 525, 530, 530, 530, 525, 450, 232, 232, 530, 815, 770, 485, 500, 485, 450, 370, 525, 525, 485, 370, 235, 450, 235, 525, 500, 0, 0, 0, 0, 0, 0, 0, 0, 0, 0, 0, 0, 0, 0, 0, 0, 0, 0, 0, 0, 0, 0, 0, 0, 0, 0, 0, 0, 0, 0, 0, 0, 0, 0, 0, 0, 0, 0, 0, 0, 0, 0, 0, 0, 0, 0, 0, 0, 0, 0, 0, 0, 0, 0, 0, 0, 0, 0, 0, 0, 0, 0, 0, 0, 0, 0, 0, 0, 0, 0, 0, 0, 0, 0, 0, 0, 0, 0, 0, 0, 0, 0, 0, 0, 0, 0, 0, 0, 0, 0, 0, 0, 0, 0, 0, 470, 290, 580, 860, 525, 485, 300, 470, 260, 485, 525, 560, 485, 710, 470, 450, 232, 580, 250, 660, 500, 500, 530, 320, 580, 580, 500, 600, 530, 550, 530, 232, 450, 530, 235, 530, 0, 0, 0, 0, 0, 0, 0, 0, 0, 0, 530]}, but is not installed. Consider installing fontTools if you encounter encoding problems.
fontTools is required to fully parse the encoding of a CFF Type1 font in font dictionary {'/BaseFont': '/AJEQPJ+YMFont_4v1-Bold', '/Encoding': IndirectObject(1097, 0, 139665878458512), '/FirstChar': 1, '/FontDescriptor': IndirectObject(2012, 0, 139665878458512), '/LastChar': 173, '/Subtype': '/Type1', '/Type': '/Font', '/Widths': [280, 710, 445, 650, 829, 660, 751, 762, 500, 649, 626, 681, 660, 830, 602, 732, 538, 337, 648, 531, 288, 443, 692, 250, 455, 991, 606, 652, 660, 602, 958, 0, 0, 0, 0, 0, 0, 0, 0, 0, 0, 0, 0, 0, 0, 0, 0, 0, 0, 0, 0, 0, 0, 0, 0, 0, 0, 0, 0, 0, 0, 0, 0, 0, 0, 0, 0, 0, 0, 0, 0, 0, 0, 0, 0, 0, 0, 0, 0, 0, 0, 0, 0, 0, 0, 0, 0, 0, 0, 0, 0, 0, 0, 0, 0, 0, 0, 0, 0, 0, 0, 0, 0, 0, 0, 0, 0, 0, 0, 0, 0, 0, 0, 0, 0, 0, 0, 0, 0, 0, 0, 0, 0, 0, 0, 0, 585, 324, 586, 784, 822, 762, 710, 710, 0, 0, 0, 0, 0, 0, 710, 0, 673, 647, 0, 0, 0, 0, 0, 0, 0, 0, 0, 0, 0, 0, 360, 0, 0, 710, 0, 0, 0, 0, 0, 0, 0, 0, 0, 0, 0, 0, 639]}, but is not installed. Consider installing fontTools if you encounter encoding problems.
fontTools is required to fully parse the encoding of a CFF Type1 font in font dictionary {'/BaseFont': '/AJEQPJ+YMFont_4v1-Bold', '/Encoding': IndirectObject(1111, 0, 139665878458512), '/FirstChar': 1, '/FontDescriptor': IndirectObject(2012, 0, 139665878458512), '/LastChar': 160, '/Subtype': '/Type1', '/Type': '/Font', '/Widths': [829, 649, 692, 830, 762, 337, 681, 630, 615, 531, 639, 652, 585, 443, 784, 660, 455, 538, 602, 510, 606, 445, 288, 606, 250, 602, 626, 302, 660, 673, 510, 0, 0, 0, 0, 0, 0, 0, 0, 0, 0, 0, 0, 0, 0, 0, 0, 0, 0, 0, 0, 0, 0, 0, 0, 0, 0, 0, 0, 0, 0, 0, 0, 0, 0, 0, 0, 0, 0, 0, 0, 0, 0, 0, 0, 0, 0, 0, 0, 0, 0, 0, 0, 0, 0, 0, 0, 0, 0, 0, 0, 0, 0, 0, 0, 0, 0, 0, 0, 0, 0, 0, 0, 0, 0, 0, 0, 0, 0, 0, 0, 0, 0, 0, 0, 0, 0, 0, 0, 0, 0, 0, 0, 0, 0, 0, 991, 0, 648, 0, 0, 0, 0, 0, 0, 0, 0, 0, 0, 0, 266, 0, 660, 687, 0, 0, 0, 0, 0, 0, 0, 0, 0, 0, 0, 0, 666, 0, 0, 958]}, but is not installed. Consider installing fontTools if you encounter encoding problems.
fontTools is required to fully parse the encoding of a CFF Type1 font in font dictionary {'/BaseFont': '/BKSOII+YMFont_4v1-Regular', '/Encoding': IndirectObject(1112, 0, 139665878458512), '/FirstChar': 1, '/FontDescriptor': IndirectObject(1971, 0, 139665878458512), '/LastChar': 173, '/Subtype': '/Type1', '/Type': '/Font', '/Widths': [700, 557, 564, 270, 560, 618, 290, 270, 620, 518, 250, 924, 959, 618, 404, 415, 521, 300, 623, 564, 278, 625, 416, 608, 585, 615, 270, 260, 594, 630, 611, 0, 0, 0, 0, 0, 0, 0, 0, 0, 0, 0, 0, 0, 0, 0, 0, 0, 0, 0, 0, 0, 0, 0, 0, 0, 0, 0, 0, 0, 0, 0, 0, 0, 0, 0, 0, 0, 0, 0, 0, 0, 0, 0, 0, 0, 0, 0, 0, 0, 0, 0, 0, 0, 0, 0, 0, 0, 0, 0, 0, 0, 0, 0, 0, 0, 0, 0, 0, 0, 0, 0, 0, 0, 0, 0, 0, 0, 0, 0, 0, 0, 0, 0, 0, 0, 0, 0, 0, 0, 0, 0, 0, 0, 0, 0, 470, 630, 625, 656, 766, 736, 963, 796, 1000, 0, 0, 0, 0, 0, 470, 0, 793, 360, 0, 0, 0, 0, 0, 0, 0, 0, 0, 0, 0, 0, 669, 0, 0, 761, 0, 0, 0, 0, 0, 0, 0, 0, 0, 0, 0, 0, 366]}, but is not installed. Consider installing fontTools if you encounter encoding problems.
fontTools is required to fully parse the encoding of a CFF Type1 font in font dictionary {'/BaseFont': '/BKSOEQ+YMFont_4v1-CondRegular', '/Encoding': IndirectObject(1113, 0, 139665878458512), '/FirstChar': 1, '/FontDescriptor': IndirectObject(2011, 0, 139665878458512), '/LastChar': 173, '/Subtype': '/Type1', '/Type': '/Font', '/Widths': [500, 232, 530, 580, 370, 600, 485, 525, 485, 525, 600, 232, 485, 255, 525, 370, 450, 710, 525, 525, 370, 525, 450, 235, 235, 525, 525, 485, 770, 485, 580, 0, 0, 0, 0, 0, 0, 0, 0, 0, 0, 0, 0, 0, 0, 0, 0, 0, 0, 0, 0, 0, 0, 0, 0, 0, 0, 0, 0, 0, 0, 0, 0, 0, 0, 0, 0, 0, 0, 0, 0, 0, 0, 0, 0, 0, 0, 0, 0, 0, 0, 0, 0, 0, 0, 0, 0, 0, 0, 0, 0, 0, 0, 0, 0, 0, 0, 0, 0, 0, 0, 0, 0, 0, 0, 0, 0, 0, 0, 0, 0, 0, 0, 0, 0, 0, 0, 0, 0, 0, 0, 0, 0, 0, 0, 0, 815, 235, 530, 485, 290, 290, 450, 500, 525, 600, 320, 300, 500, 450, 250, 600, 260, 660, 0, 0, 0, 0, 0, 0, 0, 0, 0, 0, 0, 0, 470, 0, 0, 470, 0, 0, 0, 0, 0, 0, 0, 0, 0, 0, 0, 0, 860]}, but is not installed. Consider installing fontTools if you encounter encoding problems.
fontTools is required to fully parse the encoding of a CFF Type1 font in font dictionary {'/BaseFont': '/AJEQPJ+YMFont_4v1-Bold', '/Encoding': IndirectObject(1156, 0, 139665878458512), '/FirstChar': 1, '/FontDescriptor': IndirectObject(2012, 0, 139665878458512), '/LastChar': 173, '/Subtype': '/Type1', '/Type': '/Font', '/Widths': [822, 673, 543, 337, 762, 531, 585, 784, 725, 660, 639, 649, 660, 652, 786, 606, 615, 958, 660, 991, 602, 666, 445, 250, 602, 443, 626, 455, 538, 288, 830, 0, 0, 0, 0, 0, 0, 0, 0, 0, 0, 0, 0, 0, 0, 0, 0, 0, 0, 0, 0, 0, 0, 0, 0, 0, 0, 0, 0, 0, 0, 0, 0, 0, 0, 0, 0, 0, 0, 0, 0, 0, 0, 0, 0, 0, 0, 0, 0, 0, 0, 0, 0, 0, 0, 0, 0, 0, 0, 0, 0, 0, 0, 0, 0, 0, 0, 0, 0, 0, 0, 0, 0, 0, 0, 0, 0, 0, 0, 0, 0, 0, 0, 0, 0, 0, 0, 0, 0, 0, 0, 0, 0, 0, 0, 0, 829, 360, 647, 606, 710, 692, 710, 687, 710, 681, 762, 650, 710, 710, 630, 600, 710, 710, 648, 732, 0, 0, 0, 0, 0, 0, 0, 0, 0, 0, 710, 0, 0, 710, 0, 0, 0, 0, 0, 0, 0, 0, 0, 0, 0, 0, 710]}, but is not installed. Consider installing fontTools if you encounter encoding problems.
fontTools is required to fully parse the encoding of a CFF Type1 font in font dictionary {'/BaseFont': '/BKSOEQ+YMFont_4v1-CondRegular', '/Encoding': IndirectObject(1157, 0, 139665878458512), '/FirstChar': 1, '/FontDescriptor': IndirectObject(2011, 0, 139665878458512), '/LastChar': 173, '/Subtype': '/Type1', '/Type': '/Font', '/Widths': [525, 530, 580, 485, 320, 815, 500, 525, 255, 660, 525, 450, 525, 370, 525, 525, 370, 370, 232, 770, 485, 710, 485, 530, 235, 525, 450, 235, 525, 485, 580, 0, 0, 0, 0, 0, 0, 0, 0, 0, 0, 0, 0, 0, 0, 0, 0, 0, 0, 0, 0, 0, 0, 0, 0, 0, 0, 0, 0, 0, 0, 0, 0, 0, 0, 0, 0, 0, 0, 0, 0, 0, 0, 0, 0, 0, 0, 0, 0, 0, 0, 0, 0, 0, 0, 0, 0, 0, 0, 0, 0, 0, 0, 0, 0, 0, 0, 0, 0, 0, 0, 0, 0, 0, 0, 0, 0, 0, 0, 0, 0, 0, 0, 0, 0, 0, 0, 0, 0, 0, 0, 0, 0, 0, 0, 0, 232, 485, 260, 300, 580, 450, 525, 485, 860, 530, 560, 500, 470, 530, 530, 530, 530, 530, 530, 500, 500, 232, 580, 550, 1000, 600, 560, 290, 290, 232, 450, 600, 530, 250, 530, 530, 0, 0, 0, 0, 0, 0, 0, 0, 0, 0, 500]}, but is not installed. Consider installing fontTools if you encounter encoding problems.
fontTools is required to fully parse the encoding of a CFF Type1 font in font dictionary {'/BaseFont': '/BKSOII+YMFont_4v1-Regular', '/Encoding': IndirectObject(1158, 0, 139665878458512), '/FirstChar': 1, '/FontDescriptor': IndirectObject(1971, 0, 139665878458512), '/LastChar': 127, '/Subtype': '/Type1', '/Type': '/Font', '/Widths': [539, 963, 270, 560, 300, 793, 270, 623, 615, 625, 416, 250, 620, 959, 656, 630, 415, 518, 625, 270, 521, 585, 564, 660, 660, 594, 557, 260, 404, 608, 641, 0, 0, 0, 0, 0, 0, 0, 0, 0, 0, 0, 0, 0, 0, 0, 0, 0, 0, 0, 0, 0, 0, 0, 0, 0, 0, 0, 0, 0, 0, 0, 0, 0, 0, 0, 0, 0, 0, 0, 0, 0, 0, 0, 0, 0, 0, 0, 0, 0, 0, 0, 0, 0, 0, 0, 0, 0, 0, 0, 0, 0, 0, 0, 0, 0, 0, 0, 0, 0, 0, 0, 0, 0, 0, 0, 0, 0, 0, 0, 0, 0, 0, 0, 0, 0, 0, 0, 0, 0, 0, 0, 0, 0, 0, 0, 669]}, but is not installed. Consider installing fontTools if you encounter encoding problems.
fontTools is required to fully parse the encoding of a CFF Type1 font in font dictionary {'/BaseFont': '/AJEQPJ+YMFont_4v1-Bold', '/Encoding': IndirectObject(1215, 0, 139665878458512), '/FirstChar': 1, '/FontDescriptor': IndirectObject(2012, 0, 139665878458512), '/LastChar': 173, '/Subtype': '/Type1', '/Type': '/Font', '/Widths': [660, 710, 710, 602, 958, 606, 710, 710, 710, 647, 280, 710, 710, 286, 710, 531, 991, 445, 443, 692, 250, 606, 455, 602, 649, 288, 337, 538, 660, 626, 681, 0, 0, 0, 0, 0, 0, 0, 0, 0, 0, 0, 0, 0, 0, 0, 0, 0, 0, 0, 0, 0, 0, 0, 0, 0, 0, 0, 0, 0, 0, 0, 0, 0, 0, 0, 0, 0, 0, 0, 0, 0, 0, 0, 0, 0, 0, 0, 0, 0, 0, 0, 0, 0, 0, 0, 0, 0, 0, 0, 0, 0, 0, 0, 0, 0, 0, 0, 0, 0, 0, 0, 0, 0, 0, 0, 0, 0, 0, 0, 0, 0, 0, 0, 0, 0, 0, 0, 0, 0, 0, 0, 0, 0, 0, 0, 762, 660, 710, 666, 751, 639, 650, 762, 673, 648, 822, 386, 586, 829, 1000, 360, 585, 652, 0, 0, 0, 0, 0, 0, 0, 0, 0, 0, 0, 0, 710, 0, 0, 786, 0, 0, 0, 0, 0, 0, 0, 0, 0, 0, 0, 0, 687]}, but is not installed. Consider installing fontTools if you encounter encoding problems.
fontTools is required to fully parse the encoding of a CFF Type1 font in font dictionary {'/BaseFont': '/BKSOEQ+YMFont_4v1-CondRegular', '/Encoding': IndirectObject(1216, 0, 139665878458512), '/FirstChar': 1, '/FontDescriptor': IndirectObject(2011, 0, 139665878458512), '/LastChar': 173, '/Subtype': '/Type1', '/Type': '/Font', '/Widths': [525, 525, 370, 525, 815, 450, 525, 500, 290, 530, 530, 530, 232, 530, 530, 525, 770, 580, 525, 525, 370, 485, 485, 235, 255, 485, 450, 450, 235, 470, 290, 0, 0, 0, 0, 0, 0, 0, 0, 0, 0, 0, 0, 0, 0, 0, 0, 0, 0, 0, 0, 0, 0, 0, 0, 0, 0, 0, 0, 0, 0, 0, 0, 0, 0, 0, 0, 0, 0, 0, 0, 0, 0, 0, 0, 0, 0, 0, 0, 0, 0, 0, 0, 0, 0, 0, 0, 0, 0, 0, 0, 0, 0, 0, 0, 0, 0, 0, 0, 0, 0, 0, 0, 0, 0, 0, 0, 0, 0, 0, 0, 0, 0, 0, 0, 0, 0, 0, 0, 0, 0, 0, 0, 0, 0, 0, 500, 485, 560, 320, 580, 580, 600, 530, 260, 525, 860, 500, 580, 660, 710, 0, 550, 525, 0, 0, 0, 0, 0, 0, 0, 0, 0, 0, 0, 0, 370, 0, 0, 485, 0, 0, 0, 0, 0, 0, 0, 0, 0, 0, 0, 0, 232]}, but is not installed. Consider installing fontTools if you encounter encoding problems.
fontTools is required to fully parse the encoding of a CFF Type1 font in font dictionary {'/BaseFont': '/BKSOII+YMFont_4v1-Regular', '/Encoding': IndirectObject(1217, 0, 139665878458512), '/FirstChar': 1, '/FontDescriptor': IndirectObject(1971, 0, 139665878458512), '/LastChar': 173, '/Subtype': '/Type1', '/Type': '/Font', '/Widths': [924, 470, 300, 618, 615, 518, 564, 959, 656, 630, 611, 270, 794, 521, 562, 416, 608, 664, 623, 270, 415, 585, 404, 620, 761, 260, 625, 625, 557, 594, 722, 0, 0, 0, 0, 0, 0, 0, 0, 0, 0, 0, 0, 0, 0, 0, 0, 0, 0, 0, 0, 0, 0, 0, 0, 0, 0, 0, 0, 0, 0, 0, 0, 0, 0, 0, 0, 0, 0, 0, 0, 0, 0, 0, 0, 0, 0, 0, 0, 0, 0, 0, 0, 0, 0, 0, 0, 0, 0, 0, 0, 0, 0, 0, 0, 0, 0, 0, 0, 0, 0, 0, 0, 0, 0, 0, 0, 0, 0, 0, 0, 0, 0, 0, 0, 0, 0, 0, 0, 0, 0, 0, 0, 0, 0, 0, 270, 660, 470, 660, 660, 270, 290, 660, 539, 733, 310, 360, 310, 793, 641, 564, 630, 659, 618, 366, 660, 736, 560, 250, 700, 669, 657, 0, 0, 0, 766, 0, 0, 660, 0, 0, 0, 0, 0, 0, 0, 0, 0, 0, 0, 0, 660]}, but is not installed. Consider installing fontTools if you encounter encoding problems.
fontTools is required to fully parse the encoding of a CFF Type1 font in font dictionary {'/BaseFont': '/TAEAGG+DIN2014-Regular', '/Encoding': IndirectObject(2036, 0, 139665878458512), '/FirstChar': 31, '/FontDescriptor': IndirectObject(2040, 0, 139665878458512), '/LastChar': 31, '/Subtype': '/Type1', '/Type': '/Font', '/Widths': [500]}, but is not installed. Consider installing fontTools if you encounter encoding problems.
fontTools is required to fully parse the encoding of a CFF Type1 font in font dictionary {'/BaseFont': '/BKSOII+YMFont_4v1-Regular', '/Encoding': IndirectObject(1259, 0, 139665878458512), '/FirstChar': 1, '/FontDescriptor': IndirectObject(1971, 0, 139665878458512), '/LastChar': 173, '/Subtype': '/Type1', '/Type': '/Font', '/Widths': [736, 270, 360, 270, 630, 625, 618, 959, 660, 557, 416, 300, 518, 615, 793, 630, 623, 560, 611, 625, 521, 270, 924, 260, 594, 415, 585, 620, 404, 608, 656, 0, 0, 0, 0, 0, 0, 0, 0, 0, 0, 0, 0, 0, 0, 0, 0, 0, 0, 0, 0, 0, 0, 0, 0, 0, 0, 0, 0, 0, 0, 0, 0, 0, 0, 0, 0, 0, 0, 0, 0, 0, 0, 0, 0, 0, 0, 0, 0, 0, 0, 0, 0, 0, 0, 0, 0, 0, 0, 0, 0, 0, 0, 0, 0, 0, 0, 0, 0, 0, 0, 0, 0, 0, 0, 0, 0, 0, 0, 0, 0, 0, 0, 0, 0, 0, 0, 0, 0, 0, 0, 0, 0, 0, 0, 0, 564, 1000, 660, 700, 722, 796, 664, 270, 250, 660, 761, 564, 290, 766, 660, 963, 660, 618, 539, 623, 669, 600, 657, 733, 660, 1000, 0, 0, 0, 0, 562, 0, 0, 659, 0, 0, 0, 0, 0, 0, 0, 0, 0, 0, 0, 0, 660]}, but is not installed. Consider installing fontTools if you encounter encoding problems.
fontTools is required to fully parse the encoding of a CFF Type1 font in font dictionary {'/BaseFont': '/AJEQPJ+YMFont_4v1-Bold', '/Encoding': IndirectObject(1260, 0, 139665878458512), '/FirstChar': 1, '/FontDescriptor': IndirectObject(2012, 0, 139665878458512), '/LastChar': 173, '/Subtype': '/Type1', '/Type': '/Font', '/Widths': [829, 660, 647, 538, 585, 762, 445, 443, 337, 531, 991, 710, 710, 360, 784, 324, 687, 786, 681, 606, 660, 626, 250, 652, 660, 288, 455, 648, 602, 649, 762, 0, 0, 0, 0, 0, 0, 0, 0, 0, 0, 0, 0, 0, 0, 0, 0, 0, 0, 0, 0, 0, 0, 0, 0, 0, 0, 0, 0, 0, 0, 0, 0, 0, 0, 0, 0, 0, 0, 0, 0, 0, 0, 0, 0, 0, 0, 0, 0, 0, 0, 0, 0, 0, 0, 0, 0, 0, 0, 0, 0, 0, 0, 0, 0, 0, 0, 0, 0, 0, 0, 0, 0, 0, 0, 0, 0, 0, 0, 0, 0, 0, 0, 0, 0, 0, 0, 0, 0, 0, 0, 0, 0, 0, 0, 0, 606, 600, 615, 710, 958, 692, 710, 710, 602, 732, 630, 650, 673, 755, 710, 280, 710, 710, 286, 652, 666, 639, 0, 0, 0, 0, 0, 0, 0, 0, 751, 0, 0, 586, 0, 0, 0, 0, 0, 0, 0, 0, 0, 0, 0, 0, 710]}, but is not installed. Consider installing fontTools if you encounter encoding problems.
fontTools is required to fully parse the encoding of a CFF Type1 font in font dictionary {'/BaseFont': '/BKSOEQ+YMFont_4v1-CondRegular', '/Encoding': IndirectObject(1261, 0, 139665878458512), '/FirstChar': 1, '/FontDescriptor': IndirectObject(2011, 0, 139665878458512), '/LastChar': 173, '/Subtype': '/Type1', '/Type': '/Font', '/Widths': [485, 370, 525, 500, 680, 530, 530, 450, 600, 485, 450, 580, 525, 815, 525, 530, 235, 525, 600, 560, 255, 485, 370, 485, 770, 525, 370, 235, 485, 525, 500, 0, 0, 0, 0, 0, 0, 0, 0, 0, 0, 0, 0, 0, 0, 0, 0, 0, 0, 0, 0, 0, 0, 0, 0, 0, 0, 0, 0, 0, 0, 0, 0, 0, 0, 0, 0, 0, 0, 0, 0, 0, 0, 0, 0, 0, 0, 0, 0, 0, 0, 0, 0, 0, 0, 0, 0, 0, 0, 0, 0, 0, 0, 0, 0, 0, 0, 0, 0, 0, 0, 0, 0, 0, 0, 0, 0, 0, 0, 0, 0, 0, 0, 0, 0, 0, 0, 0, 0, 0, 0, 0, 0, 0, 0, 0, 530, 485, 450, 530, 580, 470, 0, 0, 0, 0, 0, 0, 0, 0, 600, 0, 525, 525, 0, 0, 0, 0, 0, 0, 0, 0, 0, 0, 0, 0, 530, 0, 0, 560, 0, 0, 0, 0, 0, 0, 0, 0, 0, 0, 0, 0, 232]}, but is not installed. Consider installing fontTools if you encounter encoding problems.
fontTools is required to fully parse the encoding of a CFF Type1 font in font dictionary {'/BaseFont': '/TAEAGG+DIN2014-Regular', '/Encoding': IndirectObject(2036, 0, 139665878458512), '/FirstChar': 31, '/FontDescriptor': IndirectObject(2040, 0, 139665878458512), '/LastChar': 31, '/Subtype': '/Type1', '/Type': '/Font', '/Widths': [500]}, but is not installed. Consider installing fontTools if you encounter encoding problems.
fontTools is required to fully parse the encoding of a CFF Type1 font in font dictionary {'/BaseFont': '/TAEAGG+AxisStd-Light', '/Encoding': IndirectObject(1262, 0, 139665878458512), '/FirstChar': 31, '/FontDescriptor': IndirectObject(1263, 0, 139665878458512), '/LastChar': 31, '/Subtype': '/Type1', '/Type': '/Font', '/Widths': [600]}, but is not installed. Consider installing fontTools if you encounter encoding problems.
fontTools is required to fully parse the encoding of a CFF Type1 font in font dictionary {'/BaseFont': '/AJEQPJ+YMFont_4v1-Bold', '/Encoding': IndirectObject(1325, 0, 139665878458512), '/FirstChar': 1, '/FontDescriptor': IndirectObject(2012, 0, 139665878458512), '/LastChar': 144, '/Subtype': '/Type1', '/Type': '/Font', '/Widths': [585, 687, 692, 606, 337, 630, 531, 784, 649, 762, 660, 602, 648, 681, 660, 647, 762, 286, 650, 455, 250, 652, 288, 991, 626, 445, 538, 660, 602, 443, 615, 0, 0, 0, 0, 0, 0, 0, 0, 0, 0, 0, 0, 0, 0, 0, 0, 0, 0, 0, 0, 0, 0, 0, 0, 0, 0, 0, 0, 0, 0, 0, 0, 0, 0, 0, 0, 0, 0, 0, 0, 0, 0, 0, 0, 0, 0, 0, 0, 0, 0, 0, 0, 0, 0, 0, 0, 0, 0, 0, 0, 0, 0, 0, 0, 0, 0, 0, 0, 0, 0, 0, 0, 0, 0, 0, 0, 0, 0, 0, 0, 0, 0, 0, 0, 0, 0, 0, 0, 0, 0, 0, 0, 0, 0, 0, 755, 0, 732, 0, 0, 0, 0, 0, 0, 0, 0, 0, 0, 0, 829, 0, 784, 673]}, but is not installed. Consider installing fontTools if you encounter encoding problems.
fontTools is required to fully parse the encoding of a CFF Type1 font in font dictionary {'/BaseFont': '/BKSOEQ+YMFont_4v1-CondRegular', '/Encoding': IndirectObject(1326, 0, 139665878458512), '/FirstChar': 8, '/FontDescriptor': IndirectObject(2011, 0, 139665878458512), '/LastChar': 31, '/Subtype': '/Type1', '/Type': '/Font', '/Widths': [485, 255, 525, 500, 560, 600, 450, 370, 525, 290, 525, 530, 770, 235, 525, 525, 235, 370, 485, 485, 370, 485, 815, 290]}, but is not installed. Consider installing fontTools if you encounter encoding problems.
fontTools is required to fully parse the encoding of a CFF Type1 font in font dictionary {'/BaseFont': '/EIKZEK+YMFont_4v1-Bold', '/Encoding': IndirectObject(1404, 0, 139665878458512), '/FirstChar': 1, '/FontDescriptor': IndirectObject(1405, 0, 139665878458512), '/LastChar': 173, '/Subtype': '/Type1', '/Type': '/Font', '/Widths': [445, 660, 710, 710, 652, 360, 538, 443, 606, 324, 626, 647, 280, 710, 710, 286, 710, 602, 660, 652, 673, 455, 648, 681, 250, 337, 531, 602, 660, 288, 639, 0, 0, 0, 0, 0, 0, 0, 0, 0, 0, 0, 0, 0, 0, 0, 0, 0, 0, 0, 0, 0, 0, 0, 0, 0, 0, 0, 0, 0, 0, 0, 0, 0, 0, 0, 0, 0, 0, 0, 0, 0, 0, 0, 0, 0, 0, 0, 0, 0, 0, 0, 0, 0, 0, 0, 0, 0, 0, 0, 0, 0, 0, 0, 0, 0, 0, 0, 0, 0, 0, 0, 0, 0, 0, 0, 0, 0, 0, 0, 0, 0, 0, 0, 0, 0, 0, 0, 0, 0, 0, 0, 0, 0, 0, 0, 829, 586, 710, 649, 615, 762, 650, 280, 692, 751, 958, 784, 762, 630, 830, 822, 991, 755, 979, 806, 725, 687, 710, 543, 661, 606, 786, 600, 710, 332, 666, 332, 500, 280, 1000, 500, 732, 386, 710, 0, 0, 0, 0, 0, 0, 0, 585]}, but is not installed. Consider installing fontTools if you encounter encoding problems.
fontTools is required to fully parse the encoding of a CFF Type1 font in font dictionary {'/BaseFont': '/EIKZEK+HelveticaNeueLTStd-Bd', '/Encoding': '/WinAnsiEncoding', '/FirstChar': 165, '/FontDescriptor': IndirectObject(1406, 0, 139665878458512), '/LastChar': 165, '/Subtype': '/Type1', '/Type': '/Font', '/Widths': [556]}, but is not installed. Consider installing fontTools if you encounter encoding problems.
fontTools is required to fully parse the encoding of a CFF Type1 font in font dictionary {'/BaseFont': '/EIKZEK+YMFont_4v1-Regular', '/Encoding': IndirectObject(1407, 0, 139665878458512), '/FirstChar': 1, '/FontDescriptor': IndirectObject(1408, 0, 139665878458512), '/LastChar': 143, '/Subtype': '/Type1', '/Type': '/Font', '/Widths': [630, 623, 722, 659, 611, 700, 416, 959, 625, 761, 630, 625, 669, 618, 615, 360, 793, 620, 585, 270, 260, 270, 521, 594, 300, 564, 518, 404, 415, 608, 924, 0, 0, 0, 0, 0, 0, 0, 0, 0, 0, 0, 0, 0, 0, 0, 0, 0, 0, 0, 0, 0, 0, 0, 0, 0, 0, 0, 0, 0, 0, 0, 0, 0, 0, 0, 0, 0, 0, 0, 0, 0, 0, 0, 0, 0, 0, 0, 0, 0, 0, 0, 0, 0, 0, 0, 0, 0, 0, 0, 0, 0, 0, 0, 0, 0, 0, 0, 0, 0, 0, 0, 0, 0, 0, 0, 0, 0, 0, 0, 0, 0, 0, 0, 0, 0, 0, 0, 0, 0, 0, 0, 0, 0, 0, 0, 623, 0, 618, 0, 0, 0, 0, 0, 0, 0, 0, 0, 0, 0, 500, 0, 557]}, but is not installed. Consider installing fontTools if you encounter encoding problems.
fontTools is required to fully parse the encoding of a CFF Type1 font in font dictionary {'/BaseFont': '/BKSNZS+YMFont_4v1-Regular', '/Encoding': IndirectObject(1504, 0, 139665878458512), '/FirstChar': 20, '/FontDescriptor': IndirectObject(2389, 0, 139665878458512), '/LastChar': 31, '/Subtype': '/Type1', '/Type': '/Font', '/Widths': [660, 270, 660, 660, 660, 660, 660, 660, 660, 310, 1000, 310]}, but is not installed. Consider installing fontTools if you encounter encoding problems.
fontTools is required to fully parse the encoding of a CFF Type1 font in font dictionary {'/BaseFont': '/BKSOHC+YMFont_4v1-Bold', '/Encoding': IndirectObject(1505, 0, 139665878458512), '/FirstChar': 3, '/FontDescriptor': IndirectObject(2386, 0, 139665878458512), '/LastChar': 31, '/Subtype': '/Type1', '/Type': '/Font', '/Widths': [649, 288, 332, 337, 602, 531, 958, 332, 692, 648, 602, 660, 650, 560, 538, 455, 585, 660, 324, 829, 445, 626, 250, 443, 606, 647, 991, 660, 822]}, but is not installed. Consider installing fontTools if you encounter encoding problems.
fontTools is required to fully parse the encoding of a CFF Type1 font in font dictionary {'/BaseFont': '/BJOSUQ+YMFont_4v1-Regular', '/Encoding': '/WinAnsiEncoding', '/FirstChar': 74, '/FontDescriptor': IndirectObject(2050, 0, 139665878458512), '/LastChar': 118, '/Subtype': '/Type1', '/Type': '/Font', '/Widths': [366, 0, 0, 0, 0, 761, 0, 0, 0, 0, 0, 0, 0, 0, 0, 0, 0, 0, 0, 0, 0, 0, 0, 585, 0, 0, 0, 594, 0, 0, 0, 0, 0, 0, 0, 0, 625, 0, 620, 0, 404, 521, 0, 0, 557]}, but is not installed. Consider installing fontTools if you encounter encoding problems.
fontTools is required to fully parse the encoding of a CFF Type1 font in font dictionary {'/BaseFont': '/BKSOHC+YMFont_4v1-Bold', '/Encoding': IndirectObject(1506, 0, 139665878458512), '/FirstChar': 13, '/FontDescriptor': IndirectObject(2386, 0, 139665878458512), '/LastChar': 31, '/Subtype': '/Type1', '/Type': '/Font', '/Widths': [660, 626, 288, 652, 606, 762, 250, 602, 647, 500, 692, 324, 710, 710, 1000, 710, 280, 710, 710]}, but is not installed. Consider installing fontTools if you encounter encoding problems.
fontTools is required to fully parse the encoding of a CFF Type1 font in font dictionary {'/BaseFont': '/BKSOHC+YMFont_4v1-Bold', '/Encoding': IndirectObject(1507, 0, 139665878458512), '/FirstChar': 1, '/FontDescriptor': IndirectObject(2386, 0, 139665878458512), '/LastChar': 173, '/Subtype': '/Type1', '/Type': '/Font', '/Widths': [762, 647, 751, 650, 692, 324, 648, 585, 660, 602, 337, 660, 615, 681, 991, 652, 660, 958, 538, 455, 531, 606, 288, 784, 445, 250, 649, 443, 602, 626, 725, 0, 0, 0, 0, 0, 0, 0, 0, 0, 0, 0, 0, 0, 0, 0, 0, 0, 0, 0, 0, 0, 0, 0, 0, 0, 0, 0, 0, 0, 0, 0, 0, 0, 0, 0, 0, 0, 0, 0, 0, 0, 0, 0, 0, 0, 0, 0, 0, 0, 0, 0, 0, 0, 0, 0, 0, 0, 0, 0, 0, 0, 0, 0, 0, 0, 0, 0, 0, 0, 0, 0, 0, 0, 0, 0, 0, 0, 0, 0, 0, 0, 0, 0, 0, 0, 0, 0, 0, 0, 0, 0, 0, 0, 0, 0, 630, 0, 286, 0, 0, 0, 0, 0, 0, 0, 0, 0, 0, 0, 606, 0, 332, 673, 0, 0, 0, 0, 0, 0, 0, 0, 0, 0, 0, 0, 586, 0, 0, 786, 0, 0, 0, 0, 0, 0, 0, 0, 0, 0, 0, 0, 332]}, but is not installed. Consider installing fontTools if you encounter encoding problems.
fontTools is required to fully parse the encoding of a CFF Type1 font in font dictionary {'/BaseFont': '/BKSNZS+YMFont_4v1-Regular', '/Encoding': IndirectObject(1508, 0, 139665878458512), '/FirstChar': 2, '/FontDescriptor': IndirectObject(2389, 0, 139665878458512), '/LastChar': 31, '/Subtype': '/Type1', '/Type': '/Font', '/Widths': [766, 625, 416, 793, 557, 564, 404, 415, 664, 290, 615, 623, 562, 594, 518, 625, 620, 959, 656, 270, 560, 521, 270, 722, 260, 585, 618, 608, 300, 736]}, but is not installed. Consider installing fontTools if you encounter encoding problems.
fontTools is required to fully parse the encoding of a CFF Type1 font in font dictionary {'/BaseFont': '/NDFQAS+YMFont_4v1-CondRegular', '/Encoding': '/WinAnsiEncoding', '/FirstChar': 67, '/FontDescriptor': IndirectObject(2090, 0, 139665878458512), '/LastChar': 117, '/Subtype': '/Type1', '/Type': '/Font', '/Widths': [530, 0, 0, 0, 0, 0, 0, 0, 0, 0, 0, 0, 0, 0, 0, 580, 0, 0, 0, 0, 0, 0, 0, 0, 0, 0, 0, 0, 0, 0, 485, 0, 450, 525, 485, 0, 0, 0, 235, 0, 0, 255, 770, 525, 525, 0, 0, 0, 450, 370, 525]}, but is not installed. Consider installing fontTools if you encounter encoding problems.
fontTools is required to fully parse the encoding of a CFF Type1 font in font dictionary {'/BaseFont': '/BKSOHC+YMFont_4v1-Bold', '/Encoding': IndirectObject(1529, 0, 139665878458512), '/FirstChar': 1, '/FontDescriptor': IndirectObject(2386, 0, 139665878458512), '/LastChar': 160, '/Subtype': '/Type1', '/Type': '/Font', '/Widths': [755, 762, 991, 602, 762, 324, 585, 650, 639, 250, 830, 649, 660, 681, 337, 673, 652, 531, 445, 660, 958, 538, 660, 288, 602, 455, 443, 606, 829, 626, 692, 0, 0, 0, 0, 0, 0, 0, 0, 0, 0, 0, 0, 0, 0, 0, 0, 0, 0, 0, 0, 0, 0, 0, 0, 0, 0, 0, 0, 0, 0, 0, 0, 0, 0, 0, 0, 0, 0, 0, 0, 0, 0, 0, 0, 0, 0, 0, 0, 0, 0, 0, 0, 0, 0, 0, 0, 0, 0, 0, 0, 0, 0, 0, 0, 0, 0, 0, 0, 0, 0, 0, 0, 0, 0, 0, 0, 0, 0, 0, 0, 0, 0, 0, 0, 0, 0, 0, 0, 0, 0, 0, 0, 0, 0, 0, 630, 0, 648, 0, 0, 0, 0, 0, 0, 0, 0, 0, 0, 0, 266, 0, 286, 647, 0, 0, 0, 0, 0, 0, 0, 0, 0, 0, 0, 0, 302, 0, 0, 586]}, but is not installed. Consider installing fontTools if you encounter encoding problems.
fontTools is required to fully parse the encoding of a CFF Type1 font in font dictionary {'/BaseFont': '/BJOSUQ+YMFont_4v1-Regular', '/Encoding': '/WinAnsiEncoding', '/FirstChar': 32, '/FontDescriptor': IndirectObject(2050, 0, 139665878458512), '/LastChar': 121, '/Subtype': '/Type1', '/Type': '/Font', '/Widths': [260, 0, 0, 0, 0, 0, 0, 0, 0, 0, 0, 0, 0, 0, 0, 0, 0, 0, 0, 0, 0, 0, 0, 0, 0, 0, 0, 0, 0, 0, 0, 0, 0, 0, 0, 0, 0, 657, 641, 0, 0, 0, 0, 0, 0, 0, 794, 0, 0, 0, 0, 0, 611, 0, 659, 0, 0, 0, 0, 0, 0, 0, 0, 0, 0, 585, 0, 518, 615, 594, 416, 623, 630, 270, 0, 0, 300, 959, 625, 608, 620, 0, 404, 521, 415, 625, 557, 793, 564, 564]}, but is not installed. Consider installing fontTools if you encounter encoding problems.
fontTools is required to fully parse the encoding of a CFF Type1 font in font dictionary {'/BaseFont': '/BKRQDK+YMFont_4v1-Bold', '/Encoding': '/WinAnsiEncoding', '/FirstChar': 32, '/FontDescriptor': IndirectObject(2054, 0, 139665878458512), '/LastChar': 121, '/Subtype': '/Type1', '/Type': '/Font', '/Widths': [250, 0, 0, 0, 0, 0, 0, 0, 0, 0, 0, 0, 0, 0, 0, 0, 0, 0, 0, 0, 0, 0, 0, 0, 0, 0, 0, 0, 0, 0, 0, 0, 0, 762, 0, 681, 784, 673, 639, 751, 0, 0, 0, 0, 0, 0, 0, 0, 692, 0, 0, 0, 0, 0, 0, 0, 0, 0, 0, 0, 0, 0, 0, 0, 0, 602, 647, 531, 649, 606, 445, 652, 660, 288, 302, 0, 337, 991, 660, 626, 648, 0, 443, 538, 455, 660, 585, 0, 586, 602]}, but is not installed. Consider installing fontTools if you encounter encoding problems.
fontTools is required to fully parse the encoding of a CFF Type1 font in font dictionary {'/BaseFont': '/BKSMWE+YMFont_4v1-CondRegular', '/Encoding': IndirectObject(1549, 0, 139665878458512), '/FirstChar': 5, '/FontDescriptor': IndirectObject(2392, 0, 139665878458512), '/LastChar': 31, '/Subtype': '/Type1', '/Type': '/Font', '/Widths': [600, 525, 530, 530, 560, 530, 770, 450, 560, 450, 525, 525, 600, 255, 485, 525, 485, 235, 525, 525, 235, 370, 370, 525, 525, 485, 580]}, but is not installed. Consider installing fontTools if you encounter encoding problems.
fontTools is required to fully parse the encoding of a CFF Type1 font in font dictionary {'/BaseFont': '/BKRQDK+YMFont_4v1-Bold', '/Encoding': '/WinAnsiEncoding', '/FirstChar': 32, '/FontDescriptor': IndirectObject(2054, 0, 139665878458512), '/LastChar': 121, '/Subtype': '/Type1', '/Type': '/Font', '/Widths': [250, 0, 0, 0, 0, 0, 0, 0, 0, 0, 0, 0, 0, 0, 0, 0, 0, 0, 0, 0, 0, 0, 0, 0, 0, 0, 0, 0, 0, 0, 0, 0, 0, 0, 0, 0, 784, 0, 0, 751, 0, 324, 0, 0, 0, 0, 0, 0, 692, 0, 762, 650, 0, 0, 0, 0, 0, 0, 0, 0, 0, 0, 0, 0, 0, 602, 647, 531, 0, 606, 445, 652, 660, 288, 0, 0, 337, 991, 660, 626, 0, 0, 443, 538, 455, 660, 585, 829, 586, 602]}, but is not installed. Consider installing fontTools if you encounter encoding problems.
fontTools is required to fully parse the encoding of a CFF Type1 font in font dictionary {'/BaseFont': '/BKSNZS+YMFont_4v1-Regular', '/Encoding': IndirectObject(1550, 0, 139665878458512), '/FirstChar': 1, '/FontDescriptor': IndirectObject(2389, 0, 139665878458512), '/LastChar': 160, '/Subtype': '/Type1', '/Type': '/Font', '/Widths': [793, 564, 657, 560, 564, 656, 270, 270, 416, 959, 722, 620, 521, 618, 360, 300, 594, 625, 608, 404, 630, 415, 260, 623, 270, 518, 625, 585, 557, 615, 700, 0, 0, 0, 0, 0, 0, 0, 0, 0, 0, 0, 0, 0, 0, 0, 0, 0, 0, 0, 0, 0, 0, 0, 0, 0, 0, 0, 0, 0, 0, 0, 0, 0, 0, 0, 0, 0, 0, 0, 0, 0, 0, 0, 0, 0, 0, 0, 0, 0, 0, 0, 0, 0, 0, 0, 0, 0, 0, 0, 0, 0, 0, 0, 0, 0, 0, 0, 0, 0, 0, 0, 0, 0, 0, 0, 0, 0, 0, 0, 0, 0, 0, 0, 0, 0, 0, 0, 0, 0, 0, 0, 0, 0, 0, 0, 250, 0, 664, 0, 0, 0, 0, 0, 0, 0, 0, 0, 0, 0, 630, 0, 736, 623, 0, 0, 0, 0, 0, 0, 0, 0, 0, 0, 0, 0, 924, 0, 0, 539]}, but is not installed. Consider installing fontTools if you encounter encoding problems.
fontTools is required to fully parse the encoding of a CFF Type1 font in font dictionary {'/BaseFont': '/BKRQDK+YMFont_4v1-Bold', '/Encoding': '/WinAnsiEncoding', '/FirstChar': 32, '/FontDescriptor': IndirectObject(2054, 0, 139665878458512), '/LastChar': 121, '/Subtype': '/Type1', '/Type': '/Font', '/Widths': [250, 0, 0, 0, 0, 0, 0, 0, 0, 0, 0, 0, 0, 0, 0, 0, 0, 0, 0, 0, 0, 0, 0, 0, 0, 0, 0, 0, 0, 0, 0, 0, 0, 0, 725, 681, 0, 0, 0, 0, 0, 324, 0, 0, 0, 0, 0, 786, 692, 0, 0, 0, 0, 0, 687, 0, 0, 0, 0, 0, 0, 0, 0, 0, 0, 602, 647, 531, 649, 606, 445, 0, 660, 288, 302, 0, 337, 991, 660, 626, 648, 0, 443, 538, 455, 660, 585, 829, 0, 602]}, but is not installed. Consider installing fontTools if you encounter encoding problems.
fontTools is required to fully parse the encoding of a CFF Type1 font in font dictionary {'/BaseFont': '/BKSMWE+YMFont_4v1-CondRegular', '/Encoding': IndirectObject(1571, 0, 139665878458512), '/FirstChar': 8, '/FontDescriptor': IndirectObject(2392, 0, 139665878458512), '/LastChar': 31, '/Subtype': '/Type1', '/Type': '/Font', '/Widths': [485, 485, 232, 770, 485, 525, 370, 450, 450, 525, 300, 525, 255, 525, 485, 370, 485, 370, 525, 235, 235, 525, 232, 500]}, but is not installed. Consider installing fontTools if you encounter encoding problems.
fontTools is required to fully parse the encoding of a CFF Type1 font in font dictionary {'/BaseFont': '/BKSNZS+YMFont_4v1-Regular', '/Encoding': IndirectObject(1572, 0, 139665878458512), '/FirstChar': 1, '/FontDescriptor': IndirectObject(2389, 0, 139665878458512), '/LastChar': 143, '/Subtype': '/Type1', '/Type': '/Font', '/Widths': [722, 623, 560, 625, 656, 615, 618, 416, 518, 700, 310, 270, 620, 564, 270, 625, 793, 594, 300, 521, 250, 404, 415, 608, 924, 260, 630, 959, 585, 618, 310, 0, 0, 0, 0, 0, 0, 0, 0, 0, 0, 0, 0, 0, 0, 0, 0, 0, 0, 0, 0, 0, 0, 0, 0, 0, 0, 0, 0, 0, 0, 0, 0, 0, 0, 0, 0, 0, 0, 0, 0, 0, 0, 0, 0, 0, 0, 0, 0, 0, 0, 0, 0, 0, 0, 0, 0, 0, 0, 0, 0, 0, 0, 0, 0, 0, 0, 0, 0, 0, 0, 0, 0, 0, 0, 0, 0, 0, 0, 0, 0, 0, 0, 0, 0, 0, 0, 0, 0, 0, 0, 0, 0, 0, 0, 0, 623, 0, 641, 0, 0, 0, 0, 0, 0, 0, 0, 0, 0, 0, 564, 0, 557]}, but is not installed. Consider installing fontTools if you encounter encoding problems.
fontTools is required to fully parse the encoding of a CFF Type1 font in font dictionary {'/BaseFont': '/BKSOHC+YMFont_4v1-Bold', '/Encoding': IndirectObject(1586, 0, 139665878458512), '/FirstChar': 1, '/FontDescriptor': IndirectObject(2386, 0, 139665878458512), '/LastChar': 173, '/Subtype': '/Type1', '/Type': '/Font', '/Widths': [266, 666, 762, 649, 650, 822, 681, 673, 660, 829, 991, 443, 830, 606, 606, 652, 445, 602, 337, 647, 958, 250, 660, 639, 288, 455, 602, 585, 626, 660, 324, 0, 0, 0, 0, 0, 0, 0, 0, 0, 0, 0, 0, 0, 0, 0, 0, 0, 0, 0, 0, 0, 0, 0, 0, 0, 0, 0, 0, 0, 0, 0, 0, 0, 0, 0, 0, 0, 0, 0, 0, 0, 0, 0, 0, 0, 0, 0, 0, 0, 0, 0, 0, 0, 0, 0, 0, 0, 0, 0, 0, 0, 0, 0, 0, 0, 0, 0, 0, 0, 0, 0, 0, 0, 0, 0, 0, 0, 0, 0, 0, 0, 0, 0, 0, 0, 0, 0, 0, 0, 0, 0, 0, 0, 0, 0, 538, 710, 687, 784, 630, 762, 586, 0, 0, 0, 0, 0, 0, 0, 786, 0, 531, 360, 0, 0, 0, 0, 0, 0, 0, 0, 0, 0, 0, 0, 615, 0, 0, 710, 0, 0, 0, 0, 0, 0, 0, 0, 0, 0, 0, 0, 710]}, but is not installed. Consider installing fontTools if you encounter encoding problems.
fontTools is required to fully parse the encoding of a CFF Type1 font in font dictionary {'/BaseFont': '/BJOSUQ+YMFont_4v1-Regular', '/Encoding': '/WinAnsiEncoding', '/FirstChar': 32, '/FontDescriptor': IndirectObject(2050, 0, 139665878458512), '/LastChar': 122, '/Subtype': '/Type1', '/Type': '/Font', '/Widths': [260, 0, 0, 0, 0, 0, 0, 0, 0, 0, 0, 0, 0, 0, 0, 0, 0, 0, 0, 0, 0, 0, 0, 0, 0, 0, 0, 0, 0, 0, 0, 0, 0, 0, 0, 656, 0, 657, 0, 0, 0, 290, 0, 0, 0, 0, 0, 0, 664, 0, 722, 0, 0, 0, 0, 0, 0, 0, 0, 0, 0, 0, 0, 0, 0, 585, 618, 518, 615, 594, 416, 623, 0, 270, 0, 0, 300, 959, 625, 608, 620, 623, 404, 521, 415, 625, 557, 0, 564, 564, 539]}, but is not installed. Consider installing fontTools if you encounter encoding problems.
fontTools is required to fully parse the encoding of a CFF Type1 font in font dictionary {'/BaseFont': '/BKSOHC+YMFont_4v1-Bold', '/Encoding': IndirectObject(1656, 0, 139665878458512), '/FirstChar': 1, '/FontDescriptor': IndirectObject(2386, 0, 139665878458512), '/LastChar': 173, '/Subtype': '/Type1', '/Type': '/Font', '/Widths': [337, 710, 531, 784, 324, 786, 681, 660, 455, 648, 602, 649, 762, 600, 710, 710, 710, 710, 538, 288, 687, 250, 991, 443, 606, 615, 360, 652, 660, 626, 606, 0, 0, 0, 0, 0, 0, 0, 0, 0, 0, 0, 0, 0, 0, 0, 0, 0, 0, 0, 0, 0, 0, 0, 0, 0, 0, 0, 0, 0, 0, 0, 0, 0, 0, 0, 0, 0, 0, 0, 0, 0, 0, 0, 0, 0, 0, 0, 0, 0, 0, 0, 0, 0, 0, 0, 0, 0, 0, 0, 0, 0, 0, 0, 0, 0, 0, 0, 0, 0, 0, 0, 0, 0, 0, 0, 0, 0, 0, 0, 0, 0, 0, 0, 0, 0, 0, 0, 0, 0, 0, 0, 0, 0, 0, 0, 445, 710, 710, 751, 586, 0, 0, 0, 0, 0, 0, 0, 0, 0, 710, 0, 762, 585, 0, 0, 0, 0, 0, 0, 0, 0, 0, 0, 0, 0, 647, 0, 0, 660, 0, 0, 0, 0, 0, 0, 0, 0, 0, 0, 0, 0, 710]}, but is not installed. Consider installing fontTools if you encounter encoding problems.
fontTools is required to fully parse the encoding of a CFF Type1 font in font dictionary {'/BaseFont': '/BKRQDK+YMFont_4v1-Bold', '/Encoding': '/WinAnsiEncoding', '/FirstChar': 32, '/FontDescriptor': IndirectObject(2054, 0, 139665878458512), '/LastChar': 121, '/Subtype': '/Type1', '/Type': '/Font', '/Widths': [250, 0, 0, 0, 0, 0, 0, 0, 0, 0, 0, 0, 0, 0, 0, 0, 0, 0, 0, 0, 0, 0, 0, 0, 0, 0, 0, 0, 0, 0, 0, 0, 0, 0, 725, 681, 0, 0, 639, 0, 0, 0, 0, 0, 0, 0, 0, 0, 692, 0, 0, 650, 0, 0, 0, 0, 0, 0, 0, 0, 0, 0, 0, 0, 0, 602, 647, 531, 649, 606, 445, 652, 0, 288, 0, 0, 337, 0, 660, 626, 0, 0, 443, 538, 455, 660, 0, 0, 0, 602]}, but is not installed. Consider installing fontTools if you encounter encoding problems.
fontTools is required to fully parse the encoding of a CFF Type1 font in font dictionary {'/BaseFont': '/BKSNZS+YMFont_4v1-Regular', '/Encoding': IndirectObject(1657, 0, 139665878458512), '/FirstChar': 1, '/FontDescriptor': IndirectObject(2389, 0, 139665878458512), '/LastChar': 160, '/Subtype': '/Type1', '/Type': '/Font', '/Widths': [564, 611, 564, 766, 788, 700, 630, 518, 615, 560, 521, 722, 623, 924, 620, 656, 625, 796, 260, 664, 300, 585, 415, 594, 959, 608, 404, 270, 557, 625, 657, 0, 0, 0, 0, 0, 0, 0, 0, 0, 0, 0, 0, 0, 0, 0, 0, 0, 0, 0, 0, 0, 0, 0, 0, 0, 0, 0, 0, 0, 0, 0, 0, 0, 0, 0, 0, 0, 0, 0, 0, 0, 0, 0, 0, 0, 0, 0, 0, 0, 0, 0, 0, 0, 0, 0, 0, 0, 0, 0, 0, 0, 0, 0, 0, 0, 0, 0, 0, 0, 0, 0, 0, 0, 0, 0, 0, 0, 0, 0, 0, 0, 0, 0, 0, 0, 0, 0, 0, 0, 0, 0, 0, 0, 0, 0, 630, 0, 641, 0, 0, 0, 0, 0, 0, 0, 0, 0, 0, 0, 416, 0, 618, 659, 0, 0, 0, 0, 0, 0, 0, 0, 0, 0, 0, 0, 761, 0, 0, 562]}, but is not installed. Consider installing fontTools if you encounter encoding problems.
fontTools is required to fully parse the encoding of a CFF Type1 font in font dictionary {'/BaseFont': '/BKSNZS+YMFont_4v1-Regular', '/Encoding': IndirectObject(1680, 0, 139665878458512), '/FirstChar': 1, '/FontDescriptor': IndirectObject(2389, 0, 139665878458512), '/LastChar': 173, '/Subtype': '/Type1', '/Type': '/Font', '/Widths': [660, 660, 564, 620, 404, 623, 585, 630, 300, 518, 615, 290, 761, 270, 697, 270, 660, 270, 521, 415, 608, 794, 736, 700, 656, 260, 625, 625, 557, 594, 722, 0, 0, 0, 0, 0, 0, 0, 0, 0, 0, 0, 0, 0, 0, 0, 0, 0, 0, 0, 0, 0, 0, 0, 0, 0, 0, 0, 0, 0, 0, 0, 0, 0, 0, 0, 0, 0, 0, 0, 0, 0, 0, 0, 0, 0, 0, 0, 0, 0, 0, 0, 0, 0, 0, 0, 0, 0, 0, 0, 0, 0, 0, 0, 0, 0, 0, 0, 0, 0, 0, 0, 0, 0, 0, 0, 0, 0, 0, 0, 0, 0, 0, 0, 0, 0, 0, 0, 0, 0, 0, 0, 0, 0, 0, 0, 1000, 310, 416, 660, 924, 664, 659, 562, 0, 0, 0, 0, 0, 0, 959, 0, 641, 630, 0, 0, 0, 0, 0, 0, 0, 0, 0, 0, 0, 0, 618, 0, 0, 310, 0, 0, 0, 0, 0, 0, 0, 0, 0, 0, 0, 0, 796]}, but is not installed. Consider installing fontTools if you encounter encoding problems.
fontTools is required to fully parse the encoding of a CFF Type1 font in font dictionary {'/BaseFont': '/BKRQDK+YMFont_4v1-Bold', '/Encoding': '/WinAnsiEncoding', '/FirstChar': 32, '/FontDescriptor': IndirectObject(2054, 0, 139665878458512), '/LastChar': 121, '/Subtype': '/Type1', '/Type': '/Font', '/Widths': [250, 0, 0, 0, 0, 0, 0, 0, 0, 0, 0, 0, 0, 0, 0, 0, 0, 0, 0, 0, 0, 0, 0, 0, 0, 0, 0, 0, 0, 0, 0, 0, 0, 0, 725, 681, 0, 0, 0, 0, 0, 0, 0, 0, 0, 958, 0, 0, 0, 0, 0, 650, 0, 0, 0, 0, 0, 0, 0, 0, 0, 0, 0, 0, 0, 602, 0, 531, 0, 606, 0, 652, 0, 288, 0, 0, 337, 0, 660, 626, 0, 0, 443, 538, 455, 660, 0, 0, 0, 602]}, but is not installed. Consider installing fontTools if you encounter encoding problems.
fontTools is required to fully parse the encoding of a CFF Type1 font in font dictionary {'/BaseFont': '/BKSOHC+YMFont_4v1-Bold', '/Encoding': IndirectObject(1696, 0, 139665878458512), '/FirstChar': 1, '/FontDescriptor': IndirectObject(2386, 0, 139665878458512), '/LastChar': 127, '/Subtype': '/Type1', '/Type': '/Font', '/Widths': [443, 626, 639, 602, 288, 660, 324, 600, 710, 710, 710, 360, 280, 710, 500, 332, 710, 710, 710, 560, 332, 455, 337, 660, 538, 606, 762, 250, 710, 710, 710, 0, 0, 0, 0, 0, 0, 0, 0, 0, 0, 0, 0, 0, 0, 0, 0, 0, 0, 0, 0, 0, 0, 0, 0, 0, 0, 0, 0, 0, 0, 0, 0, 0, 0, 0, 0, 0, 0, 0, 0, 0, 0, 0, 0, 0, 0, 0, 0, 0, 0, 0, 0, 0, 0, 0, 0, 0, 0, 0, 0, 0, 0, 0, 0, 0, 0, 0, 0, 0, 0, 0, 0, 0, 0, 0, 0, 0, 0, 0, 0, 0, 0, 0, 0, 0, 0, 0, 0, 0, 0, 0, 0, 0, 0, 0, 531]}, but is not installed. Consider installing fontTools if you encounter encoding problems.
fontTools is required to fully parse the encoding of a CFF Type1 font in font dictionary {'/BaseFont': '/MVLKMU+DIN2014-Bold', '/Encoding': '/WinAnsiEncoding', '/FirstChar': 36, '/FontDescriptor': IndirectObject(1697, 0, 139665878458512), '/LastChar': 128, '/Subtype': '/Type1', '/Type': '/Font', '/Widths': [540, 0, 0, 0, 0, 0, 0, 0, 0, 0, 0, 0, 0, 0, 0, 0, 0, 0, 0, 0, 0, 0, 0, 0, 0, 0, 0, 0, 0, 0, 0, 0, 0, 0, 0, 0, 0, 0, 0, 0, 0, 0, 0, 0, 0, 0, 0, 0, 0, 0, 0, 0, 0, 0, 0, 0, 0, 0, 0, 0, 0, 0, 0, 0, 0, 0, 0, 0, 0, 0, 0, 0, 0, 0, 0, 0, 0, 0, 0, 0, 0, 0, 0, 0, 0, 0, 0, 0, 0, 0, 0, 0, 540]}, but is not installed. Consider installing fontTools if you encounter encoding problems.
fontTools is required to fully parse the encoding of a CFF Type1 font in font dictionary {'/BaseFont': '/BKSNZS+YMFont_4v1-Regular', '/Encoding': IndirectObject(1698, 0, 139665878458512), '/FirstChar': 3, '/FontDescriptor': IndirectObject(2389, 0, 139665878458512), '/LastChar': 31, '/Subtype': '/Type1', '/Type': '/Font', '/Widths': [310, 618, 260, 310, 270, 611, 623, 657, 630, 761, 700, 736, 625, 620, 564, 766, 788, 722, 656, 404, 608, 415, 518, 416, 521, 594, 300, 585, 630]}, but is not installed. Consider installing fontTools if you encounter encoding problems.
fontTools is required to fully parse the encoding of a CFF Type1 font in font dictionary {'/BaseFont': '/BKSOHC+YMFont_4v1-Bold', '/Encoding': IndirectObject(1699, 0, 139665878458512), '/FirstChar': 1, '/FontDescriptor': IndirectObject(2386, 0, 139665878458512), '/LastChar': 173, '/Subtype': '/Type1', '/Type': '/Font', '/Widths': [602, 648, 650, 280, 755, 337, 692, 615, 360, 649, 958, 445, 762, 531, 991, 626, 443, 585, 673, 660, 725, 455, 288, 250, 538, 606, 652, 660, 602, 660, 681, 0, 0, 0, 0, 0, 0, 0, 0, 0, 0, 0, 0, 0, 0, 0, 0, 0, 0, 0, 0, 0, 0, 0, 0, 0, 0, 0, 0, 0, 0, 0, 0, 0, 0, 0, 0, 0, 0, 0, 0, 0, 0, 0, 0, 0, 0, 0, 0, 0, 0, 0, 0, 0, 0, 0, 0, 0, 0, 0, 0, 0, 0, 0, 0, 0, 0, 0, 0, 0, 0, 0, 0, 0, 0, 0, 0, 0, 0, 0, 0, 0, 0, 0, 0, 0, 0, 0, 0, 0, 0, 0, 0, 0, 0, 0, 630, 710, 751, 710, 710, 710, 710, 710, 286, 829, 666, 0, 0, 0, 543, 0, 784, 647, 0, 0, 0, 0, 0, 0, 0, 0, 0, 0, 0, 0, 324, 0, 0, 332, 0, 0, 0, 0, 0, 0, 0, 0, 0, 0, 0, 0, 332]}, but is not installed. Consider installing fontTools if you encounter encoding problems.
fontTools is required to fully parse the encoding of a CFF Type1 font in font dictionary {'/BaseFont': '/BKSNZS+YMFont_4v1-Regular', '/Encoding': IndirectObject(1700, 0, 139665878458512), '/FirstChar': 1, '/FontDescriptor': IndirectObject(2389, 0, 139665878458512), '/LastChar': 129, '/Subtype': '/Type1', '/Type': '/Font', '/Widths': [539, 664, 793, 564, 564, 618, 924, 657, 270, 270, 416, 290, 404, 557, 959, 415, 300, 608, 620, 270, 521, 623, 585, 630, 518, 260, 625, 594, 615, 625, 630, 0, 0, 0, 0, 0, 0, 0, 0, 0, 0, 0, 0, 0, 0, 0, 0, 0, 0, 0, 0, 0, 0, 0, 0, 0, 0, 0, 0, 0, 0, 0, 0, 0, 0, 0, 0, 0, 0, 0, 0, 0, 0, 0, 0, 0, 0, 0, 0, 0, 0, 0, 0, 0, 0, 0, 0, 0, 0, 0, 0, 0, 0, 0, 0, 0, 0, 0, 0, 0, 0, 0, 0, 0, 0, 0, 0, 0, 0, 0, 0, 0, 0, 0, 0, 0, 0, 0, 0, 0, 0, 0, 0, 0, 0, 0, 560, 0, 700]}, but is not installed. Consider installing fontTools if you encounter encoding problems.
fontTools is required to fully parse the encoding of a CFF Type1 font in font dictionary {'/BaseFont': '/BKSOHC+YMFont_4v1-Bold', '/Encoding': IndirectObject(1738, 0, 139665878458512), '/FirstChar': 1, '/FontDescriptor': IndirectObject(2386, 0, 139665878458512), '/LastChar': 173, '/Subtype': '/Type1', '/Type': '/Font', '/Widths': [710, 991, 630, 648, 586, 673, 585, 829, 606, 531, 538, 443, 445, 332, 710, 600, 710, 710, 332, 652, 337, 725, 250, 288, 455, 602, 649, 660, 660, 626, 639, 0, 0, 0, 0, 0, 0, 0, 0, 0, 0, 0, 0, 0, 0, 0, 0, 0, 0, 0, 0, 0, 0, 0, 0, 0, 0, 0, 0, 0, 0, 0, 0, 0, 0, 0, 0, 0, 0, 0, 0, 0, 0, 0, 0, 0, 0, 0, 0, 0, 0, 0, 0, 0, 0, 0, 0, 0, 0, 0, 0, 0, 0, 0, 0, 0, 0, 0, 0, 0, 0, 0, 0, 0, 0, 0, 0, 0, 0, 0, 0, 0, 0, 0, 0, 0, 0, 0, 0, 0, 0, 0, 0, 0, 0, 0, 286, 647, 710, 602, 710, 681, 652, 666, 958, 692, 360, 650, 784, 543, 280, 762, 710, 710, 751, 762, 386, 822, 830, 694, 0, 0, 0, 0, 0, 0, 710, 0, 0, 660, 0, 0, 0, 0, 0, 0, 0, 0, 0, 0, 0, 0, 324]}, but is not installed. Consider installing fontTools if you encounter encoding problems.
fontTools is required to fully parse the encoding of a CFF Type1 font in font dictionary {'/BaseFont': '/BKSNZS+YMFont_4v1-Regular', '/Encoding': IndirectObject(1739, 0, 139665878458512), '/FirstChar': 1, '/FontDescriptor': IndirectObject(2389, 0, 139665878458512), '/LastChar': 173, '/Subtype': '/Type1', '/Type': '/Font', '/Widths': [270, 564, 656, 630, 290, 700, 623, 924, 615, 270, 618, 557, 270, 300, 625, 959, 521, 278, 415, 594, 518, 360, 416, 608, 404, 620, 625, 585, 722, 500, 260, 0, 0, 0, 0, 0, 0, 0, 0, 0, 0, 0, 0, 0, 0, 0, 0, 0, 0, 0, 0, 0, 0, 0, 0, 0, 0, 0, 0, 0, 0, 0, 0, 0, 0, 0, 0, 0, 0, 0, 0, 0, 0, 0, 0, 0, 0, 0, 0, 0, 0, 0, 0, 0, 0, 0, 0, 0, 0, 0, 0, 0, 0, 0, 0, 0, 0, 0, 0, 0, 0, 0, 0, 0, 0, 0, 0, 0, 0, 0, 0, 0, 0, 0, 0, 0, 0, 0, 0, 0, 0, 0, 0, 0, 0, 0, 310, 611, 660, 664, 657, 676, 0, 0, 0, 0, 0, 0, 0, 0, 660, 0, 660, 310, 0, 0, 0, 0, 0, 0, 0, 0, 0, 0, 0, 0, 660, 0, 0, 618, 0, 0, 0, 0, 0, 0, 0, 0, 0, 0, 0, 0, 766]}, but is not installed. Consider installing fontTools if you encounter encoding problems.
fontTools is required to fully parse the encoding of a CFF Type1 font in font dictionary {'/BaseFont': '/BKSOHC+YMFont_4v1-Bold', '/Encoding': IndirectObject(1765, 0, 139665878458512), '/FirstChar': 1, '/FontDescriptor': IndirectObject(2386, 0, 139665878458512), '/LastChar': 173, '/Subtype': '/Type1', '/Type': '/Font', '/Widths': [692, 958, 830, 585, 337, 510, 538, 531, 762, 732, 586, 822, 510, 660, 652, 630, 455, 443, 660, 250, 606, 649, 288, 829, 602, 660, 602, 648, 991, 626, 681, 0, 0, 0, 0, 0, 0, 0, 0, 0, 0, 0, 0, 0, 0, 0, 0, 0, 0, 0, 0, 0, 0, 0, 0, 0, 0, 0, 0, 0, 0, 0, 0, 0, 0, 0, 0, 0, 0, 0, 0, 0, 0, 0, 0, 0, 0, 0, 0, 0, 0, 0, 0, 0, 0, 0, 0, 0, 0, 0, 0, 0, 0, 0, 0, 0, 0, 0, 0, 0, 0, 0, 0, 0, 0, 0, 0, 0, 0, 0, 0, 0, 0, 0, 0, 0, 0, 0, 0, 0, 0, 0, 0, 0, 0, 0, 324, 751, 647, 615, 650, 784, 543, 286, 673, 652, 710, 710, 710, 710, 280, 710, 445, 710, 0, 0, 0, 0, 0, 0, 0, 0, 0, 0, 0, 0, 710, 0, 0, 1000, 0, 0, 0, 0, 0, 0, 0, 0, 0, 0, 0, 0, 806]}, but is not installed. Consider installing fontTools if you encounter encoding problems.
fontTools is required to fully parse the encoding of a CFF Type1 font in font dictionary {'/BaseFont': '/BKSMWE+YMFont_4v1-CondRegular', '/Encoding': IndirectObject(1766, 0, 139665878458512), '/FirstChar': 1, '/FontDescriptor': IndirectObject(2392, 0, 139665878458512), '/LastChar': 141, '/Subtype': '/Type1', '/Type': '/Font', '/Widths': [525, 485, 500, 815, 500, 525, 500, 280, 525, 450, 485, 525, 525, 525, 710, 370, 485, 370, 450, 485, 255, 525, 770, 235, 485, 525, 235, 485, 525, 370, 560, 0, 0, 0, 0, 0, 0, 0, 0, 0, 0, 0, 0, 0, 0, 0, 0, 0, 0, 0, 0, 0, 0, 0, 0, 0, 0, 0, 0, 0, 0, 0, 0, 0, 0, 0, 0, 0, 0, 0, 0, 0, 0, 0, 0, 0, 0, 0, 0, 0, 0, 0, 0, 0, 0, 0, 0, 0, 0, 0, 0, 0, 0, 0, 0, 0, 0, 0, 0, 0, 0, 0, 0, 0, 0, 0, 0, 0, 0, 0, 0, 0, 0, 0, 0, 0, 0, 0, 0, 0, 0, 0, 0, 0, 0, 0, 250, 0, 580, 0, 0, 0, 0, 0, 0, 0, 0, 0, 0, 0, 580]}, but is not installed. Consider installing fontTools if you encounter encoding problems.
fontTools is required to fully parse the encoding of a CFF Type1 font in font dictionary {'/BaseFont': '/BKSOHC+YMFont_4v1-Bold', '/Encoding': IndirectObject(1767, 0, 139665878458512), '/FirstChar': 1, '/FontDescriptor': IndirectObject(2386, 0, 139665878458512), '/LastChar': 173, '/Subtype': '/Type1', '/Type': '/Font', '/Widths': [710, 660, 324, 710, 710, 673, 1000, 710, 710, 649, 445, 630, 531, 538, 602, 337, 648, 660, 829, 991, 626, 585, 250, 652, 660, 288, 455, 602, 606, 443, 681, 0, 0, 0, 0, 0, 0, 0, 0, 0, 0, 0, 0, 0, 0, 0, 0, 0, 0, 0, 0, 0, 0, 0, 0, 0, 0, 0, 0, 0, 0, 0, 0, 0, 0, 0, 0, 0, 0, 0, 0, 0, 0, 0, 0, 0, 0, 0, 0, 0, 0, 0, 0, 0, 0, 0, 0, 0, 0, 0, 0, 0, 0, 0, 0, 0, 0, 0, 0, 0, 0, 0, 0, 0, 0, 0, 0, 0, 0, 0, 0, 0, 0, 0, 0, 0, 0, 0, 0, 0, 0, 0, 0, 0, 0, 0, 710, 647, 710, 266, 958, 332, 332, 0, 0, 0, 0, 0, 0, 0, 650, 0, 360, 786, 0, 0, 0, 0, 0, 0, 0, 0, 0, 0, 0, 0, 784, 0, 0, 606, 0, 0, 0, 0, 0, 0, 0, 0, 0, 0, 0, 0, 762]}, but is not installed. Consider installing fontTools if you encounter encoding problems.
fontTools is required to fully parse the encoding of a CFF Type1 font in font dictionary {'/BaseFont': '/BKSNZS+YMFont_4v1-Regular', '/Encoding': IndirectObject(1786, 0, 139665878458512), '/FirstChar': 1, '/FontDescriptor': IndirectObject(2389, 0, 139665878458512), '/LastChar': 143, '/Subtype': '/Type1', '/Type': '/Font', '/Widths': [659, 664, 630, 564, 924, 360, 660, 660, 270, 660, 270, 660, 518, 404, 608, 641, 585, 270, 625, 290, 660, 660, 415, 300, 625, 521, 594, 722, 660, 660, 660, 0, 0, 0, 0, 0, 0, 0, 0, 0, 0, 0, 0, 0, 0, 0, 0, 0, 0, 0, 0, 0, 0, 0, 0, 0, 0, 0, 0, 0, 0, 0, 0, 0, 0, 0, 0, 0, 0, 0, 0, 0, 0, 0, 0, 0, 0, 0, 0, 0, 0, 0, 0, 0, 0, 0, 0, 0, 0, 0, 0, 0, 0, 0, 0, 0, 0, 0, 0, 0, 0, 0, 0, 0, 0, 0, 0, 0, 0, 0, 0, 0, 0, 0, 0, 0, 0, 0, 0, 0, 0, 0, 0, 0, 0, 0, 310, 0, 260, 0, 0, 0, 0, 0, 0, 0, 0, 0, 0, 0, 618, 0, 310]}, but is not installed. Consider installing fontTools if you encounter encoding problems.
fontTools is required to fully parse the encoding of a CFF Type1 font in font dictionary {'/BaseFont': '/BKSOHC+YMFont_4v1-Bold', '/Encoding': IndirectObject(1787, 0, 139665878458512), '/FirstChar': 17, '/FontDescriptor': IndirectObject(2386, 0, 139665878458512), '/LastChar': 31, '/Subtype': '/Type1', '/Type': '/Font', '/Widths': [710, 1000, 710, 280, 710, 710, 710, 710, 710, 337, 602, 531, 538, 288, 639]}, but is not installed. Consider installing fontTools if you encounter encoding problems.
fontTools is required to fully parse the encoding of a CFF Type1 font in font dictionary {'/BaseFont': '/BJOSUQ+YMFont_4v1-Regular', '/Encoding': '/WinAnsiEncoding', '/FirstChar': 32, '/FontDescriptor': IndirectObject(2050, 0, 139665878458512), '/LastChar': 121, '/Subtype': '/Type1', '/Type': '/Font', '/Widths': [260, 0, 0, 0, 0, 0, 0, 0, 0, 0, 0, 0, 0, 0, 0, 0, 0, 0, 0, 0, 0, 0, 0, 0, 0, 0, 0, 0, 0, 0, 0, 0, 0, 0, 0, 0, 0, 0, 0, 0, 0, 0, 0, 0, 0, 924, 0, 0, 664, 0, 0, 630, 0, 0, 659, 0, 0, 0, 0, 0, 0, 0, 0, 0, 0, 585, 0, 518, 615, 594, 416, 623, 0, 270, 0, 560, 300, 959, 625, 608, 620, 0, 404, 521, 415, 0, 557, 0, 0, 564]}, but is not installed. Consider installing fontTools if you encounter encoding problems.
fontTools is required to fully parse the encoding of a CFF Type1 font in font dictionary {'/BaseFont': '/BKRQDK+YMFont_4v1-Bold', '/Encoding': '/WinAnsiEncoding', '/FirstChar': 32, '/FontDescriptor': IndirectObject(2054, 0, 139665878458512), '/LastChar': 121, '/Subtype': '/Type1', '/Type': '/Font', '/Widths': [250, 0, 0, 0, 0, 0, 0, 0, 0, 0, 0, 0, 0, 0, 0, 0, 0, 0, 0, 0, 0, 0, 0, 0, 0, 0, 0, 0, 0, 0, 0, 0, 0, 0, 0, 0, 0, 0, 0, 0, 0, 0, 0, 0, 606, 958, 0, 0, 0, 0, 0, 0, 0, 0, 0, 0, 0, 0, 0, 0, 0, 0, 0, 0, 0, 602, 647, 0, 649, 0, 0, 0, 0, 288, 0, 0, 337, 0, 660, 626, 0, 0, 0, 0, 455, 0, 0, 0, 0, 602]}, but is not installed. Consider installing fontTools if you encounter encoding problems.
fontTools is required to fully parse the encoding of a CFF Type1 font in font dictionary {'/BaseFont': '/BKSNZS+YMFont_4v1-Regular', '/Encoding': IndirectObject(1798, 0, 139665878458512), '/FirstChar': 4, '/FontDescriptor': IndirectObject(2389, 0, 139665878458512), '/LastChar': 31, '/Subtype': '/Type1', '/Type': '/Font', '/Widths': [310, 618, 260, 310, 518, 404, 608, 641, 585, 270, 625, 290, 415, 300, 625, 521, 594, 722, 660, 660, 660, 660, 660, 660, 270, 660, 660, 660]}, but is not installed. Consider installing fontTools if you encounter encoding problems.
fontTools is required to fully parse the encoding of a CFF Type1 font in font dictionary {'/BaseFont': '/BKSNZS+YMFont_4v1-Regular', '/Encoding': IndirectObject(1799, 0, 139665878458512), '/FirstChar': 4, '/FontDescriptor': IndirectObject(2389, 0, 139665878458512), '/LastChar': 31, '/Subtype': '/Type1', '/Type': '/Font', '/Widths': [620, 657, 700, 794, 270, 416, 518, 793, 300, 664, 310, 625, 270, 623, 594, 630, 310, 521, 959, 260, 615, 404, 585, 608, 618, 415, 625, 761]}, but is not installed. Consider installing fontTools if you encounter encoding problems.
fontTools is required to fully parse the encoding of a CFF Type1 font in font dictionary {'/BaseFont': '/BKSOHC+YMFont_4v1-Bold', '/Encoding': IndirectObject(1800, 0, 139665878458512), '/FirstChar': 18, '/FontDescriptor': IndirectObject(2386, 0, 139665878458512), '/LastChar': 31, '/Subtype': '/Type1', '/Type': '/Font', '/Widths': [710, 710, 337, 602, 531, 538, 288, 639, 710, 710, 710, 1000, 280, 710]}, but is not installed. Consider installing fontTools if you encounter encoding problems.
fontTools is required to fully parse the encoding of a CFF Type1 font in font dictionary {'/BaseFont': '/BKRQDK+YMFont_4v1-Bold', '/Encoding': '/WinAnsiEncoding', '/FirstChar': 32, '/FontDescriptor': IndirectObject(2054, 0, 139665878458512), '/LastChar': 117, '/Subtype': '/Type1', '/Type': '/Font', '/Widths': [250, 0, 0, 0, 0, 0, 0, 0, 0, 0, 0, 0, 0, 0, 0, 0, 0, 0, 0, 0, 0, 0, 0, 0, 0, 0, 0, 0, 0, 0, 0, 0, 0, 0, 0, 0, 0, 0, 0, 0, 0, 0, 0, 0, 0, 958, 0, 0, 692, 0, 0, 0, 0, 0, 0, 0, 0, 0, 0, 0, 0, 0, 0, 0, 0, 602, 0, 531, 649, 606, 0, 0, 0, 288, 0, 0, 0, 0, 660, 626, 0, 0, 443, 538, 455, 660]}, but is not installed. Consider installing fontTools if you encounter encoding problems.
fontTools is required to fully parse the encoding of a CFF Type1 font in font dictionary {'/BaseFont': '/BKSNZS+YMFont_4v1-Regular', '/Encoding': IndirectObject(1804, 0, 139665878458512), '/FirstChar': 3, '/FontDescriptor': IndirectObject(2389, 0, 139665878458512), '/LastChar': 31, '/Subtype': '/Type1', '/Type': '/Font', '/Widths': [310, 618, 260, 310, 518, 404, 608, 641, 585, 270, 625, 290, 415, 300, 625, 521, 594, 722, 660, 660, 660, 660, 660, 660, 660, 270, 660, 660, 660]}, but is not installed. Consider installing fontTools if you encounter encoding problems.
fontTools is required to fully parse the encoding of a CFF Type1 font in font dictionary {'/BaseFont': '/BJOSUQ+YMFont_4v1-Regular', '/Encoding': '/WinAnsiEncoding', '/FirstChar': 76, '/FontDescriptor': IndirectObject(2050, 0, 139665878458512), '/LastChar': 86, '/Subtype': '/Type1', '/Type': '/Font', '/Widths': [562, 924, 0, 0, 0, 0, 722, 630, 0, 0, 659]}, but is not installed. Consider installing fontTools if you encounter encoding problems.
fontTools is required to fully parse the encoding of a CFF Type1 font in font dictionary {'/BaseFont': '/BKSOHC+YMFont_4v1-Bold', '/Encoding': IndirectObject(1805, 0, 139665878458512), '/FirstChar': 17, '/FontDescriptor': IndirectObject(2386, 0, 139665878458512), '/LastChar': 31, '/Subtype': '/Type1', '/Type': '/Font', '/Widths': [710, 710, 337, 602, 531, 538, 288, 639, 710, 710, 1000, 710, 280, 710, 710]}, but is not installed. Consider installing fontTools if you encounter encoding problems.
fontTools is required to fully parse the encoding of a CFF Type1 font in font dictionary {'/BaseFont': '/BKRQDK+YMFont_4v1-Bold', '/Encoding': '/WinAnsiEncoding', '/FirstChar': 32, '/FontDescriptor': IndirectObject(2054, 0, 139665878458512), '/LastChar': 117, '/Subtype': '/Type1', '/Type': '/Font', '/Widths': [250, 0, 0, 0, 0, 0, 0, 0, 0, 0, 0, 0, 0, 0, 0, 0, 0, 0, 0, 0, 0, 0, 0, 0, 0, 0, 0, 0, 0, 0, 0, 0, 0, 0, 0, 0, 0, 0, 0, 0, 0, 0, 0, 0, 606, 0, 0, 786, 0, 0, 0, 0, 0, 0, 687, 0, 0, 0, 0, 0, 0, 0, 0, 0, 0, 602, 0, 531, 649, 606, 0, 0, 660, 288, 0, 0, 337, 0, 660, 626, 0, 0, 443, 0, 455, 660]}, but is not installed. Consider installing fontTools if you encounter encoding problems.
fontTools is required to fully parse the encoding of a CFF Type1 font in font dictionary {'/BaseFont': '/BKSNZS+YMFont_4v1-Regular', '/Encoding': IndirectObject(1812, 0, 139665878458512), '/FirstChar': 5, '/FontDescriptor': IndirectObject(2389, 0, 139665878458512), '/LastChar': 31, '/Subtype': '/Type1', '/Type': '/Font', '/Widths': [310, 618, 310, 500, 518, 404, 608, 641, 260, 585, 270, 625, 290, 415, 300, 625, 521, 594, 722, 660, 660, 660, 660, 660, 270, 660, 660]}, but is not installed. Consider installing fontTools if you encounter encoding problems.
fontTools is required to fully parse the encoding of a CFF Type1 font in font dictionary {'/BaseFont': '/BKSNZS+YMFont_4v1-Regular', '/Encoding': IndirectObject(1813, 0, 139665878458512), '/FirstChar': 21, '/FontDescriptor': IndirectObject(2389, 0, 139665878458512), '/LastChar': 31, '/Subtype': '/Type1', '/Type': '/Font', '/Widths': [270, 518, 415, 594, 260, 270, 611, 290, 924, 657, 630]}, but is not installed. Consider installing fontTools if you encounter encoding problems.
fontTools is required to fully parse the encoding of a CFF Type1 font in font dictionary {'/BaseFont': '/BKSOHC+YMFont_4v1-Bold', '/Encoding': IndirectObject(1814, 0, 139665878458512), '/FirstChar': 18, '/FontDescriptor': IndirectObject(2386, 0, 139665878458512), '/LastChar': 31, '/Subtype': '/Type1', '/Type': '/Font', '/Widths': [710, 710, 337, 602, 531, 538, 288, 639, 710, 710, 1000, 710, 280, 710]}, but is not installed. Consider installing fontTools if you encounter encoding problems.
fontTools is required to fully parse the encoding of a CFF Type1 font in font dictionary {'/BaseFont': '/BKRQDK+YMFont_4v1-Bold', '/Encoding': '/WinAnsiEncoding', '/FirstChar': 82, '/FontDescriptor': IndirectObject(2054, 0, 139665878458512), '/LastChar': 116, '/Subtype': '/Type1', '/Type': '/Font', '/Widths': [762, 0, 0, 0, 0, 0, 0, 0, 0, 0, 0, 0, 0, 0, 0, 0, 647, 531, 0, 0, 0, 0, 0, 288, 0, 0, 0, 0, 0, 626, 0, 0, 0, 538, 455]}, but is not installed. Consider installing fontTools if you encounter encoding problems.
fontTools is required to fully parse the encoding of a CFF Type1 font in font dictionary {'/BaseFont': '/BKSNZS+YMFont_4v1-Regular', '/Encoding': IndirectObject(1818, 0, 139665878458512), '/FirstChar': 4, '/FontDescriptor': IndirectObject(2389, 0, 139665878458512), '/LastChar': 31, '/Subtype': '/Type1', '/Type': '/Font', '/Widths': [310, 618, 260, 310, 518, 404, 608, 641, 585, 270, 625, 290, 415, 300, 625, 521, 594, 722, 660, 660, 660, 660, 660, 660, 270, 660, 660, 660]}, but is not installed. Consider installing fontTools if you encounter encoding problems.
fontTools is required to fully parse the encoding of a CFF Type1 font in font dictionary {'/BaseFont': '/BJOSUQ+YMFont_4v1-Regular', '/Encoding': '/WinAnsiEncoding', '/FirstChar': 32, '/FontDescriptor': IndirectObject(2050, 0, 139665878458512), '/LastChar': 117, '/Subtype': '/Type1', '/Type': '/Font', '/Widths': [260, 0, 0, 0, 0, 0, 0, 0, 0, 0, 0, 0, 0, 0, 0, 0, 0, 0, 0, 0, 0, 0, 0, 0, 0, 0, 0, 0, 0, 0, 0, 0, 0, 700, 0, 0, 0, 657, 0, 0, 0, 0, 0, 0, 562, 0, 794, 761, 0, 0, 0, 0, 0, 0, 0, 0, 0, 0, 0, 0, 0, 0, 0, 0, 0, 585, 0, 518, 0, 594, 0, 0, 630, 270, 0, 0, 0, 959, 625, 608, 620, 0, 404, 0, 415, 625]}, but is not installed. Consider installing fontTools if you encounter encoding problems.
fontTools is required to fully parse the encoding of a CFF Type1 font in font dictionary {'/BaseFont': '/BKSOHC+YMFont_4v1-Bold', '/Encoding': IndirectObject(1819, 0, 139665878458512), '/FirstChar': 20, '/FontDescriptor': IndirectObject(2386, 0, 139665878458512), '/LastChar': 31, '/Subtype': '/Type1', '/Type': '/Font', '/Widths': [337, 602, 531, 538, 288, 639, 710, 710, 710, 1000, 710, 710]}, but is not installed. Consider installing fontTools if you encounter encoding problems.
fontTools is required to fully parse the encoding of a CFF Type1 font in font dictionary {'/BaseFont': '/BKRQDK+YMFont_4v1-Bold', '/Encoding': '/WinAnsiEncoding', '/FirstChar': 32, '/FontDescriptor': IndirectObject(2054, 0, 139665878458512), '/LastChar': 118, '/Subtype': '/Type1', '/Type': '/Font', '/Widths': [250, 0, 0, 0, 0, 0, 0, 0, 0, 0, 0, 0, 0, 0, 0, 0, 0, 0, 0, 0, 0, 0, 0, 0, 0, 0, 0, 0, 0, 0, 0, 0, 0, 0, 0, 0, 0, 0, 639, 0, 0, 0, 0, 0, 0, 0, 0, 0, 0, 0, 0, 650, 0, 0, 0, 0, 0, 0, 0, 0, 0, 0, 0, 0, 0, 602, 0, 531, 0, 606, 0, 0, 0, 288, 0, 0, 337, 0, 660, 0, 0, 0, 443, 538, 0, 0, 585]}, but is not installed. Consider installing fontTools if you encounter encoding problems.
fontTools is required to fully parse the encoding of a CFF Type1 font in font dictionary {'/BaseFont': '/BKSOHC+YMFont_4v1-Bold', '/Encoding': IndirectObject(1827, 0, 139665878458512), '/FirstChar': 1, '/FontDescriptor': IndirectObject(2386, 0, 139665878458512), '/LastChar': 173, '/Subtype': '/Type1', '/Type': '/Font', '/Widths': [652, 958, 647, 337, 332, 332, 648, 762, 786, 585, 660, 586, 673, 660, 681, 286, 660, 692, 538, 455, 531, 606, 288, 784, 445, 250, 649, 443, 602, 626, 725, 0, 0, 0, 0, 0, 0, 0, 0, 0, 0, 0, 0, 0, 0, 0, 0, 0, 0, 0, 0, 0, 0, 0, 0, 0, 0, 0, 0, 0, 0, 0, 0, 0, 0, 0, 0, 0, 0, 0, 0, 0, 0, 0, 0, 0, 0, 0, 0, 0, 0, 0, 0, 0, 0, 0, 0, 0, 0, 0, 0, 0, 0, 0, 0, 0, 0, 0, 0, 0, 0, 0, 0, 0, 0, 0, 0, 0, 0, 0, 0, 0, 0, 0, 0, 0, 0, 0, 0, 0, 0, 0, 0, 0, 0, 0, 991, 0, 650, 0, 0, 0, 0, 0, 0, 0, 0, 0, 0, 0, 602, 0, 830, 615, 0, 0, 0, 0, 0, 0, 0, 0, 0, 0, 0, 0, 751, 0, 0, 630, 0, 0, 0, 0, 0, 0, 0, 0, 0, 0, 0, 0, 806]}, but is not installed. Consider installing fontTools if you encounter encoding problems.
fontTools is required to fully parse the encoding of a CFF Type1 font in font dictionary {'/BaseFont': '/BKSMWE+YMFont_4v1-CondRegular', '/Encoding': IndirectObject(1828, 0, 139665878458512), '/FirstChar': 1, '/FontDescriptor': IndirectObject(2392, 0, 139665878458512), '/LastChar': 173, '/Subtype': '/Type1', '/Type': '/Font', '/Widths': [525, 500, 485, 500, 580, 530, 255, 370, 525, 260, 580, 525, 525, 450, 370, 770, 525, 370, 815, 450, 450, 485, 525, 485, 235, 525, 525, 235, 485, 485, 500, 0, 0, 0, 0, 0, 0, 0, 0, 0, 0, 0, 0, 0, 0, 0, 0, 0, 0, 0, 0, 0, 0, 0, 0, 0, 0, 0, 0, 0, 0, 0, 0, 0, 0, 0, 0, 0, 0, 0, 0, 0, 0, 0, 0, 0, 0, 0, 0, 0, 0, 0, 0, 0, 0, 0, 0, 0, 0, 0, 0, 0, 0, 0, 0, 0, 0, 0, 0, 0, 0, 0, 0, 0, 0, 0, 0, 0, 0, 0, 0, 0, 0, 0, 0, 0, 0, 0, 0, 0, 0, 0, 0, 0, 0, 0, 485, 0, 600, 0, 0, 0, 0, 0, 0, 0, 0, 0, 0, 0, 560, 0, 232, 232, 0, 0, 0, 0, 0, 0, 0, 0, 0, 0, 0, 0, 290, 0, 0, 600, 0, 0, 0, 0, 0, 0, 0, 0, 0, 0, 0, 0, 290]}, but is not installed. Consider installing fontTools if you encounter encoding problems.
fontTools is required to fully parse the encoding of a CFF Type1 font in font dictionary {'/BaseFont': '/BKSOHC+YMFont_4v1-Bold', '/Encoding': IndirectObject(1851, 0, 139665878458512), '/FirstChar': 1, '/FontDescriptor': IndirectObject(2386, 0, 139665878458512), '/LastChar': 157, '/Subtype': '/Type1', '/Type': '/Font', '/Widths': [751, 647, 337, 991, 652, 958, 648, 762, 786, 585, 660, 586, 673, 660, 681, 286, 660, 692, 538, 455, 531, 606, 288, 784, 445, 250, 649, 443, 602, 626, 725, 0, 0, 0, 0, 0, 0, 0, 0, 0, 0, 0, 0, 0, 0, 0, 0, 0, 0, 0, 0, 0, 0, 0, 0, 0, 0, 0, 0, 0, 0, 0, 0, 0, 0, 0, 0, 0, 0, 0, 0, 0, 0, 0, 0, 0, 0, 0, 0, 0, 0, 0, 0, 0, 0, 0, 0, 0, 0, 0, 0, 0, 0, 0, 0, 0, 0, 0, 0, 0, 0, 0, 0, 0, 0, 0, 0, 0, 0, 0, 0, 0, 0, 0, 0, 0, 0, 0, 0, 0, 0, 0, 0, 0, 0, 0, 630, 0, 806, 0, 0, 0, 0, 0, 0, 0, 0, 0, 0, 0, 650, 0, 602, 829, 0, 0, 0, 0, 0, 0, 0, 0, 0, 0, 0, 0, 360]}, but is not installed. Consider installing fontTools if you encounter encoding problems.
fontTools is required to fully parse the encoding of a CFF Type1 font in font dictionary {'/BaseFont': '/BKSMWE+YMFont_4v1-CondRegular', '/Encoding': IndirectObject(1852, 0, 139665878458512), '/FirstChar': 1, '/FontDescriptor': IndirectObject(2392, 0, 139665878458512), '/LastChar': 141, '/Subtype': '/Type1', '/Type': '/Font', '/Widths': [710, 530, 260, 485, 580, 450, 525, 500, 255, 525, 525, 525, 525, 485, 370, 525, 485, 235, 370, 525, 450, 485, 500, 235, 232, 450, 370, 525, 770, 485, 815, 0, 0, 0, 0, 0, 0, 0, 0, 0, 0, 0, 0, 0, 0, 0, 0, 0, 0, 0, 0, 0, 0, 0, 0, 0, 0, 0, 0, 0, 0, 0, 0, 0, 0, 0, 0, 0, 0, 0, 0, 0, 0, 0, 0, 0, 0, 0, 0, 0, 0, 0, 0, 0, 0, 0, 0, 0, 0, 0, 0, 0, 0, 0, 0, 0, 0, 0, 0, 0, 0, 0, 0, 0, 0, 0, 0, 0, 0, 0, 0, 0, 0, 0, 0, 0, 0, 0, 0, 0, 0, 0, 0, 0, 0, 0, 485, 0, 500, 0, 0, 0, 0, 0, 0, 0, 0, 0, 0, 0, 560]}, but is not installed. Consider installing fontTools if you encounter encoding problems.
fontTools is required to fully parse the encoding of a CFF Type1 font in font dictionary {'/BaseFont': '/BKSOHC+YMFont_4v1-Bold', '/Encoding': IndirectObject(1853, 0, 139665878458512), '/FirstChar': 1, '/FontDescriptor': IndirectObject(2386, 0, 139665878458512), '/LastChar': 173, '/Subtype': '/Type1', '/Type': '/Font', '/Widths': [732, 673, 822, 647, 602, 660, 762, 692, 649, 585, 324, 443, 710, 710, 710, 538, 615, 626, 531, 762, 652, 660, 660, 250, 606, 455, 602, 991, 288, 337, 681, 0, 0, 0, 0, 0, 0, 0, 0, 0, 0, 0, 0, 0, 0, 0, 0, 0, 0, 0, 0, 0, 0, 0, 0, 0, 0, 0, 0, 0, 0, 0, 0, 0, 0, 0, 0, 0, 0, 0, 0, 0, 0, 0, 0, 0, 0, 0, 0, 0, 0, 0, 0, 0, 0, 0, 0, 0, 0, 0, 0, 0, 0, 0, 0, 0, 0, 0, 0, 0, 0, 0, 0, 0, 0, 0, 0, 0, 0, 0, 0, 0, 0, 0, 0, 0, 0, 0, 0, 0, 0, 0, 0, 0, 0, 0, 630, 280, 786, 710, 710, 0, 0, 0, 0, 0, 0, 0, 0, 0, 648, 0, 650, 360, 0, 0, 0, 0, 0, 0, 0, 0, 0, 0, 0, 0, 958, 0, 0, 606, 0, 0, 0, 0, 0, 0, 0, 0, 0, 0, 0, 0, 725]}, but is not installed. Consider installing fontTools if you encounter encoding problems.
fontTools is required to fully parse the encoding of a CFF Type1 font in font dictionary {'/BaseFont': '/BKSNZS+YMFont_4v1-Regular', '/Encoding': IndirectObject(1854, 0, 139665878458512), '/FirstChar': 1, '/FontDescriptor': IndirectObject(2389, 0, 139665878458512), '/LastChar': 173, '/Subtype': '/Type1', '/Type': '/Font', '/Widths': [1000, 270, 793, 733, 660, 959, 615, 660, 630, 416, 660, 660, 660, 620, 521, 564, 300, 415, 625, 625, 608, 618, 404, 585, 260, 557, 594, 270, 630, 518, 700, 0, 0, 0, 0, 0, 0, 0, 0, 0, 0, 0, 0, 0, 0, 0, 0, 0, 0, 0, 0, 0, 0, 0, 0, 0, 0, 0, 0, 0, 0, 0, 0, 0, 0, 0, 0, 0, 0, 0, 0, 0, 0, 0, 0, 0, 0, 0, 0, 0, 0, 0, 0, 0, 0, 0, 0, 0, 0, 0, 0, 0, 0, 0, 0, 0, 0, 0, 0, 0, 0, 0, 0, 0, 0, 0, 0, 0, 0, 0, 0, 0, 0, 0, 0, 0, 0, 0, 0, 0, 0, 0, 0, 0, 0, 0, 623, 564, 290, 796, 623, 736, 657, 766, 360, 611, 0, 0, 0, 0, 270, 0, 722, 560, 0, 0, 0, 0, 0, 0, 0, 0, 0, 0, 0, 0, 656, 0, 0, 761, 0, 0, 0, 0, 0, 0, 0, 0, 0, 0, 0, 0, 270]}, but is not installed. Consider installing fontTools if you encounter encoding problems.
fontTools is required to fully parse the encoding of a CFF Type1 font in font dictionary {'/BaseFont': '/BKSNZS+YMFont_4v1-Regular', '/Encoding': IndirectObject(1862, 0, 139665878458512), '/FirstChar': 1, '/FontDescriptor': IndirectObject(2389, 0, 139665878458512), '/LastChar': 129, '/Subtype': '/Type1', '/Type': '/Font', '/Widths': [630, 625, 959, 615, 618, 761, 924, 625, 722, 660, 660, 660, 300, 521, 270, 641, 660, 564, 404, 623, 415, 585, 656, 270, 660, 260, 594, 620, 608, 518, 630, 0, 0, 0, 0, 0, 0, 0, 0, 0, 0, 0, 0, 0, 0, 0, 0, 0, 0, 0, 0, 0, 0, 0, 0, 0, 0, 0, 0, 0, 0, 0, 0, 0, 0, 0, 0, 0, 0, 0, 0, 0, 0, 0, 0, 0, 0, 0, 0, 0, 0, 0, 0, 0, 0, 0, 0, 0, 0, 0, 0, 0, 0, 0, 0, 0, 0, 0, 0, 0, 0, 0, 0, 0, 0, 0, 0, 0, 0, 0, 0, 0, 0, 0, 0, 0, 0, 0, 0, 0, 0, 0, 0, 0, 0, 0, 659, 0, 270]}, but is not installed. Consider installing fontTools if you encounter encoding problems.
fontTools is required to fully parse the encoding of a CFF Type1 font in font dictionary {'/BaseFont': '/BKSOHC+YMFont_4v1-Bold', '/Encoding': IndirectObject(1863, 0, 139665878458512), '/FirstChar': 14, '/FontDescriptor': IndirectObject(2386, 0, 139665878458512), '/LastChar': 31, '/Subtype': '/Type1', '/Type': '/Font', '/Widths': [710, 1000, 710, 710, 710, 786, 681, 360, 455, 660, 626, 337, 288, 991, 250, 280, 710, 710]}, but is not installed. Consider installing fontTools if you encounter encoding problems.
fontTools is required to fully parse the encoding of a CFF Type1 font in font dictionary {'/BaseFont': '/BKSOHC+YMFont_4v1-Bold', '/Encoding': IndirectObject(1864, 0, 139665878458512), '/FirstChar': 1, '/FontDescriptor': IndirectObject(2386, 0, 139665878458512), '/LastChar': 173, '/Subtype': '/Type1', '/Type': '/Font', '/Widths': [360, 660, 543, 958, 648, 586, 615, 585, 650, 673, 324, 560, 652, 660, 647, 531, 991, 649, 602, 337, 288, 660, 538, 626, 445, 250, 455, 602, 606, 443, 751, 0, 0, 0, 0, 0, 0, 0, 0, 0, 0, 0, 0, 0, 0, 0, 0, 0, 0, 0, 0, 0, 0, 0, 0, 0, 0, 0, 0, 0, 0, 0, 0, 0, 0, 0, 0, 0, 0, 0, 0, 0, 0, 0, 0, 0, 0, 0, 0, 0, 0, 0, 0, 0, 0, 0, 0, 0, 0, 0, 0, 0, 0, 0, 0, 0, 0, 0, 0, 0, 0, 0, 0, 0, 0, 0, 0, 0, 0, 0, 0, 0, 0, 0, 0, 0, 0, 0, 0, 0, 0, 0, 0, 0, 0, 0, 710, 332, 710, 332, 755, 829, 286, 280, 652, 681, 710, 0, 0, 0, 1000, 0, 710, 710, 0, 0, 0, 0, 0, 0, 0, 0, 0, 0, 0, 0, 710, 0, 0, 710, 0, 0, 0, 0, 0, 0, 0, 0, 0, 0, 0, 0, 762]}, but is not installed. Consider installing fontTools if you encounter encoding problems.
fontTools is required to fully parse the encoding of a CFF Type1 font in font dictionary {'/BaseFont': '/BKSNZS+YMFont_4v1-Regular', '/Encoding': IndirectObject(1865, 0, 139665878458512), '/FirstChar': 8, '/FontDescriptor': IndirectObject(2389, 0, 139665878458512), '/LastChar': 31, '/Subtype': '/Type1', '/Type': '/Font', '/Widths': [625, 608, 270, 959, 761, 656, 660, 415, 300, 625, 722, 660, 310, 404, 564, 594, 521, 585, 697, 310, 260, 660, 660, 660]}, but is not installed. Consider installing fontTools if you encounter encoding problems.
fontTools is required to fully parse the encoding of a CFF Type1 font in font dictionary {'/BaseFont': '/BKSOHC+YMFont_4v1-Bold', '/Encoding': IndirectObject(1866, 0, 139665878458512), '/FirstChar': 1, '/FontDescriptor': IndirectObject(2386, 0, 139665878458512), '/LastChar': 173, '/Subtype': '/Type1', '/Type': '/Font', '/Widths': [280, 286, 332, 360, 647, 979, 991, 585, 649, 648, 586, 602, 531, 673, 681, 324, 538, 602, 337, 660, 443, 445, 626, 250, 660, 606, 455, 660, 652, 288, 615, 0, 0, 0, 0, 0, 0, 0, 0, 0, 0, 0, 0, 0, 0, 0, 0, 0, 0, 0, 0, 0, 0, 0, 0, 0, 0, 0, 0, 0, 0, 0, 0, 0, 0, 0, 0, 0, 0, 0, 0, 0, 0, 0, 0, 0, 0, 0, 0, 0, 0, 0, 0, 0, 0, 0, 0, 0, 0, 0, 0, 0, 0, 0, 0, 0, 0, 0, 0, 0, 0, 0, 0, 0, 0, 0, 0, 0, 0, 0, 0, 0, 0, 0, 0, 0, 0, 0, 0, 0, 0, 0, 0, 0, 0, 0, 332, 650, 710, 958, 543, 725, 687, 784, 829, 0, 0, 0, 0, 0, 710, 0, 1000, 710, 0, 0, 0, 0, 0, 0, 0, 0, 0, 0, 0, 0, 710, 0, 0, 710, 0, 0, 0, 0, 0, 0, 0, 0, 0, 0, 0, 0, 710]}, but is not installed. Consider installing fontTools if you encounter encoding problems.
fontTools is required to fully parse the encoding of a CFF Type1 font in font dictionary {'/BaseFont': '/BKSNZS+YMFont_4v1-Regular', '/Encoding': IndirectObject(1867, 0, 139665878458512), '/FirstChar': 8, '/FontDescriptor': IndirectObject(2389, 0, 139665878458512), '/LastChar': 31, '/Subtype': '/Type1', '/Type': '/Font', '/Widths': [300, 625, 722, 415, 625, 608, 270, 959, 761, 656, 660, 660, 310, 404, 564, 594, 521, 585, 697, 310, 260, 660, 660, 660]}, but is not installed. Consider installing fontTools if you encounter encoding problems.
fontTools is required to fully parse the encoding of a CFF Type1 font in font dictionary {'/BaseFont': '/BKSOHC+YMFont_4v1-Bold', '/Encoding': IndirectObject(1875, 0, 139665878458512), '/FirstChar': 1, '/FontDescriptor': IndirectObject(2386, 0, 139665878458512), '/LastChar': 143, '/Subtype': '/Type1', '/Type': '/Font', '/Widths': [710, 786, 660, 650, 649, 455, 360, 681, 648, 991, 445, 626, 755, 660, 602, 652, 337, 647, 829, 288, 250, 602, 606, 443, 531, 660, 324, 538, 687, 673, 725, 0, 0, 0, 0, 0, 0, 0, 0, 0, 0, 0, 0, 0, 0, 0, 0, 0, 0, 0, 0, 0, 0, 0, 0, 0, 0, 0, 0, 0, 0, 0, 0, 0, 0, 0, 0, 0, 0, 0, 0, 0, 0, 0, 0, 0, 0, 0, 0, 0, 0, 0, 0, 0, 0, 0, 0, 0, 0, 0, 0, 0, 0, 0, 0, 0, 0, 0, 0, 0, 0, 0, 0, 0, 0, 0, 0, 0, 0, 0, 0, 0, 0, 0, 0, 0, 0, 0, 0, 0, 0, 0, 0, 0, 0, 0, 585, 0, 639, 0, 0, 0, 0, 0, 0, 0, 0, 0, 0, 0, 830, 0, 600]}, but is not installed. Consider installing fontTools if you encounter encoding problems.
fontTools is required to fully parse the encoding of a CFF Type1 font in font dictionary {'/BaseFont': '/BKSNZS+YMFont_4v1-Regular', '/Encoding': IndirectObject(1876, 0, 139665878458512), '/FirstChar': 1, '/FontDescriptor': IndirectObject(2389, 0, 139665878458512), '/LastChar': 129, '/Subtype': '/Type1', '/Type': '/Font', '/Widths': [625, 796, 630, 416, 736, 659, 722, 618, 625, 761, 270, 630, 557, 615, 360, 793, 260, 620, 959, 656, 585, 697, 521, 594, 300, 564, 518, 404, 415, 608, 924, 0, 0, 0, 0, 0, 0, 0, 0, 0, 0, 0, 0, 0, 0, 0, 0, 0, 0, 0, 0, 0, 0, 0, 0, 0, 0, 0, 0, 0, 0, 0, 0, 0, 0, 0, 0, 0, 0, 0, 0, 0, 0, 0, 0, 0, 0, 0, 0, 0, 0, 0, 0, 0, 0, 0, 0, 0, 0, 0, 0, 0, 0, 0, 0, 0, 0, 0, 0, 0, 0, 0, 0, 0, 0, 0, 0, 0, 0, 0, 0, 0, 0, 0, 0, 0, 0, 0, 0, 0, 0, 0, 0, 0, 0, 0, 623, 0, 290]}, but is not installed. Consider installing fontTools if you encounter encoding problems.
fontTools is required to fully parse the encoding of a CFF Type1 font in font dictionary {'/BaseFont': '/BKSOHC+YMFont_4v1-Bold', '/Encoding': IndirectObject(1877, 0, 139665878458512), '/FirstChar': 4, '/FontDescriptor': IndirectObject(2386, 0, 139665878458512), '/LastChar': 31, '/Subtype': '/Type1', '/Type': '/Font', '/Widths': [531, 648, 660, 979, 652, 445, 710, 710, 710, 286, 710, 710, 538, 660, 692, 606, 585, 288, 455, 991, 660, 681, 250, 602, 647, 626, 337, 751]}, but is not installed. Consider installing fontTools if you encounter encoding problems.
fontTools is required to fully parse the encoding of a CFF Type1 font in font dictionary {'/BaseFont': '/BJOSUQ+YMFont_4v1-Regular', '/Encoding': '/WinAnsiEncoding', '/FirstChar': 32, '/FontDescriptor': IndirectObject(2050, 0, 139665878458512), '/LastChar': 120, '/Subtype': '/Type1', '/Type': '/Font', '/Widths': [260, 0, 0, 0, 0, 0, 0, 0, 0, 0, 0, 0, 0, 0, 0, 0, 0, 0, 0, 0, 0, 0, 0, 0, 0, 0, 0, 0, 0, 0, 0, 0, 0, 0, 0, 0, 0, 0, 0, 0, 796, 0, 0, 0, 0, 0, 0, 0, 0, 0, 0, 0, 0, 0, 0, 0, 0, 0, 0, 0, 0, 0, 0, 0, 0, 585, 0, 518, 0, 594, 416, 0, 630, 270, 0, 0, 300, 0, 625, 608, 620, 0, 404, 521, 415, 625, 0, 0, 564]}, but is not installed. Consider installing fontTools if you encounter encoding problems.
fontTools is required to fully parse the encoding of a CFF Type1 font in font dictionary {'/BaseFont': '/NDFQAS+YMFont_4v1-CondRegular', '/Encoding': '/WinAnsiEncoding', '/FirstChar': 32, '/FontDescriptor': IndirectObject(2090, 0, 139665878458512), '/LastChar': 121, '/Subtype': '/Type1', '/Type': '/Font', '/Widths': [235, 0, 0, 0, 0, 0, 0, 0, 0, 0, 0, 0, 0, 0, 0, 0, 0, 0, 0, 0, 0, 0, 0, 0, 0, 0, 0, 0, 0, 0, 0, 0, 0, 580, 0, 0, 0, 500, 0, 0, 0, 0, 0, 0, 0, 0, 0, 0, 0, 0, 0, 0, 0, 0, 0, 0, 0, 0, 0, 0, 0, 0, 0, 0, 0, 0, 0, 450, 0, 485, 0, 0, 525, 235, 0, 0, 255, 770, 0, 525, 0, 0, 370, 450, 370, 0, 485, 0, 0, 485]}, but is not installed. Consider installing fontTools if you encounter encoding problems.
fontTools is required to fully parse the encoding of a CFF Type1 font in font dictionary {'/BaseFont': '/BKSNZS+YMFont_4v1-Regular', '/Encoding': IndirectObject(1884, 0, 139665878458512), '/FirstChar': 1, '/FontDescriptor': IndirectObject(2389, 0, 139665878458512), '/LastChar': 157, '/Subtype': '/Type1', '/Type': '/Font', '/Widths': [660, 660, 660, 660, 1000, 924, 310, 404, 623, 657, 518, 585, 300, 664, 564, 415, 615, 959, 656, 310, 270, 722, 260, 594, 521, 625, 608, 796, 360, 625, 290, 0, 0, 0, 0, 0, 0, 0, 0, 0, 0, 0, 0, 0, 0, 0, 0, 0, 0, 0, 0, 0, 0, 0, 0, 0, 0, 0, 0, 0, 0, 0, 0, 0, 0, 0, 0, 0, 0, 0, 0, 0, 0, 0, 0, 0, 0, 0, 0, 0, 0, 0, 0, 0, 0, 0, 0, 0, 0, 0, 0, 0, 0, 0, 0, 0, 0, 0, 0, 0, 0, 0, 0, 0, 0, 0, 0, 0, 0, 0, 0, 0, 0, 0, 0, 0, 0, 0, 0, 0, 0, 0, 0, 0, 0, 0, 660, 0, 660, 0, 0, 0, 0, 0, 0, 0, 0, 0, 0, 0, 660, 0, 660, 660, 0, 0, 0, 0, 0, 0, 0, 0, 0, 0, 0, 0, 660]}, but is not installed. Consider installing fontTools if you encounter encoding problems.
fontTools is required to fully parse the encoding of a CFF Type1 font in font dictionary {'/BaseFont': '/BKSOHC+YMFont_4v1-Bold', '/Encoding': IndirectObject(1885, 0, 139665878458512), '/FirstChar': 12, '/FontDescriptor': IndirectObject(2386, 0, 139665878458512), '/LastChar': 31, '/Subtype': '/Type1', '/Type': '/Font', '/Widths': [660, 652, 687, 647, 360, 626, 725, 538, 288, 443, 455, 602, 991, 250, 649, 337, 602, 531, 606, 762]}, but is not installed. Consider installing fontTools if you encounter encoding problems.
fontTools is required to fully parse the encoding of a CFF Type1 font in font dictionary {'/BaseFont': '/BKSMWE+YMFont_4v1-CondRegular', '/Encoding': IndirectObject(1887, 0, 139665878458512), '/FirstChar': 4, '/FontDescriptor': IndirectObject(2392, 0, 139665878458512), '/LastChar': 31, '/Subtype': '/Type1', '/Type': '/Font', '/Widths': [370, 500, 290, 770, 525, 525, 485, 525, 525, 290, 485, 450, 525, 470, 710, 485, 485, 370, 525, 370, 450, 235, 525, 235, 525, 485, 255, 560]}, but is not installed. Consider installing fontTools if you encounter encoding problems.
fontTools is required to fully parse the encoding of a CFF Type1 font in font dictionary {'/BaseFont': '/BKSOHC+YMFont_4v1-Bold', '/Encoding': IndirectObject(1888, 0, 139665878458512), '/FirstChar': 7, '/FontDescriptor': IndirectObject(2386, 0, 139665878458512), '/LastChar': 31, '/Subtype': '/Type1', '/Type': '/Font', '/Widths': [650, 991, 648, 585, 784, 652, 692, 958, 531, 443, 538, 602, 288, 337, 602, 660, 652, 250, 606, 626, 455, 360, 649, 660, 673]}, but is not installed. Consider installing fontTools if you encounter encoding problems.
fontTools is required to fully parse the encoding of a CFF Type1 font in font dictionary {'/BaseFont': '/BKSOHC+YMFont_4v1-Bold', '/Encoding': IndirectObject(1901, 0, 139665878458512), '/FirstChar': 5, '/FontDescriptor': IndirectObject(2386, 0, 139665878458512), '/LastChar': 31, '/Subtype': '/Type1', '/Type': '/Font', '/Widths': [649, 455, 660, 710, 710, 710, 710, 560, 710, 648, 386, 360, 660, 626, 822, 538, 443, 531, 288, 445, 786, 250, 337, 602, 991, 606, 639]}, but is not installed. Consider installing fontTools if you encounter encoding problems.
fontTools is required to fully parse the encoding of a CFF Type1 font in font dictionary {'/BaseFont': '/BKSMWE+YMFont_4v1-CondRegular', '/Encoding': IndirectObject(1902, 0, 139665878458512), '/FirstChar': 10, '/FontDescriptor': IndirectObject(2392, 0, 139665878458512), '/LastChar': 31, '/Subtype': '/Type1', '/Type': '/Font', '/Widths': [525, 770, 815, 485, 560, 485, 485, 525, 500, 600, 235, 525, 525, 580, 450, 525, 370, 450, 485, 370, 235, 580]}, but is not installed. Consider installing fontTools if you encounter encoding problems.
fontTools is required to fully parse the encoding of a CFF Type1 font in font dictionary {'/BaseFont': '/BKSNZS+YMFont_4v1-Regular', '/Encoding': IndirectObject(1903, 0, 139665878458512), '/FirstChar': 29, '/FontDescriptor': IndirectObject(2389, 0, 139665878458512), '/LastChar': 31, '/Subtype': '/Type1', '/Type': '/Font', '/Widths': [660, 660, 660]}, but is not installed. Consider installing fontTools if you encounter encoding problems.
fontTools is required to fully parse the encoding of a CFF Type1 font in font dictionary {'/BaseFont': '/BKSOHC+YMFont_4v1-Bold', '/Encoding': IndirectObject(1929, 0, 139665878458512), '/FirstChar': 1, '/FontDescriptor': IndirectObject(2386, 0, 139665878458512), '/LastChar': 173, '/Subtype': '/Type1', '/Type': '/Font', '/Widths': [585, 692, 681, 991, 822, 784, 647, 648, 286, 531, 586, 673, 660, 725, 538, 649, 660, 650, 445, 626, 652, 288, 455, 958, 250, 337, 602, 443, 660, 606, 751, 0, 0, 0, 0, 0, 0, 0, 0, 0, 0, 0, 0, 0, 0, 0, 0, 0, 0, 0, 0, 0, 0, 0, 0, 0, 0, 0, 0, 0, 0, 0, 0, 0, 0, 0, 0, 0, 0, 0, 0, 0, 0, 0, 0, 0, 0, 0, 0, 0, 0, 0, 0, 0, 0, 0, 0, 0, 0, 0, 0, 0, 0, 0, 0, 0, 0, 0, 0, 0, 0, 0, 0, 0, 0, 0, 0, 0, 0, 0, 0, 0, 0, 0, 0, 0, 0, 0, 0, 0, 0, 0, 0, 0, 0, 0, 786, 830, 762, 0, 0, 0, 0, 0, 0, 0, 0, 0, 0, 0, 762, 0, 806, 602, 0, 0, 0, 0, 0, 0, 0, 0, 0, 0, 0, 0, 560, 0, 0, 324, 0, 0, 0, 0, 0, 0, 0, 0, 0, 0, 0, 0, 630]}, but is not installed. Consider installing fontTools if you encounter encoding problems.
fontTools is required to fully parse the encoding of a CFF Type1 font in font dictionary {'/BaseFont': '/BKSMWE+YMFont_4v1-CondRegular', '/Encoding': IndirectObject(1930, 0, 139665878458512), '/FirstChar': 1, '/FontDescriptor': IndirectObject(2392, 0, 139665878458512), '/LastChar': 173, '/Subtype': '/Type1', '/Type': '/Font', '/Widths': [560, 485, 485, 500, 600, 580, 500, 580, 600, 232, 525, 485, 525, 530, 290, 530, 525, 525, 255, 525, 290, 450, 525, 370, 450, 485, 370, 235, 525, 235, 530, 0, 0, 0, 0, 0, 0, 0, 0, 0, 0, 0, 0, 0, 0, 0, 0, 0, 0, 0, 0, 0, 0, 0, 0, 0, 0, 0, 0, 0, 0, 0, 0, 0, 0, 0, 0, 0, 0, 0, 0, 0, 0, 0, 0, 0, 0, 0, 0, 0, 0, 0, 0, 0, 0, 0, 0, 0, 0, 0, 0, 0, 0, 0, 0, 0, 0, 0, 0, 0, 0, 0, 0, 0, 0, 0, 0, 0, 0, 0, 0, 0, 0, 0, 0, 0, 0, 0, 0, 0, 0, 0, 0, 0, 0, 0, 770, 370, 525, 485, 0, 0, 0, 0, 0, 0, 0, 0, 0, 0, 530, 0, 450, 485, 0, 0, 0, 0, 0, 0, 0, 0, 0, 0, 0, 0, 815, 0, 0, 260, 0, 0, 0, 0, 0, 0, 0, 0, 0, 0, 0, 0, 580]}, but is not installed. Consider installing fontTools if you encounter encoding problems.
fontTools is required to fully parse the encoding of a CFF Type1 font in font dictionary {'/BaseFont': '/BKSNZS+YMFont_4v1-Regular', '/Encoding': IndirectObject(1935, 0, 139665878458512), '/FirstChar': 1, '/FontDescriptor': IndirectObject(2389, 0, 139665878458512), '/LastChar': 144, '/Subtype': '/Type1', '/Type': '/Font', '/Widths': [608, 300, 959, 521, 557, 625, 518, 270, 623, 594, 585, 404, 415, 630, 260, 310, 618, 641, 310, 270, 660, 660, 660, 660, 270, 660, 660, 660, 660, 660, 660, 0, 0, 0, 0, 0, 0, 0, 0, 0, 0, 0, 0, 0, 0, 0, 0, 0, 0, 0, 0, 0, 0, 0, 0, 0, 0, 0, 0, 0, 0, 0, 0, 0, 0, 0, 0, 0, 0, 0, 0, 0, 0, 0, 0, 0, 0, 0, 0, 0, 0, 0, 0, 0, 0, 0, 0, 0, 0, 0, 0, 0, 0, 0, 0, 0, 0, 0, 0, 0, 0, 0, 0, 0, 0, 0, 0, 0, 0, 0, 0, 0, 0, 0, 0, 0, 0, 0, 0, 0, 0, 0, 0, 0, 0, 0, 761, 0, 630, 0, 0, 0, 0, 0, 0, 0, 0, 0, 0, 0, 722, 0, 615, 1000]}, but is not installed. Consider installing fontTools if you encounter encoding problems.
fontTools is required to fully parse the encoding of a CFF Type1 font in font dictionary {'/BaseFont': '/BKSOHC+YMFont_4v1-Bold', '/Encoding': IndirectObject(1936, 0, 139665878458512), '/FirstChar': 21, '/FontDescriptor': IndirectObject(2386, 0, 139665878458512), '/LastChar': 31, '/Subtype': '/Type1', '/Type': '/Font', '/Widths': [710, 710, 710, 710, 710, 710, 710, 710, 286, 710, 710]}, but is not installed. Consider installing fontTools if you encounter encoding problems.
fontTools is required to fully parse the encoding of a CFF Type1 font in font dictionary {'/BaseFont': '/TANAGG+HelveticaLTStd-Roman', '/Encoding': '/WinAnsiEncoding', '/FirstChar': 165, '/FontDescriptor': IndirectObject(1937, 0, 139665878458512), '/LastChar': 165, '/Subtype': '/Type1', '/Type': '/Font', '/Widths': [556]}, but is not installed. Consider installing fontTools if you encounter encoding problems.
fontTools is required to fully parse the encoding of a CFF Type1 font in font dictionary {'/BaseFont': '/BKSNZS+YMFont_4v1-Regular', '/Encoding': IndirectObject(1938, 0, 139665878458512), '/FirstChar': 20, '/FontDescriptor': IndirectObject(2389, 0, 139665878458512), '/LastChar': 31, '/Subtype': '/Type1', '/Type': '/Font', '/Widths': [310, 1000, 310, 700, 761, 722, 660, 660, 660, 270, 660, 660]}, but is not installed. Consider installing fontTools if you encounter encoding problems.
fontTools is required to fully parse the encoding of a CFF Type1 font in font dictionary {'/BaseFont': '/BKSOHC+YMFont_4v1-Bold', '/Encoding': IndirectObject(1939, 0, 139665878458512), '/FirstChar': 1, '/FontDescriptor': IndirectObject(2386, 0, 139665878458512), '/LastChar': 157, '/Subtype': '/Type1', '/Type': '/Font', '/Widths': [602, 543, 647, 266, 660, 751, 666, 585, 762, 786, 958, 531, 337, 648, 991, 626, 681, 649, 602, 630, 538, 288, 762, 250, 660, 652, 660, 606, 443, 455, 650, 0, 0, 0, 0, 0, 0, 0, 0, 0, 0, 0, 0, 0, 0, 0, 0, 0, 0, 0, 0, 0, 0, 0, 0, 0, 0, 0, 0, 0, 0, 0, 0, 0, 0, 0, 0, 0, 0, 0, 0, 0, 0, 0, 0, 0, 0, 0, 0, 0, 0, 0, 0, 0, 0, 0, 0, 0, 0, 0, 0, 0, 0, 0, 0, 0, 0, 0, 0, 0, 0, 0, 0, 0, 0, 0, 0, 0, 0, 0, 0, 0, 0, 0, 0, 0, 0, 0, 0, 0, 0, 0, 0, 0, 0, 0, 445, 0, 829, 0, 0, 0, 0, 0, 0, 0, 0, 0, 0, 0, 725, 0, 673, 784, 0, 0, 0, 0, 0, 0, 0, 0, 0, 0, 0, 0, 324]}, but is not installed. Consider installing fontTools if you encounter encoding problems.
fontTools is required to fully parse the encoding of a CFF Type1 font in font dictionary {'/BaseFont': '/BKSNZS+YMFont_4v1-Regular', '/Encoding': IndirectObject(1940, 0, 139665878458512), '/FirstChar': 1, '/FontDescriptor': IndirectObject(2389, 0, 139665878458512), '/LastChar': 173, '/Subtype': '/Type1', '/Type': '/Font', '/Widths': [700, 416, 630, 270, 733, 270, 564, 310, 623, 924, 625, 620, 959, 788, 560, 270, 585, 618, 608, 300, 736, 594, 518, 625, 404, 415, 521, 260, 761, 722, 656, 0, 0, 0, 0, 0, 0, 0, 0, 0, 0, 0, 0, 0, 0, 0, 0, 0, 0, 0, 0, 0, 0, 0, 0, 0, 0, 0, 0, 0, 0, 0, 0, 0, 0, 0, 0, 0, 0, 0, 0, 0, 0, 0, 0, 0, 0, 0, 0, 0, 0, 0, 0, 0, 0, 0, 0, 0, 0, 0, 0, 0, 0, 0, 0, 0, 0, 0, 0, 0, 0, 0, 0, 0, 0, 0, 0, 0, 0, 0, 0, 0, 0, 0, 0, 0, 0, 0, 0, 0, 0, 0, 0, 0, 0, 0, 310, 793, 660, 290, 657, 630, 794, 611, 766, 0, 0, 0, 0, 0, 660, 0, 360, 557, 0, 0, 0, 0, 0, 0, 0, 0, 0, 0, 0, 0, 615, 0, 0, 562, 0, 0, 0, 0, 0, 0, 0, 0, 0, 0, 0, 0, 697]}, but is not installed. Consider installing fontTools if you encounter encoding problems.
fontTools is required to fully parse the encoding of a CFF Type1 font in font dictionary {'/BaseFont': '/BKSNZS+YMFont_4v1-Regular', '/Encoding': IndirectObject(1945, 0, 139665878458512), '/FirstChar': 4, '/FontDescriptor': IndirectObject(2389, 0, 139665878458512), '/LastChar': 31, '/Subtype': '/Type1', '/Type': '/Font', '/Widths': [959, 416, 608, 623, 270, 415, 521, 404, 594, 557, 761, 625, 620, 585, 366, 260, 660, 660, 660, 660, 270, 270, 660, 660, 660, 660, 660, 660]}, but is not installed. Consider installing fontTools if you encounter encoding problems.
fontTools is required to fully parse the encoding of a CFF Type1 font in font dictionary {'/BaseFont': '/BKSNZS+YMFont_4v1-Regular', '/Encoding': IndirectObject(1946, 0, 139665878458512), '/FirstChar': 6, '/FontDescriptor': IndirectObject(2389, 0, 139665878458512), '/LastChar': 31, '/Subtype': '/Type1', '/Type': '/Font', '/Widths': [270, 585, 625, 557, 404, 608, 415, 521, 625, 620, 564, 594, 766, 788, 722, 260, 660, 660, 270, 660, 660, 660, 660, 660, 660, 660]}, but is not installed. Consider installing fontTools if you encounter encoding problems.
fontTools is required to fully parse the encoding of a CFF Type1 font in font dictionary {'/BaseFont': '/BKSMWE+YMFont_4v1-CondRegular', '/Encoding': IndirectObject(1947, 0, 139665878458512), '/FirstChar': 21, '/FontDescriptor': IndirectObject(2392, 0, 139665878458512), '/LastChar': 31, '/Subtype': '/Type1', '/Type': '/Font', '/Widths': [500, 470, 680, 290, 525, 525, 255, 235, 525, 235, 290]}, but is not installed. Consider installing fontTools if you encounter encoding problems.
fontTools is required to fully parse the encoding of a CFF Type1 font in font dictionary {'/BaseFont': '/EFTOEK+DIN2014-Light', '/Encoding': IndirectObject(2036, 0, 139665878458512), '/FirstChar': 31, '/FontDescriptor': IndirectObject(1948, 0, 139665878458512), '/LastChar': 31, '/Subtype': '/Type1', '/Type': '/Font', '/Widths': [490]}, but is not installed. Consider installing fontTools if you encounter encoding problems.
fontTools is required to fully parse the encoding of a CFF Type1 font in font dictionary {'/BaseFont': '/BKSNZS+YMFont_4v1-Regular', '/Encoding': IndirectObject(1949, 0, 139665878458512), '/FirstChar': 7, '/FontDescriptor': IndirectObject(2389, 0, 139665878458512), '/LastChar': 31, '/Subtype': '/Type1', '/Type': '/Font', '/Widths': [620, 521, 625, 793, 594, 300, 625, 618, 585, 415, 270, 416, 608, 404, 664, 260, 660, 660, 270, 660, 660, 660, 660, 660, 660]}, but is not installed. Consider installing fontTools if you encounter encoding problems.
fontTools is required to fully parse the encoding of a CFF Type1 font in font dictionary {'/BaseFont': '/BKSMWE+YMFont_4v1-CondRegular', '/Encoding': IndirectObject(1947, 0, 139665878458512), '/FirstChar': 21, '/FontDescriptor': IndirectObject(2392, 0, 139665878458512), '/LastChar': 31, '/Subtype': '/Type1', '/Type': '/Font', '/Widths': [500, 470, 680, 290, 525, 525, 255, 235, 525, 235, 290]}, but is not installed. Consider installing fontTools if you encounter encoding problems.
fontTools is required to fully parse the encoding of a CFF Type1 font in font dictionary {'/BaseFont': '/EFTOEK+DIN2014-Light', '/Encoding': IndirectObject(2036, 0, 139665878458512), '/FirstChar': 31, '/FontDescriptor': IndirectObject(1948, 0, 139665878458512), '/LastChar': 31, '/Subtype': '/Type1', '/Type': '/Font', '/Widths': [490]}, but is not installed. Consider installing fontTools if you encounter encoding problems.
fontTools is required to fully parse the encoding of a CFF Type1 font in font dictionary {'/BaseFont': '/BKSNZS+YMFont_4v1-Regular', '/Encoding': IndirectObject(1950, 0, 139665878458512), '/FirstChar': 5, '/FontDescriptor': IndirectObject(2389, 0, 139665878458512), '/LastChar': 31, '/Subtype': '/Type1', '/Type': '/Font', '/Widths': [539, 959, 608, 518, 766, 404, 625, 615, 625, 564, 594, 300, 415, 270, 620, 585, 656, 260, 660, 270, 660, 660, 660, 660, 660, 660, 660]}, but is not installed. Consider installing fontTools if you encounter encoding problems.
fontTools is required to fully parse the encoding of a CFF Type1 font in font dictionary {'/BaseFont': '/BKSMWE+YMFont_4v1-CondRegular', '/Encoding': IndirectObject(1951, 0, 139665878458512), '/FirstChar': 22, '/FontDescriptor': IndirectObject(2392, 0, 139665878458512), '/LastChar': 31, '/Subtype': '/Type1', '/Type': '/Font', '/Widths': [500, 470, 290, 525, 525, 255, 235, 525, 235, 290]}, but is not installed. Consider installing fontTools if you encounter encoding problems.
fontTools is required to fully parse the encoding of a CFF Type1 font in font dictionary {'/BaseFont': '/EFTOEK+DIN2014-Light', '/Encoding': IndirectObject(2036, 0, 139665878458512), '/FirstChar': 31, '/FontDescriptor': IndirectObject(1948, 0, 139665878458512), '/LastChar': 31, '/Subtype': '/Type1', '/Type': '/Font', '/Widths': [490]}, but is not installed. Consider installing fontTools if you encounter encoding problems.
fontTools is required to fully parse the encoding of a CFF Type1 font in font dictionary {'/BaseFont': '/BKSNZS+YMFont_4v1-Regular', '/Encoding': IndirectObject(1952, 0, 139665878458512), '/FirstChar': 17, '/FontDescriptor': IndirectObject(2389, 0, 139665878458512), '/LastChar': 31, '/Subtype': '/Type1', '/Type': '/Font', '/Widths': [700, 656, 290, 260, 657, 761, 722, 660, 270, 660, 660, 660, 660, 660, 660]}, but is not installed. Consider installing fontTools if you encounter encoding problems.
fontTools is required to fully parse the encoding of a CFF Type1 font in font dictionary {'/BaseFont': '/BKSMWE+YMFont_4v1-CondRegular', '/Encoding': IndirectObject(1947, 0, 139665878458512), '/FirstChar': 21, '/FontDescriptor': IndirectObject(2392, 0, 139665878458512), '/LastChar': 31, '/Subtype': '/Type1', '/Type': '/Font', '/Widths': [500, 470, 680, 290, 525, 525, 255, 235, 525, 235, 290]}, but is not installed. Consider installing fontTools if you encounter encoding problems.
fontTools is required to fully parse the encoding of a CFF Type1 font in font dictionary {'/BaseFont': '/BKSMWE+YMFont_4v1-CondRegular', '/Encoding': IndirectObject(1953, 0, 139665878458512), '/FirstChar': 26, '/FontDescriptor': IndirectObject(2392, 0, 139665878458512), '/LastChar': 31, '/Subtype': '/Type1', '/Type': '/Font', '/Widths': [235, 500, 470, 290, 680, 290]}, but is not installed. Consider installing fontTools if you encounter encoding problems.
fontTools is required to fully parse the encoding of a CFF Type1 font in font dictionary {'/BaseFont': '/BKSNZS+YMFont_4v1-Regular', '/Encoding': IndirectObject(1954, 0, 139665878458512), '/FirstChar': 1, '/FontDescriptor': IndirectObject(2389, 0, 139665878458512), '/LastChar': 143, '/Subtype': '/Type1', '/Type': '/Font', '/Widths': [641, 416, 310, 310, 625, 623, 625, 564, 618, 615, 270, 557, 608, 404, 620, 630, 521, 585, 518, 415, 594, 794, 260, 660, 660, 660, 660, 270, 660, 660, 360, 0, 0, 0, 0, 0, 0, 0, 0, 0, 0, 0, 0, 0, 0, 0, 0, 0, 0, 0, 0, 0, 0, 0, 0, 0, 0, 0, 0, 0, 0, 0, 0, 0, 0, 0, 0, 0, 0, 0, 0, 0, 0, 0, 0, 0, 0, 0, 0, 0, 0, 0, 0, 0, 0, 0, 0, 0, 0, 0, 0, 0, 0, 0, 0, 0, 0, 0, 0, 0, 0, 0, 0, 0, 0, 0, 0, 0, 0, 0, 0, 0, 0, 0, 0, 0, 0, 0, 0, 0, 0, 0, 0, 0, 0, 0, 300, 0, 793, 0, 0, 0, 0, 0, 0, 0, 0, 0, 0, 0, 660, 0, 660]}, but is not installed. Consider installing fontTools if you encounter encoding problems.
fontTools is required to fully parse the encoding of a CFF Type1 font in font dictionary {'/BaseFont': '/BKSMWE+YMFont_4v1-CondRegular', '/Encoding': IndirectObject(1951, 0, 139665878458512), '/FirstChar': 22, '/FontDescriptor': IndirectObject(2392, 0, 139665878458512), '/LastChar': 31, '/Subtype': '/Type1', '/Type': '/Font', '/Widths': [500, 470, 290, 525, 525, 255, 235, 525, 235, 290]}, but is not installed. Consider installing fontTools if you encounter encoding problems.
fontTools is required to fully parse the encoding of a CFF Type1 font in font dictionary {'/BaseFont': '/EFTOEK+DIN2014-Light', '/Encoding': IndirectObject(2036, 0, 139665878458512), '/FirstChar': 31, '/FontDescriptor': IndirectObject(1948, 0, 139665878458512), '/LastChar': 31, '/Subtype': '/Type1', '/Type': '/Font', '/Widths': [490]}, but is not installed. Consider installing fontTools if you encounter encoding problems.
fontTools is required to fully parse the encoding of a CFF Type1 font in font dictionary {'/BaseFont': '/EFTOEK+DIN2014-Light', '/Encoding': IndirectObject(2036, 0, 139665878458512), '/FirstChar': 31, '/FontDescriptor': IndirectObject(1948, 0, 139665878458512), '/LastChar': 31, '/Subtype': '/Type1', '/Type': '/Font', '/Widths': [490]}, but is not installed. Consider installing fontTools if you encounter encoding problems.
fontTools is required to fully parse the encoding of a CFF Type1 font in font dictionary {'/BaseFont': '/BKSNZS+YMFont_4v1-Regular', '/Encoding': IndirectObject(1955, 0, 139665878458512), '/FirstChar': 8, '/FontDescriptor': IndirectObject(2389, 0, 139665878458512), '/LastChar': 31, '/Subtype': '/Type1', '/Type': '/Font', '/Widths': [270, 404, 625, 564, 620, 300, 585, 415, 608, 611, 630, 664, 657, 260, 660, 660, 270, 660, 660, 660, 660, 660, 660, 660]}, but is not installed. Consider installing fontTools if you encounter encoding problems.
fontTools is required to fully parse the encoding of a CFF Type1 font in font dictionary {'/BaseFont': '/BKSMWE+YMFont_4v1-CondRegular', '/Encoding': IndirectObject(1956, 0, 139665878458512), '/FirstChar': 26, '/FontDescriptor': IndirectObject(2392, 0, 139665878458512), '/LastChar': 31, '/Subtype': '/Type1', '/Type': '/Font', '/Widths': [500, 470, 680, 235, 290, 290]}, but is not installed. Consider installing fontTools if you encounter encoding problems.
fontTools is required to fully parse the encoding of a CFF Type1 font in font dictionary {'/BaseFont': '/EFTOEK+DIN2014-Light', '/Encoding': IndirectObject(2036, 0, 139665878458512), '/FirstChar': 31, '/FontDescriptor': IndirectObject(1948, 0, 139665878458512), '/LastChar': 31, '/Subtype': '/Type1', '/Type': '/Font', '/Widths': [490]}, but is not installed. Consider installing fontTools if you encounter encoding problems.
fontTools is required to fully parse the encoding of a CFF Type1 font in font dictionary {'/BaseFont': '/BKSNZS+YMFont_4v1-Regular', '/Encoding': IndirectObject(1957, 0, 139665878458512), '/FirstChar': 22, '/FontDescriptor': IndirectObject(2389, 0, 139665878458512), '/LastChar': 31, '/Subtype': '/Type1', '/Type': '/Font', '/Widths': [660, 270, 660, 270, 660, 660, 660, 660, 660, 660]}, but is not installed. Consider installing fontTools if you encounter encoding problems.
fontTools is required to fully parse the encoding of a CFF Type1 font in font dictionary {'/BaseFont': '/BKSMWE+YMFont_4v1-CondRegular', '/Encoding': IndirectObject(1951, 0, 139665878458512), '/FirstChar': 22, '/FontDescriptor': IndirectObject(2392, 0, 139665878458512), '/LastChar': 31, '/Subtype': '/Type1', '/Type': '/Font', '/Widths': [500, 470, 290, 525, 525, 255, 235, 525, 235, 290]}, but is not installed. Consider installing fontTools if you encounter encoding problems.
fontTools is required to fully parse the encoding of a CFF Type1 font in font dictionary {'/BaseFont': '/EFTOEK+DIN2014-Light', '/Encoding': IndirectObject(2036, 0, 139665878458512), '/FirstChar': 31, '/FontDescriptor': IndirectObject(1948, 0, 139665878458512), '/LastChar': 31, '/Subtype': '/Type1', '/Type': '/Font', '/Widths': [490]}, but is not installed. Consider installing fontTools if you encounter encoding problems.
fontTools is required to fully parse the encoding of a CFF Type1 font in font dictionary {'/BaseFont': '/BKSNZS+YMFont_4v1-Regular', '/Encoding': IndirectObject(1959, 0, 139665878458512), '/FirstChar': 8, '/FontDescriptor': IndirectObject(2389, 0, 139665878458512), '/LastChar': 31, '/Subtype': '/Type1', '/Type': '/Font', '/Widths': [959, 630, 623, 641, 761, 518, 416, 500, 404, 630, 415, 608, 300, 625, 557, 615, 270, 260, 521, 594, 625, 620, 585, 366]}, but is not installed. Consider installing fontTools if you encounter encoding problems.
fontTools is required to fully parse the encoding of a CFF Type1 font in font dictionary {'/BaseFont': '/BKSOHC+YMFont_4v1-Bold', '/Encoding': IndirectObject(1960, 0, 139665878458512), '/FirstChar': 5, '/FontDescriptor': IndirectObject(2386, 0, 139665878458512), '/LastChar': 31, '/Subtype': '/Type1', '/Type': '/Font', '/Widths': [710, 710, 710, 710, 710, 710, 250, 660, 455, 288, 538, 648, 991, 681, 649, 337, 626, 606, 443, 602, 660, 650, 1000, 710, 280, 710, 710]}, but is not installed. Consider installing fontTools if you encounter encoding problems.
q_company_3bfce136e09e64002bf1582c_targeted: complete
q_company_efe9bd3c5d9ae8c0879f1258_discovery: insufficient_evidence
q_company_efe9bd3c5d9ae8c0879f1258_targeted: insufficient_evidence
q_company_df83f1d388dc1cf299de32ec_discovery: insufficient_evidence
q_company_df83f1d388dc1cf299de32ec_targeted: insufficient_evidence
q_company_8d222dd0a0807029704fdce6_discovery: insufficient_evidence
q_company_8d222dd0a0807029704fdce6_targeted: insufficient_evidence
{
  "status": "completed_selected_queries",
  "research_date": "2026-09-10",
  "input_queries": 406,
  "unique_queries": 406,
  "duplicate_queries": 0,
  "repeated_identifiers": 0,
  "skipped_rows": [],
  "selected_pilot_queries": 406,
  "queries_searched": 406,
  "queries_processed": 406,
  "queries_with_evidence": 205,
  "insufficient_evidence_queries": 327,
  "failed_queries": 0,
  "retrieved_candidates": 3082,
  "retained_candidates": 522,
  "retained_documents": 412,
  "unique_content_documents": 397,
  "downloaded_documents": 301,
  "claims": 1889,
  "chunks": 556,
  "rejected_claims": 1786,
  "failure_events": 131,
  "verified_model": "qwen3.5:35b-a3b",
  "usage": {
    "request_attempts": 406,
    "estimated_credits": 406.0,
    "budget_accounted_credits": 406.0,
    "provider_reported_credits": 396.0,
    "requests_with_reported_usage": 406,
    "unknown_outcome_requests": 0,
    "credit_ceiling": 500.0
  },
  "updated_at": "2026-09-11T01:32:44.253234+00:00"
}
